避難所名稱,地址,縣市,設施類型,緯度,經度,最近AQI測站,測站AQI,測站狀態,距離(公里),風險等級,預計收容人數
五峰活動中心,,新竹縣,室內,24.386,121.073,台中,43,良好,48.39,Low Risk,110
金門縣烈嶼鄉林湖村辦公處,東林24號,金門縣烈嶼鄉,室內,24.428328,118.248571,彰化,41,良好,236.1,Low Risk,30
南坑村集會所暨南外社區活動中心,9鄰大南坑1-5號,新竹縣北埔鄉,室內,24.6725,121.0561,新竹,39,良好,18.65,Low Risk,20
霞雲社區活動中心,6鄰22-1號,桃園市復興區,室內,24.814018,121.406238,新店,41,良好,21.73,Low Risk,36
澤仁里辦公處,14鄰中正路168之1號,桃園市復興區,室內,24.820601,121.351987,桃園,47,良好,19.47,Low Risk,40
奎輝里活動中心,3鄰羅馬路3段355號,桃園市復興區,室內,24.797047,121.334302,桃園,47,良好,21.66,Low Risk,50
高義教會,6鄰48號,桃園市復興區,室內,24.706112,121.354462,桃園,47,良好,31.97,Low Risk,61
上大社區活動中心,8鄰大湖路一段510號,桃園市觀音區,室內,24.978234,121.147333,桃園,47,良好,15.55,Low Risk,0
武威社區活動中心,4鄰武威一路10號,桃園市觀音區,室內,25.028242,121.073317,桃園,47,良好,23.35,Low Risk,0
塔腳社區活動中心,4鄰塔腳路116號,桃園市觀音區,室內,25.049298,121.154708,桃園,47,良好,16.18,Low Risk,0
廣福社區活動中心,福山路二段403巷6號,桃園市觀音區,室內,25.019018,121.153383,桃園,47,良好,15.24,Low Risk,0
草漯國民小學,新生路1462號,桃園市觀音區,室內,25.045941,121.142939,桃園,47,良好,17.13,Low Risk,100
上大國民小學,8鄰大湖路一段540號,桃園市觀音區,室內,24.979129,121.146755,桃園,47,良好,15.6,Low Risk,100
崙坪國民小學,崙坪里297之1號,桃園市觀音區,室內,24.999596,121.162676,桃園,47,良好,14.0,Low Risk,100
富林國民小學,大觀路三段466號,桃園市觀音區,室內,25.062195,121.1285,桃園,47,良好,19.18,Low Risk,100
樹林國民小學,觀音鄉樹林村新村路二段十二號,桃園市觀音區,室內,25.062176,121.128468,桃園,47,良好,19.18,Low Risk,100
觀音區公所綠資源中心,觀新路56號,桃園市觀音區,室內,25.028281,121.083597,桃園,47,良好,22.34,Low Risk,0
高雄市前鎮區光華國民小學,廣西路57號,高雄市前鎮區,室內,22.615,120.32,高雄,150,對所有族群不健康,2.35,High Risk,300
大武國小,民族街2巷49號,臺東縣大武鄉,室內,22.365009,120.905497,屏東,40,良好,44.27,Low Risk,350
尖山國小操場,尖豐路305號,苗栗縣頭份市,室內,24.64686,120.894048,新竹,39,良好,20.6,Low Risk,200
高雄市小港區鳳林國民小學,鳳林路207號,高雄市小港區,室內,22.527,120.343,高雄,150,對所有族群不健康,11.94,High Risk,300
大武社區活動中心,2鄰小山巷7號,屏東縣霧臺鄉,室內,22.757534,120.754782,台東,33,良好,41.62,Low Risk,30
和平國小,和平112號,花蓮縣秀林鄉,室內,24.308073,121.748879,花蓮,35,良好,57.75,Low Risk,250
佳義社區活動中心,泰平巷11號,屏東縣瑪家鄉,室內,22.653475,120.630874,屏東,40,良好,25.15,Low Risk,0
中東社區活動中心,山腳路五段185巷20號,彰化縣員林市,室內,23.971414,120.599689,南投,38,良好,10.47,Low Risk,30
崇實高工體育館,育英路103號,彰化縣員林市,室內,23.961057,120.574848,南投,38,良好,12.04,Low Risk,80
東芳國小,彰馬路45號,彰化縣彰化市,室內,24.062538,120.516345,彰化,41,良好,3.33,Low Risk,145
三義社區活動中心,員鹿路245巷112號,彰化縣員林市,室內,23.95268,120.563531,南投,38,良好,12.75,Low Risk,200
大同國中,大同路一段345號,彰化縣員林市,室內,23.963213,120.579502,南投,38,良好,11.72,Low Risk,200
員林農工體育館,員水路二段313號,彰化縣員林市,室內,23.955187,120.581692,南投,38,良好,11.14,Low Risk,200
員林市員東國小,員東路二段12號,彰化縣員林市,室內,23.961879,120.587309,南投,38,良好,10.95,Low Risk,200
員林市員林國中活動中心,南潭路2號,彰化縣員林市,室內,23.979184,120.557085,彰化,41,良好,10.91,Low Risk,200
員林市員林國小,三民東街221號,彰化縣員林市,室內,23.960059,120.57921,南投,38,良好,11.59,Low Risk,300
健康公園,忠明南路與五權南路交叉口,臺中市南區,室外,24.119757,120.667553,台中,43,良好,3.17,Low Risk,7500
屏東市信義國小,信義路262號,屏東縣屏東市,室內,22.68523,120.49197,左營,43,良好,20.02,Low Risk,965
光隆營區,光興路1001號,臺中市太平區,室內,24.1112,120.7305,台中,43,良好,7.06,Low Risk,80
大快官藝文館,彰南路五段8號,彰化縣彰化市,室內,24.068651,120.613159,彰化,41,良好,6.95,Low Risk,45
彰德國中勤學樓、育英樓穿堂,彰南路二段512巷97號,彰化縣彰化市,室內,24.08054,120.589342,彰化,41,良好,4.49,Low Risk,45
介壽社區活動中心,介壽新村21號,彰化縣彰化市,室內,24.070873,120.551727,彰化,41,良好,0.92,Low Risk,45
國聖國小,中山路三段608號,彰化縣彰化市,室內,24.092292,120.568089,彰化,41,良好,2.89,Low Risk,54
石牌國小,田坑路一段9號,彰化縣彰化市,室內,24.058558,120.614942,彰化,41,良好,7.35,Low Risk,63
茄苳社區活動中心,茄苳路二段292號,彰化縣彰化市,室內,24.10378,120.547944,彰化,41,良好,3.02,Low Risk,64
三民國小,田中路125號,彰化縣彰化市,室內,24.085743,120.604547,彰化,41,良好,6.1,Low Risk,77
南北管戲曲音樂館,平和七街66號,彰化縣彰化市,室內,24.068206,120.529851,彰化,41,良好,1.83,Low Risk,77
牛埔社區活動中心,彰南路三段226號,彰化縣彰化市,室內,24.081368,120.597531,彰化,41,良好,5.33,Low Risk,78
桃源社區活動中心,公園路二段102之1號,彰化縣彰化市,室內,24.072547,120.559047,彰化,41,良好,1.47,Low Risk,90
南興社區活動中心,中山路一段189巷49號,彰化縣彰化市,室內,24.056604,120.533189,彰化,41,良好,2.55,Low Risk,93
快官社區活動中心,彰南路四段566號之1,彰化縣彰化市,室內,24.068422,120.612013,彰化,41,良好,6.84,Low Risk,115
福山社區活動中心,福山街168號,彰化縣彰化市,室內,24.082668,120.571394,彰化,41,良好,2.73,Low Risk,177
延和社區活動中心,埔西街111號,彰化縣彰化市,室內,24.059306,120.538252,彰化,41,良好,2.06,Low Risk,184
泰和國小,泰和路二段145巷1號,彰化縣彰化市,室內,24.092496,120.55168,彰化,41,良好,1.87,Low Risk,203
彰興國中,埔西街107號,彰化縣彰化市,室內,24.059274,120.538251,彰化,41,良好,2.07,Low Risk,242
信義國中小,向陽街168號,彰化縣彰化市,室內,24.062723,120.52814,彰化,41,良好,2.33,Low Risk,399
雅溝社區活動中心,南軒路359巷7號,彰化縣和美鎮,室內,24.099707,120.492521,彰化,41,良好,5.94,Low Risk,150
湖口鄉信勢國小禮堂,成功路360號,新竹縣湖口鄉,室內,21.9002,121.0376,屏東,40,良好,84.72,Low Risk,385
港口社區活動中心,港口路42號,屏東縣滿州鄉,室內,21.9912,120.8271,屏東,40,良好,63.44,Low Risk,50
恆春國中收容所,文化路79號,屏東縣恆春鎮,室內,22.0031,120.7475,屏東,40,良好,58.17,Low Risk,1400
恆春鎮公所,天文路1號,屏東縣恆春鎮,室內,22.0038,120.7474,屏東,40,良好,58.09,Low Risk,220
永靖社區活動中心,庄內路33巷8-1號,屏東縣滿州鄉,室內,22.0052,120.8092,屏東,40,良好,61.13,Low Risk,30
永港國民小學,新庄路25號,屏東縣滿州鄉,室內,22.005679,120.817377,屏東,40,良好,61.54,Low Risk,100
恒春國小收容所,北門路39巷26號,屏東縣恆春鎮,室內,22.0064,120.7466,屏東,40,良好,57.8,Low Risk,200
僑勇國小收容所,西門路146號,屏東縣恆春鎮,室內,22.0087,120.7442,屏東,40,良好,57.46,Low Risk,430
滿州國民小學,中山路39號,屏東縣滿州鄉,室內,22.020382,120.838101,屏東,40,良好,61.4,Low Risk,100
屏東縣滿州鄉公所,中山路43號,屏東縣滿州鄉,室內,22.0209,120.8386,屏東,40,良好,61.38,Low Risk,30
舊蘭嶼國小,臺東縣蘭嶼鄉紅頭村1-1號,臺東縣蘭嶼鄉,室內,22.0211,121.5546,台東,33,良好,91.58,Low Risk,100
滿州社區活動中心,中山路107號,屏東縣滿州鄉,室內,22.0233,120.8371,屏東,40,良好,61.07,Low Risk,30
屏東縣滿州鄉圖書館,中山路152號,屏東縣滿州鄉,室內,22.0243,120.8377,屏東,40,良好,61.02,Low Risk,100
滿州國民中學,文化路32號,屏東縣滿州鄉,室內,22.024499,120.839695,屏東,40,良好,61.12,Low Risk,100
蘭恩活動中心,臺東縣蘭嶼鄉紅頭村漁人147號,臺東縣蘭嶼鄉,室內,22.026,121.539,台東,33,良好,90.39,Low Risk,500
蘭嶼國民小學,1號 之1,臺東縣蘭嶼鄉,室內,22.0302,121.5266,台東,33,良好,89.42,Low Risk,100
響林活動中心,福德路64巷3號,屏東縣滿州鄉,室內,22.0377,120.8335,屏東,40,良好,59.56,Low Risk,50
椰油國民小學,1號,臺東縣蘭嶼鄉,室內,22.0453,121.5176,台東,33,良好,87.51,Low Risk,100
蘭嶼完全高級中學,臺東縣蘭嶼鄉椰油村34號,臺東縣蘭嶼鄉,室內,22.0494,121.5126,台東,33,良好,86.88,Low Risk,500
屏東縣立車城國小保力分校,保力路30號,屏東縣車城鄉,室內,22.0561,120.7275,屏東,40,良好,51.99,Low Risk,63
屏東縣立車城國小射寮分校,埔墘路38號,屏東縣車城鄉,室內,22.0567,120.7118,屏東,40,良好,51.19,Low Risk,63
屏東縣立車城國中,新興路42號,屏東縣車城鄉,室內,22.0729,120.7165,屏東,40,良好,49.81,Low Risk,350
高士國小牡林分校,四林路80號,屏東縣牡丹鄉,室內,22.0731,120.8139,屏東,40,良好,55.2,Low Risk,304
長樂村長壽俱樂部,和平路21號,屏東縣滿州鄉,室內,22.0742,120.8258,屏東,40,良好,55.85,Low Risk,50
屏東縣立車城國小,中山路66號,屏東縣車城鄉,室內,22.0749,120.7146,屏東,40,良好,49.52,Low Risk,250
長樂國小,大公路35號,屏東縣滿州鄉,室內,22.0755,120.8286,屏東,40,良好,55.92,Low Risk,120
車城福安宮香客大樓,福安路5之1號,屏東縣車城鄉,室內,22.0766,120.7119,屏東,40,良好,49.22,Low Risk,100
朗島國小,臺東縣蘭嶼鄉朗島村17號,臺東縣蘭嶼鄉,室內,22.0792,121.5286,台東,33,良好,84.6,Low Risk,100
屏東縣立車城國小溫泉分校,文化路23號,屏東縣車城鄉,室內,22.096,120.7487,屏東,40,良好,49.26,Low Risk,63
九棚永久屋大愛基地活動中心,九棚路大愛巷6號,屏東縣滿州鄉,室內,22.111079,120.87378,屏東,40,良好,56.05,Low Risk,100
高士國小,高士路29號,屏東縣牡丹鄉,室內,22.1248,120.847,屏東,40,良好,53.03,Low Risk,350
石門村活動中心,石門路18號,屏東縣牡丹鄉,室內,22.1254,120.774,屏東,40,良好,48.08,Low Risk,100
港仔活動中心,港仔路67號,屏東縣滿州鄉,室內,22.1334,120.8815,屏東,40,良好,54.9,Low Risk,50
竹坑活動中心,竹坑一巷1鄰8號,屏東縣獅子鄉,室內,22.1454,120.7012,屏東,40,良好,42.01,Low Risk,40
牡丹國小,牡丹路93號,屏東縣牡丹鄉,室內,22.1766,120.8377,屏東,40,良好,48.33,Low Risk,350
楓港國民小學,光復24號,屏東縣枋山鄉,室內,22.1902,120.6922,屏東,40,良好,37.31,Low Risk,90
旭海村活動中心,旭海路93-1號,屏東縣牡丹鄉,室內,22.1917,120.8786,屏東,40,良好,50.48,Low Risk,250
楓港老人文康中心,村舊庄1-2號,屏東縣枋山鄉,室內,22.193,120.6895,屏東,40,良好,36.9,Low Risk,80
楓林國小,楓林二巷22之2號,屏東縣獅子鄉,室內,22.2022,120.7038,屏東,40,良好,36.91,Low Risk,50
丹路國小,丹路一巷39號,屏東縣獅子鄉,室內,22.2034,120.7515,屏東,40,良好,39.93,Low Risk,50
獅子鄉立綜合體育館,舊庄280號,屏東縣獅子鄉,室內,22.2051,120.7014,屏東,40,良好,36.5,Low Risk,100
東源村活動中心,東源路6號,屏東縣牡丹鄉,室內,22.2052,120.851,屏東,40,良好,47.31,Low Risk,250
內文活動中心,3鄰26號,屏東縣獅子鄉,室內,22.2183,120.8507,屏東,40,良好,46.4,Low Risk,40
獅子活動中心,3鄰35號,屏東縣獅子鄉,室內,22.2323,120.6805,屏東,40,良好,32.79,Low Risk,0
草埔活動中心,6鄰64號,屏東縣獅子鄉,室內,22.2341,120.8014,屏東,40,良好,41.32,Low Risk,40
枋山鄉公所,枋山路82號,屏東縣枋山鄉,室內,22.26396799,120.6524235,屏東,40,良好,28.24,Low Risk,50
枋寮高中正成分校,國中路1號,屏東縣枋山鄉,室內,22.2643,120.6606,屏東,40,良好,28.72,Low Risk,150
南田基督教會,臺東縣達仁鄉南田村3鄰20號,臺東縣達仁鄉,室內,22.276682,120.890256,屏東,40,良好,46.39,Low Risk,50
森永活動中心,臺東縣達仁鄉森永村3鄰31號,臺東縣達仁鄉,室內,22.280641,120.864826,屏東,40,良好,43.87,Low Risk,100
南田活動中心,臺東縣達仁鄉南田村10之2號,臺東縣達仁鄉,室內,22.286514,120.888972,屏東,40,良好,45.77,Low Risk,100
安朔基督教會,臺東縣達仁鄉安朔村2鄰20號,臺東縣達仁鄉,室內,22.292996,120.866016,屏東,40,良好,43.34,Low Risk,50
安朔集會所,6鄰安朔路114號,臺東縣達仁鄉,室內,22.293497,120.867753,屏東,40,良好,43.47,Low Risk,50
安朔國小,臺東縣達仁鄉安朔村8鄰113號,臺東縣達仁鄉,室內,22.294292,120.868276,屏東,40,良好,43.48,Low Risk,200
達仁鄉公所禮堂,9鄰復興路14號,臺東縣達仁鄉,室內,22.297005,120.883062,屏東,40,良好,44.72,Low Risk,100
大南國民小學,東興村東園一街40號,臺東縣卑南鄉,室內,22.301654,121.016385,台東,33,良好,53.06,Low Risk,50
內獅國小,內獅村1號,屏東縣獅子鄉,室內,22.3052,120.6427,屏東,40,良好,24.03,Low Risk,0
南興村社區活動中心,達興路173號,臺東縣大武鄉,室內,22.3104,120.8867,屏東,40,良好,44.45,Low Risk,200
南福社區活動中心,忠孝路1-10號,屏東縣琉球鄉,室內,22.3284,120.3634,屏東,40,良好,20.29,Low Risk,50
加祿國民小學,會社28號,屏東縣枋山鄉,室內,22.3302,120.6211,屏東,40,良好,20.48,Low Risk,60
大福社區活動中心,和平路3巷14-1號,屏東縣琉球鄉,室內,22.3338,120.3708,屏東,40,良好,19.34,Low Risk,100
琉球國中,中正路158號,屏東縣琉球鄉,室內,22.336,120.3685,屏東,40,良好,19.3,Low Risk,200
琉球國小,中正路293號,屏東縣琉球鄉,室內,22.3371,120.3683,屏東,40,良好,19.22,Low Risk,200
尚武村社區活動中心,政通3街1號,臺東縣大武鄉,室內,22.342,120.8818,屏東,40,良好,42.7,Low Risk,100
大武鄉立托兒所,政通5街6-1號,臺東縣大武鄉,室內,22.3425,120.8806,屏東,40,良好,42.56,Low Risk,100
全德國小,復興路97號,屏東縣琉球鄉,室內,22.3462,120.3692,屏東,40,良好,18.4,Low Risk,200
琉球鄉公所,行政路12號,屏東縣琉球鄉,室內,22.3501,120.3837,屏東,40,良好,17.1,Low Risk,150
老人文康活動中心,海邊路6號,屏東縣枋寮鄉,室內,22.3562,120.5997,屏東,40,良好,16.85,Low Risk,150
大武老人會館,大武街110號,臺東縣大武鄉,室內,22.3564,120.9038,屏東,40,良好,44.36,Low Risk,150
大武鄉多功能綜合活動中心暨避難收容所,大武街21巷1號,臺東縣大武鄉,室內,22.3581,120.9064,屏東,40,良好,44.56,Low Risk,300
古華社區活動中心,古華路6鄰2巷46號,屏東縣春日鄉,室內,22.3596,120.6281,屏東,40,良好,18.69,Low Risk,100
大武村社區活動中心,大武街56號,臺東縣大武鄉,室內,22.3596,120.8975,屏東,40,良好,43.64,Low Risk,100
古華國民小學,3巷63號,屏東縣春日鄉,室內,22.361,120.626,屏東,40,良好,18.42,Low Risk,200
僑德國小,僑德路186號,屏東縣枋寮鄉,室內,22.3631,120.6,屏東,40,良好,16.31,Low Risk,320
枋寮國小,德興路197號,屏東縣枋寮鄉,室內,22.3678,120.5908,屏東,40,良好,15.28,Low Risk,189
士文聚會所,64-2號,屏東縣春日鄉,室內,22.3685,120.6639,屏東,40,良好,21.08,Low Risk,50
古華國民小學-士文分校,65號,屏東縣春日鄉,室內,22.3689,120.6635,屏東,40,良好,21.03,Low Risk,60
春日社區活動中心,春日路13號,屏東縣春日鄉,室內,22.3703,120.6243,屏東,40,良好,17.63,Low Risk,50
春日國民小學,春日路314號,屏東縣春日鄉,室內,22.3703,120.627,屏東,40,良好,17.85,Low Risk,200
枋寮高中,義民路3號,屏東縣枋寮鄉,室內,22.3711,120.5908,屏東,40,良好,15.02,Low Risk,1136
臺東縣立安朔國小新化分校,57號,臺東縣達仁鄉,室內,22.381551,120.856773,屏東,40,良好,38.95,Low Risk,200
建興國小,建興路39號,屏東縣枋寮鄉,室內,22.387,120.6019,屏東,40,良好,14.67,Low Risk,162
屏東市復興公園,建興南路35號,屏東縣屏東市,室外,22.3931,120.2857,屏東,40,良好,22.59,Low Risk,1067
國立屏東高級工業職業學校,建國路25號,屏東縣屏東市,室內,22.3948,120.2912,屏東,40,良好,21.99,Low Risk,2523
東海國小,東海路486號,屏東縣枋寮鄉,室內,22.4013,120.5773,屏東,40,良好,11.71,Low Risk,524
屏東市千禧公園,自由、大連、廣東、勝利東路廓內,屏東縣屏東市,室外,22.4044,120.2952,屏東,40,良好,21.23,Low Risk,1734
東海國小太源分校,太源路2-10號,屏東縣枋寮鄉,室內,22.4082,120.593,屏東,40,良好,12.56,Low Risk,90
國立佳冬高農,佳農街17號,屏東縣佳冬鄉,室內,22.409,120.5584,屏東,40,良好,9.68,Low Risk,239
屏東市廣興公園,監理站對面,屏東縣屏東市,室外,22.413,120.2915,屏東,40,良好,21.29,Low Risk,755
加津林活動中心,加津林50號,臺東縣大武鄉,室內,22.4162,120.9223,屏東,40,良好,44.84,Low Risk,200
佳冬鄉立幼兒園,文化一路240號,屏東縣佳冬鄉,室內,22.423,120.5669,屏東,40,良好,9.42,Low Risk,200
力里國民小學,自強1路92號,屏東縣春日鄉,室內,22.4277,120.629,屏東,40,良好,15.02,Low Risk,200
春日鄉立老人文康中心,9鄰自強1路18號,屏東縣春日鄉,室內,22.428,120.6279,屏東,40,良好,14.9,Low Risk,120
佳冬國中,大同路1號,屏東縣佳冬鄉,室內,22.4285,120.5668,屏東,40,良好,9.09,Low Risk,300
屏東縣林邊鄉崎峰活動中心,成功路600號,屏東縣林邊鄉,室內,22.4298,120.4902,屏東,40,良好,4.31,Low Risk,200
來義鄉文物館,19鄰289號,屏東縣來義鄉,室內,22.435,120.6379,屏東,40,良好,15.68,Low Risk,100
南和國小,51號,屏東縣來義鄉,室內,22.4364,120.6426,屏東,40,良好,16.12,Low Risk,200
屏東縣林邊鄉仁和國民小學,中山路417號,屏東縣林邊鄉,室內,22.4374,120.5114,屏東,40,良好,4.12,Low Risk,200
土?天主堂,1鄰22號,臺東縣達仁鄉,室內,22.453848,120.886914,屏東,40,良好,40.85,Low Risk,50
臺東縣立土?國小,2鄰10 號,臺東縣達仁鄉,室內,22.453853,120.887664,屏東,40,良好,40.93,Low Risk,200
達仁鄉立土?托兒所,1鄰106號,臺東縣達仁鄉,室內,22.454897,120.885982,屏東,40,良好,40.75,Low Risk,160
大潭國小,大潭路93號,屏東縣東港鎮,室內,22.456799,120.495771,屏東,40,良好,1.45,Low Risk,150
愛國蒲分校,愛國蒲6鄰92號,臺東縣大武鄉,室內,22.4575,120.9227,台東,33,良好,41.55,Low Risk,100
以栗國小,船頭路25號,屏東縣東港鎮,室內,22.4624,120.4629,屏東,40,良好,2.84,Low Risk,300
東隆宮香客大樓,東隆街21-1號,屏東縣東港鎮,室內,22.4631,120.4488,屏東,40,良好,4.25,Low Risk,300
太麻里鄉多良村辦公處,18鄰大溪251號,臺東縣太麻里鄉,室內,22.4631,120.9414,台東,33,良好,39.94,Low Risk,80
東隆國小,共和街45號,屏東縣東港鎮,室內,22.463386,120.449937,屏東,40,良好,4.13,Low Risk,500
望嘉警察派出所,114-1號,屏東縣來義鄉,室內,22.4636,120.6218,屏東,40,良好,13.59,Low Risk,100
屏東縣林邊鄉竹林國民小學,中興122號,屏東縣林邊鄉,室內,22.4642,120.5331,屏東,40,良好,4.49,Low Risk,100
東港高中,船頭路1號,屏東縣東港鎮,室內,22.4652,120.4555,屏東,40,良好,3.53,Low Risk,450
東光國小,長春二路15號,屏東縣東港鎮,室內,22.4694,120.4596,屏東,40,良好,3.09,Low Risk,150
東港國小,中正路一段10號,屏東縣東港鎮,室內,22.4707,120.4547,屏東,40,良好,3.6,Low Risk,300
新埤鄉立幼兒園,民眾路103號,屏東縣新埤鄉,室內,22.4754,120.611,屏東,40,良好,12.49,Low Risk,250
臺東縣台?國民小學,10鄰59-1號,臺東縣達仁鄉,室內,22.47755,120.9077,台東,33,良好,40.74,Low Risk,200
台?活動中心,10鄰56號,臺東縣達仁鄉,室內,22.47805,120.9081,台東,33,良好,40.67,Low Risk,100
東興國小,興東路43-1號,屏東縣東港鎮,室內,22.4784,120.4657,屏東,40,良好,2.7,Low Risk,461
北市大附小,公園路29號,臺北市中正區,室內,22.4797,120.913,台東,33,良好,40.21,Low Risk,157
台?基督教會,8鄰24號,臺東縣達仁鄉,室內,22.479837,120.913513,台東,33,良好,40.16,Low Risk,50
啦里吧活動中心,9鄰啦里吧49號,臺東縣達仁鄉,室內,22.48099,120.9136,台東,33,良好,40.05,Low Risk,100
新埤國小,新華路165號,屏東縣新埤鄉,室內,22.4844,120.5653,屏東,40,良好,7.96,Low Risk,450
高雄市立中芸國民中學,中芸路3-100號,高雄市林園區,室內,22.485875,120.395311,屏東,40,良好,9.89,Low Risk,700
中芸國小,中芸路1號,高雄市林園區,室內,22.4871,120.3967,屏東,40,良好,9.77,Low Risk,500
烏龍國小,南興路217號,屏東縣新園鄉,室內,22.4877,120.4581,屏東,40,良好,3.88,Low Risk,100
鹽洲國小,鹽洲路379號,屏東縣新園鄉,室內,22.4883,120.4408,屏東,40,良好,5.48,Low Risk,50
溪北社區活動中心,仁里路93號,屏東縣南州鄉,室內,22.4945,120.5111,屏東,40,良好,3.62,Low Risk,50
溪北國小,仁里路102號,屏東縣南州鄉,室內,22.4957,120.5111,屏東,40,良好,3.73,Low Risk,95
文樂活動中心,新樂路1號,屏東縣來義鄉,室內,22.4999,120.6243,屏東,40,良好,14.26,Low Risk,50
高雄市林園區港埔國民小學,校前路1號,高雄市林園區,室內,22.504297,120.378585,屏東,40,良好,12.09,Low Risk,690
高雄市林園區王公國民小學,王公二路100號,高雄市林園區,室內,22.504698,120.388254,屏東,40,良好,11.17,Low Risk,1100
高雄市林園區林園國民小學,忠孝西路20號,高雄市林園區,室內,22.506778,120.394303,屏東,40,良好,10.68,Low Risk,2000
林園區長青文康活動中心,林園北路191號,高雄市林園區,室內,22.5087,120.3945,屏東,40,良好,10.75,Low Risk,260
港西國小,中和路101號,屏東縣新園鄉,室內,22.5087,120.4556,屏東,40,良好,5.67,Low Risk,30
來義鄉新來義部落多功能活動中心,來新路21號,屏東縣來義鄉,室內,22.5087,120.5825,屏東,40,良好,10.53,Low Risk,500
潮南國小,興美路24號,屏東縣潮州鎮,室內,22.512958,120.534672,屏東,40,良好,6.76,Low Risk,1126
南榮國中,田寮路1-15號,屏東縣崁頂鄉,室內,22.5134,120.5184,屏東,40,良好,5.79,Low Risk,200
崁頂國小,中正路119號,屏東縣崁頂鄉,室內,22.5141,120.5118,屏東,40,良好,5.55,Low Risk,200
高雄市小港區鳳鳴國民小學,鳳鳴路191號,高雄市小港區,室內,22.515082,120.357564,高雄,150,對所有族群不健康,13.75,High Risk,200
崁頂老人文康中心,興農路29-12號,屏東縣崁頂鄉,室內,22.5152,120.5069,屏東,40,良好,5.47,Low Risk,150
高雄市立林園高級中學,林園北路481號,高雄市林園區,室內,22.516726,120.395661,屏東,40,良好,11.04,Low Risk,2600
丹林活動中心,丹林路25-1號,屏東縣來義鄉,室內,22.5174,120.6348,屏東,40,良好,15.86,Low Risk,50
高雄市小港區鳳林國民中學,龍鳳路559號,高雄市小港區,室內,22.52185,120.348385,高雄,150,對所有族群不健康,12.68,High Risk,50
潮東國小,復興路66號,屏東縣潮州鎮,室內,22.52309297,120.5609105,屏東,40,良好,9.5,Low Risk,85
新園國小,媽祖路49號,屏東縣新園鄉,室內,22.5241,120.4519,屏東,40,良好,7.29,Low Risk,100
歷坵活動中心 Liqiu Activity Center,"1鄰12號No.12,Liqiu,Jinfeng Township,Taitung County 964,TaiwanR.O.C.",臺東縣金峰鄉,室內,22.526384,120.926439,台東,33,良好,35.38,Low Risk,100
古樓國小,育英路2號,屏東縣來義鄉,室內,22.5275,120.6258,屏東,40,良好,15.44,Low Risk,200
高雄市林園區金潭國民小學,金潭路40號,高雄市林園區,室內,22.528055,120.396078,屏東,40,良好,11.67,Low Risk,260
金崙溫泉長老教會,16鄰40號,臺東縣太麻里鄉,室內,22.530918,120.937667,台東,33,良好,34.23,Low Risk,20
賓茂國小 Binmao Elementary School,"68號No.68,Binmao,Jinfeng Township,Taitung County 964,TaiwanR.O.C.",臺東縣金峰鄉,室內,22.532403,120.95583,台東,33,良好,32.88,Low Risk,100
賓茂活動中心 Binmao Activity Center,"1鄰3-2號No.3-2,Binmao,Jinfeng Township,Taitung County 964,TaiwanR.O.C.",臺東縣金峰鄉,室內,22.532592,120.961712,台東,33,良好,32.49,Low Risk,100
金崙活動中心,太麻里鄉6鄰金崙283號,臺東縣太麻里鄉,室內,22.533379,120.964363,台東,33,良好,32.25,Low Risk,80
光春國中,光春路290號,屏東縣潮州鎮,室內,22.534662,120.539763,屏東,40,良好,8.97,Low Risk,600
力社國小,力社路36號,屏東縣崁頂鄉,室內,22.5388,120.5092,屏東,40,良好,8.06,Low Risk,200
義仁里社區活動中心,鳳林一路48號,高雄市大寮區,室內,22.539227,120.403252,屏東,40,良好,11.85,Low Risk,100
光春國小,志成路201號,屏東縣潮州鎮,室內,22.540379,120.536872,屏東,40,良好,9.34,Low Risk,550
高雄市大寮區昭明國小,鳳林一路300巷80號,高雄市大寮區,室內,22.54239,120.408514,屏東,40,良好,11.7,Low Risk,350
新園鄉公所,仙吉路148號,屏東縣新園鄉,室內,22.5438,120.4615,屏東,40,良好,8.85,Low Risk,30
仙吉國小,仙吉路91號,屏東縣新園鄉,室內,22.5443,120.4611,屏東,40,良好,8.92,Low Risk,100
四林國小,開元路2巷1號,屏東縣潮州鎮,室內,22.544592,120.569267,屏東,40,良好,11.76,Low Risk,50
新園國中,仙吉路111號,屏東縣新園鄉,室內,22.5452,120.461,屏東,40,良好,9.01,Low Risk,300
光華國小,南進路2號,屏東縣潮州鎮,室內,22.547268,120.543657,屏東,40,良好,10.36,Low Risk,240
鎮立幼兒園,三星路39-2號,屏東縣潮州鎮,室內,22.547719,120.550815,屏東,40,良好,10.81,Low Risk,300
潮州國小,育英路31號,屏東縣潮州鎮,室內,22.548406,120.541139,屏東,40,良好,10.33,Low Risk,285
佳佐國小中興分校,中興路27號,屏東縣萬巒鄉,室內,22.5491,120.6123,屏東,40,良好,15.45,Low Risk,60
瓦?國小,四環路3號,屏東縣新園鄉,室內,22.5523,120.4747,屏東,40,良好,9.43,Low Risk,50
平和活動中心,1鄰1號,屏東縣泰武鄉,室內,22.5527,120.6293,屏東,40,良好,17.12,Low Risk,200
潮州國中,文化路66號,屏東縣潮州鎮,室內,22.554008,120.542947,屏東,40,良好,10.96,Low Risk,250
會結里社區活動中心,會結路14-3號,高雄市大寮區,室內,22.554827,120.424982,屏東,40,良好,11.67,Low Risk,100
潮和國小,華嚴街1號,屏東縣潮州鎮,室內,22.556803,120.538038,屏東,40,良好,10.99,Low Risk,630
潮昇國小,北門路25號,屏東縣潮州鎮,室內,22.557031,120.547724,屏東,40,良好,11.5,Low Risk,875
新厝里社區活動中心,新三街50號,高雄市大寮區,室內,22.560361,120.40918,屏東,40,良好,13.13,Low Risk,20
高雄市小港區小港國民小學,平和路1號,高雄市小港區,室內,22.56103,120.336089,高雄,150,對所有族群不健康,8.18,High Risk,300
志成佛寺,永康路31號,屏東縣萬巒鄉,室內,22.5614,120.5629,屏東,40,良好,12.77,Low Risk,200
高雄市小港區鳳陽國民小學,鳳陽街2號,高雄市小港區,室內,22.561551,120.370393,高雄,150,對所有族群不健康,10.18,High Risk,600
潮寮老人活動中心,潮龍路151號,高雄市大寮區,室內,22.562091,120.430298,屏東,40,良好,12.05,Low Risk,35
新庄國小,屏東縣萬丹鄉新庄村新鐘路410號,屏東縣萬丹鄉,室內,22.5622,120.4803,屏東,40,良好,10.45,Low Risk,60
高雄市立潮寮國民中學,潮寮路51-9號,高雄市大寮區,室內,22.563415,120.425175,屏東,40,良好,12.45,Low Risk,60
高雄市小港區二苓國民小學,立群路6號,高雄市小港區,室內,22.5638,120.3533,高雄,150,對所有族群不健康,8.85,High Risk,1000
高雄市立小港高級中學,學府路117號,高雄市小港區,室內,22.565249,120.357413,高雄,150,對所有族群不健康,8.98,High Risk,100
高雄市大寮區潮寮國小,潮寮路61號,高雄市大寮區,室內,22.565716,120.425144,屏東,40,良好,12.67,Low Risk,240
國立高雄餐旅大學附屬餐旅高級中等學校,松和路40號,高雄市小港區,室內,22.566216,120.371763,高雄,150,對所有族群不健康,9.92,High Risk,200
高雄市小港區漢民國民小學,漢民路500號,高雄市小港區,室內,22.566473,120.35926,高雄,150,對所有族群不健康,9.0,High Risk,200
高雄市立中山國民中學,漢民路352號,高雄市小港區,室內,22.56665,120.356421,高雄,150,對所有族群不健康,8.8,High Risk,700
高雄市立小港國民中學,平和南路185號,高雄市小港區,室內,22.566732,120.338056,高雄,150,對所有族群不健康,7.71,High Risk,720
高雄市小港區華山國民小學,華仁街1號,高雄市小港區,室內,22.5677,120.3657,高雄,150,對所有族群不健康,9.35,High Risk,901
高雄市小港區港和國民小學,平和南路300號,高雄市小港區,室內,22.5681,120.3379,高雄,150,對所有族群不健康,7.57,High Risk,250
佳興活動中心,1鄰1號,屏東縣泰武鄉,室內,22.5703,120.6631,屏東,40,良好,21.1,Low Risk,100
佳佐國小,佳興路59號,屏東縣萬巒鄉,室內,22.5712,120.5956,屏東,40,良好,15.76,Low Risk,100
萬巒鄉公所展覽廳,中正路36號,屏東縣萬巒鄉,室內,22.5725,120.5678,屏東,40,良好,14.07,Low Risk,100
高雄市前鎮區佛公國民小學,后平路135號,高雄市前鎮區,室內,22.572651,120.320909,高雄,150,對所有族群不健康,6.4,High Risk,655
萬巒國小,褒忠路28號,屏東縣萬巒鄉,室內,22.5727,120.5723,屏東,40,良好,14.35,Low Risk,100
大明國小,洲中路40號,屏東縣竹田鄉,室內,22.5756,120.5251,屏東,40,良好,12.44,Low Risk,200
過溪里社區活動中心,過溪路130號,高雄市大寮區,室內,22.576183,120.418885,高雄,150,對所有族群不健康,13.33,High Risk,150
武潭活動中心,潭北巷51號,屏東縣泰武鄉,室內,22.578,120.6361,屏東,40,良好,19.34,Low Risk,200
西方道堂,富山路1號,屏東縣萬巒鄉,室內,22.5802,120.6297,屏東,40,良好,18.99,Low Risk,300
高雄市前鎮區明正國民小學,明道路2號,高雄市前鎮區,室內,22.580243,120.326581,高雄,150,對所有族群不健康,5.84,High Risk,345
高雄市立明義國民中學,明義街2號,高雄市小港區,室內,22.582027,120.368282,高雄,150,對所有族群不健康,8.51,High Risk,1000
清山寺,拷潭路126-1號,高雄市大寮區,室內,22.582377,120.385461,高雄,150,對所有族群不健康,9.97,High Risk,80
萬丹國小,屏東縣萬丹鄉寶厝村萬新路1497號,屏東縣萬丹鄉,室內,22.5826,120.4887,屏東,40,良好,12.68,Low Risk,150
竹田國小,公正路35號,屏東縣竹田鄉,室內,22.5828,120.544,屏東,40,良好,13.87,Low Risk,200
高雄市小港區桂林國民小學,桂陽路390號,高雄市小港區,室內,22.583128,120.350425,高雄,150,對所有族群不健康,7.03,High Risk,1255
高雄市立前鎮國民中學,新衙路17號,高雄市前鎮區,室內,22.583367,120.321031,高雄,150,對所有族群不健康,5.28,High Risk,1200
高雄市小港區明義國民小學,明義街77號,高雄市小港區,室內,22.5834,120.3678,高雄,150,對所有族群不健康,8.38,High Risk,200
竹田鄉公所,中正路123號,屏東縣竹田鄉,室內,22.5847,120.544,屏東,40,良好,14.06,Low Risk,60
富翔天廈,拷潭路163-1號,高雄市大寮區,室內,22.584752,120.380306,高雄,150,對所有族群不健康,9.38,High Risk,70
高雄市前鎮區前鎮國民小學,新生路200號,高雄市前鎮區,室內,22.585437,120.308702,高雄,150,對所有族群不健康,4.71,High Risk,473
高雄市立興仁國民中學,德昌路345號,高雄市前鎮區,室內,22.5863,120.3139,高雄,150,對所有族群不健康,4.74,High Risk,945
高雄市立前鎮高級中學,鎮中路132號,高雄市前鎮區,室內,22.586862,120.32001,高雄,150,對所有族群不健康,4.89,High Risk,2236
香蘭國小,舊香蘭四鄰28號,臺東縣太麻里鄉,室內,22.587759,120.993452,台東,33,良好,25.7,Low Risk,80
高雄市旗津區大汕國民小學,中洲二路203號,高雄市旗津區,室內,22.5879,120.2877,高雄,150,對所有族群不健康,4.6,High Risk,250
高雄市立旗津國民中學,中洲二路207號,高雄市旗津區,室內,22.5885,120.286,高雄,150,對所有族群不健康,4.59,High Risk,600
萬巒鄉立幼兒園泗溝分班,永平路53-1號,屏東縣萬巒鄉,室內,22.5885,120.58,屏東,40,良好,16.24,Low Risk,60
圖書館,屏東縣萬丹鄉和平西路157號,屏東縣萬丹鄉,室內,22.589,120.4849,屏東,40,良好,13.4,Low Risk,40
萬丹鄉行政中心,屏東縣萬丹鄉和平西路155號,屏東縣萬丹鄉,室內,22.5894,120.485,屏東,40,良好,13.44,Low Risk,100
高雄市旗津區公所5樓大禮堂,旗津三路2號5樓,高雄市旗津區,室內,22.589974,120.284774,高雄,150,對所有族群不健康,4.49,High Risk,250
佛聖宮,內坑路148號,高雄市大寮區,室內,22.590008,120.381144,高雄,150,對所有族群不健康,9.18,High Risk,200
高雄市鳳山區過埤國民小學,過埤路176號,高雄市鳳山區,室內,22.590382,120.362405,高雄,150,對所有族群不健康,7.49,High Risk,393
高雄市立福誠高級中學,五甲三路176號,高雄市鳳山區,室內,22.590487,120.323885,高雄,150,對所有族群不健康,4.7,High Risk,1139
高雄市前鎮區鎮昌國民小學,樹人路261號,高雄市前鎮區,室內,22.590548,120.317983,高雄,150,對所有族群不健康,4.43,High Risk,1200
五溝國小,西盛路89號,屏東縣萬巒鄉,室內,22.5908,120.594,屏東,40,良好,17.3,Low Risk,30
高雄市大寮區大寮國民小學,大寮路740號,高雄市大寮區,室內,22.590861,120.416445,高雄,150,對所有族群不健康,12.49,High Risk,420
佳平活動中心,佳平巷12號,屏東縣泰武鄉,室內,22.591406,120.628948,屏東,40,良好,19.77,Low Risk,100
大寮里社區活動中心,大寮路781號,高雄市大寮區,室內,22.591471,120.416643,高雄,150,對所有族群不健康,12.48,High Risk,150
泰武國中,5鄰120號,屏東縣泰武鄉,室內,22.5915,120.6333,屏東,40,良好,20.11,Low Risk,300
澳洲特區,仁德路16巷31弄12號,高雄市大寮區,室內,22.591949,120.396834,高雄,150,對所有族群不健康,10.56,High Risk,100
荷蘭町,仁德路10號之1,高雄市大寮區,室內,22.591993,120.399701,高雄,150,對所有族群不健康,10.83,High Risk,200
興華國小,屏東縣萬丹鄉崙頂村崙頂路860號,屏東縣萬丹鄉,室內,22.5929,120.4615,屏東,40,良好,14.12,Low Risk,400
高雄市政府社會局無障礙之家,翠亨北路392號,高雄市前鎮區,室內,22.5941,120.3153,高雄,150,對所有族群不健康,3.96,High Risk,3
高雄市鳳山區南成國民小學,南和街101號,高雄市鳳山區,室內,22.594316,120.335487,高雄,150,對所有族群不健康,5.07,High Risk,1484
龍成宮,五甲二路730巷6號,高雄市鳳山區,室內,22.5945,120.3283,高雄,150,對所有族群不健康,4.57,High Risk,100
米蘭特區,內坑路108-67號,高雄市大寮區,室內,22.594653,120.388157,高雄,150,對所有族群不健康,9.62,High Risk,80
四維國小,屏東縣萬丹鄉四維村四維東路567號,屏東縣萬丹鄉,室內,22.595,120.49,屏東,40,良好,14.06,Low Risk,50
僑智國小,學人路55號,屏東縣內埔鄉,室內,22.595,120.5566,屏東,40,良好,15.64,Low Risk,120
萬金天主教堂,萬興路24號,屏東縣萬巒鄉,室內,22.5951,120.6112,屏東,40,良好,18.8,Low Risk,250
嘉蘭國小 Jialan Elementary School,"3鄰132號No.132,Jialan,Jinfeng Township,Taitung County 964,TaiwanR.O.C.",臺東縣金峰鄉,室內,22.595308,120.961523,台東,33,良好,27.43,Low Risk,100
高雄市鳳山區鳳翔國民小學,鳳育路63號,高雄市鳳山區,室內,22.595332,120.340798,高雄,150,對所有族群不健康,5.38,High Risk,3106
高雄市立鳳翔國民中學,保義街100號,高雄市鳳山區,室內,22.59641,120.348197,高雄,150,對所有族群不健康,5.91,High Risk,385
萬丹國中,屏東縣萬丹鄉萬丹路2段5號,屏東縣萬丹鄉,室內,22.5966,120.4881,屏東,40,良好,14.23,Low Risk,500
嘉蘭村活動中心 Jialan Activity Center,"4鄰嘉蘭219號No.9,Jialan,Jinfeng Township,Taitung County 964,TaiwanR.O.C.",臺東縣金峰鄉,室內,22.596696,120.959985,台東,33,良好,27.44,Low Risk,100
高雄市鳳山區福誠國民小學,忠誠路145號,高雄市鳳山區,室內,22.596813,120.325055,高雄,150,對所有族群不健康,4.17,High Risk,1267
高雄市立五甲國民中學,龍成路111號,高雄市鳳山區,室內,22.598112,120.328691,高雄,150,對所有族群不健康,4.29,High Risk,1178
高雄市鳳山區中崙國民小學,中崙四路25號,高雄市鳳山區,室內,22.599431,120.350798,高雄,150,對所有族群不健康,5.94,High Risk,3054
大發公有市場3樓,鳳林三路315之22號,高雄市大寮區,室內,22.600592,120.397972,高雄,150,對所有族群不健康,10.35,High Risk,120
高雄市前鎮區瑞祥國民小學,班超路20號,高雄市前鎮區,室內,22.600692,120.326798,高雄,150,對所有族群不健康,3.94,High Risk,1636
高雄市旗津區中洲國民小學,旗津三路275號,高雄市旗津區,室內,22.6008,120.2764,高雄,150,對所有族群不健康,3.91,High Risk,600
高雄市立瑞祥高級中學,班超路63號,高雄市前鎮區,室內,22.602208,120.324758,高雄,150,對所有族群不健康,3.68,High Risk,1000
高雄市立大寮幼兒園,上寮路208之25號,高雄市大寮區,室內,22.602808,120.422136,高雄,150,對所有族群不健康,12.69,High Risk,150
高雄市立大寮國民中學,進學路150號,高雄市大寮區,室內,22.602926,120.39266,高雄,150,對所有族群不健康,9.75,High Risk,150
高雄市立中崙國民中學,中崙二路487號,高雄市鳳山區,室內,22.603304,120.353555,高雄,150,對所有族群不健康,5.98,High Risk,469
三隆里社區活動中心,正隆街45號,高雄市大寮區,室內,22.60349,120.406342,高雄,150,對所有族群不健康,11.09,High Risk,40
高雄市鳳山區正義國民小學,南昌街55號,高雄市鳳山區,室內,22.603997,120.340127,高雄,150,對所有族群不健康,4.75,High Risk,1025
正興村活動中心Zhengxing Activity Center,"2鄰28號No.28,Zhengxing,Jinfeng Township,Taitung County 964,TaiwanR.O.C.",臺東縣金峰鄉,室內,22.604086,120.996484,台東,33,良好,24.16,Low Risk,100
泰武活動中心,大武山一街30號,屏東縣泰武鄉,室內,22.6046,120.6117,屏東,40,良好,19.64,Low Risk,300
高雄市立獅甲國民中學,中山三路43號,高雄市前鎮區,室內,22.6051,120.3083,高雄,150,對所有族群不健康,2.57,High Risk,1200
竹田鄉立幼兒園,龍崗路130號,屏東縣竹田鄉,室內,22.60513,120.5476216,屏東,40,良好,16.31,Low Risk,200
高雄市大寮區永芳國民小學,鳳林三路499號,高雄市大寮區,室內,22.605277,120.395195,高雄,150,對所有族群不健康,9.93,High Risk,600
高雄市前鎮區瑞豐國民小學,瑞隆路100號,高雄市前鎮區,室內,22.6061,120.337,高雄,150,對所有族群不健康,4.35,High Risk,1781
金湯營區,凱旋路1號,高雄市鳳山區,室內,22.6077,120.3623,高雄,150,對所有族群不健康,6.62,High Risk,400
中正營區,凱旋路1號,高雄市鳳山區,室內,22.6077,120.3623,高雄,150,對所有族群不健康,6.62,High Risk,500
高雄市大寮區山頂國民小學,山頂路211號,高雄市大寮區,室內,22.607807,120.388806,高雄,150,對所有族群不健康,9.23,High Risk,200
高雄市前鎮區復興國民小學,民權二路331號,高雄市前鎮區,室內,22.608203,120.311425,高雄,150,對所有族群不健康,2.36,High Risk,800
高雄市前鎮區樂群國民小學,育樂路61號,高雄市前鎮區,室內,22.608234,120.322489,高雄,150,對所有族群不健康,3.03,High Risk,300
山頂里社區活動中心,山頂路178號,高雄市大寮區,室內,22.608247,120.388518,高雄,150,對所有族群不健康,9.19,High Risk,250
高雄市前鎮區民權國民小學,沱江街200號,高雄市前鎮區,室內,22.608482,120.314444,高雄,150,對所有族群不健康,2.48,High Risk,1568
高雄市旗津區旗津國民小學,中洲三路623號,高雄市旗津區,室內,22.609,120.2715,高雄,150,對所有族群不健康,3.68,High Risk,120
高雄市竹西里活動中心,廣東三街73號3樓,高雄市前鎮區,室內,22.60930404,120.3198654,高雄,150,對所有族群不健康,2.76,High Risk,100
內埔國小,廣濟路2號,屏東縣內埔鄉,室內,22.61,120.5659,屏東,40,良好,17.56,Low Risk,120
高雄市立中正高級工業職業學校,光華二路80號,高雄市前鎮區,室內,22.610595,120.317629,高雄,150,對所有族群不健康,2.5,High Risk,1000
高雄市立光華國民中學,和平二路170號,高雄市前鎮區,室內,22.61083,120.322944,高雄,150,對所有族群不健康,2.87,High Risk,600
內埔鄉文康中心,文化路183號,屏東縣內埔鄉,室內,22.611,120.5695,屏東,40,良好,17.83,Low Risk,120
高雄市立瑞豐國民中學,瑞興街99號,高雄市前鎮區,室內,22.611085,120.331091,高雄,150,對所有族群不健康,3.54,High Risk,200
內埔國中,文化路262號,屏東縣內埔鄉,室內,22.6113,120.5705,屏東,40,良好,17.91,Low Risk,120
大王國小,文化路60號,臺東縣太麻里鄉,室內,22.613304,121.003685,台東,33,良好,22.91,Low Risk,100
高雄市鳳山區新甲國民小學,新富路255號,高雄市鳳山區,室內,22.613771,120.339923,高雄,150,對所有族群不健康,4.23,High Risk,2199
高雄市苓雅區成功國民小學,華新街59號,高雄市苓雅區,室內,22.613929,120.297064,高雄,150,對所有族群不健康,1.55,High Risk,920
高雄市前鎮區愛群國民小學,二聖二路194號,高雄市前鎮區,室內,22.61396,120.312716,高雄,150,對所有族群不健康,1.88,High Risk,1000
武侯宮,琉球路64號,高雄市大寮區,室內,22.613987,120.411173,高雄,150,對所有族群不健康,11.36,High Risk,200
光武里社區活動中心,民生路317-1號,高雄市大寮區,室內,22.614458,120.384658,高雄,150,對所有族群不健康,8.66,High Risk,20
高雄市苓洲國民小學,四維四路61號,高雄市苓雅區,室內,22.6145,120.3005,高雄,150,對所有族群不健康,1.43,High Risk,855
順安府,11鄰順安路39號,臺東縣太麻里鄉,室內,22.614936,120.993368,台東,33,良好,23.54,Low Risk,50
太麻里鄉老人會館,11鄰順安路33號,臺東縣太麻里鄉,室內,22.614936,120.993368,台東,33,良好,23.54,Low Risk,100
社皮國小,屏東縣萬丹鄉社皮路二段550號,屏東縣萬丹鄉,室內,22.615,120.4681,屏東,40,良好,16.43,Low Risk,100
高雄市立英明國民中學,英明路147號,高雄市苓雅區,室內,22.615251,120.324395,高雄,150,對所有族群不健康,2.71,High Risk,1382
東寧國小,自強路85號,屏東縣內埔鄉,室內,22.6155,120.5629,屏東,40,良好,17.98,Low Risk,120
老人文康活動中心,屏東縣萬丹鄉大昌路495號,屏東縣萬丹鄉,室內,22.6157,120.4691,屏東,40,良好,16.49,Low Risk,150
老人文康活動中心,屏東縣萬丹鄉大昌路495號,屏東縣萬丹鄉,室內,22.6157,120.4691,屏東,40,良好,16.49,Low Risk,150
廣安國小,屏東縣萬丹鄉廣安村廣志街8巷15號,屏東縣萬丹鄉,室內,22.6157,120.4905,屏東,40,良好,16.36,Low Risk,30
竹田國中,龍南路26號,屏東縣竹田鄉,室內,22.615722,120.524088,屏東,40,良好,16.74,Low Risk,600
黃厝北極上帝殿,黃厝路35之10號,高雄市大寮區,室內,22.616179,120.410497,高雄,150,對所有族群不健康,11.27,High Risk,200
富田國小,里仁路202號,屏東縣內埔鄉,室內,22.6163,120.5401,屏東,40,良好,17.22,Low Risk,120
高雄市大寮區忠義國民小學,忠義路1號,高雄市大寮區,室內,22.616353,120.384143,高雄,150,對所有族群不健康,8.58,High Risk,200
高雄市立鳳甲國民中學,輜汽路300號,高雄市鳳山區,室內,22.616576,120.342588,高雄,150,對所有族群不健康,4.39,High Risk,1917
高雄市鳳山區誠正國民小學,黃埔新村國校巷78號,高雄市鳳山區,室內,22.616848,120.363867,高雄,150,對所有族群不健康,6.52,High Risk,641
高雄市鳳山區鳳西國民小學,光華東路100號,高雄市鳳山區,室內,22.61715,120.358728,高雄,150,對所有族群不健康,5.99,High Risk,1711
高雄市鳳山區忠孝國民小學,新富路630號,高雄市鳳山區,室內,22.617854,120.349428,高雄,150,對所有族群不健康,5.04,High Risk,1898
高雄市立苓雅國民中學,四維三路176號,高雄市苓雅區,室內,22.618047,120.30541,高雄,150,對所有族群不健康,1.11,High Risk,945
忠義里里辦公處2樓,商協福利路59-1號,高雄市大寮區,室內,22.618515,120.382478,高雄,150,對所有族群不健康,8.38,High Risk,20
中興里社區活動中心,文化路2巷2號,高雄市大寮區,室內,22.618811,120.387461,高雄,150,對所有族群不健康,8.88,High Risk,25
高雄市苓雅區福康國民小學,漢陽街17號,高雄市苓雅區,室內,22.618957,120.32935,高雄,150,對所有族群不健康,3.02,High Risk,1764
黃埔營區,維武路1號,高雄市鳳山區,室內,22.6192,120.3656,高雄,150,對所有族群不健康,6.65,High Risk,600
高雄市立忠孝國民中學,國泰路2段81號,高雄市鳳山區,室內,22.619923,120.346448,高雄,150,對所有族群不健康,4.7,High Risk,1800
新濱營區,鼓山一路1號,高雄市鼓山區,室內,22.6202,120.2745,高雄,150,對所有族群不健康,2.87,High Risk,230
高雄市政府社會局安琪兒家園,四維三路2號9樓,高雄市苓雅區,室內,22.6205,120.312,高雄,150,對所有族群不健康,1.32,High Risk,3
高雄市政府社會局陽光家園,四維三路2號9樓,高雄市苓雅區,室內,22.6205,120.312,高雄,150,對所有族群不健康,1.32,High Risk,3
高雄市苓雅區五權國民小學,三多二路100號,高雄市苓雅區,室內,22.62062,120.324166,高雄,150,對所有族群不健康,2.45,High Risk,582
育英國小,育文路73號,屏東縣內埔鄉,室內,22.6207,120.5815,屏東,40,良好,19.36,Low Risk,120
高雄市立高雄高級女子中學,五福三路122號,高雄市前金區,室內,22.6209,120.2927,高雄,150,對所有族群不健康,1.14,High Risk,1145
高雄市鹽埕區光榮國民小學,大智路150號,高雄市鹽埕區,室內,22.621,120.288,高雄,150,對所有族群不健康,1.54,High Risk,200
謝府元帥廟,前庄路49號,高雄市大寮區,室內,22.621389,120.393778,高雄,150,對所有族群不健康,9.5,High Risk,50
高雄市鹽埕區忠孝國民小學,大智路71號,高雄市鹽埕區,室內,22.6216,120.2852,高雄,150,對所有族群不健康,1.78,High Risk,563
沙鹿幼兒園埔子分班,正義路218號,臺中市沙鹿區,室內,22.6219,120.3381,高雄,150,對所有族群不健康,3.81,High Risk,116
高雄市苓雅區四維國民小學,青年一路103號,高雄市苓雅區,室內,22.623092,120.312653,高雄,150,對所有族群不健康,1.25,High Risk,2236
翁園里社區活動中心,翁園路79之1號,高雄市大寮區,室內,22.623246,120.408663,高雄,150,對所有族群不健康,11.02,High Risk,60
高雄市大寮區翁園國民小學,翁園路79號,高雄市大寮區,室內,22.623246,120.408663,高雄,150,對所有族群不健康,11.02,High Risk,400
高雄市鼓山區鼓山國民小學,臨海二路50號,高雄市鼓山區,室內,22.6236,120.2713,高雄,150,對所有族群不健康,3.12,High Risk,745
高雄市立鹽埕國民中學,新樂街46號,高雄市鹽埕區,室內,22.6236,120.2879,高雄,150,對所有族群不健康,1.45,High Risk,300
高雄市鹽埕區鹽埕國民小學,五福四路183號,高雄市鹽埕區,室內,22.6237,120.2829,高雄,150,對所有族群不健康,1.94,High Risk,100
高雄市鳳山區大東國民小學,大東一路1號,高雄市鳳山區,室內,22.623852,120.362625,高雄,150,對所有族群不健康,6.3,High Risk,367
高雄市苓雅區福東國民小學,福德三路96號,高雄市苓雅區,室內,22.6241,120.3269,高雄,150,對所有族群不健康,2.64,High Risk,1087
高雄市立新興高級中學,五福二路218號,高雄市新興區,室內,22.6244,120.304,高雄,150,對所有族群不健康,0.42,High Risk,1091
鹽埕區公所11樓大禮堂,大仁路6號8樓,高雄市鹽埕區,室內,22.6248,120.2868,高雄,150,對所有族群不健康,1.52,High Risk,50
高雄市鳳山區鳳山國民小學,中山路231號,高雄市鳳山區,室內,22.624823,120.356507,高雄,150,對所有族群不健康,5.66,High Risk,873
鳳山區公所大禮堂,經武路30號,高雄市鳳山區,室內,22.6252,120.3592,高雄,150,對所有族群不健康,5.94,High Risk,200
高雄市立鳳山國民中學,中山東路227號,高雄市鳳山區,室內,22.625285,120.372009,高雄,150,對所有族群不健康,7.25,High Risk,2327
高雄市立高雄高級高商職業學校,五福二路3號,高雄市新興區,室內,22.6257,120.3095,高雄,150,對所有族群不健康,0.85,High Risk,1036
高雄市前金區前金國民小學,大同二路61號,高雄市前金區,室內,22.626351,120.293922,高雄,150,對所有族群不健康,0.77,High Risk,1564
高雄市立中正高級中學,中正一路8號,高雄市苓雅區,室內,22.626491,120.338791,高雄,150,對所有族群不健康,3.84,High Risk,3294
高雄市新興區新興國民小學,民生一路321號,高雄市新興區,室內,22.627003,120.305317,高雄,150,對所有族群不健康,0.4,High Risk,1182
萬安活動中心,1鄰3號,屏東縣泰武鄉,室內,22.6274,120.6384,屏東,40,良好,23.35,Low Risk,100
前金區公所5樓大禮堂,自強二路169號三、四樓,高雄市前金區,室內,22.6276,120.2943,高雄,150,對所有族群不健康,0.73,High Risk,25
高雄市新興區大同國民小學,大同一路231號,高雄市新興區,室內,22.628,120.2985,高雄,150,對所有族群不健康,0.31,High Risk,964
高雄市鳳山區中正國民小學,勝利路2號,高雄市鳳山區,室內,22.628249,120.37408,高雄,150,對所有族群不健康,7.46,High Risk,0
溪寮里社區活動中心,溪寮路54之1號,高雄市大寮區,室內,22.628398,120.420494,高雄,150,對所有族群不健康,12.22,High Risk,60
基督教鳳山長老教會,中正路172號,高雄市鳳山區,室內,22.6284,120.361,高雄,150,對所有族群不健康,6.12,High Risk,150
高雄市立前金國民中學,六合二路278號,高雄市前金區,室內,22.6294,120.2905,高雄,150,對所有族群不健康,1.14,High Risk,1218
國立鳳山高級中學,光復路二段130號,高雄市鳳山區,室內,22.629893,120.345723,高雄,150,對所有族群不健康,4.56,High Risk,200
排灣社區活動中心,5鄰58號,屏東縣瑪家鄉,室內,22.63,120.6264,屏東,40,良好,22.79,Low Risk,148
高雄市苓雅區中正國民小學,輔仁路100號,高雄市苓雅區,室內,22.630177,120.333309,高雄,150,對所有族群不健康,3.29,High Risk,1855
高雄市鳳山區瑞興國民小學,博愛路271號,高雄市鳳山區,室內,22.63018,120.368353,高雄,150,對所有族群不健康,6.88,High Risk,1309
鳳山街友服務中心,博愛路477巷18號,高雄市鳳山區,室內,22.6303,120.3648,高雄,150,對所有族群不健康,6.52,High Risk,32
高雄市大寮區溪寮國民小學,溪寮路69號,高雄市大寮區,室內,22.630524,120.420439,高雄,150,對所有族群不健康,12.22,High Risk,100
高雄市鳳山區中山國民小學,光復路一段120巷8號,高雄市鳳山區,室內,22.630617,120.349906,高雄,150,對所有族群不健康,4.99,High Risk,1759
高雄市立青年國民中學,青年路二段89號,高雄市鳳山區,室內,22.630785,120.349,高雄,150,對所有族群不健康,4.9,High Risk,376
泰安國小,壽比路116號,屏東縣內埔鄉,室內,22.6308,120.5943,屏東,40,良好,20.99,Low Risk,120
北里活動中心,三鄰北太麻里二0-四號,臺東縣太麻里鄉,室內,22.6313,120.9994,台東,33,良好,21.86,Low Risk,30
高雄市新興區信義國民小學,中正三路32號,高雄市新興區,室內,22.6316,120.311,高雄,150,對所有族群不健康,1.1,High Risk,1091
高雄市鼓山區壽山國民小學,鼓山二路37巷24號,高雄市鼓山區,室內,22.631757,120.280013,高雄,150,對所有族群不健康,2.25,High Risk,345
高雄市前金區建國國民小學,自立二路111號,高雄市前金區,室內,22.6324,120.2979,高雄,150,對所有族群不健康,0.67,High Risk,516
高雄市立壽山國民中學,鼓山二路37巷108號,高雄市鼓山區,室內,22.633012,120.278437,高雄,150,對所有族群不健康,2.44,High Risk,745
高雄市三民區河濱國民小學,市中一路339號,高雄市三民區,室外,22.634,120.2878,高雄,150,對所有族群不健康,1.58,High Risk,745
高雄市新興區七賢國民小學,七賢一路393號,高雄市新興區,室內,22.634,120.307,高雄,150,對所有族群不健康,0.94,High Risk,1091
高雄市鳳山區文華國民小學,文化路52號,高雄市鳳山區,室內,22.6344,120.352746,高雄,150,對所有族群不健康,5.33,High Risk,3170
高雄市大寮區中庄國民小學,中庄路59號,高雄市大寮區,室內,22.634717,120.397497,高雄,150,對所有族群不健康,9.9,High Risk,100
"千歲,千北,立德,鳳南聯合里活動中心",三民街222號,高雄市三民區,室內,22.6354,120.2906,高雄,150,對所有族群不健康,1.43,High Risk,200
三塊厝聯合里活動中心,三民街39-1號,高雄市三民區,室內,22.6361,120.2958,高雄,150,對所有族群不健康,1.13,High Risk,500
高雄市苓雅區凱旋國民小學,憲政路235號,高雄市苓雅區,室內,22.636415,120.319935,高雄,150,對所有族群不健康,2.16,High Risk,1273
高雄市立中庄國民中學,光明路三段1437號,高雄市大寮區,室內,22.636416,120.401844,高雄,150,對所有族群不健康,10.36,High Risk,800
高雄市三民區三民國民小學,建國三路216號,高雄市三民區,室內,22.6367,120.2911,高雄,150,對所有族群不健康,1.49,High Risk,818
鼓山區行政中心七樓大禮堂,鼓山二路166號,高雄市鼓山區,室內,22.6368,120.281,高雄,150,對所有族群不健康,2.35,High Risk,20
江山里社區活動中心,江山路51號,高雄市大寮區,室內,22.63768,120.411378,高雄,150,對所有族群不健康,11.35,High Risk,30
高雄市大寮區後庄國民小學,民揚路28號,高雄市大寮區,室內,22.637822,120.389503,高雄,150,對所有族群不健康,9.12,High Risk,360
屏東市公館國小,公華街182號,屏東縣屏東市,室內,22.6379,120.4822,高雄,150,對所有族群不健康,18.59,High Risk,630
高雄市立高雄高級中學,建國三路50號,高雄市三民區,室內,22.6382,120.298,高雄,150,對所有族群不健康,1.26,High Risk,2794
高雄市三民區光武國民小學,光武路35號,高雄市三民區,室內,22.6388,120.3343,高雄,150,對所有族群不健康,3.61,High Risk,1564
北辰宮,北辰街1號,高雄市鳳山區,室內,22.6393,120.3658,高雄,150,對所有族群不健康,6.74,High Risk,100
高雄市鼓山區鼓岩國民小學,河邊街155號,高雄市鼓山區,室內,22.6401,120.283,高雄,150,對所有族群不健康,2.36,High Risk,364
高雄市立民族國民中學,覺民路363號,高雄市三民區,室內,22.640511,120.33318,高雄,150,對所有族群不健康,3.58,High Risk,1673
"德北,十全,十美聯合里活動中心",德北街170號,高雄市三民區,室內,22.6406,120.2951,高雄,150,對所有族群不健康,1.61,High Risk,200
高雄市鳳山區文德國民小學,文衡路356號,高雄市鳳山區,室內,22.640693,120.353925,高雄,150,對所有族群不健康,5.59,High Risk,250
寶安里活動中心,覺明路585號,高雄市三民區,室內,22.6407,120.3289,高雄,150,對所有族群不健康,3.19,High Risk,50
後庄老人活動中心,成功路188號,高雄市大寮區,室內,22.640743,120.390201,高雄,150,對所有族群不健康,9.24,High Risk,150
麟洛鄉公所,中山路158號,屏東縣麟洛鄉,室內,22.641,120.536,屏東,40,良好,19.75,Low Risk,50
國立屏東科技大學孟祥體育館,學府路1號,屏東縣內埔鄉,室內,22.64119569,120.5960839,屏東,40,良好,22.08,Low Risk,500
屏東縣立公正國中,公興路11號,屏東縣屏東市,室內,22.6412,120.4842,高雄,150,對所有族群不健康,18.82,High Risk,2413
義和代天府,義和路166號,高雄市大寮區,室內,22.641423,120.420934,高雄,150,對所有族群不健康,12.37,High Risk,30
高雄市鳳山區鎮北國民小學,鳳北路170號,高雄市鳳山區,室內,22.642652,120.368052,高雄,150,對所有族群不健康,7.05,High Risk,1767
新興國小 Xingxing Elementary School,"1鄰1號No.1,Xingxing,Jinfeng Township,Taitung County 964,TaiwanR.O.C.",臺東縣金峰鄉,室內,22.64298,121.002857,台東,33,良好,20.76,Low Risk,100
"德智,德仁里活動中心",自由一路52號,高雄市三民區,室內,22.643,120.3088,高雄,150,對所有族群不健康,1.9,High Risk,200
寶珠溝里活動中心,壽昌路2號,高雄市三民區,室內,22.6431,120.3339,高雄,150,對所有族群不健康,3.77,High Risk,500
高雄市立陽明國民中學,義華路166號,高雄市三民區,室內,22.643129,120.340424,高雄,150,對所有族群不健康,4.37,High Risk,2130
高雄市三民區民族國民小學,平等路197號,高雄市三民區,室內,22.6435,120.3202,高雄,150,對所有族群不健康,2.64,High Risk,1582
高雄市避難收容暨備災訓練中心,鳳松路442號,高雄市鳳山區,室內,22.6436,120.3648,高雄,150,對所有族群不健康,6.75,High Risk,400
中都地區聯合里活動中心,同盟三路442號,高雄市三民區,室內,22.6442,120.283,高雄,150,對所有族群不健康,2.66,High Risk,500
高雄市立正興國民中學,覺民路850號,高雄市三民區,室內,22.644461,120.319684,高雄,150,對所有族群不健康,2.68,High Risk,1455
高雄市三民區愛國國民小學,十全一路1號,高雄市三民區,室內,22.6445,120.3137,高雄,150,對所有族群不健康,2.29,High Risk,709
高雄市三民區博愛國民小學,十全一路202號,高雄市三民區,室內,22.6453,120.3067,高雄,150,對所有族群不健康,2.07,High Risk,982
高雄市三民區陽明國民小學,義德路52號,高雄市三民區,室內,22.6457,120.3356,高雄,150,對所有族群不健康,4.06,High Risk,1527
高雄市三民區正興國民小學,大豐二路20號,高雄市三民區,室內,22.6463,120.3261,高雄,150,對所有族群不健康,3.3,High Risk,1818
高雄市立三民國民中學,十全一路200號,高雄市三民區,室內,22.64653,120.306679,高雄,150,對所有族群不健康,2.21,High Risk,964
高雄市三民區十全國民小學,十全二路162號,高雄市三民區,室內,22.6467,120.2987,高雄,150,對所有族群不健康,2.17,High Risk,1509
"安東,安和,達明聯合里活動中心",松江街250號（三民公園內）,高雄市三民區,室內,22.6467,120.304,高雄,150,對所有族群不健康,2.17,High Risk,100
高雄市三民區公所,哈爾濱街215號9樓,高雄市三民區,室內,22.6476,120.2998,高雄,150,對所有族群不健康,2.26,High Risk,100
麟洛國中,中山路2號,屏東縣麟洛鄉,室內,22.648,120.5227,屏東,40,良好,20.23,Low Risk,150
高雄市立文山高級中學,大埤路31號,高雄市鳥松區,室內,22.64819,120.352786,高雄,150,對所有族群不健康,5.76,High Risk,1020
寶盛里活動中心,大順陸橋下,高雄市三民區,室內,22.6483,120.3263,高雄,150,對所有族群不健康,3.46,High Risk,100
高雄市三民區東光國民小學,黃興路206號,高雄市三民區,室內,22.649,120.3397,高雄,150,對所有族群不健康,4.61,High Risk,2036
安宜里活動中心,自立一路535號,高雄市三民區,室內,22.6498,120.2967,高雄,150,對所有族群不健康,2.55,High Risk,300
屏東市前進國小,建國路405巷100弄39號,屏東縣屏東市,室內,22.6502,120.4583,高雄,150,對所有族群不健康,16.3,High Risk,439
高雄市立高雄高級工業職業學校,建工路419號,高雄市三民區,室內,22.65063,120.326452,高雄,150,對所有族群不健康,3.65,High Risk,1309
麟洛鄉圖書館,中山路158號,屏東縣麟洛鄉,室內,22.6507,120.5272,屏東,40,良好,20.61,Low Risk,30
麟洛國小,中華路86號,屏東縣麟洛鄉,室內,22.6507,120.5272,屏東,40,良好,20.61,Low Risk,150
老人文康活動中心,仁德路１１號,高雄市鳥松區,室內,22.6511,120.3953,高雄,150,對所有族群不健康,9.99,High Risk,150
高雄市立鼓山高級中學,明德路2號,高雄市鼓山區,室內,22.651425,120.27469,高雄,150,對所有族群不健康,3.84,High Risk,1222
高雄市鼓山區九如國民小學,九如四路763號,高雄市鼓山區,室內,22.652148,120.278711,高雄,150,對所有族群不健康,3.61,High Risk,836
佳義基督長老教會教育館,泰平巷76號,屏東縣瑪家鄉,室內,22.6536,120.6311,屏東,40,良好,25.18,Low Risk,100
高雄市鳥松區大華國民小學,大華路200號,高雄市鳥松區,室內,22.653733,120.340501,高雄,150,對所有族群不健康,4.97,High Risk,160
高雄市鼓山區龍華國民小學,大順一路858號,高雄市鼓山區,室內,22.655,120.2977,高雄,150,對所有族群不健康,3.1,High Risk,1400
本和里活動中心,大和街190號,高雄市三民區,室內,22.6555,120.3261,高雄,150,對所有族群不健康,4.03,High Risk,300
高雄市立鼎金國民中學,鼎山街445號,高雄市三民區,室內,22.655593,120.320505,高雄,150,對所有族群不健康,3.71,High Risk,1273
本館里集會所,昌裕街55號,高雄市三民區,室內,22.6557,120.3315,高雄,150,對所有族群不健康,4.42,High Risk,50
高雄市大樹區九曲國民小學,九曲路498號,高雄市大樹區,室內,22.655886,120.423343,高雄,150,對所有族群不健康,12.91,High Risk,2075
高雄市立鼎金國民中學,鼎山街375號,高雄市三民區,室內,22.6561,120.322,高雄,150,對所有族群不健康,3.84,High Risk,1345
台灣基督教長老教會仁美教會短期收,介壽路14號,高雄市鳥松區,室內,22.6562,120.3933,高雄,150,對所有族群不健康,9.96,High Risk,96
高雄市三民區莊敬國民小學,大昌一路200號,高雄市三民區,室內,22.6563,120.3241,高雄,150,對所有族群不健康,3.98,High Risk,2036
高雄市鼓山區內惟國民小學,內惟路73號,高雄市鼓山區,室內,22.6565,120.2762,高雄,150,對所有族群不健康,4.15,High Risk,1091
大樹區綜合體育館,九大路639號,高雄市大樹區,室內,22.6569,120.4245,高雄,150,對所有族群不健康,13.05,High Risk,200
高雄市立大樹國民中學,九曲路500號,高雄市大樹區,室內,22.657006,120.422752,高雄,150,對所有族群不健康,12.88,High Risk,1200
高雄市立七賢國民中學,美術東三路110號,高雄市鼓山區,室內,22.657594,120.28928,高雄,150,對所有族群不健康,3.59,High Risk,1036
灣愛里活動中心,大昌一路270巷2號,高雄市三民區,室內,22.6579,120.3213,高雄,150,對所有族群不健康,3.97,High Risk,200
仁美營區,久堂路195-20號,高雄市大樹區,室內,22.6579,120.4137,高雄,150,對所有族群不健康,12.02,High Risk,200
高雄市立龍華國民中學,自由二路2號,高雄市左營區,室內,22.658147,120.309546,高雄,150,對所有族群不健康,3.53,High Risk,1600
高雄市鳥松區仁美國民小學,學堂路2號,高雄市鳥松區,室內,22.658433,120.394141,高雄,150,對所有族群不健康,10.13,High Risk,520
屏東大學屏商校區活動中心,民生東路51號,屏東縣屏東市,室內,22.65860765,120.5122037,屏東,40,良好,21.25,Low Risk,89
屏東縣立鶴聲國中,大武路225號,屏東縣屏東市,室內,22.6595,120.4725,高雄,150,對所有族群不健康,17.92,High Risk,1098
屏東市復興國小,復興路376號,屏東縣屏東市,室內,22.6599,120.4862,高雄,150,對所有族群不健康,19.31,High Risk,535
鳥松區公所三樓,中正路98號,高雄市鳥松區,室內,22.66,120.3643,高雄,150,對所有族群不健康,7.41,High Risk,50
屏東市民生國小,安心四橫巷139-1號,屏東縣屏東市,室內,22.6609,120.509,屏東,40,良好,21.47,Low Risk,265
高雄市立明華國民中學,明誠三路582號,高雄市鼓山區,室內,22.661903,120.301532,左營,43,良好,3.16,Low Risk,927
華源活動中心,一鄰大坑一五號,臺東縣太麻里鄉,室內,22.66241819,121.027792,台東,33,良好,17.41,Low Risk,70
屏東市公所,台糖街61號,屏東縣屏東市,室內,22.6626,120.4915,高雄,150,對所有族群不健康,19.9,High Risk,734
高雄市鳥松區鳥松國民小學（備用）,文前路32號,高雄市鳥松區,室內,22.663078,120.361721,左營,43,良好,7.29,Low Risk,50
高雄市立三民高級中學,金鼎路81號,高雄市三民區,室內,22.663103,120.32672,左營,43,良好,4.28,Low Risk,886
空軍綠島探空分隊,火燒山41號,臺東縣綠島鄉,室內,22.6644,121.4718,台東,33,良好,33.63,Low Risk,300
屏東大學民生校區體育館,民生路4-18號,屏東縣屏東市,室內,22.66539013,120.5044684,高雄,150,對所有族群不健康,21.27,High Risk,178
屏東市建國國小,建興路36號,屏東縣屏東市,室內,22.6654,120.4866,高雄,150,對所有族群不健康,19.47,High Risk,593
屏東市鶴聲國小,建國路121號,屏東縣屏東市,室內,22.6656,120.4797,高雄,150,對所有族群不健康,18.79,High Risk,1459
高雄市立三民高級家事商業職業學校,高雄市左營區裕誠路1102號,高雄市左營區,室內,22.666009,120.300608,左營,43,良好,2.69,Low Risk,1018
高雄市立鳥松國民中學,松埔北巷5之1號,高雄市鳥松區,室內,22.666471,120.371072,左營,43,良好,8.05,Low Risk,844
"鼎中,鼎力,鼎膝,鼎金,鼎強,鼎盛聯合里",鼎力路125-1號地下1樓,高雄市三民區,室內,22.6667,120.3217,左營,43,良好,3.63,Low Risk,400
屏東市大同國小,建國路二0二號,屏東縣屏東市,室內,22.6668,120.476,高雄,150,對所有族群不健康,18.45,High Risk,846
崇文國小,原勝路6號,屏東縣內埔鄉,室內,22.6669,120.6002,屏東,40,良好,24.8,Low Risk,120
新生國小,大新路109號,屏東縣內埔鄉,室內,22.6673,120.5909,屏東,40,良好,24.42,Low Risk,120
高雄市大樹區水寮國民小學,中華路國小巷1號,高雄市大樹區,室內,22.667994,120.407847,左營,43,良好,11.64,Low Risk,1079
三民街友服務中心,天祥二路31號,高雄市三民區,室內,22.6684,120.3157,左營,43,良好,3.08,Low Risk,80
南寮社區活動中心,南寮190號,臺東縣綠島鄉,室內,22.6686,121.4687,台東,33,良好,33.18,Low Risk,50
財團法人玄光聖堂短期收容,松埔北巷29號之10,高雄市鳥松區,室內,22.668784,120.389996,左營,43,良好,9.84,Low Risk,100
高雄市鼓山區中山國民小學,美術東二路252號,高雄市鼓山區,室內,22.6691,120.2848,左營,43,良好,2.63,Low Risk,1364
高雄市左營區新莊國民小學,自由三路1號,高雄市左營區,室內,22.669267,120.309875,左營,43,良好,2.66,Low Risk,1582
太麻里鄉三和村辦公處,2鄰漁場131號,臺東縣太麻里鄉,室內,22.6695,121.0354,台東,33,良好,16.31,Low Risk,70
屏東市民和國小,自立路213號,屏東縣屏東市,室內,22.6706,120.4958,左營,43,良好,20.52,Low Risk,418
高雄新莊天后宮備用,重清路278巷51號,高雄市左營區,室內,22.6716,120.3117,左營,43,良好,2.55,Low Risk,120
屏東市唐榮國小,中山路41號,屏東縣屏東市,室內,22.6716,120.4852,左營,43,良好,19.43,Low Risk,490
仁慈活動中心,仁慈路75號,高雄市仁武區,室內,22.6717,120.3587,左營,43,良好,6.66,Low Risk,150
和平營區,武功巷52號,高雄市三民區,室內,22.6718,120.3314,左營,43,良好,4.08,Low Risk,200
高雄市左營區勝利國民小學,南屏路1號,高雄市左營區,室內,22.672458,120.295103,左營,43,良好,1.96,Low Risk,500
高雄市三民區獅湖國民小學,鼎金後路495號,高雄市三民區,室內,22.6726,120.3224,左營,43,良好,3.25,Low Risk,1582
屏東縣立中正國中,民學路2路,屏東縣屏東市,室內,22.6726,120.5088,左營,43,良好,21.83,Low Risk,2138
綠島國中,臺東縣綠島鄉9鄰中寮4號,臺東縣綠島鄉,室內,22.6731,121.4701,台東,33,良好,33.17,Low Risk,200
綠島國民小學,中寮1鄰3號,臺東縣綠島鄉,室內,22.6737,121.4699,台東,33,良好,33.13,Low Risk,200
高雄市立大義國民中學,翠華路687號,高雄市左營區,室內,22.6742,120.2928,左營,43,良好,1.81,Low Risk,50
中寮社區活動中心,中寮1鄰31號,臺東縣綠島鄉,室內,22.6747,121.4702,台東,33,良好,33.13,Low Risk,30
高雄市立海青高級工商職業學校,左營大路1號,高雄市左營區,室內,22.6752,120.2856,左營,43,良好,2.01,Low Risk,100
國立屏東女中,仁愛路94號,屏東縣屏東市,室內,22.6753,120.4942,左營,43,良好,20.31,Low Risk,2332
瑪家社區活動中心,馬卡札亞札亞街 1號,屏東縣瑪家鄉,室內,22.6756,120.6869,屏東,40,良好,30.66,Low Risk,150
崇聖殿備用,井腳路118號,高雄市大樹區,室內,22.6757,120.4074,左營,43,良好,11.45,Low Risk,200
高雄市立大灣國民中學,仁雄路99號,高雄市仁武區,室內,22.676023,120.341612,左營,43,良好,4.84,Low Risk,500
公館國民小學,公館98號,臺東縣綠島鄉,室內,22.6764,121.4848,台東,33,良好,34.51,Low Risk,200
高雄市左營區新民國民小學,自由三路478號,高雄市左營區,室內,22.676691,120.313158,左營,43,良好,2.23,Low Risk,921
屏東市仁愛國小,仁愛路98號,屏東縣屏東市,室內,22.6767,120.4948,左營,43,良好,20.36,Low Risk,1204
屏東市忠孝國小,建豐路204號,屏東縣屏東市,室內,22.6769,120.5039,左營,43,良好,21.29,Low Risk,650
綠島鄉社會福利活動中心,柴口1鄰62號,臺東縣綠島鄉,室內,22.6769,121.4847,台東,33,良好,34.49,Low Risk,60
長興國小,潭頭路50號,屏東縣長治鄉,室內,22.6772,120.5261,屏東,40,良好,23.49,Low Risk,200
菜公豐谷宮備用,菜公一路91號,高雄市左營區,室內,22.6774,120.3155,左營,43,良好,2.37,Low Risk,50
公館社區活動中心,公?5鄰1號,臺東縣綠島鄉,室內,22.6777,121.4807,台東,33,良好,34.07,Low Risk,30
屏東縣立大同高中,和平路429號,屏東縣屏東市,室內,22.678,120.4777,左營,43,良好,18.6,Low Risk,1380
崇文國中,昭勝路438號,屏東縣內埔鄉,室內,22.6786,120.6021,屏東,40,良好,26.05,Low Risk,120
高雄市立左營國民中學,高雄市左營區曾子路281號,高雄市左營區,室內,22.679456,120.306724,左營,43,良好,1.55,Low Risk,836
高雄市仁武區登發國民小學,仁忠路191號,高雄市仁武區,室內,22.679647,120.354051,左營,43,良好,5.98,Low Risk,1815
高雄市左營區新光國民小學,華夏路800號,高雄市左營區,室內,22.67983,120.304805,左營,43,良好,1.39,Low Risk,200
屏東縣立明正國中,大連路70號,屏東縣屏東市,室內,22.6799,120.4976,左營,43,良好,20.62,Low Risk,4113
埤子頭鎮福廟,左營大路6巷81號3樓,高雄市左營區,室內,22.680335,120.289652,左營,43,良好,1.31,Low Risk,30
屏東市勝利國小,蘭州街2號,屏東縣屏東市,室內,22.6807,120.4857,左營,43,良好,19.4,Low Risk,1579
屏東市瑞光國小,興豐路86號,屏東縣屏東市,室內,22.6808,120.5091,左營,43,良好,21.79,Low Risk,1415
高雄市立新莊高級中學,文慈路99號,高雄市左營區,室內,22.6812,120.3176,左營,43,良好,2.34,Low Risk,3305
啟明堂備用,蓮潭路36號,高雄市左營區,室內,22.682,120.2923,左營,43,良好,1.01,Low Risk,100
舊城城隍廟,店仔頂路1號,高雄市左營區,室內,22.682196,120.290474,左營,43,良好,1.09,Low Risk,30
左營元帝廟,左營大路87號,高雄市左營區,室內,22.682521,120.288158,左營,43,良好,1.22,Low Risk,40
高雄市仁武區灣內國民小學,仁心路31號,高雄市仁武區,室內,22.683088,120.357281,左營,43,良好,6.24,Low Risk,330
高雄市左營區舊城國民小學,蓮潭路47號,高雄市左營區,室內,22.683177,120.293004,左營,43,良好,0.86,Low Risk,582
高雄市左營區福山國民小學,高雄市左營區重愛路99號,高雄市左營區,室內,22.683573,120.317215,左營,43,良好,2.2,Low Risk,1273
屏東市崇蘭國小,廣東路1259號,屏東縣屏東市,室內,22.6842,120.477,左營,43,良好,18.49,Low Risk,614
護安寺,蓮潭路116號,高雄市左營區,室內,22.6853,120.2951,左營,43,良好,0.55,Low Risk,100
左營揚善堂,?後街42巷2號,高雄市左營區,室內,22.685509,120.288708,左營,43,良好,0.98,Low Risk,100
國立屏東高中,忠孝路231號,屏東縣屏東市,室內,22.6861,120.4888,左營,43,良好,19.69,Low Risk,2470
屏東市和平國小,華正路80號,屏東縣屏東市,室內,22.687,120.5017,左營,43,良好,21.01,Low Risk,511
天府宮,蓮潭路158號,高雄市左營區,室內,22.687113,120.296399,左營,43,良好,0.33,Low Risk,30
黎明國小,西淇路177號,屏東縣內埔鄉,室內,22.6874,120.5969,屏東,40,良好,26.7,Low Risk,80
太麻里鄉美和國民小學,美和 90 號,臺東縣太麻里鄉,室內,22.687685,121.044275,台東,33,良好,14.38,Low Risk,100
高雄市大樹區大樹國民小學,中正一路249號,高雄市大樹區,室內,22.687763,120.43459,左營,43,良好,14.13,Low Risk,1091
高雄市左營區明德國民小學,海富路2號,高雄市左營區,室內,22.688006,120.289355,左營,43,良好,0.81,Low Risk,491
?後北極殿,海平路2號,高雄市左營區,室內,22.688899,120.291964,左營,43,良好,0.52,Low Risk,30
高雄市仁武區八卦國民小學,永仁街555號,高雄市仁武區,室內,22.689043,120.333146,左營,43,良好,3.72,Low Risk,1254
左營區公所8樓大禮堂,左營大路479號8樓,高雄市左營區,室內,22.689882,120.29511,左營,43,良好,0.18,Low Risk,20
涼山社區活動中心,涼山巷20號,屏東縣瑪家鄉,室內,22.6901,120.6369,屏東,40,良好,28.9,Low Risk,158
高雄市左營區左營國民小學,高雄市左營區實踐路42號,高雄市左營區,室內,22.690488,120.293299,左營,43,良好,0.37,Low Risk,745
高楠活動中心,高楠四街58號,高雄市仁武區,室內,22.6917,120.3242,左營,43,良好,2.81,Low Risk,200
屏東縣立至正國中,公裕街300號,屏東縣屏東市,室內,22.6917,120.4936,左營,43,良好,20.18,Low Risk,1338
知本金聯世紀酒店,龍泉路30號,臺東縣卑南鄉,室內,22.692402,121.019876,台東,33,良好,16.27,Low Risk,30
大樹區公所二樓會議室,中興北路120號,高雄市大樹區,室內,22.6933,120.4331,左營,43,良好,13.98,Low Risk,30
長治國中,中興路578號,屏東縣長治鄉,室內,22.6934,120.5437,左營,43,良好,25.32,Low Risk,200
高雄市立左營高級中學,海功路55號,高雄市左營區,室內,22.693416,120.296158,左營,43,良好,0.39,Low Risk,200
德協國小,中興路551號,屏東縣長治鄉,室內,22.6941,120.5415,左營,43,良好,25.1,Low Risk,200
大社村辦公處含活動中心,和平路2段35號,屏東縣三地門鄉,室內,22.694157,120.637733,屏東,40,良好,29.33,Low Risk,200
高雄東照山關帝廟備用,忠義路1號,高雄市大樹區,室內,22.6942,120.3941,左營,43,良好,9.98,Low Risk,300
循理會南三和教會,美園巷90-4號,屏東縣瑪家鄉,室內,22.6949,120.5989,屏東,40,良好,27.55,Low Risk,150
復興永清里活動中心,復興新村335號,高雄市左營區,室內,22.69567,120.299673,左營,43,良好,0.69,Low Risk,150
祥和山莊活動中心,左營大路928巷101號,高雄市左營區,室內,22.69635,120.301803,左營,43,良好,0.87,Low Risk,100
原大樹鄉民代表會,中興北路227號,高雄市大樹區,室內,22.6964,120.4321,左營,43,良好,13.89,Low Risk,42
臺東縣農會東遊季溫泉渡假村,溫泉路376巷18號,臺東縣卑南鄉,室內,22.696483,121.019705,台東,33,良好,16.08,Low Risk,30
溫泉國民小學,溫泉村11鄰溫泉路291號,臺東縣卑南鄉,室內,22.697667,121.02593,台東,33,良好,15.45,Low Risk,50
溫泉村活動中心,溫泉村11鄰溫泉路293號,臺東縣卑南鄉,室內,22.697823,121.025091,台東,33,良好,15.52,Low Risk,30
高雄市仁武區.烏林國民小學,林森巷23號,高雄市仁武區,室內,22.697888,120.372598,左營,43,良好,7.81,Low Risk,429
元新溫泉飯店,溫泉路314號,臺東縣卑南鄉,室內,22.698053,121.024826,台東,33,良好,15.53,Low Risk,20
屏東市海豐國小,海豐街3號,屏東縣屏東市,室內,22.6989,120.508,左營,43,良好,21.68,Low Risk,655
高雄市仁武區仁武國民小學,中正路94號,高雄市仁武區,室內,22.701263,120.348359,左營,43,良好,5.43,Low Risk,1782
仁武區綜合活動中心,中正路94號,高雄市仁武區,室內,22.7013,120.3484,左營,43,良好,5.43,Low Risk,500
隘寮國小,清涼路二段238號,屏東縣內埔鄉,室內,22.7024,120.6357,屏東,40,良好,30.01,Low Risk,120
繁華國小,水源路96號,屏東縣長治鄉,室內,22.7026,120.5722,屏東,40,良好,27.36,Low Risk,200
瑪家國中,三和巷16號,屏東縣瑪家鄉,室內,22.7026,120.6095,屏東,40,良好,28.78,Low Risk,100
亞莊酒店,溫泉路68號,臺東縣卑南鄉,室內,22.703397,121.032022,台東,33,良好,14.61,Low Risk,30
中村基督長老教會,三和巷32號,屏東縣瑪家鄉,室內,22.7034,120.6078,屏東,40,良好,28.79,Low Risk,200
玉泉社區活動中心,1鄰6-3號,屏東縣瑪家鄉,室內,22.7036,120.6089,屏東,40,良好,28.85,Low Risk,200
仁武里活動中心,仁祥街199號,高雄市仁武區,室內,22.70434779,120.3447169,左營,43,良好,5.16,Low Risk,500
知本社區活動中心,知本路三段13巷40號,臺東縣臺東市,室內,22.705462,121.055645,台東,33,良好,12.35,Low Risk,34
北葉國小體育館,北葉村風景巷1鄰1號,屏東縣瑪家鄉,室內,22.7074,120.646,屏東,40,良好,31.03,Low Risk,320
F Hotel,台東市大順路33號,臺東縣卑南鄉,室內,22.707519,121.042182,台東,33,良好,13.47,Low Risk,30
高雄市楠梓區廣、大、久、盛昌里活動中心,廣昌街175巷37號,高雄市楠梓區,室內,22.707528,120.285079,左營,43,良好,2.3,Low Risk,157
建業社區活動中心,西昌街214號,臺東縣臺東市,室內,22.707748,121.050993,台東,33,良好,12.65,Low Risk,35
中華里活動中心,華園街25號,高雄市仁武區,室內,22.7085,120.3272,左營,43,良好,3.73,Low Risk,100
高雄市楠梓區油廠國民小學,左楠路4號,高雄市楠梓區,室內,22.708958,120.302919,左營,43,良好,2.2,Low Risk,636
北葉社區活動中心,風景巷1-8號,屏東縣瑪家鄉,室內,22.7096,120.6479,屏東,40,良好,31.34,Low Risk,443
高雄市仁武區竹後國民小學,竹楠路250號,高雄市仁武區,室內,22.710042,120.334866,左營,43,良好,4.49,Low Risk,429
高雄市左營區莒光國民小學,後昌路842號,高雄市左營區,室內,22.711558,120.295275,左營,43,良好,2.4,Low Risk,20
高雄市楠梓區莒光國民小學,後昌路842號,高雄市楠梓區,室內,22.711558,120.295275,左營,43,良好,2.4,Low Risk,1273
高雄市立右昌國民中學,盛昌街161號,高雄市楠梓區,室內,22.713585,120.286911,左營,43,良好,2.82,Low Risk,927
高雄市楠梓區右昌國民小學,加昌路910號,高雄市楠梓區,室內,22.713629,120.292106,左營,43,良好,2.67,Low Risk,1291
三地門鄉立體育館,行政街11號,屏東縣三地門鄉,室內,22.7141,120.6539,屏東,40,良好,32.08,Low Risk,200
地磨兒國小,行政街9號,屏東縣三地門鄉,室內,22.714903,120.654518,屏東,40,良好,32.19,Low Risk,60
國軍退役官兵輔導委員會高雄榮譽國民之家,加昌路631號,高雄市楠梓區,室內,22.7151,120.3018,左營,43,良好,2.84,Low Risk,17
高雄市楠梓區宏昌等六里聯合活動中心,後昌路960巷19號,高雄市楠梓區,室內,22.7154,120.2941,左營,43,良好,2.84,Low Risk,60
臺東縣臺東市建和國小,青海路3段640號,臺東縣臺東市,室內,22.716736,121.049167,台東,33,良好,12.4,Low Risk,125
高雄市立國昌國民中學,德民路1010號,高雄市楠梓區,室內,22.7194,120.2861,左營,43,良好,3.45,Low Risk,800
高雄市楠梓區加昌國民小學,樂群路220號,高雄市楠梓區,室內,22.720392,120.296547,左營,43,良好,3.38,Low Risk,1267
建農里民眾活動中心,知本路一段560號,臺東縣臺東市,室內,22.720423,121.084143,台東,33,良好,8.99,Low Risk,29
高雄市楠梓區後勁國民小學,加昌路216號,高雄市楠梓區,室內,22.721706,120.314216,左營,43,良好,3.95,Low Risk,873
中里社區活動中心,文明路10巷3號,高雄市大社區,室內,22.7226,120.3513,左營,43,良好,6.65,Low Risk,70
高雄市立後勁國民中學,加昌路180號,高雄市楠梓區,室內,22.722854,120.316198,左營,43,良好,4.16,Low Risk,673
九如鄉九如國民小學,九如路二段3-1號,屏東縣九如鄉,室內,22.7233,120.4918,左營,43,良好,20.33,Low Risk,129
高雄市楠梓區仁昌里活動中心,壽豐路461號,高雄市楠梓區,室內,22.724246,120.294854,左營,43,良好,3.81,Low Risk,155
高雄市楠梓區楠陽國民小學,楠陽路100號,高雄市楠梓區,室內,22.724927,120.331144,左營,43,良好,5.24,Low Risk,1164
高雄市楠梓區翠屏里活動中心,德惠路55號,高雄市楠梓區,室內,22.726779,120.302159,左營,43,良好,4.13,Low Risk,280
高雄市楠梓區惠豐里活動中心,青田街87號,高雄市楠梓區,室內,22.727244,120.318969,左營,43,良好,4.72,Low Risk,115
高雄市楠梓區援中國民小學,大學二十六街1150號,高雄市楠梓區,室內,22.728206,120.27799,左營,43,良好,4.67,Low Risk,345
高雄市楠梓區行政中心7樓大禮堂,楠梓新路264號7樓,高雄市楠梓區,室內,22.7283,120.3263,左營,43,良好,5.22,Low Risk,100
高雄市立蚵寮國民中學（備用）,中正二街60號,高雄市梓官區,室內,22.728551,120.25873,左營,43,良好,5.81,Low Risk,400
高雄市立大社國民中學,翠屏路100號,高雄市大社區,室內,22.729029,120.357267,左營,43,良好,7.56,Low Risk,500
大社老人文康中心,金龍路65號,高雄市大社區,室內,22.7293,120.3546,左營,43,良好,7.36,Low Risk,200
高雄市立翠屏國民中小學,翠屏路135號,高雄市楠梓區,室內,22.729477,120.299446,左營,43,良好,4.4,Low Risk,1545
高雄市立中山高級中學,藍昌路416號,高雄市楠梓區,室內,22.7295,120.2922,左營,43,良好,4.42,Low Risk,1528
智信蚵社區聯合活動中心（備用）,廣澤路3號,高雄市梓官區,室內,22.729634,120.254588,左營,43,良好,6.19,Low Risk,150
大社中山堂,大社區自強街1號,高雄市大社區,室內,22.73,120.3466,左營,43,良好,6.77,Low Risk,150
高雄市楠梓區惠民里集會所,高楠公路1868巷100號,高雄市楠梓區,室內,22.732098,120.323083,左營,43,良好,5.4,Low Risk,125
豐里社區活動中心,豐里街756巷20號,臺東縣臺東市,室內,22.732187,121.116004,台東,33,良好,5.52,Low Risk,27
高雄市楠梓區楠梓國民小學,楠梓路262號,高雄市楠梓區,室內,22.7322,120.3284,左營,43,良好,5.7,Low Risk,1164
高雄市梓官區蚵寮國民小學（備用）,光明路177號,高雄市梓官區,室內,22.733411,120.248239,左營,43,良好,6.94,Low Risk,300
高雄市立楠梓國民中學,楠梓路336號,高雄市楠梓區,室內,22.733936,120.327507,左營,43,良好,5.81,Low Risk,1091
保安里活動中心,大社路87-3號,高雄市大社區,室內,22.7341,120.3527,左營,43,良好,7.54,Low Risk,80
九如鄉圖書館,九如路二段264號,屏東縣九如鄉,室內,22.7344,120.4896,左營,43,良好,20.37,Low Risk,100
赤崁老人活動中心（備用）,中正路519號,高雄市梓官區,室內,22.736052,120.25016,左營,43,良好,7.01,Low Risk,160
國立臺東大學,台東市大學路2段369號,臺東縣卑南鄉,室內,22.736056,121.070583,台東,33,良好,9.61,Low Risk,50
高雄市橋頭區甲圍國民小學,甲昌路250號,高雄市橋頭區,室內,22.736237,120.293408,左營,43,良好,5.15,Low Risk,540
新圍國小,維新路67號,屏東縣鹽埔鄉,室內,22.7383,120.5539,左營,43,良好,26.9,Low Risk,400
彭厝國小,七份路21號,屏東縣鹽埔鄉,室內,22.7399,120.5314,左營,43,良好,24.68,Low Risk,280
九如鄉公所禮堂,九如路二段416號,屏東縣九如鄉,室內,22.7404,120.4904,左營,43,良好,20.62,Low Risk,100
高雄市大樹區興田國民小學,興田路59號,高雄市大樹區,室內,22.740507,120.445966,左營,43,良好,16.29,Low Risk,666
賽嘉國小,賽嘉巷2號,屏東縣三地門鄉,室內,22.74307039,120.6394454,屏東,40,良好,34.17,Low Risk,20
賽嘉村辦公處含活動中心,賽嘉巷1號,屏東縣三地門鄉,室內,22.743817,120.640299,屏東,40,良好,34.29,Low Risk,150
高雄市立楠梓高級中學,清豐路19號,高雄市楠梓區,室內,22.744044,120.331155,左營,43,良好,6.96,Low Risk,1528
霧台長老教會,9鄰76號,屏東縣霧臺鄉,室內,22.7445,120.7312,屏東,40,良好,39.44,Low Risk,40
霧台社區活動中心,中山巷46-3號,屏東縣霧臺鄉,室內,22.745,120.7321,屏東,40,良好,39.54,Low Risk,60
霧臺國小,中山巷44號,屏東縣霧臺鄉,室內,22.7452,120.7312,屏東,40,良好,39.5,Low Risk,310
霧台國小運動場,中山巷44號,屏東縣霧臺鄉,室外,22.747111,120.723288,屏東,40,良好,39.17,Low Risk,250
佛光山寺備用,興田路153號,高雄市大樹區,室內,22.7473,120.4463,左營,43,良好,16.6,Low Risk,500
霧台鄉避難收容所,神山巷71號,屏東縣霧臺鄉,室內,22.7498,120.7263,屏東,40,良好,39.59,Low Risk,40
神山社區活動中心運動場,神山社區,屏東縣霧臺鄉,室外,22.750455,120.719513,屏東,40,良好,39.23,Low Risk,200
高雄市橋頭區仕隆國民小學,仕隆路進校巷16號,高雄市橋頭區,室內,22.750578,120.310636,左營,43,良好,6.88,Low Risk,1343
高雄市橋頭區興糖國民小學,興糖路19巷1號.,高雄市橋頭區,室內,22.750876,120.317,左營,43,良好,7.08,Low Risk,676
高雄市燕巢區鳳雄國民小學（備用）,鳳加路52號,高雄市燕巢區,室內,22.753304,120.358101,左營,43,良好,9.43,Low Risk,250
鹽埔國中,勝利路30號,屏東縣鹽埔鄉,室內,22.7536,120.5741,左營,43,良好,29.3,Low Risk,600
臺東市公所,博愛路365號,臺東縣臺東市,室內,22.754695,121.146637,台東,33,良好,1.55,Low Risk,34
鳳雄營區,鳳旗路23號,高雄市燕巢區,室內,22.7555,120.3602,左營,43,良好,9.76,Low Risk,900
梓平社區活動中心（備用）,梓官路城隍巷123-1號,高雄市梓官區,室內,22.756467,120.269167,左營,43,良好,7.92,Low Risk,100
鄉立幼兒園,勝利路189號,屏東縣鹽埔鄉,室內,22.756522,120.575722,左營,43,良好,29.54,Low Risk,250
橋頭區公所,隆豐路1號,高雄市橋頭區,室內,22.7576,120.3058,左營,43,良好,7.57,Low Risk,150
高雄市立橋頭國民中學,新興路70號,高雄市橋頭區,室內,22.759012,120.30751,左營,43,良好,7.75,Low Risk,1484
梓和社區活動中心（備用）,大宅街38號,高雄市梓官區,室內,22.759573,120.266109,左營,43,良好,8.36,Low Risk,80
高雄市橋頭區五林國民小學,五林路160號,高雄市橋頭區,室內,22.75995,120.293721,左營,43,良好,7.78,Low Risk,1343
梓官國小（備用）,進學路614號,高雄市梓官區,室內,22.760292,120.264756,左營,43,良好,8.48,Low Risk,400
高雄市立彌陀國民中學（備用）,進學路136號,高雄市彌陀區,室內,22.760359,120.262962,左營,43,良好,8.56,Low Risk,250
梓官區公所,梓官路258號,高雄市梓官區,室內,22.7607,120.2673,左營,43,良好,8.43,Low Risk,60
中華社區活動中心,華泰街231號,臺東縣臺東市,室內,22.761527,121.158116,台東,33,良好,0.33,Low Risk,34
高雄市橋頭區橋頭國民小學,樹德路200號,高雄市橋頭區,室內,22.761764,120.305864,左營,43,良好,8.03,Low Risk,1105
高雄市立梓官國民中學,中學路71號,高雄市梓官區,室內,22.762428,120.263476,左營,43,良好,8.75,Low Risk,400
新園社區活動中心,中興路6段708號,臺東縣臺東市,室內,22.763938,121.052313,台東,33,良好,11.12,Low Risk,40
四維寶桑多功能活動中心,博愛路16號,臺東縣臺東市,室內,22.764164,121.154697,台東,33,良好,0.78,Low Risk,17
東興村活動中心,東興村東園一街120號,臺東縣卑南鄉,室內,22.765011,121.041149,台東,33,良好,12.27,Low Risk,70
臺東縣臺東市新園國小,新園路88號,臺東縣臺東市,室內,22.765066,121.062352,台東,33,良好,10.1,Low Risk,75
塔樓國小,塔樓路21-3號,屏東縣里港鄉,室內,22.7655,120.4838,左營,43,良好,20.93,Low Risk,320
口社國小,信義巷65號,屏東縣三地門鄉,室內,22.7666,120.6445,左營,43,良好,36.65,Low Risk,30
高雄市燕巢區橫山國民小學（備用）,橫山路24號,高雄市燕巢區,室內,22.768542,120.379471,左營,43,良好,12.17,Low Risk,60
口社村辦公處含活動中心,信義巷1號,屏東縣三地門鄉,室內,22.76925,120.647735,左營,43,良好,37.04,Low Risk,100
地磨兒國小德文分校,3鄰4號,屏東縣三地門鄉,室內,22.770929,120.701867,屏東,40,良好,40.05,Low Risk,30
財團法人臺東縣私立仁愛之家,臺東市豐年里17鄰中興路三段549號,臺東縣卑南鄉,室內,22.771069,121.106473,台東,33,良好,5.7,Low Risk,20
德文村辦公處含活動中心,德文巷9號,屏東縣三地門鄉,室內,22.771351,120.701874,屏東,40,良好,40.09,Low Risk,40
行政院國軍退除役官兵輔導委員會馬蘭榮譽國民之家,更生路 1010 號,臺東縣臺東市,室內,22.772402,121.132093,台東,33,良好,3.25,Low Risk,10
嶺口營區,旗南三路234號,高雄市旗山區,室內,22.7737,120.4417,左營,43,良好,17.53,Low Risk,700
玉田國小,八德路91號,屏東縣里港鄉,室內,22.7743,120.4912,左營,43,良好,22.02,Low Risk,1800
豐田里民眾活動中心,中興路4段735號,臺東縣臺東市,室內,22.774331,121.086381,台東,33,良好,7.79,Low Risk,18
利嘉村活動中心,利嘉村17鄰利嘉路669號,臺東縣卑南鄉,室內,22.77663,121.061011,台東,33,良好,10.39,Low Risk,30
南勝社區活動中心備用,龍文巷30號之3,高雄市旗山區,室內,22.7768,120.4488,左營,43,良好,18.33,Low Risk,30
高雄市燕巢區深水國民小學（備用）,深中路2號,高雄市燕巢區,室內,22.777039,120.405278,左營,43,良好,14.74,Low Risk,60
里港鄉立圖書館,過江路43-1號,屏東縣里港鄉,室內,22.7802,120.494,左營,43,良好,22.57,Low Risk,200
載興國小,載興路1-3號,屏東縣里港鄉,室內,22.7806,120.5242,左營,43,良好,25.39,Low Risk,1000
里港國小,過江路41號,屏東縣里港鄉,室內,22.7807,120.4945,左營,43,良好,22.64,Low Risk,1500
高雄市政府社會局仁愛之家,深水路1號,高雄市燕巢區,室內,22.781,120.4189,左營,43,良好,16.09,Low Risk,25
彌陀區公所,中華路4號,高雄市彌陀區,室內,22.7817,120.2506,左營,43,良好,11.25,Low Risk,100
太平村活動中心,太平村和平路128巷8號,臺東縣卑南鄉,室內,22.781975,121.088375,台東,33,良好,7.81,Low Risk,80
卑南里民眾活動中心,南清街23號,臺東縣臺東市,室內,22.782039,121.122367,台東,33,良好,4.64,Low Risk,40
高雄市岡山區和平國民小學,和平路1號,高雄市岡山區,室內,22.782054,120.303827,左營,43,良好,10.26,Low Risk,567
彌仁社區活動中心（備用）,中華路1巷1弄12號,高雄市彌陀區,室內,22.78219078,120.2499242,左營,43,良好,11.33,Low Risk,100
燕巢區民眾活動中心,中興路427號,高雄市燕巢區,室內,22.782475,120.362246,左營,43,良好,12.27,Low Risk,120
富豐社區活動中心,吉林路一段279巷58號,臺東縣臺東市,室內,22.782915,121.161997,台東,33,良好,2.57,Low Risk,34
高雄市彌陀區彌陀國民小學,中正路213號,高雄市彌陀區,室內,22.783678,120.247781,左營,43,良好,11.57,Low Risk,300
高雄市岡山區兆湘國民小學,介壽60號,高雄市岡山區,室內,22.785034,120.28671,左營,43,良好,10.62,Low Risk,611
高雄市立燕巢國民中學（備用）,中興路267號,高雄市燕巢區,室內,22.785833,120.362845,左營,43,良好,12.62,Low Risk,400
鹽埕過港社區康樂室（備用）,鹽港二路53之6號,高雄市彌陀區,室內,22.78790506,120.2425845,左營,43,良好,12.23,Low Risk,50
屏東縣立泰山國民小學,產業路84號,屏東縣高樹鄉,室內,22.788,120.6142,左營,43,良好,34.32,Low Risk,0
燕巢區公所禮堂,中安路1號,高雄市燕巢區,室內,22.78808,120.362079,左營,43,良好,12.79,Low Risk,100
馬兒村辦公處含活動中心,馬兒巷2號,屏東縣三地門鄉,室內,22.78859227,120.6334763,左營,43,良好,36.22,Low Risk,30
臺東棒球村第一棒球場,興安路1段150號,臺東縣臺東市,室外,22.788893,121.128397,台東,33,良好,4.63,Low Risk,125
高雄市立前峰國民中學,樹人路1號,高雄市岡山區,室內,22.789449,120.28842,左營,43,良好,11.09,Low Risk,30
金陵營區,中西路1號,高雄市燕巢區,室內,22.79,120.3598,左營,43,良好,12.86,Low Risk,500
太平國民小學,泰安村6號,臺東縣卑南鄉,室內,22.790805,121.075772,台東,33,良好,9.36,Low Risk,50
安招國民小學備用,安招路170號,高雄市燕巢區,室內,22.7909,120.3378,左營,43,良好,11.98,Low Risk,200
竹圍國小,大仁北路1號,高雄市岡山區,室內,22.7914,120.2937,左營,43,良好,11.28,Low Risk,200
高雄市岡山區岡山國民小學,柳橋東路36號,高雄市岡山區,室內,22.791424,120.293671,左營,43,良好,11.28,Low Risk,200
臺東市老人文康活動中心,吉林路二段699巷22號,臺東縣臺東市,室內,22.792025,121.184558,台東,33,良好,4.34,Low Risk,28
高雄市岡山區後紅國民小學,岡燕路2巷88號,高雄市岡山區,室內,22.792904,120.30344,左營,43,良好,11.46,Low Risk,2172
高雄市岡山區前峰國民小學,育英路35號,高雄市岡山區,室內,22.793052,120.283164,左營,43,良好,11.55,Low Risk,200
泰安活動中心,泰安村5鄰泰安路101號,臺東縣卑南鄉,室內,22.793873,121.067371,台東,33,良好,10.29,Low Risk,50
高雄市燕巢區燕巢國民小學（備用）,中華路177號,高雄市燕巢區,室內,22.795258,120.36587,左營,43,良好,13.68,Low Risk,200
高雄市彌陀區壽齡國民小學（備用）,國校路1號,高雄市彌陀區,室內,22.795345,120.234509,左營,43,良好,13.35,Low Risk,100
高雄市立岡山國民中學,岡燕路238號,高雄市岡山區,室內,22.796169,120.291956,左營,43,良好,11.82,Low Risk,500
安坡村辦公處含活動中心,高山巷2號,屏東縣三地門鄉,室內,22.7982,120.6378,左營,43,良好,36.97,Low Risk,50
高雄市岡山區壽天國民小學,公園東路55號,高雄市岡山區,室內,22.798857,120.292481,左營,43,良好,12.11,Low Risk,150
岡山區老人活動中心,壽天路66號,高雄市岡山區,室內,22.7989,120.2925,左營,43,良好,12.12,Low Risk,150
公園西路14號公所廳舍,公園西路14號,高雄市岡山區,室外,22.799129,120.289345,左營,43,良好,12.16,Low Risk,150
岡山榮譽國民之家,成功路1 號,高雄市燕巢區,室內,22.7993,120.3288,左營,43,良好,12.59,Low Risk,50
高雄市永安區維新國民小學,維新路光明9巷69之10號,高雄市永安區,室內,22.80403364,120.2479631,左營,43,良好,13.64,Low Risk,50
高雄市燕巢區金山國民小學（備用）,番田路29號,高雄市燕巢區,室內,22.811802,120.398079,左營,43,良好,17.06,Low Risk,50
富源村活動中心,富源村8鄰118號,臺東縣卑南鄉,室內,22.812554,121.149689,台東,33,良好,5.97,Low Risk,30
高雄市立嘉興國民中學,信中街486號,高雄市岡山區,室內,22.816175,120.311911,左營,43,良好,14.11,Low Risk,619
青山國小,民族巷9號,屏東縣三地門鄉,室內,22.817112,120.641368,左營,43,良好,38.05,Low Risk,20
中正堂,永安路43號,高雄市永安區,室內,22.8183,120.2253,左營,43,良好,16.04,Low Risk,120
三和國小,土庫路111-3號,屏東縣里港鄉,室內,22.82,120.5064,左營,43,良好,25.89,Low Risk,300
三地門鄉青山村辦公處,民族巷5鄰21號,屏東縣三地門鄉,室內,22.82065061,120.6406033,左營,43,良好,38.12,Low Risk,20
土庫社區活動中心,土庫路97-12號,屏東縣里港鄉,室內,22.8209,120.5068,左營,43,良好,25.98,Low Risk,300
高雄市永安區新港國民小學,新興路25號,高雄市永安區,室內,22.82114749,120.2092311,左營,43,良好,17.13,Low Risk,50
富山村活動中心,富山村3鄰漁場路64號,臺東縣卑南鄉,室內,22.821416,121.190095,台東,33,良好,7.48,Low Risk,30
富山國民小學,富山村3鄰漁場路66號,臺東縣卑南鄉,室內,22.821416,121.190095,台東,33,良好,7.48,Low Risk,50
高雄市岡山區嘉興國民小學,嘉興路322號,高雄市岡山區,室內,22.821597,120.305292,左營,43,良好,14.66,Low Risk,1796
高雄市立永安國民中學,保興一路3號,高雄市永安區,室內,22.823171,120.240646,左營,43,良好,15.89,Low Risk,120
高雄市路竹區北嶺國民小學,民治路85號,高雄市路竹區,室內,22.823505,120.269765,左營,43,良好,15.1,Low Risk,418
賓朗老人暨多功能活動中心,賓朗村18鄰賓朗路474巷3-1號,臺東縣卑南鄉,室內,22.8239,121.090749,台東,33,良好,10.11,Low Risk,150
利吉村活動中心,利吉村3鄰52號,臺東縣卑南鄉,室內,22.824082,121.134111,台東,33,良好,7.65,Low Risk,30
高雄市岡山區華崗社區活動中心,大埔二街170號,高雄市岡山區,室內,22.824142,120.322418,左營,43,良好,15.14,Low Risk,100
屏東縣立高樹國民小學,華光路32號,屏東縣高樹鄉,室內,22.8262,120.5992,左營,43,良好,34.5,Low Risk,0
美農村活動中心,美農村8鄰東成36號,臺東縣卑南鄉,室內,22.830504,121.093361,台東,33,良好,10.46,Low Risk,30
高雄市永安區鹽田社區活動中心,新興路99號,高雄市永安區,室內,22.833587,120.208428,左營,43,良好,18.36,Low Risk,40
高雄市田寮區新興國民小學,大新路2號,高雄市田寮區,室內,22.835015,120.369769,左營,43,良好,17.77,Low Risk,50
大洲國中備用,新南巷5號,高雄市旗山區,室內,22.8354,120.4605,左營,43,良好,23.3,Low Risk,60
東成國民小學,美農村斑鳩92號,臺東縣卑南鄉,室內,22.835594,121.082405,台東,33,良好,11.64,Low Risk,50
高雄市立路竹區三埤國民小學,民權路7號,高雄市路竹區,室內,22.8368,120.2801,左營,43,良好,16.41,Low Risk,360
青葉國小,光復巷1-2號,屏東縣三地門鄉,室內,22.83769182,120.6391229,左營,43,良好,38.74,Low Risk,60
青葉村辦公處含活動中心,光復巷73-3號,屏東縣三地門鄉,室內,22.838158,120.638444,左營,43,良好,38.7,Low Risk,60
高雄市旗山區溪洲國民小學（備用）,南二路126號,高雄市旗山區,室內,22.847646,120.465528,左營,43,良好,24.62,Low Risk,30
屏東縣立舊寮國民小學,長美路42號,屏東縣高樹鄉,室內,22.8486,120.6101,左營,43,良好,36.64,Low Risk,150
合天大道院,?和巷10號,高雄市旗山區,室內,22.8489,120.4734,左營,43,良好,25.29,Low Risk,100
高雄市阿蓮區復安國民小學（備用）,復安167號,高雄市阿蓮區,室內,22.849101,120.324142,左營,43,良好,17.91,Low Risk,20
鯤洲社區多功能活動中心,鯤洲街35-1號,高雄市旗山區,室內,22.84953,120.476208,左營,43,良好,25.55,Low Risk,80
高雄市美濃區吉東國民小學,吉頂街19號,高雄市美濃區,室內,22.851314,120.540959,左營,43,良好,30.79,Low Risk,569
路竹老人活動中心,國昌路117號,高雄市路竹區,室內,22.8543,120.2546,台南,44,良好,16.44,Low Risk,200
高雄市立路竹高級中學,中華路292號,高雄市路竹區,室內,22.855385,120.25221,台南,44,良好,16.28,Low Risk,2144
上洲社區活動中心,後角街2之4號,高雄市旗山區,室內,22.8565,120.4735,左營,43,良好,25.9,Low Risk,50
廣福社區活動中心,旗屏二路16號,高雄市旗山區,室內,22.8575,120.5049,左營,43,良好,28.31,Low Risk,30
初鹿國民小學,初鹿村梅園路97號,臺東縣卑南鄉,室內,22.860167,121.092081,台東,33,良好,13.19,Low Risk,50
初鹿村多功能暨老人活動中心,初鹿村忠孝路165號,臺東縣卑南鄉,室內,22.860646,121.092522,台東,33,良好,13.21,Low Risk,110
高雄市路竹區蔡文國民小學,國昌路548號,高雄市路竹區,室內,22.861515,120.256002,台南,44,良好,15.67,Low Risk,1611
高雄市立路竹區竹滬國民小學,成功路2號,高雄市路竹區,室內,22.8625,120.2304,台南,44,良好,15.28,Low Risk,495
高雄市路竹區路竹國民小學,中山路712巷16號,高雄市路竹區,室內,22.862524,120.230427,台南,44,良好,15.28,Low Risk,1806
屏東縣立新豐國民小學,泰和路26號,屏東縣高樹鄉,室內,22.8634,120.6343,左營,43,良好,39.6,Low Risk,0
龍山國小,龍山街62號,高雄市美濃區,室內,22.864611,120.555856,左營,43,良好,32.89,Low Risk,3091
高雄市路竹區大社國民小學,大社路243號,高雄市路竹區,室內,22.867067,120.265351,台南,44,良好,15.29,Low Risk,1134
高雄市立一甲國民中學學生,一甲路111號,高雄市路竹區,室內,22.868822,120.271882,台南,44,良好,15.29,Low Risk,300
高雄市立路竹區下坑國民小學備用,太平路384號,高雄市路竹區,室內,22.8691,120.2908,台南,44,良好,15.95,Low Risk,436
田寮區公所3樓大禮堂,崗安路71號,高雄市田寮區,室內,22.8699,120.3594,台南,44,良好,19.83,Low Risk,100
竹子門水利工作站,竹門25號,高雄市美濃區,室內,22.870284,120.588802,左營,43,良好,36.02,Low Risk,200
都蘭活動中心,39鄰372號,臺東縣東河鄉,室內,22.876498,121.227556,台東,33,良好,14.67,Low Risk,50
高雄市美濃區吉洋國民小學,忠孝路二段59號,高雄市美濃區,室內,22.876682,120.535858,左營,43,良好,32.11,Low Risk,533
高雄市田寮區崇德國民小學,崇德路101號,高雄市田寮區,室內,22.877635,120.379682,台南,44,良好,20.73,Low Risk,50
高雄市立龍肚國民中學,中華路68號,高雄市美濃區,室內,22.877733,120.571037,左營,43,良好,35.01,Low Risk,288
都蘭國小,431號,臺東縣東河鄉,室內,22.877955,121.226932,台東,33,良好,14.79,Low Risk,215
湖東社區活動中心,民生街252號,高雄市湖內區,室內,22.878344,120.246231,台南,44,良好,13.66,Low Risk,50
新寮社區活動中心,三民路14號,高雄市六龜區,室內,22.8806,120.6145,左營,43,良好,38.85,Low Risk,100
樹人醫護管理專科學校,環球路452號,高雄市路竹區,室內,22.8827,120.2611,台南,44,良好,13.49,Low Risk,120
高雄市美濃區福安國民小學,中正路二段358號,高雄市美濃區,室內,22.882868,120.533938,左營,43,良好,32.41,Low Risk,740
阿蓮區公所3樓會議室,民生路94號,高雄市阿蓮區,室內,22.8832,120.3275,台南,44,良好,16.57,Low Risk,80
高雄市阿蓮區阿蓮國民小學（備 用）,民族路163號,高雄市阿蓮區,室內,22.88323,120.329869,台南,44,良好,16.72,Low Risk,500
高雄市美濃區中壇國民小學,忠孝路一段19號,高雄市美濃區,室內,22.884022,120.53057,左營,43,良好,32.24,Low Risk,1247
靈山寺,德義街17-1號,高雄市旗山區,室內,22.8847,120.4784,左營,43,良好,28.55,Low Risk,100
高雄市立阿蓮國民中學（備用）,民生路178號,高雄市阿蓮區,室內,22.88532,120.326138,台南,44,良好,16.3,Low Risk,100
高雄市美濃區龍肚國民小學,龍東街43號,高雄市美濃區,室內,22.885381,120.579605,左營,43,良好,36.22,Low Risk,344
高雄市茂林區茂林國民小學,茂林巷8-3號,高雄市茂林區,室內,22.8865,120.6643,左營,43,良好,43.54,Low Risk,180
鳳山區農會茂林辦事處,茂林巷16號,高雄市茂林區,室內,22.8869,120.6633,左營,43,良好,43.48,Low Risk,220
茂林基督長老教會,茂林巷90-1號,高雄市茂林區,室內,22.8871,120.6661,左營,43,良好,43.74,Low Risk,50
高雄市湖內區大湖國民小學,民權路2號,高雄市湖內區,室內,22.887757,120.244517,台南,44,良好,12.6,Low Risk,180
高雄市其山區旗山國小（備用）,華中街44號,高雄市旗山區,室內,22.888297,120.480651,台南,44,良好,28.79,Low Risk,80
旗山區公所,延平一路499號,高雄市旗山區,室內,22.8886,120.4836,台南,44,良好,29.05,Low Risk,120
高雄市茄萣區成功國民小學,成功路1號,高雄市茄萣區,室內,22.888687,120.186031,台南,44,良好,13.06,Low Risk,737
新威天台聖宮,三民路81號,高雄市六龜區,室內,22.8889,120.6166,左營,43,良好,39.54,Low Risk,1000
大津登山訓練中心,大津34號,高雄市六龜區,室內,22.889,120.6471,左營,43,良好,42.17,Low Risk,100
湄州里活動中心,文中路4號,高雄市旗山區,室內,22.8898,120.4811,台南,44,良好,28.76,Low Risk,50
茄萣老人活動中心,忠孝街29號,高雄市茄萣區,室內,22.8911,120.186,台南,44,良好,12.8,Low Risk,120
竹峰里辦公處,義德街31巷1之1號,高雄市旗山區,室內,22.8912,120.4786,台南,44,良好,28.47,Low Risk,30
大津社區活動中心,大津49號,高雄市六龜區,室內,22.891873,120.647154,左營,43,良好,42.34,Low Risk,100
紅葉村活動中心,臺東縣延平鄉紅葉村1鄰16號,臺東縣延平鄉,室內,22.893619,121.063062,台東,33,良好,17.93,Low Risk,30
古亭社區活動中心,古亭路廟後巷2號,高雄市田寮區,室內,22.89410114,120.4023526,台南,44,良好,21.47,Low Risk,70
台灣基督長老教會海埔教會,和平路115號,高雄市湖內區,室內,22.8944,120.2234,台南,44,良好,11.74,Low Risk,100
美濃區老人文康活動中心,中正路2段351號,高雄市美濃區,室內,22.8946,120.5427,左營,43,良好,33.95,Low Risk,60
高雄市立美濃國民中學,中正路一段191號,高雄市美濃區,室內,22.894745,120.5435,左營,43,良好,34.02,Low Risk,9363
美濃區公所,美中路260號,高雄市美濃區,室內,22.8948,120.5418,左營,43,良好,33.89,Low Risk,20
高雄市阿蓮區中路國民小學（備用）,中路272號,高雄市阿蓮區,室內,22.89493,120.298575,台南,44,良好,13.79,Low Risk,300
興隆國小,155號,臺東縣東河鄉,室內,22.895301,121.24875,台東,33,良好,17.56,Low Risk,120
鸞山村活動中心,臺東縣延平鄉鸞山村1鄰16號,臺東縣延平鄉,室內,22.899002,121.151603,台東,33,良好,15.51,Low Risk,30
高雄市美濃區美濃國民小學,永安路190號,高雄市美濃區,室內,22.899581,120.543255,台南,44,良好,34.26,Low Risk,1448
高雄市六龜區新威國民小學,新威路212號,高雄市六龜區,室內,22.900102,120.627629,左營,43,良好,41.17,Low Risk,254
高雄市美濃區東門國民小學,民族路36巷2號,高雄市美濃區,室內,22.900489,120.553201,左營,43,良好,35.19,Low Risk,272
永和社區活動中心備用,旗文路125之5號,高雄市旗山區,室內,22.9006,120.4782,台南,44,良好,28.0,Low Risk,50
新威社區活動中心,新威128號,高雄市六龜區,室內,22.9025,120.6284,左營,43,良好,41.39,Low Risk,50
桃源村活動中心,臺東縣延平鄉桃源村4鄰78號,臺東縣延平鄉,室內,22.902922,121.084336,台東,33,良好,17.73,Low Risk,50
高雄市茄萣區茄萣國民小學,茄萣路二段307號,高雄市茄萣區,室內,22.903281,120.181985,台南,44,良好,11.69,Low Risk,1144
臺南市關廟區崇和國小,南雄南路568號,臺南市關廟區,室內,22.904,120.3547,台南,44,良好,16.88,Low Risk,290
龍田社區活動中心,7鄰光榮路308號,臺東縣鹿野鄉,室內,22.9042,121.1206,台東,33,良好,16.57,Low Risk,20
龍田國小,光榮路236號,臺東縣鹿野鄉,室內,22.9042,121.1243,台東,33,良好,16.48,Low Risk,30
和平社區活動中心,3鄰和平路29-1號,臺東縣鹿野鄉,室內,22.9051,121.1192,台東,33,良好,16.71,Low Risk,40
茄萣區公所大禮堂,濱海路四段27號,高雄市茄萣區,室內,22.9065,120.1825,台南,44,良好,11.34,Low Risk,120
高雄市立茄萣國民中學,濱海路4段29號,高雄市茄萣區,室內,22.906889,120.181014,台南,44,良好,11.36,Low Risk,965
鹿野國中,1鄰光榮路38號,臺東縣鹿野鄉,室內,22.907,121.1352,台東,33,良好,16.58,Low Risk,100
財團法人一貫道興毅純陽聖道院,保生路392號,高雄市湖內區,室內,22.907202,120.21789,台南,44,良好,10.35,Low Risk,300
新興社區活動中心,新威299號,高雄市六龜區,室內,22.9076,120.6335,左營,43,良好,42.14,Low Risk,100
高雄市立湖內國民中學,中山路二段63號,高雄市湖內區,室內,22.907722,120.227397,台南,44,良好,10.25,Low Risk,100
中圳社區活動中心,福美路73巷8號,高雄市美濃區,室內,22.908018,120.547647,台南,44,良好,34.39,Low Risk,80
中正堂二樓,中正路二段79號,高雄市湖內區,室內,22.9091,120.2129,台南,44,良好,10.2,Low Risk,100
鹿野國小,中華路一段402號,臺東縣鹿野鄉,室內,22.9094,121.137,台東,33,良好,16.81,Low Risk,100
白雲社區活動中心,公園路81號,高雄市茄萣區,室內,22.9096,120.1851,台南,44,良好,10.91,Low Risk,120
高雄市茂林區多納國民小學,多納巷1號,高雄市茂林區,室內,22.9101,120.7159,台東,33,良好,48.55,Low Risk,200
多納里社區活動中心,多納巷2號,高雄市茂林區,室內,22.9105,120.7167,台東,33,良好,48.49,Low Risk,150
萬山里避難屋,萬山段316地號萬山里預建地,高雄市茂林區,室內,22.911115,120.682514,左營,43,良好,46.55,Low Risk,120
高雄市茄萣區砂崙國民小學,文化路81號,高雄市茄萣區,室內,22.91319,120.182354,台南,44,良好,10.67,Low Risk,589
臺南市歸仁區大潭國小,中正南路三段97號,臺南市歸仁區,室內,22.9138,120.2718,台南,44,良好,10.62,Low Risk,700
鹿野鄉公所,中華路二段139號,臺東縣鹿野鄉,室內,22.9143,121.1362,台東,33,良好,17.36,Low Risk,50
廣林里社區活動中心,廣福街153號,高雄市美濃區,室內,22.916916,120.579295,台南,44,良好,37.24,Low Risk,150
臺南市關廟區文和國小,長文街37號,臺南市關廟區,室內,22.917,120.3428,台南,44,良好,15.03,Low Risk,400
內門紫竹寺香客大樓,中正路115巷18號,高雄市內門區,室內,22.9172,120.4554,台南,44,良好,25.14,Low Risk,200
高雄市美濃區廣興國民小學,廣興街124號,高雄市美濃區,室內,22.917251,120.567922,台南,44,良好,36.11,Low Risk,1227
高雄市內門區觀亭國民小學,中正路203號,高雄市內門區,室內,22.918343,120.453734,台南,44,良好,24.93,Low Risk,60
高雄市內門區西門國民小學,柿子園24號,高雄市內門區,室內,22.918619,120.426716,台南,44,良好,22.37,Low Risk,70
高雄市立內門國民中學,中正路160巷30號,高雄市內門區,室內,22.921882,120.453517,台南,44,良好,24.77,Low Risk,80
華山營區,華山路11號,高雄市旗山區,室內,22.9266,120.5039,台南,44,良好,29.51,Low Risk,100
臺南市龍崎區大坪里民活動中心,9鄰大坪37之2號,臺南市龍崎區,室內,22.9268,120.3921,台南,44,良好,18.77,Low Risk,30
永康村鄉立幼兒園,臺東縣延平鄉永康村2鄰43號,臺東縣延平鄉,室內,22.927897,121.115208,台東,33,良好,19.26,Low Risk,50
隆昌村辦公處活動中心,18鄰230號,臺東縣東河鄉,室內,22.928015,121.269255,台東,33,良好,21.76,Low Risk,50
臺南市歸仁區沙崙國中,歸仁六路2號,臺南市歸仁區,室內,22.9287,120.2816,台南,44,良好,9.7,Low Risk,1035
臺南市龍崎區牛埔里里民活動中心,2鄰牛埔21號,臺南市龍崎區,室內,22.9313,120.4096,台南,44,良好,20.2,Low Risk,40
永安社區活動中心,3鄰永安路257巷5號,臺東縣鹿野鄉,室內,22.9316,121.1296,台東,33,良好,19.37,Low Risk,20
臺南市南區南寧中學,萬年路167號,臺南市南區,室內,22.9318,120.1834,台南,44,良好,8.78,Low Risk,1678
臺南市南區灣裡聯合里活動中心,灣裡路67號,臺南市南區,室內,22.9323,120.1808,台南,44,良好,8.88,Low Risk,1529
臺南市南區省躬國小,灣裡路70號,臺南市南區,室內,22.9325,120.1804,台南,44,良好,8.88,Low Risk,6528
永昌社區活動中心,3鄰永安路98號,臺東縣鹿野鄉,室內,22.9328,121.1308,台東,33,良好,19.48,Low Risk,30
中正社區活動中心,旗甲路三段177巷1號,高雄市旗山區,室內,22.9329,120.5022,台南,44,良好,29.15,Low Risk,30
永安國小,鹿寮路31號,臺東縣鹿野鄉,室內,22.9336,121.1283,台東,33,良好,19.61,Low Risk,20
臺南市關廟區深坑國小,南雄路一段487號,臺南市關廟區,室內,22.9371,120.3353,台南,44,良好,13.11,Low Risk,140
鹿野鄉立托兒所,瑞景路一段23巷9號,臺東縣鹿野鄉,室內,22.9403,121.1515,台東,33,良好,20.09,Low Risk,50
南海紫竹寺香客大樓,內埔82號,高雄市內門區,室內,22.9417,120.4613,台南,44,良好,24.85,Low Risk,200
臺南市仁德區臺南都會公園管理中心,文華路二段62號,臺南市仁德區,室外,22.9437,120.2211,台南,44,良好,6.28,Low Risk,2060
臺南市仁德區後壁里老人文康活動中心,德南路68號,臺南市仁德區,室內,22.9475,120.2532,台南,44,良好,6.42,Low Risk,1460
月美社區活動中心,桐竹路241號,高雄市杉林區,室內,22.948034,120.528674,台南,44,良好,31.43,Low Risk,20
臺南市龍崎區龍船里里民活動中心,2鄰苦苓湖10號,臺南市龍崎區,室內,22.952,120.4213,台南,44,良好,20.6,Low Risk,50
瑞源社區活動中心,10鄰佑民路7號,臺東縣鹿野鄉,室內,22.955,121.1562,台東,33,良好,21.71,Low Risk,30
瑞隆社區活動中心,10鄰佑民路7號,臺東縣鹿野鄉,室內,22.955,121.1562,台東,33,良好,21.71,Low Risk,30
永富社區活動中心景義國小,萊坑8號,高雄市內門區,室內,22.956,120.4942,台南,44,良好,27.8,Low Risk,120
高雄市內門區內門國民小學,內埔24號,高雄市內門區,室內,22.956009,120.470326,台南,44,良好,25.39,Low Risk,100
瑞源國小,文化路67號,臺東縣鹿野鄉,室內,22.9578,121.1554,台東,33,良好,22.02,Low Risk,10
高雄市杉林區月美國民小學,清水路象寮巷39號,高雄市杉林區,室內,22.958186,120.535203,台南,44,良好,31.9,Low Risk,595
臺南市關廟區五甲國小,和平路246號,臺南市關廟區,室內,22.9583,120.3343,台南,44,良好,11.93,Low Risk,800
臺南市關廟社區活動中心,文化街85號,臺南市關廟區,室內,22.9589,120.3242,台南,44,良好,10.95,Low Risk,180
大林社區活動中心備用,自強巷17號,高雄市旗山區,室內,22.9591,120.5147,台南,44,良好,29.81,Low Risk,30
臺南市關廟區關廟國中,中山路二段172號,臺南市關廟區,室內,22.9608,120.3247,台南,44,良好,10.92,Low Risk,0
臺南市南區區公所,明興路2號,臺南市南區,室內,22.9609,120.1884,台南,44,良好,5.86,Low Risk,983
臺南市南區龍崗國小,鯤鯓路147號,臺南市南區,室內,22.9614,120.1696,台南,44,良好,7.26,Low Risk,667
臺南市東區大智里活動中心,德東街90號,臺南市東區,室內,22.9615,120.2303,台南,44,良好,4.28,Low Risk,650
臺南市歸仁區紅瓦厝國小,信義南路100號,臺南市歸仁區,室內,22.9617,120.2987,台南,44,良好,8.49,Low Risk,800
尚德國小村辦公室,前寮43號,臺東縣東河鄉,室內,22.9627,121.2407,台東,33,良好,24.0,Low Risk,260
臺南市南區永華國小,中華西路一段2巷17號,臺南市南區,室內,22.9631,120.1886,台南,44,良好,5.67,Low Risk,4154
臺南市關廟區關廟國小,文衡路121號,臺南市關廟區,室內,22.9637,120.3261,台南,44,良好,10.92,Low Risk,1150
高雄市杉林區大愛民族國民小學,和氣街15號,高雄市杉林區,室內,22.963823,120.538829,台南,44,良好,32.18,Low Risk,200
臺南市歸仁區歸南國小,民權南路171號,臺南市歸仁區,室內,22.9642,120.2883,台南,44,良好,7.43,Low Risk,710
臺南市龍崎區民活動中心,新市子38號,臺南市龍崎區,室內,22.9642,120.3595,台南,44,良好,14.14,Low Risk,140
臺南市立龍崎國民小學,新市子41號,臺南市龍崎區,室內,22.964425,120.35906,台南,44,良好,14.09,Low Risk,200
臺南市南區明興社區活動中心,德興路88號,臺南市南區,室內,22.9651,120.1923,台南,44,良好,5.25,Low Risk,556
臺南市龍崎區老人文康活中心,新市子201號,臺南市龍崎區,室內,22.9651,120.3603,台南,44,良好,14.19,Low Risk,65
大愛活動中心,大愛路47號,高雄市杉林區,室內,22.966082,120.545574,台南,44,良好,32.84,Low Risk,100
月眉社區活動中心,清水路朝雲巷10號,高雄市杉林區,室內,22.96649744,120.5354386,台南,44,良好,31.8,Low Risk,20
臺南市歸仁區公所,中山路二段2號,臺南市歸仁區,室內,22.9669,120.294,台南,44,良好,7.79,Low Risk,200
臺南市南區開南里活動中心,新建路48號,臺南市南區,室內,22.967,120.1856,台南,44,良好,5.59,Low Risk,428
臺南市仁德區仁義里運動公園育樂中心,仁義路130號,臺南市仁德區,室外,22.9675,120.2585,台南,44,良好,4.84,Low Risk,3260
上平社區活動中心,山仙路152巷14號,高雄市杉林區,室內,22.96796903,120.557561,台南,44,良好,34.03,Low Risk,20
臺南市龍崎區龍崎國民中學,新市子258號,臺南市龍崎區,室內,22.9683,120.3608,台南,44,良好,14.15,Low Risk,80
高雄市立杉林國民中學,清水路中學巷6號,高雄市杉林區,室內,22.968577,120.540834,台南,44,良好,32.32,Low Risk,375
東河鄉公所2樓大會議室,11鄰南東河311號,臺東縣東河鄉,室內,22.969096,121.302729,台東,33,良好,27.45,Low Risk,50
臺南市歸仁區歸仁國中,文化街二段2號,臺南市歸仁區,室內,22.9696,120.2939,台南,44,良好,7.64,Low Risk,1130
臺南市南區白雪社區活動中心,鹽埕路157號,臺南市南區,室內,22.9697,120.1888,台南,44,良好,5.15,Low Risk,406
臺南市歸仁區歸仁國小,文化街一段100號,臺南市歸仁區,室內,22.9698,120.2966,台南,44,良好,7.88,Low Risk,865
武陵村活動中心,臺東縣延平鄉武陵村1鄰15號,臺東縣延平鄉,室內,22.969833,121.117842,台東,33,良好,23.76,Low Risk,30
臺南市歸仁區文化國小,文化街二段136號,臺南市歸仁區,室內,22.9708,120.2891,台南,44,良好,7.14,Low Risk,860
臺南市歸仁區歸仁里活動中心,忠孝北路221號,臺南市歸仁區,室內,22.9708,120.2984,台南,44,良好,8.0,Low Risk,200
臺南市南區大忠大林社區活動中心,大同路二段482巷133弄15號,臺南市南區,室內,22.9726,120.2125,台南,44,良好,3.37,Low Risk,316
臺南市仁德區公所,中正路三段5號,臺南市仁德區,室內,22.973,120.2517,台南,44,良好,3.92,Low Risk,570
瑞源國中,瑞景路三段1號,臺東縣鹿野鄉,室內,22.9742,121.1567,台東,33,良好,23.84,Low Risk,40
臺南市南區府南里活動中心,永成路三段529號,臺南市南區,室內,22.9744,120.1953,台南,44,良好,4.3,Low Risk,531
高雄市內門區木柵國民小學,木柵3號,高雄市內門區,室內,22.975346,120.467861,台南,44,良好,24.82,Low Risk,300
臺南市東區崇德里活動中心,崇德七街30巷2號,臺南市東區,室內,22.9757,120.2281,台南,44,良好,2.69,Low Risk,800
臺南市南區田寮社區活動中心,夏林路379號,臺南市南區,室內,22.9765,120.1955,台南,44,良好,4.14,Low Risk,592
高雄市杉林區上平國民小學,山仙路212號,高雄市杉林區,室內,22.976853,120.544072,台南,44,良好,32.57,Low Risk,327
臺南市東區和平里活動中心,文化路100號,臺南市東區,室內,22.977,120.2326,台南,44,良好,2.61,Low Risk,1450
臺南市南區國宅社區活動中心,金華路二段33巷81號,臺南市南區,室內,22.9771,120.1879,台南,44,良好,4.73,Low Risk,602
臺南市關廟區新光國小,新光街76號,臺南市關廟區,室內,22.9772,120.3595,台南,44,良好,13.81,Low Risk,145
臺南市安平區漁光里活動中心,漁光路89巷39號之2,臺南市安平區,室內,22.977225,120.159968,台南,44,良好,7.3,Low Risk,217
日光小林社區活動中心,日光三街25號,高雄市杉林區,室內,22.977268,120.556689,台南,44,良好,33.85,Low Risk,200
永吉社區活動中心,新生5號,高雄市內門區,室內,22.9774,120.498,台南,44,良好,27.86,Low Risk,50
臺南市南區新興國中,新孝路87號,臺南市南區,室內,22.9778,120.1876,台南,44,良好,4.71,Low Risk,5448
木柵社區活動中心,木柵30-1號,高雄市內門區,室內,22.978,120.4677,台南,44,良好,24.77,Low Risk,50
臺南市南區體育公園,體育路10號,臺南市南區,室外,22.9785,120.2068,台南,44,良好,3.15,Low Risk,11891
新豐社區活動中心,4鄰新和路五段281巷1號,臺東縣鹿野鄉,室內,22.9789,121.1315,台東,33,良好,24.55,Low Risk,30
瑞豐國小,中山路67號,臺東縣鹿野鄉,室內,22.9791,121.1369,台東,33,良好,24.51,Low Risk,60
臺南市南區大成國中,西門路一段306號,臺南市南區,室內,22.9796,120.198,台南,44,良好,3.72,Low Risk,4741
臺南市東區崇學國民小學操場,崇學路98號,臺南市東區,室內,22.9796,120.2234,台南,44,良好,2.29,Low Risk,1000
臺南市東區復興里活動中心,裕忠路456號,臺南市東區,室內,22.9803,120.2416,台南,44,良好,2.65,Low Risk,230
臺南市東區區公所,臺南市崇學路100號,臺南市東區,室內,22.980519,120.224015,台南,44,良好,2.18,Low Risk,70
臺南市東區德光里活動中心,崇德路111號,臺南市東區,室內,22.9806,120.2188,台南,44,良好,2.3,Low Risk,1400
臺南市南區台南高商,健康路一段327號,臺南市南區,室內,22.9811,120.202,台南,44,良好,3.3,Low Risk,5532
臺南市東區虎尾里活動中心,富農街一段188巷10弄7號,臺南市東區,室內,22.9815,120.2353,台南,44,良好,2.22,Low Risk,400
臺南市東區裕聖里活動中心,裕文路286號,臺南市東區,室內,22.9817,120.2464,台南,44,良好,2.84,Low Risk,250
臺南市仁德區太子里活動中心,土庫路2號,臺南市仁德區,室內,22.9823,120.255,台南,44,良好,3.48,Low Risk,480
臺南市東區裕文國民小學,裕文路301號,臺南市東區,室內,22.982499,120.245741,台南,44,良好,2.73,Low Risk,1700
臺南市東區復興國民小學風雨球場,裕文路60號,臺南市東區,室外,22.9826,120.2387,台南,44,良好,2.27,Low Risk,1000
臺南市中西區五妃社區活動中心,南門路237巷10號,臺南市中西區,室內,22.983,120.2049,台南,44,良好,2.93,Low Risk,100
臺南市東區龍山社區活動中心,林森路一段311號,臺南市東區,室內,22.9836,120.2193,台南,44,良好,1.97,Low Risk,750
臺南市東區自強里活動中心,富農街一段225號,臺南市東區,室內,22.984,120.2352,台南,44,良好,1.96,Low Risk,200
臺南市中西區仙草里活動中心,府緯街4巷6號,臺南市中西區,室內,22.9844,120.1995,台南,44,良好,3.29,Low Risk,200
臺南市東區富裕里活動中心,東門路二段365巷35號,臺南市東區,室內,22.9847,120.2276,台南,44,良好,1.69,Low Risk,400
臺南市中西區中山國中,南寧街45號,臺南市中西區,室內,22.9848,120.2033,台南,44,良好,2.94,Low Risk,1300
臺南市東區富強里活動中心,裕農路446巷88號,臺南市東區,室內,22.986,120.2317,台南,44,良好,1.62,Low Risk,450
臺南市安平區億載里活動中心,光州一街29號,臺南市安平區,室內,22.986221,120.161834,台南,44,良好,6.83,Low Risk,262
臺南市東區關聖社區活動中心,裕孝路118號,臺南市東區,室內,22.9865,120.2434,台南,44,良好,2.25,Low Risk,1000
臺南市安平區文平里活動中心,中華西路二段1巷1號,臺南市安平區,室內,22.986772,120.185499,台南,44,良好,4.48,Low Risk,151
臺南市安平區育平里活動中心,府平路376號,臺南市安平區,室內,22.987404,120.167087,台南,44,良好,6.28,Low Risk,273
臺南市東區衛國里活動中心,衛國街114巷28號,臺南市東區,室內,22.9879,120.2254,台南,44,良好,1.34,Low Risk,400
新和社區舊圖書室,司馬路52號,高雄市杉林區,室內,22.98792,120.563198,台南,44,良好,34.45,Low Risk,30
瑞豐社區活動中心,10鄰景新路60巷2號,臺東縣鹿野鄉,室內,22.988,121.1398,台東,33,良好,25.46,Low Risk,30
高雄市杉林區新庄國民小學,司馬路45巷5號,高雄市杉林區,室內,22.989102,120.559681,台南,44,良好,34.08,Low Risk,260
臺南市中西區郡西里活動中心,郡西路35號2樓,臺南市中西區,室內,22.989445,120.194075,台南,44,良好,3.56,Low Risk,320
臺南市安平區國平里活動中心,建平七街409號,臺南市安平區,室內,22.98948,120.176458,台南,44,良好,5.29,Low Risk,102
臺南市東區後甲南聖里聯合社區活動中心,裕農路878號,臺南市東區,室內,22.9895,120.2427,台南,44,良好,1.99,Low Risk,650
臺南市中西區忠義國小,忠義路二段2號,臺南市中西區,室內,22.989572,120.20315,台南,44,良好,2.69,Low Risk,1300
臺南市東區崇誨里活動中心,林森路二段192巷15號,臺南市東區,室內,22.9898,120.2247,台南,44,良好,1.15,Low Risk,200
臺南市安平區億載國小-操場,郡平路310號,臺南市安平區,室內,22.990008,120.163155,台南,44,良好,6.62,Low Risk,1458
臺南市中西區永福小西三民里活動中心,府前路一段258號,臺南市中西區,室內,22.9901,120.2008,台南,44,良好,2.89,Low Risk,240
臺南市中西區萬昌公正里活動中心,青年路226巷20號,臺南市中西區,室內,22.991183,120.21101,台南,44,良好,1.89,Low Risk,200
臺南市中西區中頭社區活動中心,保安路201之1號1樓,臺南市中西區,室內,22.9912,120.1913,台南,44,良好,3.77,Low Risk,100
臺南市中西區民生社區活動中心,保安路201之1號2樓,臺南市中西區,室內,22.9912,120.1913,台南,44,良好,3.77,Low Risk,150
臺南市歸仁區保西國小,中正北路三段60號,臺南市歸仁區,室內,22.9919,120.2936,台南,44,良好,6.89,Low Risk,730
東寧運動公園,東寧路與林森路二段路口,臺南市東區,室外,22.992061,120.224271,台南,44,良好,0.91,Low Risk,7700
臺南市東區大學東寧聯合社區活動中心,林森路二段252號,臺南市東區,室內,22.9921,120.2243,台南,44,良好,0.91,Low Risk,900
臺南市中西區青年銀同里活動中心,開山路1號,臺南市中西區,室內,22.9922,120.2057,台南,44,良好,2.33,Low Risk,100
臺南市中西區建國里活動中心,永福路二段81巷1號,臺南市中西區,室內,22.9928,120.2006,台南,44,良好,2.81,Low Risk,500
高雄市立六龜高級中學,光復路212號,高雄市六龜區,室內,22.99318,120.635085,台南,44,良好,41.79,Low Risk,1625
高雄市內門區溝坪國民小學,廣福47號,高雄市內門區,室內,22.993331,120.501231,台南,44,良好,28.09,Low Risk,200
臺南市關廟區保東國小,關新路一段776號,臺南市關廟區,室內,22.9934,120.3175,台南,44,良好,9.3,Low Risk,30
臺南市中西區大涼社區活動中心,府前路二段258巷55號,臺南市中西區,室內,22.9936,120.1908,台南,44,良好,3.76,Low Risk,130
高雄市六龜區龍興國民小學,中庄193號,高雄市六龜區,室內,22.993875,120.644983,台南,44,良好,42.8,Low Risk,60
臺南市安平區安平國小-風雨球場,怡平路392號,臺南市安平區,室外,22.993942,120.176439,台南,44,良好,5.21,Low Risk,510
小馬活動中心 Siao-Ma Community Center,"小馬路44號No.44, Siaoma Rd., Chenggong Township, Taitung County 961, Taiwan R.O.C.",臺東縣成功鎮,室內,22.99397,121.314613,台東,33,良好,30.44,Low Risk,20
臺南市中西區中正里活動中心,國華街三段5號2樓、3樓,臺南市中西區,室內,22.9945,120.1972,台南,44,良好,3.1,Low Risk,200
臺南市安平區公所,育平路316號,臺南市安平區,室內,22.994806,120.168802,台南,44,良好,5.97,Low Risk,198
臺南市安平區台南聖教會,府前四街90號,臺南市安平區,室內,22.995143,120.185097,台南,44,良好,4.31,Low Risk,66
臺南市安平區建平里活動中心,府前三街27號,臺南市安平區,室內,22.99525,120.185584,台南,44,良好,4.26,Low Risk,152
臺南市安平區華平里活動中心,育平九街195號,臺南市安平區,室內,22.995282,120.171965,台南,44,良好,5.65,Low Risk,235
六龜綜合社會福利服務中心,光復路102號,高雄市六龜區,室內,22.9955,120.6349,台南,44,良好,41.76,Low Risk,120
白水泉社區活動中心,茄苳巷26號,高雄市杉林區,室內,22.9967,120.5784,台南,44,良好,35.98,Low Risk,50
臺南市安平區沙灘忠誠社區聯合活動中心,世平路69號,臺南市安平區,室內,22.997064,120.148967,台南,44,良好,7.98,Low Risk,376
臺南市中西區民權里活動中心,民權路三段135號,臺南市中西區,室內,22.9971,120.1962,台南,44,良好,3.16,Low Risk,75
臺南市安平區平通里活動中心,平通路580巷102號,臺南市安平區,室內,22.99731,120.170604,台南,44,良好,5.77,Low Risk,92
臺南市安平區安平國中-安平館,慶平路687號,臺南市安平區,室內,22.997889,120.168263,台南,44,良好,6.01,Low Risk,308
泰源活動中心村辦公處,8鄰225號,臺東縣東河鄉,室內,22.997948,121.286015,台東,33,良好,29.43,Low Risk,80
臺南市中西區天后里活動中心,新美街167號,臺南市中西區,室內,22.998046,120.201382,台南,44,良好,2.62,Low Risk,80
高雄市杉林區杉林國民小學,合森巷41號,高雄市杉林區,室內,22.998095,120.548069,台南,44,良好,32.87,Low Risk,480
臺南市中西區龍盛社區活動中心,民權路三段232號,臺南市中西區,室內,22.9982,120.1938,台南,44,良好,3.39,Low Risk,350
臺南市安平區天橋教會,怡平路140巷29號,臺南市安平區,室內,22.99822,120.16822,台南,44,良好,6.01,Low Risk,99
泰源國小,本部落11鄰297號,臺東縣東河鄉,室內,22.998414,121.285041,台東,33,良好,29.43,Low Risk,310
臺南市中西區協進國小,金華路四段17號,臺南市中西區,室內,22.9987,120.1875,台南,44,良好,4.04,Low Risk,900
臺南市永康區復興里活動中心,復興路356巷13號,臺南市永康區,室內,22.9988,120.2415,台南,44,良好,1.5,Low Risk,44
臺南市中西區成功國小,成功路 235 號,臺南市中西區,室內,22.998887,120.20317,台南,44,良好,2.43,Low Risk,1200
六龜社區活動中心,華北街60-1號,高雄市六龜區,室內,22.9991,120.6301,台南,44,良好,41.27,Low Risk,100
新和社區活動中心,司馬路384巷5號,高雄市杉林區,室內,22.999381,120.574128,台南,44,良好,35.54,Low Risk,30
臺南市安平區平安里活動中心,民權路四段325號,臺南市安平區,室內,22.999443,120.17692,台南,44,良好,5.12,Low Risk,237
原加拿托兒所,1鄰加南1號,臺東縣海端鄉,室內,22.999481,121.130244,台東,33,良好,26.83,Low Risk,50
臺南市北區區公所,成功路238巷7號,臺南市北區,室內,22.9997,120.2029,台南,44,良好,2.46,Low Risk,50
臺南市安平區石門國小-操場,安平路700號,臺南市安平區,室內,22.999878,120.166309,台南,44,良好,6.2,Low Risk,1001
臺南市北區東興社區活動中心,小東路401巷51號之1,臺南市北區,室內,22.99999,120.232393,台南,44,良好,0.56,Low Risk,45
寶山國小,彰南路二段36號,彰化縣芬園鄉,室內,23.0,120.0,台南,44,良好,23.22,Low Risk,100
同安國小,大彰路二段100巷36號,彰化縣芬園鄉,室內,23.0,120.0,台南,44,良好,23.22,Low Risk,100
臺南市北區公園里活動中心,公園南路39號,臺南市北區,室外,23.0002,120.2116,台南,44,良好,1.57,Low Risk,45
臺南市龍崎區石[石曹]里里民活動中心,4鄰刺子崙13之3號,臺南市龍崎區,室內,23.0002,120.3974,台南,44,良好,17.45,Low Risk,30
臺南市北區公園國小,公園路180號,臺南市北區,室外,23.0003,120.2091,台南,44,良好,1.82,Low Risk,1400
臺南市安平區觀音亭,觀音街33號,臺南市安平區,室內,23.000378,120.162984,台南,44,良好,6.54,Low Risk,63
杉林社區活動中心,合森巷109號,高雄市杉林區,室內,23.00041918,120.552286,台南,44,良好,33.31,Low Risk,30
中興社區活動中心,中庄194號,高雄市六龜區,室內,23.0008,120.6448,台南,44,良好,42.77,Low Risk,100
臺南市安平區開台天后宮,國勝路33號,臺南市安平區,室內,23.000908,120.160689,台南,44,良好,6.78,Low Risk,198
臺南市北區立人國小,西門路三段41號,臺南市北區,室內,23.0014,120.2021,台南,44,良好,2.54,Low Risk,1400
臺南市永康區中華里活動中心,忠勇街51號,臺南市永康區,室內,23.0015,120.2381,台南,44,良好,1.16,Low Risk,325
臺南市中西區西湖社區活動中心,湖美街60巷31號,臺南市中西區,室內,23.0016,120.1808,台南,44,良好,4.72,Low Risk,260
臺南市永康區勝利里活動中心,勝利街37巷39號,臺南市永康區,室內,23.0021,120.2294,台南,44,良好,0.35,Low Risk,172
臺南市北區安民社區活動中心,海安路三段59號,臺南市北區,室內,23.0022,120.1992,台南,44,良好,2.85,Low Risk,80
臺南市安平區西門國小-多功能教室及普通教室,安北路180號,臺南市安平區,室內,23.002924,120.159508,台南,44,良好,6.91,Low Risk,694
臺南市永康區永康公園,興國街100號,臺南市永康區,室外,23.003,120.2427,台南,44,良好,1.65,Low Risk,15500
臺南市中西區光賢里活動中心,和善街98巷7號,臺南市中西區,室內,23.003161,120.189831,台南,44,良好,3.81,Low Risk,120
臺南市北區裕民社區活動中心,臨安路二段93號,臺南市北區,室內,23.0032,120.1973,台南,44,良好,3.05,Low Risk,80
金竹社區活動中心,吉民53號,高雄市內門區,室內,23.0033,120.5074,台南,44,良好,28.71,Low Risk,120
臺南市北區重興社區活動中心,東豐路451巷169號,臺南市北區,室內,23.0036,120.2266,台南,44,良好,0.41,Low Risk,74
臺南市北區和順里活動中心,公園南路406號,臺南市北區,室內,23.0037,120.2012,台南,44,良好,2.66,Low Risk,300
臺南市安平區海頭社區活動中心,古堡街90巷33號,臺南市安平區,室內,23.004411,120.160277,台南,44,良好,6.84,Low Risk,99
臺南市永康區崑山里活動中心,崑山街222巷11號,臺南市永康區,室內,23.0048,120.2602,台南,44,良好,3.45,Low Risk,187
臺南市永康區東灣里活動中心,民族路291號,臺南市永康區,室內,23.0051,120.2694,台南,44,良好,4.39,Low Risk,142
興龍社區活動中心,土龍74號,高雄市六龜區,室內,23.0051,120.6482,台南,44,良好,43.13,Low Risk,50
臺南市北區民德國中,西門路三段223號,臺南市北區,室內,23.0054,120.2052,台南,44,良好,2.3,Low Risk,700
臺南市北區文賢國中,文賢一路2號,臺南市北區,室內,23.0057,120.1962,台南,44,良好,3.21,Low Risk,3100
臺南市永康區復國里活動中心,復國二路46號,臺南市永康區,室內,23.006,120.2474,台南,44,良好,2.21,Low Risk,447
關山鎮電光國民小學,中興93號,臺東縣關山鎮,室內,23.0061,121.1737,台東,33,良好,27.42,Low Risk,200
臺南市永康區中興里活動中心,中興街40號,臺南市永康區,室內,23.0063,120.2402,台南,44,良好,1.54,Low Risk,96
臺南市左鎮區岡林國小,31號,臺南市左鎮區,室內,23.0074,120.4153,台南,44,良好,19.3,Low Risk,150
臺南市北區賢北國小,大興街599號,臺南市北區,室內,23.0076,120.1792,台南,44,良好,4.96,Low Risk,1320
臺南市北區國姓社區活動中心,公園路433巷15號1樓,臺南市北區,室內,23.0078,120.209,台南,44,良好,2.03,Low Risk,30
臺南市北區賢北里活動中心,賢北街108號,臺南市北區,室內,23.0086,120.1833,台南,44,良好,4.57,Low Risk,60
臺南市北區大仁社區活動中心,和緯路一段1號,臺南市北區,室內,23.009,120.2165,台南,44,良好,1.47,Low Risk,60
臺南市新化區大坑里活動中心,大坑尾182號,臺南市新化區,室內,23.009,120.3849,台南,44,良好,16.2,Low Risk,80
臺南市永康區六合里活動中心,中華二路358巷43號,臺南市永康區,室內,23.0091,120.2303,台南,44,良好,1.08,Low Risk,203
高雄市內門區金竹國民小學,吉民28號,高雄市內門區,室內,23.009137,120.514514,台南,44,良好,29.46,Low Risk,20
電光活動中心,3鄰中興85號,臺東縣關山鎮,室內,23.0093,121.1652,台東,33,良好,27.75,Low Risk,50
臺南市北區延平國中,公園路750號,臺南市北區,室內,23.0095,120.2107,台南,44,良好,1.97,Low Risk,3376
臺南市永康區體一運動公園,中正北路底豐化橋南端,臺南市永康區,室外,23.0095,120.2405,台南,44,良好,1.75,Low Risk,21333
臺南市北區文元文成里聯合活動中心,和緯路三段370號,臺南市北區,室內,23.0099,120.1942,台南,44,良好,3.53,Low Risk,30
臺南市永康區西灣里活動中心,永華街201巷12號,臺南市永康區,室內,23.0102,120.259,台南,44,良好,3.48,Low Risk,134
臺南市永康區北灣里活動中心,文賢街332號,臺南市永康區,室內,23.0119,120.2673,台南,44,良好,4.34,Low Risk,51
關山鎮月眉國民小學,盛豐路1號,臺東縣關山鎮,室內,23.0126,121.1425,台東,33,良好,28.17,Low Risk,40
臺南市北區實踐社區活動中心,大武街161號,臺南市北區,室內,23.0134,120.2158,台南,44,良好,1.88,Low Risk,35
臺南市北區開元國小,開元路71巷32號,臺南市北區,室內,23.0138,120.2219,台南,44,良好,1.63,Low Risk,2851
臺南市安南區海南里活動中心,府安路七段1巷2號,臺南市安南區,室內,23.0142,120.1822,台南,44,良好,4.84,Low Risk,45
臺南市北區昇平社區活動中心,長榮路五段452巷18號,臺南市北區,室內,23.0142,120.2146,台南,44,良好,2.03,Low Risk,68
臺南市永康區安康里活動中心,中華西街122巷62號,臺南市永康區,室內,23.0151,120.2281,台南,44,良好,1.69,Low Risk,52
臺南市北區文元國小,海安路三段815號,臺南市北區,室內,23.0154,120.2,台南,44,良好,3.25,Low Risk,1852
月眉活動中心,中和7之3號,臺東縣關山鎮,室內,23.0159,121.1516,台東,33,良好,28.49,Low Risk,50
臺南市永康區復華里活動中心,國華街110號,臺南市永康區,室內,23.0168,120.2452,台南,44,良好,2.65,Low Risk,467
臺南市安南區四草里活動中心,大眾路656號,臺南市安南區,室內,23.017087,120.128311,台南,44,良好,10.27,Low Risk,197
臺南市永康區社教中心,永大二路88號,臺南市永康區,室內,23.0187,120.26,台南,44,良好,3.98,Low Risk,1500
臺南市南化區東和里活動中心,東和19-1號,臺南市南化區,室內,23.0206,120.4741,台南,44,良好,25.4,Low Risk,110
臺南市永康區尚頂里活動中心,中華路920號,臺南市永康區,室內,23.0211,120.2233,台南,44,良好,2.39,Low Risk,46
臺南市永康區東橋里活動中心,東橋十街158號,臺南市永康區,室內,23.0212,120.2365,台南,44,良好,2.56,Low Risk,278
臺南市永康區大橋里活動中心,大橋三街230號,臺南市永康區,室內,23.0218,120.2296,台南,44,良好,2.45,Low Risk,134
集來社區活動中心,通仙巷221-1號,高雄市杉林區,室內,23.0222,120.5615,台南,44,良好,34.33,Low Risk,30
高雄市杉林區集來國民小學,通仙巷333號,高雄市杉林區,室內,23.022241,120.561499,台南,44,良好,34.34,Low Risk,480
臺南市永康區新樹里活動中心,富強路二段98號,臺南市永康區,室內,23.0229,120.2751,台南,44,良好,5.56,Low Risk,133
臺南市永康區甲頂里活動中心,中華路920-1號,臺南市永康區,室內,23.0237,120.2144,台南,44,良好,2.94,Low Risk,46
臺南市安南區安富里活動中心,郡安路5段164巷12弄1號,臺南市安南區,室內,23.02479,120.1966,台南,44,良好,4.16,Low Risk,221
臺南市永康區公所3樓禮堂,中山南路655號,臺南市永康區,室內,23.0261,120.257,台南,44,良好,4.24,Low Risk,98
臺南市左鎮區光榮國小澄山分校,77-3號,臺南市左鎮區,室內,23.0262,120.3855,台南,44,良好,16.49,Low Risk,80
臺南市南化區龍湖寺,東和95號,臺南市南化區,室內,23.0264,120.4969,台南,44,良好,27.79,Low Risk,80
臺南市永康區探索教育公園,永大三路30號,臺南市永康區,室外,23.0266,120.2579,台南,44,良好,4.35,Low Risk,20000
"成功鎮信義國民小學 Xin-Yi Elementary School,Chenggon Township","都歷路58號No.58, Duli Rd., Chenggong Township, Taitung County 961, Taiwan R.O.C.",臺東縣成功鎮,室內,23.02686,121.330869,台東,33,良好,34.43,Low Risk,100
臺南市安南區海佃國民中學,安富街166號,臺南市安南區,室內,23.026965,120.197792,台南,44,良好,4.23,Low Risk,367
臺南市安南區溪北里活動中心,文安街66號,臺南市安南區,室內,23.027,120.213,台南,44,良好,3.33,Low Risk,199
臺南市安南區溪墘里活動中心,海佃路一段372巷50號,臺南市安南區,室內,23.0279,120.1922,台南,44,良好,4.72,Low Risk,228
臺南市永康區永康國民小學,中山南路637號,臺南市永康區,室內,23.027954,120.24811,台南,44,良好,3.8,Low Risk,616
都歷活動中心 Du-Li Community Center,"都歷路115號No.115, Duli Rd., Chenggong Township, Taitung County 961, Taiwan R.O.C.",臺東縣成功鎮,室內,23.028107,121.33089,台東,33,良好,34.55,Low Risk,20
臺南市新化區體育公園,公園路110號,臺南市新化區,室外,23.0295,120.3067,台南,44,良好,8.81,Low Risk,1000
臺南市安南區安順國中-順中館,安和路三段227號,臺南市安南區,室內,23.0313,120.2126,台南,44,良好,3.79,Low Risk,1900
北源活動中心村辦公處,美蘭19鄰43-1號,臺東縣東河鄉,室內,23.031352,121.286649,台東,33,良好,32.84,Low Risk,100
臺南市永康區龍潭里活動中心,龍國街400號,臺南市永康區,室內,23.0314,120.2667,台南,44,良好,5.37,Low Risk,159
高雄市六龜區新發國民小學,和平路130號,高雄市六龜區,室內,23.031783,120.662467,台南,44,良好,44.72,Low Risk,354
新發社區活動中心,和平路115之1號,高雄市六龜區,室內,23.032,120.6633,台南,44,良好,44.81,Low Risk,100
臺南市安南區安西里活動中心,安西路101號,臺南市安南區,室內,23.032486,120.208978,台南,44,良好,4.06,Low Risk,310
臺南市新化區保生大帝廟,洋子127號,臺南市新化區,室內,23.0334,120.2959,台南,44,良好,7.98,Low Risk,150
臺南市安南區安東里活動中心,安和路一段478巷2弄120號,臺南市安南區,室內,23.033564,120.214219,台南,44,良好,3.96,Low Risk,385
慈霖園原木梓國小,茄苳巷160號,高雄市杉林區,室內,23.033981,120.534542,台南,44,良好,31.71,Low Risk,200
臺南市安南區理想大安社區活動中心,大安街135號,臺南市安南區,室內,23.034,120.1931,台南,44,良好,5.13,Low Risk,281
關山鎮老人文康活動中心,忠孝路18巷2號1樓,臺東縣關山鎮,室內,23.0352,121.1682,台東,33,良好,30.63,Low Risk,100
臺南市安南區?田里活動中心,?安路28號,臺南市安南區,室內,23.0367,120.1411,台南,44,良好,9.69,Low Risk,287
臺南市新化區大新國小大禮堂,太平街176 號,臺南市新化區,室內,23.0379,120.2991,台南,44,良好,8.51,Low Risk,150
臺南市新化區新化國中大禮堂,中興路722號,臺南市新化區,室內,23.0379,120.3076,台南,44,良好,9.28,Low Risk,500
臺南市新化區新化果菜市場停車場,建國街40號,臺南市新化區,室外,23.038,120.3093,台南,44,良好,9.44,Low Risk,150
臺南市安南區海西里活動中心,海環街186號,臺南市安南區,室內,23.038021,120.18432,台南,44,良好,6.08,Low Risk,202
臺南市新化區公所3樓展演廳,中山路130號,臺南市新化區,室內,23.0382,120.3108,台南,44,良好,9.58,Low Risk,100
臺南市新化區新化國小大禮堂,中山路173號,臺南市新化區,室內,23.0383,120.311,台南,44,良好,9.61,Low Risk,200
臺南大學附屬啟聰學校活動中心,信義路52號,臺南市新化區,室內,23.0386,120.3193,台南,44,良好,10.39,Low Risk,100
臺南市新化區新化高中新民館,忠孝路2號,臺南市新化區,室內,23.0391,120.3326,台南,44,良好,11.66,Low Risk,1000
里?活動中心,崁頂46之1號,臺東縣關山鎮,室內,23.0392,121.161,台東,33,良好,31.07,Low Risk,100
臺南市安南區安慶里活動中心,長溪路一段168巷133號,臺南市安南區,室內,23.0397,120.2101,台南,44,良好,4.75,Low Risk,413
北源國小,順那21號,臺東縣東河鄉,室內,23.039731,121.292706,台東,33,良好,33.94,Low Risk,111
臺南市永康區埔園里活動中心,永大路三段618巷111號,臺南市永康區,室內,23.040107,120.252374,台南,44,良好,5.18,Low Risk,147
臺南市永康區鹽行文化會館,正南八街1號,臺南市永康區,室內,23.0402,120.2395,台南,44,良好,4.66,Low Risk,167
臺南市新化區唪口順天宮,唪口142號之26,臺南市新化區,室內,23.0407,120.2901,台南,44,良好,7.9,Low Risk,200
臺南市安南區安慶國民小學,安中路一段703巷80號,臺南市安南區,室內,23.040741,120.192929,台南,44,良好,5.72,Low Risk,1600
臺南市安南區鹿耳門天后宮-公館,媽祖宮一街136號,臺南市安南區,室內,23.04156,120.10991,台南,44,良好,12.84,Low Risk,500
臺東縣池上鄉萬安國民小學振興分校,6鄰36號,臺東縣池上鄉,室內,23.0426,121.1951,台東,33,良好,31.64,Low Risk,100
臺南市南化區老人文康中心,南化172-1號,臺南市南化區,室內,23.0431,120.4776,台南,44,良好,26.1,Low Risk,160
靈隱寺備用,光華路1號,高雄市甲仙區,室內,23.0446,120.55,台南,44,良好,33.44,Low Risk,200
臺南市永康區鹽洲里活動中心,鹽行路100巷40弄16號,臺南市永康區,室內,23.0448,120.2338,台南,44,良好,5.04,Low Risk,294
臺南市永康區烏竹里活動中心,烏竹北街85號,臺南市永康區,室內,23.0449,120.2633,台南,44,良好,6.24,Low Risk,109
臺南市安南區媽祖宮社區活動中心,媽祖宮五街10號,臺南市安南區,室內,23.045997,120.127812,台南,44,良好,11.36,Low Risk,393
新福活動中心,溪埔34之1號,臺東縣關山鎮,室內,23.0461,121.1722,台東,33,良好,31.86,Low Risk,50
臺南市安南區公所,安中路二段308號,臺南市安南區,室內,23.0472,120.1848,台南,44,良好,6.8,Low Risk,80
中福活動中心,中華路68號2樓,臺東縣關山鎮,室內,23.0491,121.1636,台東,33,良好,32.17,Low Risk,100
臺南市安南區海東國民小學,安中路三段381號,臺南市安南區,室內,23.049279,120.174766,台南,44,良好,7.66,Low Risk,1200
高雄市甲仙區寶隆國民小學（備用）,光華路20號,高雄市甲仙區,室內,23.049345,120.555507,台南,44,良好,34.08,Low Risk,150
臺南市安南區安南國中-禮堂,安中路三段252號,臺南市安南區,室內,23.0496,120.1773,台南,44,良好,7.5,Low Risk,1750
豐田活動中心 Fong-Tian Community Center,"豐田路90號No.90, Fongtian Rd., Chenggong Township, Taitung County 961, Taiwan R.O.C.",臺東縣成功鎮,室內,23.050198,121.338751,台東,33,良好,37.08,Low Risk,20
臺南市安南區原佃里活動中心,本原街一段167巷36弄46號,臺南市安南區,室內,23.0505,120.1971,台南,44,良好,6.4,Low Risk,284
關山鎮關山國民小學,中華路101號,臺東縣關山鎮,室內,23.0506,121.1634,台東,33,良好,32.34,Low Risk,500
元宋太祖宮,嶺頂巷65號,高雄市甲仙區,室內,23.0507,120.5642,台南,44,良好,34.98,Low Risk,50
臺南市永康區王行里活動中心,王行路866巷29弄118號,臺南市永康區,室內,23.0511,120.2778,台南,44,良好,7.72,Low Risk,104
豐泉活動中心,忠孝路18巷2號2樓,臺東縣關山鎮,室內,23.0533,121.1536,台東,33,良好,32.64,Low Risk,50
關山鎮德高國民小學,7鄰永豐16號,臺東縣關山鎮,室內,23.0533,121.1536,台東,33,良好,32.64,Low Risk,200
臺南市安南區梅花里活動中心,安中路一段557巷25號,臺南市安南區,室內,23.05388,120.1699,台南,44,良好,8.37,Low Risk,164
臺南市南化區中坑里活動中心,中坑38-6號,臺南市南化區,室內,23.0539,120.4715,台南,44,良好,25.74,Low Risk,80
高雄市桃源區寶山國民小學,二集團98號,高雄市桃源區,室內,23.0554,120.7221,台南,44,良好,51.05,Low Risk,250
高雄市桃源區寶山國民小學,寶山里98 號,高雄市桃源區,室內,23.055409,120.72159,台南,44,良好,51.0,Low Risk,150
臺南市左鎮區左鎮國中,170號,臺南市左鎮區,室內,23.0562,120.4106,台南,44,良好,19.81,Low Risk,230
臺南市左鎮區公所,171-4號,臺南市左鎮區,室內,23.0565,120.4087,台南,44,良好,19.64,Low Risk,40
臺南市安南區城西里活動中心,城西街三段431號,臺南市安南區,室內,23.057,120.0956,台南,44,良好,14.86,Low Risk,291
臺南市左鎮區老人活動中心,15-4號,臺南市左鎮區,室內,23.0577,120.4061,台南,44,良好,19.43,Low Risk,40
臺南市安南區城南里活動中心,城西街一段61巷28弄98號,臺南市安南區,室內,23.0606,120.1272,台南,44,良好,12.23,Low Risk,220
臺南市安南區東和里活動中心,長和路一段805號,臺南市安南區,室內,23.062,120.2287,台南,44,良好,6.91,Low Risk,73
臺南市安南區布袋里活動中心,長和路四段231巷60弄41號,臺南市安南區,室內,23.0632,120.2071,台南,44,良好,7.32,Low Risk,223
臺南市安南區安佃國民小學,海佃路4段493號,臺南市安南區,室內,23.064001,120.173444,台南,44,良好,8.98,Low Risk,150
臺南市新化區接天寺,那拔林500號,臺南市新化區,室內,23.0646,120.3482,台南,44,良好,14.35,Low Risk,400
臺南市左鎮區榮和里活動中心,60-7號,臺南市左鎮區,室內,23.0646,120.3887,台南,44,良好,18.05,Low Risk,30
臺南市安南區長安國民小學,長溪路三段249號,臺南市安南區,室內,23.065467,120.197829,台南,44,良好,7.87,Low Risk,1250
臺南市安南區和順國民中學,安和路5段84巷66號,臺南市安南區,室內,23.06584,120.2208,台南,44,良好,7.36,Low Risk,1179
臺南市安南區佃東佃西社區活動中心,公學路四段325號,臺南市安南區,室內,23.0661,120.1743,台南,44,良好,9.12,Low Risk,169
臺南市安南區土城國民小學,城北路195號,臺南市安南區,室內,23.066375,120.131192,台南,44,良好,12.27,Low Risk,1498
臺南市安南區正統鹿耳門土城聖母廟,城安路160號,臺南市安南區,室內,23.0668,120.1273,台南,44,良好,12.62,Low Risk,800
臺南市安南區和順國民小學,安和路五段178巷5號,臺南市安南區,室內,23.066821,120.218204,台南,44,良好,7.49,Low Risk,1180
臺南市安南區城東里活動中心,城安路73號,臺南市安南區,室內,23.066898,120.127576,台南,44,良好,12.6,Low Risk,285
臺南市南化區茅埔活動中心,玉山132-3號,臺南市南化區,室內,23.0676,120.5153,台南,44,良好,30.46,Low Risk,100
臺南市新化區那拔國小操場,那拔54號,臺南市新化區,室內,23.0677,120.3497,台南,44,良好,14.65,Low Risk,300
臺南市安南區州北里活動中心,安昌街22號,臺南市安南區,室內,23.0682,120.2174,台南,44,良好,7.66,Low Risk,325
臺南市安南區塭南里活動中心,安昌街130號,臺南市安南區,室內,23.071146,120.219603,台南,44,良好,7.96,Low Risk,335
荖濃社區活動中心,南橫路97號,高雄市六龜區,室內,23.0731,120.673772,台南,44,良好,46.45,Low Risk,100
臺南市安南區南興國民小學,公學路五段627號,臺南市安南區,室內,23.07394,120.160816,台南,44,良好,10.65,Low Risk,1090
德高活動中心,8鄰永豐105之1號,臺東縣關山鎮,室內,23.0748,121.1776,台東,33,良好,35.07,Low Risk,100
臺南市新市區文康育樂中心,忠孝街189號,臺南市新市區,室內,23.0751,120.2945,台南,44,良好,10.85,Low Risk,290
臺南市南化區玉山里活動中心,玉山65號,臺南市南化區,室內,23.0757,120.5201,台南,44,良好,31.16,Low Risk,90
臺南市安南區青草里活動中心,青砂街二段371巷2號,臺南市安南區,室內,23.07598,120.112012,台南,44,良好,14.48,Low Risk,278
臺南市新市區老人文康活動中心,社內91-22號,臺南市新市區,室內,23.0766,120.2816,台南,44,良好,10.2,Low Risk,410
臺南市安南區青草國民小學,青砂街二段105巷32號,臺南市安南區,室內,23.076717,120.117215,台南,44,良好,14.1,Low Risk,725
臺南市山上區豐德里活動中心,豐德49-2號,臺南市山上區,室內,23.0774,120.3596,台南,44,良好,16.08,Low Risk,50
臺南市南化區北寮里活動中心,北寮3號,臺南市南化區,室內,23.0774,120.4915,台南,44,良好,28.41,Low Risk,110
大田老人活動中心（備用）,新興路49-1號,高雄市甲仙區,室內,23.078,120.5823,台南,44,良好,37.39,Low Risk,100
臺南市安南區學東國民小學,公學路6段589號,臺南市安南區,室內,23.07819,120.145483,台南,44,良好,12.05,Low Risk,600
臺南市新市區公所三樓大禮堂,中興街12號,臺南市新市區,室內,23.0787,120.2952,台南,44,良好,11.21,Low Risk,100
臺南市新市區新市國小學生活動中心,中興街1號,臺南市新市區,室內,23.0787,120.2958,台南,44,良好,11.25,Low Risk,300
臺南市安南區學東里活動中心,公學路六段661號,臺南市安南區,室內,23.0793,120.1431,台南,44,良好,12.31,Low Risk,276
臺南市安南區砂崙里活動中心,城北路871巷94弄17號,臺南市安南區,室內,23.079511,120.127523,台南,44,良好,13.48,Low Risk,250
臺南市安定區南興國小,六嘉30號,臺南市安定區,室內,23.0798,120.219,台南,44,良好,8.92,Low Risk,100
臺南市安定區南興國小,六嘉30號,臺南市安定區,室內,23.0798,120.219,台南,44,良好,8.92,Low Risk,150
高雄市立甲仙國民中學（備用）,文化南路6號,高雄市甲仙區,室內,23.080974,120.592022,台南,44,良好,38.43,Low Risk,270
富興村辦公處,4鄰62之1號,臺東縣池上鄉,室內,23.0813,121.2212,台東,33,良好,36.28,Low Risk,100
高雄市甲仙區甲仙國民小學備用,文化路45號,高雄市甲仙區,室內,23.081444,120.588891,台南,44,良好,38.13,Low Risk,521
臺南市新市區新市國中育樂堂,民族路76號,臺南市新市區,室內,23.0834,120.3005,台南,44,良好,11.96,Low Risk,500
臺南市新市區新市國中操場,民族路76號,臺南市新市區,室內,23.0834,120.3005,台南,44,良好,11.96,Low Risk,2000
臺南市安定區大同社區活動中心,大同81號,臺南市安定區,室內,23.0839,120.2231,台南,44,良好,9.35,Low Risk,100
甲仙和安社區活動中心備用,中山路56號,高雄市甲仙區,室內,23.084,120.5875,台南,44,良好,38.06,Low Risk,80
臺南市西港區新復里活動中心,溪埔寮19-9號,臺南市西港區,室內,23.085261,120.184578,台南,44,良好,10.43,Low Risk,270
龍鳳寺,油礦巷3號,高雄市甲仙區,室內,23.0855,120.601,台南,44,良好,39.44,Low Risk,500
臺南市新市區大社國小育賢三樓〈學生活動中心）,大社39號,臺南市新市區,室內,23.0863,120.3191,台南,44,良好,13.46,Low Risk,300
臺南市山上區平陽里活動中心,平陽48號,臺南市山上區,室內,23.0868,120.3807,台南,44,良好,18.47,Low Risk,50
麒麟活動中心 Chi-Lin Community Center,"麒麟路45-12號No.45-12, Chilin Rd., Chenggong Township, Taitung County 961, Taiwan R.O.C.",臺東縣成功鎮,室內,23.092456,121.356735,台東,33,良好,42.09,Low Risk,30
臺南市安定區複合式運動場四周及南安小操場,港口333-22號,臺南市安定區,室外,23.0928,120.2196,台南,44,良好,10.36,Low Risk,300
臺南市安定區複合式運動場四周及南安小操場,港口333-22號,臺南市安定區,室外,23.0928,120.2196,台南,44,良好,10.36,Low Risk,800
臺南市七股區十份里漁民活動中心,十份24-28號,臺南市七股區,室內,23.0942,120.1055,台南,44,良好,16.26,Low Risk,94
萬安村辦公處,1鄰萬安7號,臺東縣池上鄉,室內,23.0948,121.2185,台東,33,良好,37.72,Low Risk,100
臺南市七股區永吉里多功能活動中心,永吉16-8號,臺南市七股區,室內,23.0954,120.1288,台南,44,良好,14.61,Low Risk,37
臺南市安定區海寮社區活動中心,海寮15之3號,臺南市安定區,室內,23.0965,120.2112,台南,44,良好,10.86,Low Risk,200
臺南市安定區南安國小,南安62號,臺南市安定區,室內,23.0984,120.225,台南,44,良好,10.95,Low Risk,100
臺南市山上區新莊里大庄活動中心,大庄32號,臺南市山上區,室內,23.0987,120.3637,台南,44,良好,17.79,Low Risk,50
錦園村辦公處,1鄰新開園2號,臺東縣池上鄉,室內,23.0988,121.2203,台東,33,良好,38.19,Low Risk,100
臺南市七股區三股社區活動中心,三股39號,臺南市七股區,室內,23.0993,120.1182,台南,44,良好,15.68,Low Risk,61
海端鄉立托兒所Haiduan Nursery School,"3鄰山界17-3號No.17-3, Shanjie, Haiduan Township, Taitung County 957, Taiwan",臺東縣海端鄉,室內,23.100134,121.1767,台東,33,良好,37.88,Low Risk,80
臺南市山上區國民小學,南洲43號,臺南市山上區,室內,23.1008,120.3557,台南,44,良好,17.31,Low Risk,1000
臺南市山上區南洲里農民教育活動中心,南洲197號,臺南市山上區,室內,23.1011,120.3536,台南,44,良好,17.17,Low Risk,150
臺南市七股區義合里多功能活動中心,義合72之2號,臺南市七股區,室內,23.1013,120.1382,台南,44,良好,14.47,Low Risk,136
海端國小Haiduan Elementary School,"4鄰山界36號No.36, Shanjie, Haiduan Township, Taitung County 957, Taiwan",臺東縣海端鄉,室內,23.10145705,121.1761798,台東,33,良好,38.02,Low Risk,100
"成功鎮新港國民中學 Hsin-kang Junior High School, Chenggon Township","中正路1號No.1, Jhongjheng Rd., Chenggong Township, Taitung County 961, Taiwan R.O.C.",臺東縣成功鎮,室內,23.101696,121.376599,台東,33,良好,43.98,Low Risk,250
臺南市山上區山上里農民教育活動中心,山上134-1號,臺南市山上區,室內,23.1017,120.3577,台南,44,良好,17.53,Low Risk,150
臺南市山上區玉?里活動中心,玉?35號,臺南市山上區,室內,23.1017,120.3891,台南,44,良好,20.09,Low Risk,50
海端鄉公所Haiduan Township Office,"4鄰山界路43號No.43, Shanjie, Haiduan Township, Taitung County 957, Taiwan",臺東縣海端鄉,室內,23.10206982,121.1766199,台東,33,良好,38.09,Low Risk,50
臺南市七股區三股國小操場,三股100號,臺南市七股區,室內,23.102173,120.116949,台南,44,良好,16.0,Low Risk,100
三民里活動中心 San-Min Community Center,"三民路20號No.20, Sanmin Rd., Chenggong Township, Taitung County 961, Taiwan R.O.C.",臺東縣成功鎮,室內,23.10221,121.371943,台東,33,良好,43.79,Low Risk,20
臺南市七股區竹橋里多功能活動中心,竹橋33-1號,臺南市七股區,室內,23.1029,120.1637,台南,44,良好,13.15,Low Risk,134
臺南市山上區山上國民中學,山上130號,臺南市山上區,室內,23.103,120.3584,台南,44,良好,17.68,Low Risk,1000
臺南市安定區南安社區活動中心,南安1號,臺南市安定區,室內,23.1033,120.2274,台南,44,良好,11.5,Low Risk,50
臺南市安定區港尾社區活動中心,港尾74-11號,臺南市安定區,室內,23.1038,120.2338,台南,44,良好,11.57,Low Risk,50
臺南市西港區成功國小,竹林11號,臺南市西港區,室內,23.1042,120.1794,台南,44,良好,12.57,Low Risk,850
行政院國軍退除役官兵輔導委員會佳里榮譽國民之家,三股147號,臺南市七股區,室內,23.1043,120.1231,台南,44,良好,15.73,Low Risk,21
三民里第2市場 San-Min Second Market,"三民路111號No.111, Sanmin Rd., Chenggong Township, Taitung County 961, Taiwan R.O.C.",臺東縣成功鎮,室內,23.104389,121.374961,台東,33,良好,44.15,Low Risk,50
國立成功商業水產職業學校,太平路52號,臺東縣成功鎮,室內,23.104484,121.381984,台東,33,良好,44.53,Low Risk,200
忠智里活動中心 Jhong-Jhi Community Center,"五權路164號No.164, Wucyuan Rd., Chenggong Township, Taitung County 961, Taiwan R.O.C.",臺東縣成功鎮,室內,23.104757,121.380248,台東,33,良好,44.46,Low Risk,30
高雄市桃源區建山國民小學,建山里96號,高雄市桃源區,室內,23.105377,120.682598,台南,44,良好,48.08,Low Risk,68
臺南市玉井區望明里活動中心,望明76號,臺南市玉井區,室內,23.1058,120.4562,台南,44,良好,26.25,Low Risk,70
新興村辦公處,4鄰48之1號,臺東縣池上鄉,室內,23.1066,121.2069,台東,33,良好,38.85,Low Risk,100
建山社區活動中心,建山巷86號,高雄市桃源區,室內,23.1067,120.684,台南,44,良好,48.25,Low Risk,120
臺南市山上區明和里活動中心,明和98號,臺南市山上區,室內,23.1078,120.3481,台南,44,良好,17.25,Low Risk,150
臺南市西港區廣興宮,中港24號,臺南市西港區,室內,23.1079,120.1937,台南,44,良好,12.48,Low Risk,140
寶來社區活動中心,中正路89號,高雄市六龜區,室內,23.10881,120.70089,台南,44,良好,49.99,Low Risk,100
高雄市六龜區寶來國民小學,中正路89號,高雄市六龜區,室內,23.108831,120.700921,台南,44,良好,49.99,Low Risk,257
高雄市立寶來國民中學,中正路137號,高雄市六龜區,室內,23.109359,120.703635,台南,44,良好,50.27,Low Risk,244
臺南市七股區樹林國小操場,樹林65-11號,臺南市七股區,室內,23.110999,120.156033,台南,44,良好,14.32,Low Risk,100
臺南市玉井區沙田里活動中心,沙田33-3號,臺南市玉井區,室內,23.1118,120.4791,台南,44,良好,28.65,Low Risk,60
關山社區活動中心,中興路17號,高雄市甲仙區,室內,23.1126,120.6054,台南,44,良好,40.7,Low Risk,80
臺南市七股區樹林社區活動中心,樹林5-8號,臺南市七股區,室內,23.1139,120.1572,台南,44,良好,14.54,Low Risk,138
臺南市安定區安定國中操場,安加262-1號,臺南市安定區,室內,23.114,120.234,台南,44,良好,12.71,Low Risk,500
臺南市七股區竹港社區活動中心,竹港52-19號,臺南市七股區,室內,23.1142,120.1748,台南,44,良好,13.78,Low Risk,74
臺南市安定區圖書館,安加262之8號,臺南市安定區,室內,23.1145,120.2343,台南,44,良好,12.77,Low Risk,150
臺東縣立池上國民中學,7鄰新興88號,臺東縣池上鄉,室內,23.115321,121.20497,台東,33,良好,39.79,Low Risk,300
臺東縣池上鄉萬安國民小學,1鄰5號之2,臺東縣池上鄉,室內,23.1172,121.1896,台東,33,良好,39.85,Low Risk,90
臺南市大內區曲溪社區活動中心,曲溪51-2號,臺南市大內區,室內,23.1181,120.3874,台南,44,良好,21.03,Low Risk,15
臺南市安定區體育運動公園（防災公園）,安加243-5號旁,臺南市安定區,室外,23.118189,120.23815,台南,44,良好,13.2,Low Risk,600
臺南市安定區體育運動公園（防災公園）,安加243-5號旁,臺南市安定區,室外,23.118189,120.23815,台南,44,良好,13.2,Low Risk,1000
臺南市大內區大內國小,大內63號,臺南市大內區,室內,23.1186,120.3613,台南,44,良好,19.06,Low Risk,230
臺南市西港區老人文康活動中心,後營1-2號,臺南市西港區,室內,23.1188,120.1958,台南,44,良好,13.6,Low Risk,340
臺南市安定區安定國中,安加262-1號,臺南市安定區,室內,23.1196,120.2381,台南,44,良好,13.36,Low Risk,100
臺南市安定區老人文康活動中心,安定131之1號,臺南市安定區,室內,23.1198,120.2372,台南,44,良好,13.37,Low Risk,50
大埔村辦公處,大埔14號,臺東縣池上鄉,室內,23.1209,121.215,台東,33,良好,40.54,Low Risk,100
臺南市玉井區玉井國小,中正路1號,臺南市玉井區,室內,23.121,120.4588,台南,44,良好,27.28,Low Risk,450
臺南市西港區慶安社區活動中心,新興街107巷32號,臺南市西港區,室內,23.1211,120.1805,台南,44,良好,14.29,Low Risk,730
臺南市西港區港東里活動中心,烏竹林58-5號,臺南市西港區,室內,23.1211,120.2019,台南,44,良好,13.72,Low Risk,240
臺南市安定區公所,安定59號,臺南市安定區,室內,23.1213,120.2372,台南,44,良好,13.54,Low Risk,50
臺南市大內區大內國中,內江319-1號,臺南市大內區,室內,23.1219,120.3544,台南,44,良好,18.82,Low Risk,800
臺南市大內區石子瀨社區活動中心,石城114-66號,臺南市大內區,室內,23.122181,120.354388,台南,44,良好,18.84,Low Risk,20
臺南市大內區二溪社區活動中心,二溪198-1號,臺南市大內區,室內,23.1223,120.3926,台南,44,良好,21.74,Low Risk,30
池上鄉公所,中山路101號,臺東縣池上鄉,室內,23.1225,121.215,台東,33,良好,40.71,Low Risk,50
臺南市善化區小新社區活動中心,小新113號之24,臺南市善化區,室內,23.1226,120.3146,台南,44,良好,16.33,Low Risk,100
臺南市安定區安定國小操場,安定1號,臺南市安定區,室內,23.1229,120.2466,台南,44,良好,13.82,Low Risk,300
臺南市玉井區綜合體育館,民族路216號,臺南市玉井區,室內,23.1229,120.4683,台南,44,良好,28.23,Low Risk,200
大坡村辦公處,大坡38之2號,臺東縣池上鄉,室內,23.123,121.2323,台東,33,良好,41.05,Low Risk,100
臺南市玉井區玉井國中,大成路152號,臺南市玉井區,室內,23.1231,120.4703,台南,44,良好,28.42,Low Risk,450
臺南市玉井區公所二樓,中正路27號,臺南市玉井區,室內,23.1235,120.4602,台南,44,良好,27.54,Low Risk,50
臺南市西港區西港國中,文化路41號,臺南市西港區,室內,23.123745,120.20505,台南,44,良好,13.95,Low Risk,180
米鄉-池上文化館,公園路2號,臺東縣池上鄉,室內,23.1238,121.208,台東,33,良好,40.76,Low Risk,100
臺南市西港區慶安宮,慶安路32號,臺南市西港區,室內,23.1239,120.2032,台南,44,良好,14.0,Low Risk,150
臺南市西港區私立港明中學,慶安路229號,臺南市西港區,室內,23.1239,120.2153,台南,44,良好,13.84,Low Risk,150
臺南市玉井區豐里里活動中心,豐里59-10號,臺南市玉井區,室內,23.124,120.4444,台南,44,良好,26.18,Low Risk,60
高台真耶穌教會 Gao-Tai Jesus Church,"高台路33號No.33, Gaotai Rd., Chenggong Township, Taitung County 961, Taiwan R.O.C.",臺東縣成功鎮,室內,23.124493,121.396336,台東,33,良好,47.19,Low Risk,50
臺南市善化區小新國小,小新79號,臺南市善化區,室內,23.125,120.312,台南,44,良好,16.41,Low Risk,360
臺南市佳里區塭內國小,塭子內40號,臺南市佳里區,室內,23.1253,120.165,台南,44,良好,15.31,Low Risk,1200
臺東縣池上鄉福原國民小學,中華路17號,臺東縣池上鄉,室內,23.1253,121.2149,台東,33,良好,41.02,Low Risk,300
臺東縣池上鄉大坡國民小學,87號,臺東縣池上鄉,室內,23.1255,121.2308,台東,33,良好,41.29,Low Risk,50
慶豐村辦公處,慶豐82號,臺東縣池上鄉,室內,23.1259,121.2297,台東,33,良好,41.32,Low Risk,100
臺南市佳里區蚶寮社區活動中心,蚶寮21號,臺南市佳里區,室內,23.1267,120.1596,台南,44,良好,15.69,Low Risk,550
福文村辦公處,文化路20號,臺東縣池上鄉,室內,23.1268,121.216,台東,33,良好,41.2,Low Risk,100
臺南市善化區文昌社區活動中心,光復路175-1號,臺南市善化區,室內,23.1273,120.2907,台南,44,良好,15.6,Low Risk,110
臺南市七股區溪南里漁民活動中心,溪南28號,臺南市七股區,室內,23.1276,120.1198,台南,44,良好,17.94,Low Risk,134
臺南市善化區大成國小,大成路385號,臺南市善化區,室內,23.1284,120.2951,台南,44,良好,15.9,Low Risk,420
高雄市桃源區興中國民小學,興中巷44號,高雄市桃源區,室內,23.128565,120.719029,嘉義,42,良好,49.67,Low Risk,199
高中社區活動中心,興中巷44號,高雄市桃源區,室內,23.1286,120.719,嘉義,42,良好,49.66,Low Risk,80
高雄市桃源區興中國民小學,興中巷44號,高雄市桃源區,室內,23.1286,120.719,嘉義,42,良好,49.66,Low Risk,250
三仙真耶穌教會 San-Xian True Jesus Church,"白蓮路140號No.140, Bailian Rd., Chenggong Township, Taitung County 961, Taiwan R.O.C.",臺東縣成功鎮,室內,23.129168,121.400094,台東,33,良好,47.83,Low Risk,50
臺南市玉井區清芳社區活動中心,健康路10號,臺南市玉井區,室內,23.1313,120.4693,台南,44,良好,28.78,Low Risk,60
陸安聚會所,陸安27號,臺東縣池上鄉,室內,23.1315,121.1867,台東,33,良好,41.42,Low Risk,100
臺南市七股區七股社區活動中心,七股103-1號,臺南市七股區,室內,23.1343,120.1275,台南,44,良好,18.08,Low Risk,50
臺南市善化區善化國小,進學路63號,臺南市善化區,室內,23.1354,120.2888,台南,44,良好,16.34,Low Risk,400
臺南市善化區文正社區活動中心,文正路25巷18號,臺南市善化區,室內,23.1364,120.2863,台南,44,良好,16.35,Low Risk,170
臺南市七股區玉成社區活動中心,玉成17號,臺南市七股區,室內,23.1369,120.1343,台南,44,良好,17.94,Low Risk,44
臺南市七股區龍山里漁民活動中心,龍山211-33號,臺南市七股區,室內,23.1371,120.1146,台南,44,良好,19.1,Low Risk,326
臺南市善化區文康育樂中心,進學路150號,臺南市善化區,室內,23.1378,120.2891,台南,44,良好,16.6,Low Risk,560
臺南市善化區茄拔國小,茄拔280號,臺南市善化區,室內,23.1383,120.3248,台南,44,良好,18.36,Low Risk,350
臺南市善化區牛庄里活動中心,牛庄138號,臺南市善化區,室內,23.1385,120.3172,台南,44,良好,17.97,Low Risk,170
臺南市善化區老人文康活動中心,茄拔271號,臺南市善化區,室內,23.1387,120.3248,台南,44,良好,18.4,Low Risk,440
臺南市善化區老人文康活動中心,茄拔271號,臺南市善化區,室內,23.1387,120.3248,台南,44,良好,18.4,Low Risk,440
臺南市七股區七股國小,大埕395號,臺南市七股區,室內,23.1392,120.1384,台南,44,良好,17.94,Low Risk,145
臺南市西港區永樂里活動中心,大塭寮59-35號,臺南市西港區,室內,23.1392,120.2159,台南,44,良好,15.53,Low Risk,250
臺南市七股區私立昭明國中,大埕315號,臺南市七股區,室內,23.1422,120.1422,台南,44,良好,18.04,Low Risk,350
臺南市善化區陽明國小,胡家300號,臺南市善化區,室內,23.143,120.2733,台南,44,良好,16.6,Low Risk,400
臺南市大內區頭社社區活動中心,頭社10-1號,臺南市大內區,室內,23.143,120.3848,台南,44,良好,22.67,Low Risk,20
豐南社區活動中心,豐南7鄰12-3號,花蓮縣富里鄉,室內,23.143,121.2686,台東,33,良好,44.02,Low Risk,50
臺南市佳里區通興國小,埔頂5-1號,臺南市佳里區,室內,23.1448,120.1576,台南,44,良好,17.6,Low Risk,1400
臺南市大內區環湖社區活動中心,環湖56號,臺南市大內區,室內,23.145,120.4204,台南,44,良好,25.54,Low Risk,65
臺南市七股區大埕里漁民活動中心,大埕271-1號,臺南市七股區,室內,23.1452,120.1421,台南,44,良好,18.34,Low Risk,127
臺南市善化區胡家里活動中心,胡厝寮42-2號,臺南市善化區,室內,23.1456,120.2722,台南,44,良好,16.85,Low Risk,270
高雄市甲仙區小林國民小學備用,五里路24-2號,高雄市甲仙區,室內,23.148576,120.63203,嘉義,42,良好,43.27,Low Risk,370
臺南市七股區?榔里多功能活動中心,?榔42-1號,臺南市七股區,室內,23.1487,120.1518,台南,44,良好,18.24,Low Risk,138
臺南市七股區大寮社區活動中心,大寮36-12號,臺南市七股區,室內,23.1502,120.1531,台南,44,良好,18.34,Low Risk,143
小林社區活動中心備用,西拉雅路2巷1號,高雄市甲仙區,室內,23.1503,120.6356,嘉義,42,良好,43.26,Low Risk,0
臺南市七股區鹽埕社區活動中心,鹽埕165-1號,臺南市七股區,室內,23.1512,120.0891,台南,44,良好,21.95,Low Risk,138
臺南市善化區溪美社區活動中心,溪美71號,臺南市善化區,室內,23.1512,120.2843,台南,44,良好,17.82,Low Risk,300
臺南市佳里區仁愛國小,仁愛路307號,臺南市佳里區,室內,23.1532,120.1794,台南,44,良好,17.73,Low Risk,1700
臺南市善化區田寮里活動中心,田寮里15鄰六分寮168之9號,臺南市善化區,室內,23.1533,120.3041,台南,44,良好,18.8,Low Risk,300
臺南市七股區中寮社區活動中心,中寮63-2號,臺南市七股區,室內,23.1546,120.1083,台南,44,良好,21.05,Low Risk,331
臺南市七股區城內里活動中心,城內16-3號,臺南市七股區,室內,23.1546,120.1085,台南,44,良好,21.04,Low Risk,104
臺南市善化區六德里活動中心,六分寮227之1號,臺南市善化區,室內,23.1552,120.304,台南,44,良好,18.98,Low Risk,140
臺南市善化區大同國小,六分寮200號,臺南市善化區,室內,23.1555,120.3057,台南,44,良好,19.09,Low Risk,500
臺南市西港區圖書館,中山路370號,臺南市西港區,室內,23.1556,120.2023,台南,44,良好,17.49,Low Risk,210
臺南市西港區後營國小金砂分校,砂凹子10-1號,臺南市西港區,室內,23.156565,120.205562,台南,44,良好,17.56,Low Risk,290
"成功鎮忠孝國民小學 Jhong-Hsiao Elementary School, Chenggon Township","成廣路8號No.8, Chengguang Rd., Chenggong Township, Taitung County 961, Taiwan R.O.C.",臺東縣成功鎮,室內,23.156879,121.399532,台東,33,良好,50.47,Low Risk,150
小港活動中心 Siao-Gang Community Center,"成廣路7號No.7, Chengguang Rd., Chenggong Township, Taitung County 961, Taiwan R.O.C.",臺東縣成功鎮,室內,23.157523,121.400891,台東,33,良好,50.6,Low Risk,20
臺南市佳里區佳里國中,安南路523號,臺南市佳里區,室內,23.1577,120.1707,台南,44,良好,18.46,Low Risk,3600
臺南市七股區篤加社區活動中心,篤加47-7號,臺南市七股區,室內,23.1592,120.1277,台南,44,良好,20.41,Low Risk,238
臺南市佳里區信義國小,信義路336號,臺南市佳里區,室內,23.1596,120.1821,台南,44,良好,18.34,Low Risk,1700
高雄市桃源區桃源國民小學,北進巷50號,高雄市桃源區,室內,23.160472,120.765756,嘉義,42,良好,49.77,Low Risk,2871
桃源文物館,北進巷50號,高雄市桃源區,室內,23.1605,120.7658,嘉義,42,良好,49.77,Low Risk,150
玉寶宮,富南村4鄰42-1號,花蓮縣富里鄉,室內,23.1612,121.2399,台東,33,良好,45.36,Low Risk,20
臺南市麻豆區太子宮預備,安業272-3號,臺南市麻豆區,室內,23.1613,120.2446,台南,44,良好,18.04,Low Risk,1200
臺南市佳里區六里活動中心,佳東路327巷20號,臺南市佳里區,室內,23.1616,120.1826,台南,44,良好,18.54,Low Risk,400
臺南市佳里區佳里國小,公園路445號,臺南市佳里區,室內,23.1639,120.1723,台南,44,良好,19.07,Low Risk,1750
坪林國小坪?分校〈音樂教室.綜合教室.籃球場〉,?仔坑路95號,臺中市太平區,室外,23.1671,121.0434,台東,33,良好,46.85,Low Risk,58
原霧鹿托兒所,3鄰霧鹿37號,臺東縣海端鄉,室內,23.16749,121.043335,台東,33,良好,46.9,Low Risk,50
臺南市佳里區北門高中,六安269號,臺南市佳里區,室內,23.1675,120.1766,台南,44,良好,19.33,Low Risk,2460
霧鹿國小Wulu Elementary School,"2鄰12號No.12, Wulu, Haiduan Township, Taitung County 957, Taiwan",臺東縣海端鄉,室內,23.16932024,121.0415684,台東,33,良好,47.14,Low Risk,180
臺南市七股區西寮社區活動中心,西寮1-3號,臺南市七股區,室內,23.1701,120.097,台南,44,良好,23.12,Low Risk,316
臺南市官田區渡拔國小,拔林77號之1,臺南市官田區,室內,23.1708,120.3266,台南,44,良好,21.57,Low Risk,550
永豐社區活動中心,永豐10鄰20-1號,花蓮縣富里鄉,室內,23.1714,121.2565,台東,33,良好,46.81,Low Risk,50
高雄市立桃源國民中學,南橫公路三段 201 號,高雄市桃源區,室內,23.171435,120.774908,嘉義,42,良好,49.48,Low Risk,329
勤和活動中心,南橫公路3段平台巷36號,高雄市桃源區,室內,23.1716,120.7756,嘉義,42,良好,49.52,Low Risk,80
臺南市南化區關山里活動中心,關山84-3號,臺南市南化區,室內,23.1735,120.5949,嘉義,42,良好,39.17,Low Risk,90
臺南市南化區瑞峰國小,關山96號,臺南市南化區,室內,23.1736,120.5953,嘉義,42,良好,39.18,Low Risk,30
臺南市佳里區子龍國小,潭墘5號,臺南市佳里區,室內,23.1739,120.202,台南,44,良好,19.51,Low Risk,1680
臺南市楠西區公所,中正路230號,臺南市楠西區,室內,23.17414,120.48633,台南,44,良好,32.86,Low Risk,40
臺南市楠西區楠西國小,四維路69號,臺南市楠西區,室內,23.174264,120.484764,台南,44,良好,32.74,Low Risk,690
富里老人文康中心,中山路205號,花蓮縣富里鄉,室內,23.174527,121.247624,台東,33,良好,46.97,Low Risk,100
臺南市佳里區北門農工,六安117號,臺南市佳里區,室內,23.1757,120.1799,台南,44,良好,20.13,Low Risk,2470
臺南市麻豆區龍泉社區活動中心預備,溝子墘20號,臺南市麻豆區,室內,23.178,120.257,台南,44,良好,20.04,Low Risk,50
石平社區活動中心,23鄰16-1號,花蓮縣卓溪鄉,室內,23.1784,121.2359,台東,33,良好,47.18,Low Risk,50
臺南市佳里區延平國小,頂?136號,臺南市佳里區,室內,23.1785,120.1526,台南,44,良好,21.26,Low Risk,1550
富里鄉公所2樓,中山路376號,花蓮縣富里鄉,室內,23.1795,121.2503,台東,33,良好,47.56,Low Risk,100
臺南市楠西區老人文康活動中心,民族路128號,臺南市楠西區,室內,23.180566,120.483134,台南,44,良好,33.02,Low Risk,80
臺南市七股區頂山里漁民活動中心,頂山144-3號,臺南市七股區,室內,23.1815,120.1122,台南,44,良好,23.35,Low Risk,121
臺南市官田區社子社區活動中心,2鄰社子11號,臺南市官田區,室內,23.1818,120.3595,台南,44,良好,24.35,Low Risk,30
臺南市楠西區玄空法寺,中華路270號,臺南市楠西區,室內,23.182021,120.482457,台南,44,良好,33.07,Low Risk,50
臺南市楠西區楠西國中,中興路107號,臺南市楠西區,室內,23.182736,120.484334,台南,44,良好,33.27,Low Risk,630
臺南市佳里區佳興國中,新宅34-1號,臺南市佳里區,室內,23.1829,120.1959,台南,44,良好,20.59,Low Risk,1950
麻豆國中學生活動中心,南勢36號,臺南市麻豆區,室內,23.183514,120.259982,台南,44,良好,20.7,Low Risk,400
臺南市麻豆區公所3樓預備,忠孝路250號,臺南市麻豆區,室內,23.1846,120.2585,台南,44,良好,20.79,Low Risk,200
臺南市麻豆區台灣首府大學圖資大樓6樓預備,南勢168號,臺南市麻豆區,室內,23.1847,120.2677,台南,44,良好,20.97,Low Risk,300
臺南市官田區官田社區活動中心,官田315號,臺南市官田區,室內,23.1855,120.3391,台南,44,良好,23.61,Low Risk,90
國立曾文高級農工職業學校操場室外避難處所,南勢1號,臺南市麻豆區,室外,23.1872,120.2627,台南,44,良好,21.15,Low Risk,1300
臺南市佳里區興化社區活動中心,興化545-11號,臺南市佳里區,室內,23.1873,120.186,台南,44,良好,21.25,Low Risk,350
臺南市七股區後港國小操場,臺潭1號,臺南市七股區,室內,23.187513,120.134384,台南,44,良好,22.91,Low Risk,600
臺南市七股區後港國中操場,頂潭93號,臺南市七股區,室內,23.188062,120.134441,台南,44,良好,22.96,Low Risk,200
臺南市七股區大潭里漁民活動中心,台潭28-6號,臺南市七股區,室內,23.1881,120.1327,台南,44,良好,23.04,Low Risk,177
臺南市官田區東西庄社區活動中心,西庄125號之2,臺南市官田區,室內,23.1881,120.2964,台南,44,良好,22.1,Low Risk,70
臺南市官田區官田國民中學,三民路29號,臺南市官田區,室內,23.18904,120.315915,台南,44,良好,22.92,Low Risk,2890
臺南市佳里區佳興國小,佳化214號,臺南市佳里區,室內,23.1891,120.1928,台南,44,良好,21.33,Low Risk,1440
臺南市將軍區朝天宮,鯤鯓236號,臺南市將軍區,室內,23.1899,120.0911,台南,44,良好,25.28,Low Risk,50
臺南市麻豆區代天府總站,關帝廟60號,臺南市麻豆區,室內,23.1902,120.2601,台南,44,良好,21.43,Low Risk,2100
臺南市官田區大崎社區活動中心,4鄰大崎30號之6,臺南市官田區,室內,23.1906,120.3707,台南,44,良好,25.81,Low Risk,60
臺南市官田區隆田國小活動中心,中山路一段129號,臺南市官田區,室內,23.1923,120.3141,台南,44,良好,23.18,Low Risk,1000
基督長老教會The Presbyterian Church（博愛教會 Bo-ai Church）,"重安路56號No.56, Chongan Rd., Chenggong Township, Taitung County 961, Taiwan R.O.C.",臺東縣成功鎮,室內,23.192472,121.395353,台東,33,良好,53.77,Low Risk,50
石牌社區活動中心,8鄰富北34-2號,花蓮縣富里鄉,室內,23.1928,121.2643,台東,33,良好,49.3,Low Risk,30
臺南市官田區體育公園,三民路25號,臺南市官田區,室外,23.193074,120.315519,台南,44,良好,23.31,Low Risk,280
臺南市官田區隆本里活動中心,興隆街33號,臺南市官田區,室內,23.1977,120.3159,台南,44,良好,23.8,Low Risk,60
臺南市將軍區漚汪國小,長榮4號,臺南市將軍區,室內,23.1978,120.1594,台南,44,良好,23.06,Low Risk,300
臺南市將軍區漚汪國小,長榮4號,臺南市將軍區,室內,23.1978,120.1594,台南,44,良好,23.06,Low Risk,300
臺南市佳里區營頂社區活動中心,營頂102號,臺南市佳里區,室內,23.1987,120.1918,台南,44,良好,22.4,Low Risk,300
明里社區活動中心,3鄰明里37號,花蓮縣富里鄉,室內,23.1998,121.2522,台東,33,良好,49.81,Low Risk,50
臺南市將軍區老人文康活動中心,忠興180-50號,臺南市將軍區,室內,23.201,120.1606,台南,44,良好,23.37,Low Risk,200
臺南市將軍區老人文康活動中心,忠興180-50號,臺南市將軍區,室內,23.201,120.1606,台南,44,良好,23.37,Low Risk,200
羅山縱管處,9鄰東湖39號,花蓮縣富里鄉,室內,23.2021,121.2776,台東,33,良好,50.62,Low Risk,50
臺南市麻豆區海埔池王府預備,海埔80-1號,臺南市麻豆區,室內,23.2032,120.2122,台南,44,良好,22.66,Low Risk,300
臺南市麻豆區港尾社區活動中心預備,港子尾48之2號,臺南市麻豆區,室內,23.2042,120.2036,台南,44,良好,22.84,Low Risk,50
臺南市佳里區溪州社區活動中心,溪州2-1號,臺南市佳里區,室內,23.2047,120.184,台南,44,良好,23.19,Low Risk,300
臺南市將軍區將軍國中,昌平1-1號,臺南市將軍區,室內,23.206,120.1507,台南,44,良好,24.21,Low Risk,300
臺南市將軍區將軍國中,昌平1-1號,臺南市將軍區,室內,23.206,120.1507,台南,44,良好,24.21,Low Risk,300
臺南市將軍區三吉社區活動中心,三吉34號,臺南市將軍區,室內,23.2068,120.1341,台南,44,良好,24.89,Low Risk,50
臺南市下營區老人休閒活動中心,西寮13之25號,臺南市下營區,室內,23.2082,120.2632,台南,44,良好,23.46,Low Risk,50
宜灣天主堂Yi-Wan Catholic Church,"宜灣路108號No.108, Yiwan Rd., Chenggong Township, Taitung County 961, Taiwan R.O.C.",臺東縣成功鎮,室內,23.210374,121.400535,台東,33,良好,55.79,Low Risk,30
臺南市將軍區玉山社區活動中心,玉山79-5號,臺南市將軍區,室內,23.2109,120.1232,台南,44,良好,25.75,Low Risk,100
臺南市官田區南?里活動中心,5鄰南?65號之2,臺南市官田區,室內,23.2116,120.3046,台南,44,良好,24.85,Low Risk,110
臺南市下營區中營國小活動中心,中營270號,臺南市下營區,室內,23.213,120.2764,台南,44,良好,24.23,Low Risk,200
臺南市將軍區將軍國小,將貴58號,臺南市將軍區,室內,23.21436,120.13448,台南,44,良好,25.65,Low Risk,300
臺南市將軍區將軍國小,將貴58號,臺南市將軍區,室內,23.21436,120.13448,台南,44,良好,25.65,Low Risk,300
臺南市官田區二鎮社區活動中心,8鄰二鎮68號之1,臺南市官田區,室內,23.2168,120.3296,台南,44,良好,26.31,Low Risk,200
民族平台避難屋,鞍山巷81號,高雄市那瑪夏區,室內,23.2173,120.6927,嘉義,42,良好,40.13,Low Risk,180
臺南市六甲區嘉南國民小學,六甲區龍湖里珊瑚路301號,臺南市官田區,室內,23.217484,120.365156,台南,44,良好,28.02,Low Risk,400
臺南市將軍區苓保社區活動中心,苓保65-25號,臺南市將軍區,室內,23.2175,120.1657,台南,44,良好,24.99,Low Risk,50
台灣基督長老教會南布中會復興教會,愛玉路29號,高雄市桃源區,室內,23.218,120.8046,嘉義,42,良好,48.08,Low Risk,60
高雄市桃源區樟山國民小學復興分校,愛玉路38號,高雄市桃源區,室內,23.218,120.8046,嘉義,42,良好,48.08,Low Risk,250
臺南市下營區中營開化社區活動中心,中營242號,臺南市下營區,室內,23.2181,120.276,台南,44,良好,24.78,Low Risk,50
臺南市將軍區馬沙溝濱海活動中心,長沙24-30號,臺南市將軍區,室內,23.2182,120.095,台南,44,良好,27.77,Low Risk,50
財團法人基督復臨安息日教會台灣區復興教會,復興巷33號,高雄市桃源區,室內,23.2187,120.8062,嘉義,42,良好,48.15,Low Risk,60
臺南市六甲區大丘里活動中心,大丘園5號派出所旁,臺南市六甲區,室內,23.2191,120.4369,嘉義,42,良好,31.04,Low Risk,50
古風國小,崙天18號,花蓮縣卓溪鄉,室內,23.2192,121.2645,台東,33,良好,52.18,Low Risk,100
臺南市將軍區苓和國小,苓和132號,臺南市將軍區,室內,23.219838,120.161368,台南,44,良好,25.36,Low Risk,300
臺南市將軍區苓和國小,苓和132號,臺南市將軍區,室內,23.219838,120.161368,台南,44,良好,25.36,Low Risk,300
臺南市下營區中營地區民眾活動中心,茅港尾81-1號,臺南市下營區,室內,23.22,120.2839,台南,44,良好,25.16,Low Risk,260
崙天社區活動中心,1鄰20號,花蓮縣卓溪鄉,室內,23.2202,121.2649,台東,33,良好,52.29,Low Risk,50
臺南市將軍區苓和社區活動中心,苓和12-1號,臺南市將軍區,室內,23.2206,120.1669,台南,44,良好,25.3,Low Risk,100
臺南市將軍區廣安宮,廣山97號,臺南市將軍區,室內,23.221,120.1162,台南,44,良好,27.07,Low Risk,50
臺南市六甲區七甲龍湖聯合多功能活動中心,七甲街89巷2號,臺南市六甲區,室內,23.2223,120.3454,台南,44,良好,27.54,Low Risk,100
臺南市將軍區北埔社區活動中心,北埔94號,臺南市將軍區,室內,23.2224,120.1491,台南,44,良好,25.99,Low Risk,100
膽曼社區活動中心,16鄰9-3號,臺東縣長濱鄉,室內,23.223299,121.414327,台東,33,良好,57.71,Low Risk,100
臺南市將軍區巷口社區活動中心,仁巷56號,臺南市將軍區,室內,23.2239,120.1596,台南,44,良好,25.84,Low Risk,100
臺南市六甲區六甲國小,中正路319號,臺南市六甲區,室內,23.2256,120.3503,台南,44,良好,28.09,Low Risk,500
新興竹田聯合社區活動中心,1鄰東竹10號,花蓮縣富里鄉,室內,23.2261,121.2899,台東,33,良好,53.51,Low Risk,80
臺南市六甲區王爺里活動中心,番子坑19-1號黃萬枝旁,臺南市六甲區,室內,23.2266,120.4002,嘉義,42,良好,30.55,Low Risk,100
臺南市六甲區甲南里活動中心,珊瑚路17巷2-1號,臺南市六甲區,室內,23.2267,120.3526,台南,44,良好,28.31,Low Risk,100
臺南市六甲區六甲國中,民權街43號,臺南市六甲區,室內,23.2271,120.3489,台南,44,良好,28.18,Low Risk,400
臺南市六甲區二甲里活動中心,建工街266號,臺南市六甲區,室內,23.2278,120.3461,台南,44,良好,28.12,Low Risk,50
臺南市學甲區東陽國小活動中心,華宗路260號,臺南市學甲區,室內,23.2279,120.1835,台南,44,良好,25.74,Low Risk,500
臺南市六甲區六甲里活動中心,信義街238巷14弄17號,臺南市六甲區,室內,23.2295,120.3493,台南,44,良好,28.43,Low Risk,200
學甲區綜合體育館,建國路37-7號,臺南市學甲區,室內,23.229895,120.181455,台南,44,良好,25.99,Low Risk,250
臺南市學甲藝文展示館,建國路36號,臺南市學甲區,室內,23.2299,120.1822,台南,44,良好,25.98,Low Risk,150
臺南市學甲區公所,華宗路313號,臺南市學甲區,室內,23.230484,120.18247,台南,44,良好,26.04,Low Risk,300
臺南市學甲區慈福里活動中心,民生路1號,臺南市學甲區,室內,23.2312,120.1836,台南,44,良好,26.1,Low Risk,90
臺南市六甲區甲東里活動中心,忠孝街215號,臺南市六甲區,室內,23.2313,120.3553,台南,44,良好,28.89,Low Risk,30
臺南市六甲區公所,中山路202號,臺南市六甲區,室內,23.2315,120.3475,台南,44,良好,28.55,Low Risk,100
臺南市六甲區多功能運動公園,和平街479號,臺南市六甲區,室外,23.232106,120.344149,台南,44,良好,28.47,Low Risk,500
臺南市下營區下營國小活動中心,中山路二段72號,臺南市下營區,室內,23.2322,120.2606,台南,44,良好,26.06,Low Risk,400
臺南市學甲區慈濟宮,濟生路170號,臺南市學甲區,室內,23.2335,120.1805,台南,44,良好,26.41,Low Risk,180
臺南市六甲區水林里活動中心,民族街269號,臺南市六甲區,室內,23.2335,120.3466,台南,44,良好,28.72,Low Risk,100
臺南市下營區大屯社區活動中心,大屯寮23之2號,臺南市下營區,室內,23.2343,120.2388,台南,44,良好,26.09,Low Risk,160
臺南市下營區下營上帝廟,中山路一段1號,臺南市下營區,室內,23.235185,120.26102,台南,44,良好,26.39,Low Risk,170
烏石鼻社區活動中心,12鄰21-2號,臺東縣長濱鄉,室內,23.235256,121.413271,台東,33,良好,58.85,Low Risk,60
臺南市六甲區菁埔里活動中心,菁埔83號,臺南市六甲區,室內,23.2359,120.3025,台南,44,良好,27.36,Low Risk,150
臺南市六甲區中社里活動中心,中社351號,臺南市六甲區,室內,23.237,120.3258,台南,44,良好,28.24,Low Risk,100
臺南市學甲區學甲國小體育館,一秀30號,臺南市學甲區,室內,23.2378,120.1745,台南,44,良好,26.99,Low Risk,300
臺南市北門區東隆宮,95號,臺南市北門區,室內,23.2385,120.1121,台南,44,良好,29.01,Low Risk,200
臺南市下營區下營國中活動中心,中山路一段412號,臺南市下營區,室內,23.2387,120.2715,台南,44,良好,26.94,Low Risk,550
臺南市六甲區林鳳國小,中社240號,臺南市六甲區,室內,23.239,120.3257,台南,44,良好,28.44,Low Risk,300
拉芙蘭里活動中心,南橫公路5段108號,高雄市桃源區,室內,23.239,120.8116,嘉義,42,良好,47.16,Low Risk,70
臺南市下營區下營地區民眾活動中心,大孝街1號,臺南市下營區,室內,23.2418,120.2625,台南,44,良好,27.14,Low Risk,200
寧埔國民小學,10鄰41號,臺東縣長濱鄉,室內,23.244341,121.414152,台東,33,良好,59.8,Low Risk,140
長濱聯合村辦公處,4鄰9號,臺東縣長濱鄉,室內,23.244736,121.416268,台東,33,良好,59.93,Low Risk,70
寧埔社區活動中心,10鄰15號,臺東縣長濱鄉,室內,23.244736,121.416268,台東,33,良好,59.93,Low Risk,120
竹湖國民小學,10鄰14號,臺東縣長濱鄉,室內,23.244736,121.416268,台東,33,良好,59.93,Low Risk,140
樟原國民小學,1鄰7號,臺東縣長濱鄉,室內,23.244736,121.416268,台東,33,良好,59.93,Low Risk,140
臺南市學甲區中洲國小禮堂,中洲645號,臺南市學甲區,室內,23.2451,120.1599,台南,44,良好,28.11,Low Risk,350
臺南市下營區紅厝社區活動中心,紅毛厝57號,臺南市下營區,室內,23.2455,120.2671,台南,44,良好,27.62,Low Risk,80
光榮社區活動中心,00鄰00號,臺東縣長濱鄉,室內,23.247318,121.413361,台東,33,良好,60.06,Low Risk,100
高雄市那瑪夏區民權國民小學,平和巷220號,高雄市那瑪夏區,室內,23.2478,120.7021,嘉義,42,良好,38.2,Low Risk,300
西興村活動中心,菜瓜坪4號之2,嘉義縣大埔鄉,室內,23.2491,120.5732,嘉義,42,良好,30.59,Low Risk,32
臺南市六甲區龜港里活動中心,龜子港80巷38弄8號,臺南市六甲區,室內,23.2499,120.3084,台南,44,良好,29.02,Low Risk,100
臺南市下營區甲中里活動中心,十六甲29-1號,臺南市下營區,室內,23.2504,120.274,台南,44,良好,28.27,Low Risk,90
萬寧社區活動中心,7鄰鎮寧100號,花蓮縣富里鄉,室內,23.251,121.2982,台東,33,良好,56.4,Low Risk,50
高雄市桃源區樟山國民小學,南橫公路五段440號,高雄市桃源區,室內,23.252766,120.819366,嘉義,42,良好,46.88,Low Risk,393
八桑安社區社活動中心,35號,臺東縣長濱鄉,室內,23.253252,121.418162,台東,33,良好,60.87,Low Risk,110
臺南市下營區賀建國小活動中心,麻豆寮49號,臺南市下營區,室內,23.2541,120.2969,台南,44,良好,29.16,Low Risk,200
臺南市鹽水區?頭港國小,南港202號,臺南市鹽水區,室內,23.2557,120.2498,台南,44,良好,28.54,Low Risk,250
臺南市柳營區果毅後多功活動中心廣場,神農284-5號,臺南市柳營區,室外,23.2571,120.3672,嘉義,42,良好,27.97,Low Risk,100
臺南市柳營區果毅後多功活動中心,神農284-5號,臺南市柳營區,室內,23.2571,120.3672,嘉義,42,良好,27.97,Low Risk,100
臺南市柳營區果毅國小運動場,果毅61號,臺南市柳營區,室外,23.2577,120.3719,嘉義,42,良好,27.78,Low Risk,600
臺南市新營區新橋國民小學,鐵線1號,臺南市新營區,室內,23.2649,120.2684,台南,44,良好,29.77,Low Risk,650
馬舒霍爾文化聚會所,梅山35之8號,高雄市桃源區,室內,23.2658,120.8248,嘉義,42,良好,46.51,Low Risk,200
臺南市東山區水雲活動中心,水雲29號,臺南市東山區,室內,23.2667,120.4183,嘉義,42,良好,25.88,Low Risk,40
臺南市柳營區柳營國小運動場,柳營路一段755號,臺南市柳營區,室外,23.266707,120.310478,嘉義,42,良好,29.2,Low Risk,400
臺南市鹽水區竹埔國小,竹子92-1號,臺南市鹽水區,室內,23.267,120.2462,台南,44,良好,29.77,Low Risk,280
東里社區活動中心,1鄰福安路6-1號,花蓮縣富里鄉,室內,23.2673,121.3052,台東,33,良好,58.34,Low Risk,50
臺南市北門區永隆宮,44號,臺南市北門區,室內,23.2694,120.1238,台南,44,良好,31.77,Low Risk,200
臺南市北門區老人文康活動中心,66號,臺南市北門區,室內,23.2707,120.1213,台南,44,良好,31.99,Low Risk,280
劉厝社區活動中心,劉厝131號,嘉義市西區,室內,23.274909,120.250364,台南,44,良好,30.67,Low Risk,30
臺南市新營區新生國民小學,姑爺52號,臺南市新營區,室內,23.2752,120.2589,台南,44,良好,30.79,Low Risk,550
民生國民中學,新民路601號,嘉義市西區,室內,23.27536,120.262468,台南,44,良好,30.84,Low Risk,1192
臺南市東山區南溪活動中心,南溪14-11號,臺南市東山區,室內,23.2754,120.399,嘉義,42,良好,25.22,Low Risk,40
南竹湖社活動中心,17鄰34號,臺東縣長濱鄉,室內,23.275404,121.421409,花蓮,35,良好,62.16,Low Risk,80
長良社區活動中心,長良143-1號,花蓮縣玉里鎮,室內,23.2768,121.2878,台東,33,良好,58.94,Low Risk,20
臺南市柳營區圖書館,柳營路二段59號,臺南市柳營區,室內,23.2773,120.3124,嘉義,42,良好,28.07,Low Risk,50
臺南市柳營區公所,柳營路二段59號,臺南市柳營區,室內,23.2773,120.3124,嘉義,42,良好,28.07,Low Risk,50
臺南市柳營區柳營聯合活動中心,中山西路二段19巷35號,臺南市柳營區,室內,23.2775,120.3178,嘉義,42,良好,27.79,Low Risk,200
臺南市柳營區聯合活動中心廣場,中山西路二段19巷35號,臺南市柳營區,室外,23.2775,120.3178,嘉義,42,良好,27.79,Low Risk,300
清水社區活動中心,1鄰13號,花蓮縣卓溪鄉,室內,23.2775,121.2725,台東,33,良好,58.69,Low Risk,50
吳江社區活動中心,6鄰吳江65-3號,花蓮縣富里鄉,室內,23.2787,121.3227,台東,33,良好,60.03,Low Risk,70
臺南市東山區青山活動中心,青山31-1號,臺南市東山區,室內,23.279,120.4682,嘉義,42,良好,24.47,Low Risk,50
臺南市柳營區柳營國中運動場,東昇563號,臺南市柳營區,室外,23.2794,120.3315,嘉義,42,良好,26.97,Low Risk,600
大光教會,大光巷116號,高雄市那瑪夏區,室內,23.2796,120.7196,嘉義,42,良好,37.03,Low Risk,300
臺南市東山區高原活動中心,2鄰高原14-2號,臺南市東山區,室內,23.2808,120.4703,嘉義,42,良好,24.29,Low Risk,165
竹湖活動中心,11鄰43-3號,臺東縣長濱鄉,室內,23.282134,121.4262,花蓮,35,良好,61.33,Low Risk,70
臺南市東山區東原老人活動中心,東原8號,臺南市東山區,室內,23.2828,120.4397,嘉義,42,良好,23.95,Low Risk,150
大溪社區活動中心,大溪厝路593附1號,嘉義市西區,室內,23.285036,120.241078,嘉義,42,良好,31.59,Low Risk,50
臺南市柳營區重溪國小運動場,重溪1號,臺南市柳營區,室外,23.2859,120.3641,嘉義,42,良好,25.03,Low Risk,600
臺南市北門區保安宮,760號,臺南市北門區,室內,23.2862,120.1362,台南,44,良好,33.16,Low Risk,50
臺南市北門區南鯤鯓代天府,976號,臺南市北門區,室內,23.2863,120.1434,台南,44,良好,32.97,Low Risk,600
臺南市新營區新興國民小學,太南316號,臺南市新營區,室內,23.2867,120.2761,嘉義,42,良好,29.2,Low Risk,300
斑芝花高爾夫俱樂部,班芝花坑39號,臺南市東山區,室內,23.28672,120.44937,嘉義,42,良好,23.51,Low Risk,50
臺南市柳營區小腳腿多功活動中心廣場,篤農226-1號,臺南市柳營區,室外,23.2902,120.368,嘉義,42,良好,24.44,Low Risk,100
臺南市柳營區小腳腿多功活動中心,篤農226-1號,臺南市柳營區,室內,23.2902,120.368,嘉義,42,良好,24.44,Low Risk,200
臺南市柳營區太康國小運動場,太康4-1號,臺南市柳營區,室外,23.2904,120.3294,嘉義,42,良好,25.97,Low Risk,200
臺南市新營區太子國民中學,太北140之21號,臺南市新營區,室內,23.2913,120.2721,嘉義,42,良好,29.03,Low Risk,400
臺南市鹽水區歡雅國小,歡雅31號,臺南市鹽水區,室內,23.2923,120.2434,嘉義,42,良好,30.83,Low Risk,100
大埔國中小國中室內,茄苳村竹圍仔5號,嘉義縣大埔鄉,室內,23.2933,120.591,嘉義,42,良好,27.17,Low Risk,137
大埔國中小國中室外,茄苳村竹圍仔5號,嘉義縣大埔鄉,室外,23.2933,120.591,嘉義,42,良好,27.17,Low Risk,200
大埔國中小坪林分校-室內,8鄰坪林24號,嘉義縣大埔鄉,室內,23.2934,120.5857,嘉義,42,良好,26.87,Low Risk,54
茄苳活動中心,茄苳村竹圍仔38之1號,嘉義縣大埔鄉,室內,23.2938,120.5902,嘉義,42,良好,27.08,Low Risk,34
大埔國中小國小室內,大埔村57號,嘉義縣大埔鄉,室內,23.2944,120.5917,嘉義,42,良好,27.11,Low Risk,50
大埔國中小國小室外,大埔村57號,嘉義縣大埔鄉,室外,23.2944,120.5917,嘉義,42,良好,27.11,Low Risk,200
臺南市東山區東河活動中心,2鄰東河16-1號,臺南市東山區,室內,23.2945,120.3857,嘉義,42,良好,23.46,Low Risk,70
大埔圖書館,607嘉義縣大埔鄉53之2號,嘉義縣大埔鄉,室內,23.2949,120.5932,嘉義,42,良好,27.14,Low Risk,20
臺南市新營區太子爺廟香客大樓,太子宮45-2號、45-9號,臺南市新營區,室內,23.2955,120.2743,嘉義,42,良好,28.53,Low Risk,150
卓樂社區活動中心,12鄰18號,花蓮縣卓溪鄉,室內,23.2956,121.2703,台東,33,良好,60.62,Low Risk,50
永福社區活動中心,2鄰永福26-2號,臺東縣長濱鄉,室內,23.296186,121.434067,花蓮,35,良好,59.64,Low Risk,140
茶山國小室內,3鄰47號,嘉義縣阿里山鄉,室內,23.298248,120.666773,嘉義,42,良好,31.66,Low Risk,30
大埔零售公有市場,162-9號,嘉義縣大埔鄉,室內,23.2986,120.5938,嘉義,42,良好,26.84,Low Risk,123
臺南市新營區南梓國民小學,建業路191號,臺南市新營區,室內,23.299,120.298,嘉義,42,良好,26.79,Low Risk,700
北極殿,大埔村137號,嘉義縣大埔鄉,室內,23.2991,120.5942,嘉義,42,良好,26.81,Low Risk,13
臺南市鹽水區仁光國小,舊營117號,臺南市鹽水區,室內,23.299369,120.25746,嘉義,42,良好,29.29,Low Risk,220
臺南市新營區公誠國民小學,公誠街5號,臺南市新營區,室內,23.3036,120.3189,嘉義,42,良好,25.21,Low Risk,650
臺南市新營區新民國民小學,公園路一段136號,臺南市新營區,室內,23.3052,120.3063,嘉義,42,良好,25.74,Low Risk,500
臺南市新營區新營國民小學,中正路4號,臺南市新營區,室內,23.3062,120.3165,嘉義,42,良好,25.09,Low Risk,1150
過路國小-室內,279號,嘉義縣義竹鄉,室內,23.3064,120.2082,嘉義,42,良好,32.28,Low Risk,30
過路國小-室外,279號,嘉義縣義竹鄉,室外,23.3064,120.2082,嘉義,42,良好,32.28,Low Risk,300
和順國小-室外,356號,嘉義縣義竹鄉,室外,23.3067,120.1817,嘉義,42,良好,34.34,Low Risk,200
田組真耶穌教會,37號,臺東縣長濱鄉,室內,23.307393,121.440989,花蓮,35,良好,58.28,Low Risk,80
臺南市新營區大宏王公社區活動中心,民族路21-62號,臺南市新營區,室內,23.3085,120.3181,嘉義,42,良好,24.78,Low Risk,150
臺南市新營區南新國民中學,民治路65號,臺南市新營區,室內,23.3092,120.3088,嘉義,42,良好,25.23,Low Risk,1450
河東國小六溪分校,六溪26號,臺南市白河區,室內,23.3092,120.4595,嘉義,42,良好,21.05,Low Risk,112
臺南市東山區聖賢里頂田活動中心,19鄰聖賢50-4號,臺南市東山區,室內,23.3096,120.3472,嘉義,42,良好,23.25,Low Risk,72
臺南市新營區公所,中正路30號,臺南市新營區,室內,23.31,120.3166,嘉義,42,良好,24.72,Low Risk,150
長濱國中,15鄰180號,臺東縣長濱鄉,室內,23.314728,121.458956,花蓮,35,良好,57.17,Low Risk,140
臺南市新營區新進國民小學,中正路41號,臺南市新營區,室內,23.315,120.3164,嘉義,42,良好,24.27,Low Risk,850
埔頂集會所,4鄰埔頂13-1號,嘉義縣大埔鄉,室內,23.3156,120.5801,嘉義,42,良好,24.49,Low Risk,17
臺南市新營區新泰國民小學,東學路77號,臺南市新營區,室內,23.3161,120.3273,嘉義,42,良好,23.57,Low Risk,300
臺南市東山區東山國中,青葉路一段132號,臺南市東山區,室內,23.3166,120.4031,嘉義,42,良好,20.65,Low Risk,1000
臺南市鹽水區月津國小,月津路16號,臺南市鹽水區,室內,23.3168,120.2663,嘉義,42,良好,27.24,Low Risk,770
臺南市東山區北勢寮泉福宮,9鄰聖賢76-3號,臺南市東山區,室內,23.3169,120.3655,嘉義,42,良好,21.75,Low Risk,72
臺南市鹽水區老人文康中心,治水路254-1號,臺南市鹽水區,室內,23.3179,120.2635,嘉義,42,良好,27.34,Low Risk,150
樂合社區活動中心,樂合65-5號,花蓮縣玉里鎮,室內,23.3183,121.345,花蓮,35,良好,59.73,Low Risk,35
臺南市鹽水區公所,中山路47號,臺南市鹽水區,室內,23.3197,120.2662,嘉義,42,良好,27.01,Low Risk,180
臺南市新營區土庫國民小學,土庫71之1號,臺南市新營區,室內,23.3197,120.3452,嘉義,42,良好,22.34,Low Risk,300
臺南市鹽水區鹽水國中,三福路63號,臺南市鹽水區,室內,23.3213,120.2631,嘉義,42,良好,27.09,Low Risk,530
源城社區活動中心,水源57-1號,花蓮縣玉里鎮,室內,23.3219,121.3004,花蓮,35,良好,61.08,Low Risk,35
臺南市鹽水區鹽水國小,朝琴路137號,臺南市鹽水區,室內,23.3226,120.2707,嘉義,42,良好,26.46,Low Risk,390
臺南市東山區東山國小,青葉路二段49號,臺南市東山區,室內,23.3234,120.4048,嘉義,42,良好,19.87,Low Risk,800
臺南市東山區碧軒寺,12鄰東山218號,臺南市東山區,室內,23.3252,120.4038,嘉義,42,良好,19.7,Low Risk,300
真柄社區活動中心,2鄰12號,臺東縣長濱鄉,室內,23.32597,121.439437,花蓮,35,良好,56.29,Low Risk,100
玉里慈惠堂,信義路5號,花蓮縣玉里鎮,室內,23.3275,121.3139,花蓮,35,良好,59.96,Low Risk,40
臺南市後壁區福安社區活動中心,福安170-2號,臺南市後壁區,室內,23.3288,120.3567,嘉義,42,良好,20.91,Low Risk,45
長光社區活動中心,24鄰長光105-1號,臺東縣長濱鄉,室內,23.329484,121.461868,花蓮,35,良好,55.5,Low Risk,110
臺南市鹽水區岸內國小,新岸內96號,臺南市鹽水區,室內,23.3295,120.2609,嘉義,42,良好,26.6,Low Risk,50
新塭國小-室內,新塭374號,嘉義縣布袋鎮,室內,23.3303,120.1606,嘉義,42,良好,34.57,Low Risk,193
新塭國小-室外,新塭374號,嘉義縣布袋鎮,室外,23.330464,120.160148,嘉義,42,良好,34.6,Low Risk,1139
仙草國小關嶺分校,關嶺94之3號,臺南市白河區,室內,23.3307,120.5074,嘉義,42,良好,19.65,Low Risk,1033
忠勇國小,58號,臺東縣長濱鄉,室內,23.331466,121.43699,花蓮,35,良好,55.74,Low Risk,130
臺南市後壁區長安社區活動中心,長安105-1號,臺南市後壁區,室內,23.3323,120.3564,嘉義,42,良好,20.57,Low Risk,50
臺南市後壁區頂安社區活動中心,頂安91-1號,臺南市後壁區,室內,23.3327,120.3525,嘉義,42,良好,20.71,Low Risk,150
義竹鄉老人文康中心,333-1號,嘉義縣義竹鄉,室內,23.33444,120.241899,嘉義,42,良好,27.64,Low Risk,50
臺南市後壁區烏樹社區活動中心,烏樹78號,臺南市後壁區,室內,23.3347,120.3777,嘉義,42,良好,19.45,Low Risk,20
中正堂,中正路144號,花蓮縣玉里鎮,室內,23.3352,121.3153,花蓮,35,良好,59.11,Low Risk,100
義竹鄉修緣禪寺,245-10號,嘉義縣義竹鄉,室內,23.3357,120.2434,嘉義,42,良好,27.43,Low Risk,50
大林社區活動中心,檨子林20之16號,臺南市白河區,室內,23.3357,120.4412,嘉義,42,良好,18.06,Low Risk,65
義竹慈化寺,220-1號,嘉義縣義竹鄉,室內,23.3358,120.2443,嘉義,42,良好,27.36,Low Risk,50
義竹國小中正堂,208號,嘉義縣義竹鄉,室內,23.3359,120.2456,嘉義,42,良好,27.25,Low Risk,250
義竹國小-室外,208號,嘉義縣義竹鄉,室外,23.3359,120.2456,嘉義,42,良好,27.25,Low Risk,1000
南興國小東華分校-室內,1號,嘉義縣義竹鄉,室內,23.3368,120.2463,嘉義,42,良好,27.13,Low Risk,40
南興國小東華分校-室外,1號,嘉義縣義竹鄉,室外,23.3368,120.2463,嘉義,42,良好,27.13,Low Risk,100
南寮土地公廟前廣場,南寮4號,嘉義縣大埔鄉,室外,23.3369,120.5552,嘉義,42,良好,21.12,Low Risk,150
好美國小-室外,虎尾寮106號,嘉義縣布袋鎮,室外,23.337005,120.13813,嘉義,42,良好,36.14,Low Risk,856
好美國小-室內,虎尾寮106號,嘉義縣布袋鎮,室內,23.3373,120.1379,嘉義,42,良好,36.15,Low Risk,45
臺南市後壁區新東長老基督教會,新東144號,臺南市後壁區,室內,23.3377,120.3323,嘉義,42,良好,21.27,Low Risk,165
新美國小室內,4鄰78號,嘉義縣阿里山鄉,室內,23.337733,120.683345,嘉義,42,良好,30.09,Low Risk,160
東豐社區活動中心,東豐石岡32之1號,花蓮縣玉里鎮,室內,23.3389,121.3399,花蓮,35,良好,57.77,Low Risk,25
南興國小-室外,77號,嘉義縣義竹鄉,室外,23.3408,120.1928,嘉義,42,良好,31.18,Low Risk,240
新岑社區活動中心,郭岑寮7號之26,嘉義縣布袋鎮,室內,23.340872,120.171569,嘉義,42,良好,32.99,Low Risk,62
臺南市後壁區新厝活動中心,竹新33號,臺南市後壁區,室內,23.3422,120.3013,嘉義,42,良好,22.76,Low Risk,40
義竹國中-室外,59-2號,嘉義縣義竹鄉,室外,23.34264,120.24985,嘉義,42,良好,26.43,Low Risk,1000
新岑國小-室外,郭岑寮4號,嘉義縣布袋鎮,室外,23.34271,120.174442,嘉義,42,良好,32.64,Low Risk,134
臺南市後壁區竹新社區活動中心,竹新106號,臺南市後壁區,室內,23.3433,120.3023,嘉義,42,良好,22.6,Low Risk,70
仙草國小,仙草22號,臺南市白河區,室內,23.3439,120.4738,嘉義,42,良好,17.38,Low Risk,166
河東國小,河東83-1號,臺南市白河區,室內,23.3443,120.4378,嘉義,42,良好,17.12,Low Risk,405
臺南市後壁區新嘉國小,新嘉210-2號,臺南市後壁區,室內,23.3444,120.316,嘉義,42,良好,21.62,Low Risk,400
仙草社區活動中心,仙草埔7之5號,臺南市白河區,室內,23.3449,120.4734,嘉義,42,良好,17.27,Low Risk,30
河東農村社區活動中心,糞箕湖80之19號,臺南市白河區,室內,23.3456,120.4365,嘉義,42,良好,16.98,Low Risk,200
卓溪多功能活動中心,7鄰73號,花蓮縣卓溪鄉,室內,23.3457,121.3038,花蓮,35,良好,58.53,Low Risk,50
臺南市後壁區嘉苳社區活動中心,嘉苳67-2號,臺南市後壁區,室內,23.351,120.3637,嘉義,42,良好,18.38,Low Risk,120
白河區公所,三民路381號,臺南市白河區,室內,23.351,120.4157,嘉義,42,良好,16.64,Low Risk,50
白河國小,三民路448號,臺南市白河區,室內,23.351,120.4157,嘉義,42,良好,16.64,Low Risk,200
白河商工,新興路528號,臺南市白河區,室內,23.3527,120.4164,嘉義,42,良好,16.44,Low Risk,265
臺南市後壁區仕安社區活動中心,仕安72號,臺南市後壁區,室內,23.3539,120.32,嘉義,42,良好,20.54,Low Risk,200
長濱鄉老人會館,7鄰48號,臺東縣長濱鄉,室內,23.355514,121.469004,花蓮,35,良好,52.53,Low Risk,80
三間國民小學,7鄰16號,臺東縣長濱鄉,室內,23.35573,121.467768,花蓮,35,良好,52.52,Low Risk,110
中山藤寮分校童軍營區前排教室-室內,石?村藤寮54號,嘉義縣中埔鄉,室內,23.3558,120.5413,嘉義,42,良好,18.58,Low Risk,50
大埔國小永興分校舊校址-室內,永興22號,嘉義縣番路鄉,室內,23.3566,120.5914,嘉義,42,良好,21.64,Low Risk,22
布袋國中-室內,六棟寮40號,嘉義縣布袋鎮,室內,23.3595,120.1809,嘉義,42,良好,31.11,Low Risk,187
布袋國中-室外,六棟寮40號,嘉義縣布袋鎮,室外,23.3595,120.1809,嘉義,42,良好,31.11,Low Risk,424
白河國中,三間厝220號,臺南市白河區,室內,23.3614,120.4239,嘉義,42,良好,15.36,Low Risk,250
社口國小 室外,2鄰8號,嘉義縣中埔鄉,室外,23.3627,120.5476,嘉義,42,良好,18.29,Low Risk,50
臺南市後壁區平安社區活動中心,平安58-5號,臺南市後壁區,室內,23.3632,120.3334,嘉義,42,良好,18.88,Low Risk,70
臺南市後壁區公所總站,後壁129號,臺南市後壁區,室內,23.3658,120.362,嘉義,42,良好,17.02,Low Risk,120
臺南市後壁區頂長社區活動中心,長短樹58號,臺南市後壁區,室內,23.3659,120.3293,嘉義,42,良好,18.9,Low Risk,40
西平社區活動中心,莊敬街26號,彰化縣二林鎮,室內,23.366378,120.366378,嘉義,42,良好,16.74,Low Risk,18
香田國小,儒林路10-1號,彰化縣二林鎮,室內,23.366378,120.366378,嘉義,42,良好,16.74,Low Risk,60
中西社區活動中心,中三路1號,彰化縣二林鎮,室內,23.366378,120.366378,嘉義,42,良好,16.74,Low Risk,60
廣興國小,廣興巷2-1號,彰化縣二林鎮,室內,23.366378,120.366378,嘉義,42,良好,16.74,Low Risk,75
老人文康活動中心,明德街249號,彰化縣二林鎮,室內,23.366378,120.366378,嘉義,42,良好,16.74,Low Risk,303
臺南市後壁區後壁侯伯社區活動中心,後壁193號,臺南市後壁區,室內,23.3673,120.3664,嘉義,42,良好,16.65,Low Risk,150
大竹國小,大竹3號,臺南市白河區,室內,23.3683,120.4127,嘉義,42,良好,14.82,Low Risk,30
頂六國小活動中心-室內,金蘭村頂山門25號,嘉義縣中埔鄉,室內,23.3703,120.509,嘉義,42,良好,15.61,Low Risk,100
中埔國小-室外,中正路1號,嘉義縣中埔鄉,室外,23.3703,120.509,嘉義,42,良好,15.61,Low Risk,2500
中埔國中活動中心-室內,中埔村177號,嘉義縣中埔鄉,室內,23.3707,120.4975,嘉義,42,良好,15.12,Low Risk,500
臺南市後壁區新嘉社區活動中心,新嘉172號,臺南市後壁區,室內,23.3721,120.3103,嘉義,42,良好,19.68,Low Risk,55
臺南市後壁區新東國小,仕安81號,臺南市後壁區,室內,23.3727,120.3095,嘉義,42,良好,19.69,Low Risk,400
臺南市後壁區土溝社區活動中心,土溝56-18號,臺南市後壁區,室內,23.3734,120.3872,嘉義,42,良好,15.1,Low Risk,150
下潭國小室外,196號,嘉義縣鹿草鄉,室外,23.373691,120.28601,嘉義,42,良好,21.38,Low Risk,250
隙頂國小草山分校舊校址-室內,22號,嘉義縣番路鄉,室內,23.3745,120.6371,嘉義,42,良好,23.87,Low Risk,22
下潭社區活動中心,196號,嘉義縣鹿草鄉,室內,23.374584,120.286841,嘉義,42,良好,21.25,Low Risk,180
竹門國小,竹門113號,臺南市白河區,室內,23.3766,120.445,嘉義,42,良好,13.51,Low Risk,95
九江社區活動中心,環河街1號,嘉義縣布袋鎮,室內,23.3773,120.1565,嘉義,42,良好,32.43,Low Risk,49
臺南市後壁區菁寮墨林社區活動中心,菁寮77號,臺南市後壁區,室內,23.3785,120.3351,嘉義,42,良好,17.45,Low Risk,100
臺南市後壁區菁寮國小,墨林282號,臺南市後壁區,室內,23.3787,120.339,嘉義,42,良好,17.18,Low Risk,400
布新國小-室內,文昌街61號,嘉義縣布袋鎮,室內,23.3788,120.1522,嘉義,42,良好,32.76,Low Risk,133
臺南市後壁區菁豐社區活動中心,菁豐68-3號,臺南市後壁區,室內,23.3788,120.3469,嘉義,42,良好,16.67,Low Risk,200
布新國小-室外,文昌街61號,嘉義縣布袋鎮,室外,23.378925,120.152166,嘉義,42,良好,32.76,Low Risk,1003
光榮國小-室內,64號,嘉義縣義竹鄉,室內,23.3795,120.2474,嘉義,42,良好,24.16,Low Risk,70
光榮國小-室外,64號,嘉義縣義竹鄉,室外,23.3795,120.2474,嘉義,42,良好,24.16,Low Risk,280
玉豐國小,玉豐85號,臺南市白河區,室內,23.3802,120.4159,嘉義,42,良好,13.46,Low Risk,50
大禹社區活動中心,大禹226號,花蓮縣玉里鎮,室內,23.3805,121.3289,花蓮,35,良好,53.95,Low Risk,40
臺南市後壁區德馨宮,墨林321號,臺南市後壁區,室內,23.3808,120.3358,嘉義,42,良好,17.21,Low Risk,120
中埔國小活動中心-室內,中埔村中正路1號,嘉義縣中埔鄉,室內,23.3815,120.5307,嘉義,42,良好,15.59,Low Risk,100
同仁國小 室外,同仁24號,嘉義縣中埔鄉,室外,23.3815,120.5307,嘉義,42,良好,15.59,Low Risk,600
臺南市後壁區崁頂社區活動中心,崁頂38-2號,臺南市後壁區,室內,23.3818,120.3451,嘉義,42,良好,16.52,Low Risk,100
布袋鎮立幼兒園,東港130號之21,嘉義縣布袋鎮,室內,23.381869,120.191066,嘉義,42,良好,29.02,Low Risk,96
見龍社區活動中心,內田2號之4,嘉義縣布袋鎮,室內,23.382,120.1808,嘉義,42,良好,29.96,Low Risk,55
布袋國小-室內,65號,嘉義縣布袋鎮,室內,23.3824,120.1712,嘉義,42,良好,30.83,Low Risk,140
布袋國小-室外,新厝仔65號,嘉義縣布袋鎮,室外,23.3824,120.1712,嘉義,42,良好,30.83,Low Risk,1407
景山國小-室外,東港136號,嘉義縣布袋鎮,室外,23.3827,120.1933,嘉義,42,良好,28.78,Low Risk,396
山美國小室內,61號,嘉義縣阿里山鄉,室內,23.383138,120.668975,嘉義,42,良好,26.11,Low Risk,100
碧潭社區活動中心,18之3號,嘉義縣鹿草鄉,室內,23.38451,120.297035,嘉義,42,良好,19.74,Low Risk,50
臺南市後壁區後?社區活動中心,後?49-1號,臺南市後壁區,室內,23.3846,120.3373,嘉義,42,良好,16.79,Low Risk,60
碧潭國小室外,184號,嘉義縣鹿草鄉,室外,23.386773,120.299389,嘉義,42,良好,19.4,Low Risk,300
臺南市後壁區嘉田嘉民社區活動中心,嘉田76號,臺南市後壁區,室內,23.3868,120.3825,嘉義,42,良好,13.96,Low Risk,150
沄水社區活動中心,沄水村竹頭崎20號,嘉義縣中埔鄉,室內,23.3927,120.5195,嘉義,42,良好,13.92,Low Risk,30
重寮國小室外,160號,嘉義縣鹿草鄉,室外,23.393291,120.315098,嘉義,42,良好,17.71,Low Risk,350
觀音社區活動中心,觀音9-1號,花蓮縣玉里鎮,室內,23.3951,121.3573,花蓮,35,良好,51.31,Low Risk,0
灣潭國小 室外,17鄰1-1號,嘉義縣中埔鄉,室外,23.3968,120.5333,嘉義,42,良好,14.37,Low Risk,140
內角國小,內角1號,臺南市白河區,室內,23.3973,120.4409,嘉義,42,良好,11.22,Low Risk,280
瑞豐社區活動中心,瑞豐村坎?45號,嘉義縣中埔鄉,室內,23.3992,120.5266,嘉義,42,良好,13.74,Low Risk,30
圓山托兒所,同仁村同仁1-9號,嘉義縣中埔鄉,室內,23.4006,120.5121,嘉義,42,良好,12.78,Low Risk,50
和睦國小 室外,後庄16號,嘉義縣中埔鄉,室外,23.4036,120.5121,嘉義,42,良好,12.5,Low Risk,600
和興國小-室外,和興路91號,嘉義縣中埔鄉,室外,23.4036,120.5121,嘉義,42,良好,12.5,Low Risk,1000
重寮社區活動中心,15鄰99之1號,嘉義縣鹿草鄉,室內,23.404675,120.341819,嘉義,42,良好,14.85,Low Risk,50
後堀社區活動中心,65之2號,嘉義縣鹿草鄉,室內,23.404675,120.341819,嘉義,42,良好,14.85,Low Risk,60
達邦國小里佳分校室內,20鄰31號,嘉義縣阿里山鄉,室內,23.405245,120.720934,嘉義,42,良好,29.91,Low Risk,10
太平國小,1鄰2號,花蓮縣卓溪鄉,室內,23.406,121.3205,花蓮,35,良好,51.75,Low Risk,100
太平社區活動中心,6鄰79-1號,花蓮縣卓溪鄉,室內,23.4071,121.3166,花蓮,35,良好,51.82,Low Risk,50
和美社區活動中心,和美村7鄰忠明路40巷8號,嘉義縣中埔鄉,室內,23.4072,120.5122,嘉義,42,良好,12.17,Low Risk,100
梅華活動中心,牛桃灣3-20號,嘉義縣朴子市,室內,23.408,120.2587,嘉義,42,良好,21.56,Low Risk,44
鹿草國中室外,439號,嘉義縣鹿草鄉,室外,23.4099,120.3129,嘉義,42,良好,16.73,Low Risk,1500
鹿草國中室內,439號,嘉義縣鹿草鄉,室內,23.410697,120.31309,嘉義,42,良好,16.66,Low Risk,80
同仁社區活動中心,同仁村11鄰同仁164號之5,嘉義縣中埔鄉,室內,23.4108,120.5488,嘉義,42,良好,14.3,Low Risk,30
南靖國小-室外,46號,嘉義縣水上鄉,室外,23.4109,120.3774,嘉義,42,良好,11.95,Low Risk,880
松梅國小[室外],345號,嘉義縣朴子市,室外,23.4114,120.2505,嘉義,42,良好,22.13,Low Risk,400
鹿草國小室外,296號,嘉義縣鹿草鄉,室外,23.41157,120.306853,嘉義,42,良好,17.13,Low Risk,400
隆興社區活動中心,隆興村中正路515號,嘉義縣中埔鄉,室內,23.4125,120.5299,嘉義,42,良好,12.81,Low Risk,30
和興國小圖書館-室內,和興村33鄰和興路91號,嘉義縣中埔鄉,室內,23.4129,120.5103,嘉義,42,良好,11.53,Low Risk,100
義興村活動中心,2鄰57-1號,嘉義縣水上鄉,室內,23.418214,120.422844,嘉義,42,良好,9.19,Low Risk,100
義興國小-室外,2-1號,嘉義縣水上鄉,室外,23.4184,120.4258,嘉義,42,良好,9.09,Low Risk,260
過溝國小-室內,頂厝1號,嘉義縣布袋鎮,室內,23.419651,120.183067,嘉義,42,良好,28.18,Low Risk,351
貴林國小-室外,82號,嘉義縣布袋鎮,室外,23.419879,120.214244,嘉義,42,良好,25.17,Low Risk,128
過溝多功能活動中心,過溝頂厝11號之2,嘉義縣布袋鎮,室內,23.4204,120.1822,嘉義,42,良好,28.24,Low Risk,226
龍門社區活動中心,龍門村龍山?33號,嘉義縣中埔鄉,室內,23.42188,120.517993,嘉義,42,良好,11.23,Low Risk,60
社口國小禮堂-室內,隆興村2鄰8號,嘉義縣中埔鄉,室內,23.4231,120.5241,嘉義,42,良好,11.55,Low Risk,30
大有國小圖書館-室內,裕民村石頭厝17號之1,嘉義縣中埔鄉,室內,23.4235,120.5235,嘉義,42,良好,11.47,Low Risk,50
東興社區活動中心,東興村5鄰25-1號,嘉義縣中埔鄉,室內,23.4242,120.5216,嘉義,42,良好,11.28,Low Risk,30
灣潭國小視聽教室-室內,灣潭村17鄰1-1號,嘉義縣中埔鄉,室內,23.4242,120.5216,嘉義,42,良好,11.28,Low Risk,50
中庄村活動中心,16鄰40之2號,嘉義縣水上鄉,室內,23.424345,120.433218,嘉義,42,良好,8.3,Low Risk,50
中埔國中-室外,177號,嘉義縣中埔鄉,室外,23.4244,120.5176,嘉義,42,良好,10.99,Low Risk,1500
溪洲村活動中心,13鄰83-1號,嘉義縣水上鄉,室內,23.424537,120.389382,嘉義,42,良好,10.0,Low Risk,35
忠和國中-室外,檳榔樹角6號,嘉義縣水上鄉,室外,23.4246,120.4501,嘉義,42,良好,8.18,Low Risk,600
中埔鄉公所,中埔村128號,嘉義縣中埔鄉,室內,23.425153,120.522942,嘉義,42,良好,11.3,Low Risk,60
忠和國小-室外,檳榔樹角35號,嘉義縣水上鄉,室外,23.4258,120.4479,嘉義,42,良好,8.04,Low Risk,750
水上國中-室外,進學街54號,嘉義縣水上鄉,室外,23.4261,120.3974,嘉義,42,良好,9.41,Low Risk,1000
同仁國小-室內,同仁村24號,嘉義縣中埔鄉,室內,23.4278,120.5566,嘉義,42,良好,13.74,Low Risk,100
社口社區活動中心,社口村9鄰番仔坑7號之1,嘉義縣中埔鄉,室內,23.4283,120.5614,嘉義,42,良好,14.12,Low Risk,30
水上鄉公所三樓,水上村正義路141號,嘉義縣水上鄉,室內,23.428457,120.39801,嘉義,42,良好,9.15,Low Risk,40
水上國小-室外,正義路182號,嘉義縣水上鄉,室外,23.4288,120.3972,嘉義,42,良好,9.16,Low Risk,1400
中山國小視聽教室-室內,石?村22號,嘉義縣中埔鄉,室內,23.4288,120.5125,嘉義,42,良好,10.28,Low Risk,30
松浦社區活動中心,松浦214-3號,花蓮縣玉里鎮,室內,23.4293,121.3737,花蓮,35,良好,47.16,Low Risk,0
隙頂國小-室外,隙頂4號,嘉義縣番路鄉,室外,23.4298,120.6601,嘉義,42,良好,23.14,Low Risk,44
隙頂國民小學-室內,隙頂40號,嘉義縣番路鄉,室內,23.4298,120.6601,嘉義,42,良好,23.14,Low Risk,71
裕民社區活動中心,裕民村石頭厝8號之1,嘉義縣中埔鄉,室內,23.4315,120.5126,嘉義,42,良好,10.06,Low Risk,30
成功國小-室外,153號,嘉義縣水上鄉,室外,23.4318,120.4756,嘉義,42,良好,7.97,Low Risk,600
三民社區活動中心,三民131-2號,花蓮縣玉里鎮,室內,23.4321,121.3498,花蓮,35,良好,47.84,Low Risk,25
竹村國小[室外],36號,嘉義縣朴子市,室外,23.4349,120.2389,嘉義,42,良好,22.24,Low Risk,400
柳林國小-室外,92號,嘉義縣水上鄉,室外,23.4356,120.4151,嘉義,42,良好,7.62,Low Risk,1000
網寮國小-室內,?田27號,嘉義縣東石鄉,室內,23.4361,120.1525,嘉義,42,良好,30.7,Low Risk,36
網寮國小-室外,?田27號,嘉義縣東石鄉,室外,23.4361,120.1525,嘉義,42,良好,30.7,Low Risk,490
龍崗國小-室內,131號,嘉義縣東石鄉,室內,23.4363,120.1832,嘉義,42,良好,27.65,Low Risk,38
龍崗國小-室外,131號,嘉義縣東石鄉,室外,23.4363,120.1832,嘉義,42,良好,27.65,Low Risk,527
古楓社區活動中心,12鄰4號,花蓮縣卓溪鄉,室內,23.4363,121.332,花蓮,35,良好,48.22,Low Risk,50
立山社區活動中心,6鄰58號,花蓮縣卓溪鄉,室內,23.4363,121.332,花蓮,35,良好,48.22,Low Risk,50
深坑社區活動中心,深坑村深坑85號之2,嘉義縣中埔鄉,室內,23.4383,120.5273,嘉義,42,良好,10.65,Low Risk,30
塭仔村圓明寺,3鄰69號,嘉義縣東石鄉,室內,23.4384,120.175,嘉義,42,良好,28.41,Low Risk,40
大埔國小永興分校-室外,永興22號,嘉義縣番路鄉,室外,23.4384,120.6072,嘉義,42,良好,17.75,Low Risk,160
龍隱寺-室外,14鄰觸口1號,嘉義縣番路鄉,室外,23.4384,120.6072,嘉義,42,良好,17.75,Low Risk,265
崁前活動中心,崁前24號,嘉義縣朴子市,室內,23.4389,120.2368,嘉義,42,良好,22.31,Low Risk,25
頂埔社區活動中心,頂埔村8鄰頂埔10-6號,嘉義縣中埔鄉,室內,23.439,120.5468,嘉義,42,良好,12.22,Low Risk,30
崙山國小,1鄰12號,花蓮縣卓溪鄉,室內,23.4391,121.3443,花蓮,35,良好,47.38,Low Risk,100
崙山社區活動中心,1鄰11-1號,花蓮縣卓溪鄉,室內,23.4393,121.3438,花蓮,35,良好,47.38,Low Risk,50
和興社區活動中心,和興村中華路305巷246號,嘉義縣中埔鄉,室內,23.4394,120.4516,嘉義,42,良好,6.55,Low Risk,30
金蘭社區活動中心,金蘭村1鄰14號,嘉義縣中埔鄉,室內,23.4401,120.5068,嘉義,42,良好,8.96,Low Risk,30
永慶高中[室外],信義二路1號,嘉義縣太保市,室外,23.4402,120.3404,嘉義,42,良好,12.53,Low Risk,70
公田社區活動中心,番路鄉公田村6鄰34-1號,嘉義縣番路鄉,室內,23.441,120.6382,嘉義,42,良好,20.63,Low Risk,35
和睦社區活動中心,和睦村14鄰公?42-18號,嘉義縣中埔鄉,室內,23.4427,120.4742,嘉義,42,良好,6.81,Low Risk,30
石?社區活動中心,石?村中山國小旁,嘉義縣中埔鄉,室內,23.4428,120.4536,嘉義,42,良好,6.2,Low Risk,50
嘉義市垃圾焚化廠,湖子內路741號,嘉義市西區,室內,23.44316,120.44156,嘉義,42,良好,6.12,Low Risk,150
大崙國小-室外,111號,嘉義縣水上鄉,室外,23.4434,120.3584,嘉義,42,良好,10.79,Low Risk,1000
義仁社區活動中心,義仁村挖仔厝17號前面,嘉義縣中埔鄉,室內,23.4443,120.529,嘉義,42,良好,10.38,Low Risk,30
春珠社區活動中心,1鄰8號,嘉義縣太保市,室內,23.4446,120.3299,嘉義,42,良好,13.23,Low Risk,70
三和公園活動中心,和睦村13鄰中華路630巷43-3號,嘉義縣中埔鄉,室外,23.4447,120.459,嘉義,42,良好,6.09,Low Risk,30
大有國小-室外,石頭厝17之1,嘉義縣中埔鄉,室外,23.4456,120.4958,嘉義,42,良好,7.75,Low Risk,50
中山國小 室外,22號,嘉義縣中埔鄉,室外,23.4456,120.4958,嘉義,42,良好,7.75,Low Risk,100
灣潭社區活動中心,灣潭村客庄15鄰15-7號,嘉義縣中埔鄉,室內,23.4457,120.4597,嘉義,42,良好,6.0,Low Risk,30
逐鹿社區活動中心,18鄰梅花七路3巷1號,嘉義縣番路鄉,室內,23.448022,120.582035,嘉義,42,良好,14.97,Low Risk,100
洲仔代天府,4鄰44-1號,嘉義縣東石鄉,室內,23.4513,120.1945,嘉義,42,良好,26.15,Low Risk,300
頂六國小-室外,頂山門25號,嘉義縣中埔鄉,室外,23.4521,120.4632,嘉義,42,良好,5.41,Low Risk,1200
和睦國小綜合教室-室內,和美村後庄16號,嘉義縣中埔鄉,室內,23.452229,120.463166,嘉義,42,良好,5.4,Low Risk,100
十字村活動中心,52號,嘉義縣阿里山鄉,室內,23.4531,120.7494,嘉義,42,良好,31.37,Low Risk,20
達邦國小室內,1鄰1號,嘉義縣阿里山鄉,室內,23.453204,120.749376,嘉義,42,良好,31.36,Low Risk,50
鴿溪寮活動中心,3鄰鴿溪寮23號,嘉義縣水上鄉,室內,23.453319,120.413159,嘉義,42,良好,5.99,Low Risk,15
興化?社區活動中心,富收村興化?23-60號,嘉義縣中埔鄉,室內,23.4537,120.4712,嘉義,42,良好,5.58,Low Risk,50
大鄉國小[室外],560號,嘉義縣朴子市,室外,23.4539,120.2612,嘉義,42,良好,19.46,Low Risk,200
民和社區活動中心,4鄰12號,嘉義縣番路鄉,室內,23.4539,120.5879,嘉義,42,良好,15.3,Low Risk,62
北回國小-室外,榮典路100號,嘉義縣水上鄉,室外,23.4544,120.4098,嘉義,42,良好,6.09,Low Risk,600
福濟宮,3鄰150號,嘉義縣太保市,室內,23.4548,120.3293,嘉義,42,良好,12.82,Low Risk,80
太保國中[室外],36號,嘉義縣太保市,室外,23.454862,120.329264,嘉義,42,良好,12.82,Low Risk,600
田尾社區活動中心,2鄰田尾15號,嘉義縣太保市,室內,23.455,120.3316,嘉義,42,良好,12.59,Low Risk,50
太保國小[室外],31號,嘉義縣太保市,室外,23.455,120.3316,嘉義,42,良好,12.59,Low Risk,500
春日社區活動中心,75-1號,花蓮縣玉里鎮,室內,23.455,121.3967,花蓮,35,良好,43.64,Low Risk,35
後潭社區發展協會,294號,嘉義縣太保市,室內,23.4553,120.3443,嘉義,42,良好,11.39,Low Risk,50
奉天宮濟公廟,崎仔頭736之1號,嘉義縣水上鄉,室內,23.4555,120.4291,嘉義,42,良好,5.03,Low Risk,180
慈玄宮,溪興街28之2號,嘉義市東區,室內,23.4555,120.4566,嘉義,42,良好,4.86,Low Risk,150
祥和國小[室外],祥和二路西段9號,嘉義縣朴子市,室外,23.4569,120.2871,嘉義,42,良好,16.82,Low Risk,200
新福社區活動中心,6鄰14號,嘉義縣番路鄉,室內,23.4576,120.5304,嘉義,42,良好,9.73,Low Risk,35
東石鄉老人文康中心,151-10號,嘉義縣東石鄉,室內,23.4582,120.1506,嘉義,42,良好,30.43,Low Risk,94
大鄉活動中心,大?榔197-3號,嘉義縣朴子市,室內,23.4582,120.2622,嘉義,42,良好,19.24,Low Risk,38
崙頂里集會所,4鄰21號,嘉義縣太保市,室內,23.4585,120.3111,嘉義,42,良好,14.43,Low Risk,20
蘇厝活動中心,蘇厝村82號,嘉義縣六腳鄉,室內,23.458776,120.58654,嘉義,42,良好,15.01,Low Risk,80
東石鄉公所,3號,嘉義縣東石鄉,室內,23.4589,120.1537,嘉義,42,良好,30.11,Low Risk,104
安東國小[室內],1號,嘉義縣太保市,室內,23.4589,120.3098,嘉義,42,良好,14.54,Low Risk,30
安東國小[室外],1號,嘉義縣太保市,室外,23.4589,120.3098,嘉義,42,良好,14.54,Low Risk,600
興安國民小學,興安街35號,嘉義市東區,室內,23.4597,120.4552,嘉義,42,良好,4.38,Low Risk,450
舞鶴社區活動中心,14鄰中正南路二段278號,花蓮縣瑞穗鄉,室內,23.4602,121.3536,花蓮,35,良好,44.85,Low Risk,100
安仁社區活動中心,5鄰頂港子墘10之1號,嘉義縣太保市,室內,23.4603,120.3332,嘉義,42,良好,12.23,Low Risk,30
光路社區活動中心,新民路555巷6號,嘉義市西區,室內,23.46073,120.44009,嘉義,42,良好,4.2,Low Risk,40
大同國小[室外],大同路239號,嘉義縣朴子市,室外,23.4609,120.2406,嘉義,42,良好,21.33,Low Risk,300
東石國小-室外,117號,嘉義縣東石鄉,室外,23.461,120.1543,嘉義,42,良好,30.01,Low Risk,185
東石國小-室內,117號,嘉義縣東石鄉,室內,23.461,120.1543,嘉義,42,良好,30.01,Low Risk,247
朴子國中[室外],大同路245號,嘉義縣朴子市,室外,23.4611,120.2389,嘉義,42,良好,21.5,Low Risk,400
靜浦國小大禮堂,64號,花蓮縣豐濱鄉,室內,23.4615,121.4954,花蓮,35,良好,40.48,Low Risk,0
東榮國中-室內,39-2號,嘉義縣東石鄉,室內,23.4619,120.1727,嘉義,42,良好,28.14,Low Risk,37
東榮國中-室外,39-2號,嘉義縣東石鄉,室外,23.4619,120.1727,嘉義,42,良好,28.14,Low Risk,481
半天岩紫雲寺-室內,2鄰岩仔6號,嘉義縣番路鄉,室內,23.4622,120.5953,嘉義,42,良好,15.76,Low Risk,53
內甕社區活動中心,3鄰38-29號,嘉義縣番路鄉,室內,23.4625,120.5234,嘉義,42,良好,8.85,Low Risk,55
內甕國小-室外,凸湖3鄰1-1號,嘉義縣番路鄉,室外,23.4631,120.5228,嘉義,42,良好,8.76,Low Risk,480
港墘國小-室內,64號,嘉義縣東石鄉,室內,23.4638,120.2138,嘉義,42,良好,23.97,Low Risk,39
港墘國小-室外,64號,嘉義縣東石鄉,室外,23.4638,120.2138,嘉義,42,良好,23.97,Low Risk,530
民和國小-室外,菜公店91號,嘉義縣番路鄉,室外,23.464,120.5531,嘉義,42,良好,11.58,Low Risk,860
民和國民小學-室內,菜公店91號,嘉義縣番路鄉,室內,23.46411,120.553073,嘉義,42,良好,11.57,Low Risk,80
嘉義市西區區公所,錦州二街２８號４樓,嘉義市西區,室內,23.4645,120.43538,嘉義,42,良好,3.88,Low Risk,50
老人文康中心,4鄰101-5號,嘉義縣番路鄉,室內,23.4646,120.554,嘉義,42,良好,11.65,Low Risk,49
番路社區活動中心,4鄰54號,嘉義縣番路鄉,室內,23.4648,120.5675,嘉義,42,良好,12.95,Low Risk,22
民和國中-室外,菜公店30號,嘉義縣番路鄉,室外,23.465,120.555,嘉義,42,良好,11.73,Low Risk,1444
朴子市公所,光復路34號,嘉義縣朴子市,室內,23.4651,120.247,嘉義,42,良好,20.6,Low Risk,34
興嘉國民小學,重慶路51號,嘉義市西區,室內,23.46525,120.43795,嘉義,42,良好,3.74,Low Risk,2135
東勢社區活動中心,8鄰東勢寮82號,嘉義縣太保市,室內,23.4658,120.3038,嘉義,42,良好,14.92,Low Risk,30
朴子國小[室外],山通路11號,嘉義縣朴子市,室外,23.4666,120.2479,嘉義,42,良好,20.48,Low Risk,700
德武里原住民多功能活動中心,5鄰能雅79號,花蓮縣玉里鎮,室內,23.4669,121.4074,花蓮,35,良好,42.02,Low Risk,50
南興國民中學,宣信街182號,嘉義市東區,室內,23.4672,120.4619,嘉義,42,良好,3.81,Low Risk,800
桃源國小[室內],7鄰78號,嘉義縣竹崎鄉,室內,23.4674,120.6656,嘉義,42,良好,22.67,Low Risk,40
桃源國小[戶外],7鄰78號,嘉義縣竹崎鄉,室外,23.4674,120.6656,嘉義,42,良好,22.67,Low Risk,200
東石國中[室外],山通路6號,嘉義縣朴子市,室外,23.4677,120.2504,嘉義,42,良好,20.21,Low Risk,3300
玉山國民中學,友忠路1號,嘉義市西區,室內,23.46814,120.42559,嘉義,42,良好,3.92,Low Risk,605
阿里山聯合社區活動中心,52號,嘉義縣阿里山鄉,室內,23.4685,120.7014,嘉義,42,良好,26.27,Low Risk,50
阿里山國民中小學室內,1鄰31號,嘉義縣阿里山鄉,室內,23.469062,120.701425,嘉義,42,良好,26.27,Low Risk,100
朴子配天宮,黎明路1-2號,嘉義縣朴子市,室內,23.4694,120.2466,嘉義,42,良好,20.56,Low Risk,750
嘉南社區活動中心,興業東路311號,嘉義市東區,室內,23.4697,120.4564,嘉義,42,良好,3.34,Low Risk,35
宣信國民小學,宣信街266號,嘉義市東區,室內,23.4707,120.4587,嘉義,42,良好,3.32,Low Risk,445
三家福靈宮,8鄰73-3號,嘉義縣東石鄉,室內,23.4709,120.1725,嘉義,42,良好,28.04,Low Risk,118
三江國小-室內,16號,嘉義縣東石鄉,室內,23.4713,120.1744,嘉義,42,良好,27.84,Low Risk,28
三江國小-室外,16號,嘉義縣東石鄉,室外,23.4713,120.1744,嘉義,42,良好,27.84,Low Risk,136
塭港國小-室內,170號,嘉義縣東石鄉,室內,23.4717,120.1459,嘉義,42,良好,30.73,Low Risk,75
塭港國小-室外,170號,嘉義縣東石鄉,室外,23.4717,120.1459,嘉義,42,良好,30.73,Low Risk,211
鄉屬災變庇護所,69之2號,嘉義縣阿里山鄉,室內,23.471777,120.713709,嘉義,42,良好,27.48,Low Risk,120
港坪社區活動中心,育人路165巷48號,嘉義市西區,室內,23.47179,120.41697,嘉義,42,良好,4.15,Low Risk,30
大同國民小學,成功街15號,嘉義市西區,室內,23.47214,120.44563,嘉義,42,良好,2.89,Low Risk,800
志航國民小學,世賢路四段141號,嘉義市西區,室內,23.47228,120.43871,嘉義,42,良好,2.96,Low Risk,163
垂楊國民小學,垂楊路605號,嘉義市西區,室內,23.4723,120.4,嘉義,42,良好,5.48,Low Risk,3043
興南里集會所,崇文街76號,嘉義市東區,室內,23.4723,120.4547,嘉義,42,良好,3.01,Low Risk,35
義仁國小[室內],4鄰山子門22號,嘉義縣竹崎鄉,室內,23.4726,120.6703,嘉義,42,良好,23.07,Low Risk,20
義仁國小[戶外],4鄰山子門22號,嘉義縣竹崎鄉,室外,23.4726,120.6703,嘉義,42,良好,23.07,Low Risk,120
鹿滿國小[戶外],鹿鳴路2號,嘉義縣竹崎鄉,室外,23.4726,120.6703,嘉義,42,良好,23.07,Low Risk,300
育人國民小學,育人路211號,嘉義市西區,室內,23.47272,120.416728,嘉義,42,良好,4.09,Low Risk,310
崇文國民小學,垂楊路241號,嘉義市東區,室內,23.4735,120.4528,嘉義,42,良好,2.83,Low Risk,650
龍山國小[室內],水道頭70號,嘉義縣竹崎鄉,室內,23.4735,120.586,嘉義,42,良好,14.56,Low Risk,70
龍山國小[戶外],水道頭70號,嘉義縣竹崎鄉,室外,23.4735,120.586,嘉義,42,良好,14.56,Low Risk,800
何庄社區活動中心,育人路611號,嘉義市西區,室內,23.47354,120.4068,嘉義,42,良好,4.82,Low Risk,30
賓朗村活動中心,賓朗村18鄰賓朗路474巷3號,臺東縣卑南鄉,室內,23.47397,121.027413,嘉義,42,良好,59.38,Low Risk,50
永和里集會所,康樂街259號,嘉義市西區,室內,23.47406,120.44037,嘉義,42,良好,2.73,Low Risk,30
港尾社區活動中心,1鄰9號,嘉義縣太保市,室內,23.4745,120.3747,嘉義,42,良好,7.71,Low Risk,100
港口活動中心,7鄰118號,花蓮縣豐濱鄉,室內,23.4745,121.5043,花蓮,35,良好,38.93,Low Risk,0
大湖國小-室內,下坪仔8號,嘉義縣番路鄉,室內,23.475,120.6204,嘉義,42,良好,17.99,Low Risk,53
大湖國小-室外,下坪仔8號,嘉義縣番路鄉,室外,23.475,120.6204,嘉義,42,良好,17.99,Low Risk,200
蘭潭國民小學,小雅路419號,嘉義市東區,室內,23.4753,120.4715,嘉義,42,良好,3.65,Low Risk,200
內埔國小[室內],元興路2號,嘉義縣竹崎鄉,室內,23.4756,120.5646,嘉義,42,良好,12.37,Low Risk,300
內埔國小[戶外],元興路2號,嘉義縣竹崎鄉,室外,23.4756,120.5646,嘉義,42,良好,12.37,Low Risk,650
民族國民小學,民族路189號,嘉義市東區,室內,23.476,120.4552,嘉義,42,良好,2.64,Low Risk,190
大業國民中學,大業街57號,嘉義市東區,室內,23.476,120.4552,嘉義,42,良好,2.64,Low Risk,388
江西社區活動中心,4鄰3號,嘉義縣番路鄉,室內,23.4764,120.5275,嘉義,42,良好,8.67,Low Risk,53
港坪運動公園,大同路100號,嘉義市西區,室外,23.476678,120.422306,嘉義,42,良好,3.38,Low Risk,1000
白杞社區活動中心,白杞村4鄰白杞42-1號,嘉義縣竹崎鄉,室內,23.4774,120.6976,嘉義,42,良好,25.78,Low Risk,40
東區區公所,吳鳳北路184號,嘉義市東區,室內,23.4787,120.4534,嘉義,42,良好,2.29,Low Risk,30
嘉義市立棒球場,山仔頂249-1號,嘉義市東區,室外,23.4787,120.4534,嘉義,42,良好,2.29,Low Risk,1000
港坪國民小學,四維路63號,嘉義市西區,室內,23.47935,120.424545,嘉義,42,良好,3.01,Low Risk,420
蘭潭國民中學,民權東路32號,嘉義市東區,室內,23.4822,120.4814,嘉義,42,良好,4.04,Low Risk,270
大湖社區活動中心,番路鄉大湖村10鄰火燒寮1-1號,嘉義縣番路鄉,室內,23.4824,120.6236,嘉義,42,良好,18.22,Low Risk,44
更寮國小-室外,更寮村19號,嘉義縣六腳鄉,室外,23.482948,120.239859,嘉義,42,良好,21.07,Low Risk,560
雙溪國小[室外],30號,嘉義縣朴子市,室外,23.4841,120.2778,嘉義,42,良好,17.2,Low Risk,400
文雅國民小學,文雅街2號,嘉義市東區,室內,23.4841,120.4873,嘉義,42,良好,4.51,Low Risk,200
僑平國民小學,德安路10號,嘉義市西區,室內,23.48415,120.43241,嘉義,42,良好,2.07,Low Risk,274
雙溪口活動中心,雙溪口40-2號,嘉義縣朴子市,室內,23.4844,120.2741,嘉義,42,良好,17.58,Low Risk,63
龍港國小-室外,113號,嘉義縣東石鄉,室外,23.4846,120.177,嘉義,42,良好,27.45,Low Risk,454
新埤國小[室外],214號,嘉義縣太保市,室外,23.4851,120.3347,嘉義,42,良好,11.42,Low Risk,700
圓崇國小[室內],387巷28號,嘉義縣竹崎鄉,室內,23.4853,120.5578,嘉義,42,良好,11.51,Low Risk,100
圓崇國小[戶外],387巷28號,嘉義縣竹崎鄉,室外,23.4853,120.5578,嘉義,42,良好,11.51,Low Risk,600
老人文康中心,5鄰214-12號,嘉義縣太保市,室內,23.4859,120.3348,嘉義,42,良好,11.4,Low Risk,100
王田里集會所,五福街119號,嘉義市東區,室內,23.4867,120.4679,嘉義,42,良好,2.59,Low Risk,50
復金社區活動中心,復金村復鼎金59-1號,嘉義縣竹崎鄉,室內,23.4867,120.5152,嘉義,42,良好,7.19,Low Risk,30
龍山社區活動中心,龍山村14鄰大庭23號,嘉義縣竹崎鄉,室內,23.4867,120.5152,嘉義,42,良好,7.19,Low Risk,50
光華國小[室內],4鄰10號,嘉義縣竹崎鄉,室內,23.4869,120.5759,嘉義,42,良好,13.33,Low Risk,50
光華國小[戶外],4鄰10號,嘉義縣竹崎鄉,室外,23.4869,120.5759,嘉義,42,良好,13.33,Low Risk,160
嘉義國民中學,圓福街86號,嘉義市東區,室內,23.487,120.4647,嘉義,42,良好,2.29,Low Risk,757
埤鄉社區活動中心,5鄰埤麻腳77號,嘉義縣太保市,室內,23.4873,120.3872,嘉義,42,良好,6.1,Low Risk,80
下楫國小-室內,147號,嘉義縣東石鄉,室內,23.4875,120.1965,嘉義,42,良好,25.45,Low Risk,63
下楫國小-室外,147號,嘉義縣東石鄉,室外,23.4875,120.1965,嘉義,42,良好,25.45,Low Risk,469
世賢國民小學,世賢路一段687號,嘉義市西區,室內,23.4893,120.42788,嘉義,42,良好,2.07,Low Risk,343
林森國民小學,林森東路346號,嘉義市東區,室內,23.4895,120.4666,嘉義,42,良好,2.33,Low Risk,388
北興國民中學,忠孝路394號,嘉義市東區,室內,23.4906,120.4532,嘉義,42,良好,1.12,Low Risk,319
鹿滿社區活動中心,鹿滿村7鄰麻箕埔95-1號,嘉義縣竹崎鄉,室內,23.4907,120.5067,嘉義,42,良好,6.26,Low Risk,50
瑞穗青蓮寺,仁愛路109號,花蓮縣瑞穗鄉,室內,23.4909,121.3904,花蓮,35,良好,40.18,Low Risk,100
新厝社區活動中心,龍江街87號,嘉義市西區,室內,23.490995,120.440796,嘉義,42,良好,0.94,Low Risk,35
花蓮縣鶴岡國民小學,167 號,花蓮縣瑞穗鄉,室內,23.4913,121.39,花蓮,35,良好,40.16,Low Risk,100
博愛國民小學,友愛路822號,嘉義市西區,室內,23.49159,120.44401,嘉義,42,良好,0.75,Low Risk,210
精忠社區活動中心,精忠一村1之6號,嘉義市東區,室內,23.4916,120.4768,嘉義,42,良好,3.24,Low Risk,50
豐山國小室內,47號,嘉義縣阿里山鄉,室內,23.4924,120.754,嘉義,42,良好,31.44,Low Risk,40
瑞良社區活動中心,4鄰信義路3號,花蓮縣瑞穗鄉,室內,23.4924,121.394,花蓮,35,良好,39.88,Low Risk,30
下埤社區活動中心,頂埤57號,嘉義市西區,室內,23.49248,120.41256,嘉義,42,良好,3.45,Low Risk,35
十字國小室內,16號,嘉義縣阿里山鄉,室內,23.492485,120.75402,嘉義,42,良好,31.44,Low Risk,80
蒜頭國小-室外,蒜頭村188號,嘉義縣六腳鄉,室外,23.493083,120.291893,嘉義,42,良好,15.7,Low Risk,320
花蓮縣瑞穗鄉瑞美國民小學,中山路二段389號,花蓮縣瑞穗鄉,室內,23.4931,121.3916,花蓮,35,良好,39.91,Low Risk,50
嘉北國民小學,嘉北街65號,嘉義市東區,室內,23.4935,120.4551,嘉義,42,良好,1.08,Low Risk,230
瑞美社區活動中心,13鄰中山路二段387號,花蓮縣瑞穗鄉,室內,23.4937,121.3912,花蓮,35,良好,39.86,Low Risk,30
蒜頭國小活動中心-室內,蒜頭村188號,嘉義縣六腳鄉,室內,23.494022,120.292893,嘉義,42,良好,15.6,Low Risk,470
蒜頭活動中心,蒜頭村73號,嘉義縣六腳鄉,室內,23.494055,120.290764,嘉義,42,良好,15.82,Low Risk,30
奇美社區活動中心,2鄰40號,花蓮縣瑞穗鄉,室內,23.4942,121.4467,花蓮,35,良好,37.91,Low Risk,20
北園國民小學,北社尾路168號,嘉義市西區,室內,23.49452,120.42565,嘉義,42,良好,2.09,Low Risk,430
金獅社區活動中心,金獅村11鄰金獅寮31號,嘉義縣竹崎鄉,室內,23.4946,120.5413,嘉義,42,良好,9.75,Low Risk,10
港口宮,5號,嘉義縣東石鄉,室內,23.4949,120.1864,嘉義,42,良好,26.45,Low Risk,100
北園國民中學,北社尾路166巷12號,嘉義市西區,室內,23.49517,120.42663,嘉義,42,良好,1.98,Low Risk,377
六腳鄉老人文康中心,188號之5,嘉義縣六腳鄉,室內,23.4952,120.2931,嘉義,42,良好,15.57,Low Risk,240
春梅社區活動中心,10鄰梅子厝71-1號,嘉義縣太保市,室內,23.4952,120.3867,嘉義,42,良好,6.04,Low Risk,30
太保國小[室內],31號,嘉義縣太保市,室內,23.4952,120.3867,嘉義,42,良好,6.04,Low Risk,180
紅葉社區活動中心,1鄰9號,花蓮縣萬榮鄉,室內,23.4954,121.3446,花蓮,35,良好,41.82,Low Risk,50
南新國小[室內],10鄰中山路一段140號,嘉義縣太保市,室內,23.497,120.3845,嘉義,42,良好,6.25,Low Risk,187
南新國小[室外],10鄰中山路一段140號,嘉義縣太保市,室外,23.497,120.3845,嘉義,42,良好,6.25,Low Risk,800
花蓮縣立瑞穗國民中學,成功北路18號,花蓮縣瑞穗鄉,室內,23.4982,121.3759,花蓮,35,良好,40.06,Low Risk,200
中和國小[室內],奮起湖215號,嘉義縣竹崎鄉,室內,23.4988,120.5344,嘉義,42,良好,9.04,Low Risk,20
中和國小[戶外],奮起湖215號,嘉義縣竹崎鄉,室外,23.4988,120.5344,嘉義,42,良好,9.04,Low Risk,100
沙坑國小[戶外],8鄰水坑57之2號,嘉義縣竹崎鄉,室外,23.4988,120.5344,嘉義,42,良好,9.04,Low Risk,200
頂庄社區活動中心,義教街542巷20號,嘉義市東區,室內,23.4991,120.4577,嘉義,42,良好,1.22,Low Risk,30
水牛厝社區活動中心,4鄰仁愛路25號,嘉義縣太保市,室內,23.4992,120.3857,嘉義,42,良好,6.13,Low Risk,100
過溝社區活動中心,4鄰過溝36-5號,嘉義縣太保市,室內,23.4996,120.3599,嘉義,42,良好,8.76,Low Risk,70
瑞祥社區活動中心,4鄰祥北路二段127號,花蓮縣瑞穗鄉,室內,23.4998,121.3588,花蓮,35,良好,40.69,Low Risk,30
瑞穗社區活動中心,14鄰民生街41號,花蓮縣瑞穗鄉,室內,23.4998,121.3787,花蓮,35,良好,39.77,Low Risk,30
灣內國小-室外,15鄰6號,嘉義縣六腳鄉,室外,23.499803,120.312561,嘉義,42,良好,13.59,Low Risk,930
麻寮古恩宮集會所,13鄰中山路二段250號,嘉義縣太保市,室內,23.4999,120.3682,嘉義,42,良好,7.92,Low Risk,70
嘉新國中[室外],17鄰中興路一段250號,嘉義縣太保市,室外,23.500064,120.378286,嘉義,42,良好,6.89,Low Risk,600
後湖社區活動中心,保義路60巷40號,嘉義市東區,室內,23.5011,120.4537,嘉義,42,良好,0.87,Low Risk,25
鹿滿國小[室內],鹿滿村鹿鳴路2號,嘉義縣竹崎鄉,室內,23.5015,120.6983,嘉義,42,良好,25.75,Low Risk,60
六嘉國中禮堂-室內,樹仁路1號,嘉義縣六腳鄉,室內,23.501676,120.292165,嘉義,42,良好,15.67,Low Risk,90
六嘉國中-室外,樹仁路1號,嘉義縣六腳鄉,室外,23.501676,120.292165,嘉義,42,良好,15.67,Low Risk,3000
竹崎國小[戶外],文化路32號,嘉義縣竹崎鄉,室外,23.5023,120.5631,嘉義,42,良好,11.97,Low Risk,950
中華社區活動中心,中和村奮起湖150號,嘉義縣竹崎鄉,室內,23.503,120.5356,嘉義,42,良好,9.17,Low Risk,80
竹崎高中[戶外],文化路23號,嘉義縣竹崎鄉,室外,23.5033,120.5129,嘉義,42,良好,6.87,Low Risk,500
豐裡活動中心,中山路257號,花蓮縣壽豐鄉,室內,23.5034,121.3021,花蓮,35,良好,43.39,Low Risk,42
竹崎國小[室內],竹崎村文化路32號,嘉義縣竹崎鄉,室內,23.505,120.6951,嘉義,42,良好,25.43,Low Risk,80
昇平國中[室內],元興路138號,嘉義縣竹崎鄉,室內,23.5069,120.499,嘉義,42,良好,5.51,Low Risk,20
昇平國中[戶外],元興路138號,嘉義縣竹崎鄉,室外,23.5069,120.499,嘉義,42,良好,5.51,Low Risk,950
大崎村辦公處暨社區活動中心,大崎腳17-5號,嘉義縣民雄鄉,室內,23.5076,120.465,嘉義,42,良好,2.22,Low Risk,60
荖藤社區活動中心,29之1號,嘉義市東區,室內,23.5086,120.4449,嘉義,42,良好,1.17,Low Risk,45
六腳國小-室內,六腳村105號,嘉義縣六腳鄉,室內,23.509078,120.251814,嘉義,42,良好,19.82,Low Risk,60
六腳國小-室外,六腳村105號,嘉義縣六腳鄉,室外,23.509078,120.251814,嘉義,42,良好,19.82,Low Risk,530
福興村廣興宮室內,6鄰30號,嘉義縣民雄鄉,室內,23.5097,120.4259,嘉義,42,良好,2.4,Low Risk,61
福興村廣興宮室外,6鄰30號,嘉義縣民雄鄉,室外,23.5097,120.4259,嘉義,42,良好,2.4,Low Risk,100
鶴岡社區活動中心,14鄰85之6號,花蓮縣瑞穗鄉,室內,23.5097,121.3911,花蓮,35,良好,38.24,Low Risk,30
福興社區活動中心,牛稠溪68-3號,嘉義縣民雄鄉,室內,23.5098,120.4278,嘉義,42,良好,2.25,Low Risk,55
水仙宮室內,南港5鄰58號,嘉義縣新港鄉,室內,23.51,120.3363,嘉義,42,良好,11.24,Low Risk,400
大崎國小-室外,林子尾66號,嘉義縣民雄鄉,室外,23.5117,120.4722,嘉義,42,良好,3.09,Low Risk,50
大崎國小-室內,秀林村林子尾66號,嘉義縣民雄鄉,室內,23.5117,120.4722,嘉義,42,良好,3.09,Low Risk,50
秀林村辦公處暨社區活動中心,林子尾38-1號,嘉義縣民雄鄉,室內,23.5139,120.4778,嘉義,42,良好,3.71,Low Risk,112
蔦松國小,松中村蔦松路213號　,雲林縣水林鄉,室內,23.514,120.2297,嘉義,42,良好,22.11,Low Risk,300
金興村辦公處暨社區活動中心,頭橋1200號,嘉義縣民雄鄉,室內,23.5142,120.4372,嘉義,42,良好,1.99,Low Risk,100
中興國小,瓊埔村瓊埔路48號　,雲林縣水林鄉,室內,23.5145,120.2101,嘉義,42,良好,24.1,Low Risk,100
安和國小室內,安和46號,嘉義縣新港鄉,室內,23.5147,120.3129,嘉義,42,良好,13.68,Low Risk,48
安和國小室外,46號,嘉義縣新港鄉,室外,23.5147,120.3129,嘉義,42,良好,13.68,Low Risk,100
中興國小[室內],石棹10號之1,嘉義縣竹崎鄉,室內,23.5149,120.6063,嘉義,42,良好,16.47,Low Risk,30
中興國小[戶外],石棹10號之1,嘉義縣竹崎鄉,室外,23.5149,120.6063,嘉義,42,良好,16.47,Low Risk,400
大吉國中-室外,內埔仔2-1號,嘉義縣民雄鄉,室外,23.5155,120.4874,嘉義,42,良好,4.66,Low Risk,50
大吉國中-室內,內埔仔2-1號,嘉義縣民雄鄉,室內,23.5155,120.4874,嘉義,42,良好,4.66,Low Risk,50
紫雲社區活動中心,紫雲村11鄰大竹圍3-2號,嘉義縣竹崎鄉,室內,23.5158,120.5731,嘉義,42,良好,13.13,Low Risk,50
香林國小室內,2鄰41號,嘉義縣阿里山鄉,室內,23.516493,120.808613,嘉義,42,良好,37.05,Low Risk,100
竹崎老人文康中心,竹崎村中正路95號,嘉義縣竹崎鄉,室內,23.5184,120.5918,嘉義,42,良好,15.06,Low Risk,60
山中村辦公處暨社區活動中心,山中78-1號,嘉義縣民雄鄉,室內,23.5194,120.4056,嘉義,42,良好,4.73,Low Risk,106
月眉國小室內,月眉123號,嘉義縣新港鄉,室內,23.5202,120.3517,嘉義,42,良好,9.9,Low Risk,500
月眉國小室外,月眉124號,嘉義縣新港鄉,室外,23.5202,120.3517,嘉義,42,良好,9.9,Low Risk,1229
義和社區活動中心,義和村4鄰山子門23號,嘉義縣竹崎鄉,室內,23.5213,120.5532,嘉義,42,良好,11.25,Low Risk,30
義隆社區活動中心,義隆村3鄰山知崙7-1號,嘉義縣竹崎鄉,室內,23.5213,120.5532,嘉義,42,良好,11.25,Low Risk,30
坑頭村活動中心,坑頭村8鄰復原莊20號,嘉義縣竹崎鄉,室內,23.5214,120.5544,嘉義,42,良好,11.37,Low Risk,20
光華社區活動中心,光華村5鄰27之1號,嘉義縣竹崎鄉,室內,23.5214,120.5544,嘉義,42,良好,11.37,Low Risk,40
嘉義縣竹崎鄉昇平村收容所暨防災物資整備所,6鄰頂埔96號之1,嘉義縣竹崎鄉,室內,23.5214,120.5544,嘉義,42,良好,11.37,Low Risk,80
蔦松國中,松北村蔦松路1-1號　,雲林縣水林鄉,室內,23.5217,120.2304,嘉義,42,良好,22.12,Low Risk,500
興南村集會所,頭橋97號,嘉義縣民雄鄉,室內,23.5228,120.438,嘉義,42,良好,2.86,Low Risk,91
景陽宮,松北村松東路24號,雲林縣水林鄉,室內,23.5235,120.2364,嘉義,42,良好,21.54,Low Risk,300
灣橋社區活動中心,灣橋村16鄰灣橋172號,嘉義縣竹崎鄉,室內,23.5242,120.5064,嘉義,42,良好,6.83,Low Risk,60
水井活動中心,152號,雲林縣口湖鄉,室內,23.524732,120.179136,嘉義,42,良好,27.35,Low Risk,100
福樂村辦公處暨社區活動中心,新生一街1號,嘉義縣民雄鄉,室內,23.5263,120.4487,嘉義,42,良好,3.15,Low Risk,128
興中國小-室外,江厝店30號,嘉義縣民雄鄉,室外,23.5266,120.42,嘉義,42,良好,4.12,Low Risk,150
興中國小-室內,江厝店30號,嘉義縣民雄鄉,室內,23.5266,120.42,嘉義,42,良好,4.12,Low Risk,150
瑞北社區活動中心,4鄰祥北路一段54之1號,花蓮縣瑞穗鄉,室內,23.5267,121.3765,花蓮,35,良好,37.2,Low Risk,30
興中村辦公處暨社區活動中心,江厝店29-4號,嘉義縣民雄鄉,室內,23.5273,120.4206,嘉義,42,良好,4.14,Low Risk,128
竹崎高中[室內],竹崎村文化路23號,嘉義縣竹崎鄉,室內,23.5281,120.5694,嘉義,42,良好,13.04,Low Risk,100
福樂國小教室,光明二街191號,嘉義縣民雄鄉,室內,23.528949,120.452072,嘉義,42,良好,3.49,Low Risk,100
福樂國小操場,光明二街191號,嘉義縣民雄鄉,室內,23.528949,120.452072,嘉義,42,良好,3.49,Low Risk,200
沙坑社區活動中心,沙坑村8鄰水坑56之8號,嘉義縣竹崎鄉,室內,23.5293,120.5196,嘉義,42,良好,8.29,Low Risk,20
樂野村社區活動中心,56號,嘉義縣阿里山鄉,室內,23.5296,120.74,嘉義,42,良好,30.2,Low Risk,50
來吉國小室內,4鄰91號,嘉義縣阿里山鄉,室內,23.529713,120.740007,嘉義,42,良好,30.2,Low Risk,50
獅埜社區活動中心,獅埜村8鄰許厝8之1號,嘉義縣竹崎鄉,室內,23.5303,120.5206,嘉義,42,良好,8.43,Low Risk,80
文光國小湖口分校,30號,雲林縣口湖鄉,室內,23.530488,120.164704,嘉義,42,良好,28.89,Low Risk,150
北斗村辦公處暨社區活動中心,北勢子19-4號,嘉義縣民雄鄉,室內,23.5333,120.4564,嘉義,42,良好,4.06,Low Risk,82
秀林國小風雨教室、操場,3鄰北勢子17號,嘉義縣民雄鄉,室內,23.5341,120.4571,嘉義,42,良好,4.17,Low Risk,200
?福村辦公處暨社區活動中心,7鄰60號,嘉義縣民雄鄉,室內,23.5344,120.4424,嘉義,42,良好,4.05,Low Risk,43
中央村辦公處暨社區活動中心,田中央77號,嘉義縣民雄鄉,室內,23.5357,120.4051,嘉義,42,良好,5.89,Low Risk,67
後厝社區活動中心,8鄰110號,雲林縣口湖鄉,室內,23.536117,120.195009,嘉義,42,良好,25.92,Low Risk,200
文隆村辦公處暨社區活動中心,鴨母 47-7號,嘉義縣民雄鄉,室內,23.5374,120.4201,嘉義,42,良好,5.1,Low Risk,72
和安國小,溪墘村溪墘厝41號,雲林縣水林鄉,室內,23.5379,120.2654,嘉義,42,良好,18.92,Low Risk,150
文正國小,山腳村蕃東路1號　,雲林縣水林鄉,室內,23.5392,120.2248,嘉義,42,良好,22.99,Low Risk,300
瑞里社區活動中心,幼葉林55號,嘉義縣梅山鄉,室內,23.5393,120.6742,嘉義,42,良好,23.73,Low Risk,50
瑞里國小[室外],112號,嘉義縣梅山鄉,室外,23.54,120.665,嘉義,42,良好,22.83,Low Risk,100
松山村辦公處暨社區活動中心,4鄰43號,嘉義縣民雄鄉,室內,23.5401,120.4761,嘉義,42,良好,5.6,Low Risk,26
六美國小-室外,六斗村31號,嘉義縣六腳鄉,室外,23.540259,120.293455,嘉義,42,良好,16.22,Low Risk,620
松山國小-室外,松子?43-1號,嘉義縣民雄鄉,室外,23.5403,120.4751,嘉義,42,良好,5.56,Low Risk,100
松山國小3樓多功能教室有電梯,松子腳43之1號,嘉義縣民雄鄉,室內,23.5403,120.4751,嘉義,42,良好,5.56,Low Risk,150
太興社區活動中心,太興5號,嘉義縣梅山鄉,室內,23.5415,120.6345,嘉義,42,良好,19.84,Low Risk,50
文光國小,文光路100號,雲林縣口湖鄉,室內,23.54171,120.189714,嘉義,42,良好,26.56,Low Risk,100
太興國小[室外],4號,嘉義縣梅山鄉,室外,23.5423,120.6216,嘉義,42,良好,18.59,Low Risk,150
六美國小-室內,六斗村31號,嘉義縣六腳鄉,室內,23.5431,120.2867,嘉義,42,良好,16.98,Low Risk,60
西昌村辦公處暨社區活動中心,竹子腳1-2號,嘉義縣民雄鄉,室內,23.544,120.3831,嘉義,42,良好,8.18,Low Risk,96
梧南社區活動中心,文光路56之1號,雲林縣口湖鄉,室內,23.544428,120.190082,嘉義,42,良好,26.58,Low Risk,80
平和村辦公處暨社區活動中心,雙援15-2號,嘉義縣民雄鄉,室內,23.5451,120.3933,嘉義,42,良好,7.48,Low Risk,37
宜梧國中,光明路1號,雲林縣口湖鄉,室內,23.545737,120.189073,嘉義,42,良好,26.71,Low Risk,500
梧北社區活動中心,復興路175-6號,雲林縣口湖鄉,室內,23.548496,120.19025,嘉義,42,良好,26.65,Low Risk,100
中和村辦公處暨社區活動中心,社溝38-1號,嘉義縣民雄鄉,室內,23.5493,120.4129,嘉義,42,良好,6.61,Low Risk,86
東湖村辦公處暨社區活動中心,東勢湖174號,嘉義縣民雄鄉,室內,23.5503,120.4406,嘉義,42,良好,5.83,Low Risk,97
安靖國小[室外],柿子寮3號,嘉義縣梅山鄉,室外,23.5527,120.5781,嘉義,42,良好,14.79,Low Risk,150
文昌國小室內,古民街12號,嘉義縣新港鄉,室內,23.5537,120.3505,嘉義,42,良好,11.52,Low Risk,200
文昌國小室外,古民街12號,嘉義縣新港鄉,室外,23.5537,120.3505,嘉義,42,良好,11.52,Low Risk,400
東光基督長老教會,開高巷9號,南投縣信義鄉,室內,23.554004,120.927346,南投,38,良好,47.25,Low Risk,150
民雄國小-室外,民族路43號,嘉義縣民雄鄉,室外,23.5551,120.4294,嘉義,42,良好,6.55,Low Risk,300
民雄國小-室內,民族路43號,嘉義縣民雄鄉,室內,23.5551,120.4294,嘉義,42,良好,6.55,Low Risk,469
安龍宮活動中心,89號,雲林縣口湖鄉,室內,23.555266,120.161817,嘉義,42,良好,29.64,Low Risk,100
新港國小室內,登雲路105號,嘉義縣新港鄉,室內,23.5557,120.345,嘉義,42,良好,12.11,Low Risk,850
新港國小室外,登雲路105號,嘉義縣新港鄉,室外,23.5557,120.345,嘉義,42,良好,12.11,Low Risk,1000
菁埔村辦公處暨社區活動中心,菁埔137-1號,嘉義縣民雄鄉,室內,23.556,120.3987,嘉義,42,良好,8.03,Low Risk,86
三興村辦公處暨社區活動中心,陳厝寮37號,嘉義縣民雄鄉,室內,23.5569,120.4767,嘉義,42,良好,7.26,Low Risk,124
朝陽國小,扶朝76號,雲林縣北港鎮,室內,23.557,120.285,嘉義,42,良好,17.65,Low Risk,100
東榮村辦公處暨嘉義縣長壽會館,中庄130號,嘉義縣民雄鄉,室內,23.5571,120.4346,嘉義,42,良好,6.66,Low Risk,109
瑞峰社區活動中心,生毛樹12號,嘉義縣梅山鄉,室內,23.5572,120.6674,嘉義,42,良好,23.53,Low Risk,50
民雄國中-室外,西安路147號,嘉義縣民雄鄉,室外,23.5574,120.4207,嘉義,42,良好,7.07,Low Risk,170
民雄國中-室內,西安路147號,嘉義縣民雄鄉,室內,23.5574,120.4207,嘉義,42,良好,7.07,Low Risk,187
北美國小-室內,崙陽村122號,嘉義縣六腳鄉,室內,23.55746,120.303813,嘉義,42,良好,15.91,Low Risk,60
北美國小-室外,122號,嘉義縣六腳鄉,室外,23.55746,120.303813,嘉義,42,良好,15.91,Low Risk,670
東榮國小-室外,105號,嘉義縣民雄鄉,室外,23.5576,120.4349,嘉義,42,良好,6.71,Low Risk,200
東榮國小-室內,105號,嘉義縣民雄鄉,室內,23.5576,120.4349,嘉義,42,良好,6.71,Low Risk,200
三興國小-室外,陳厝寮55號,嘉義縣民雄鄉,室外,23.5578,120.4819,嘉義,42,良好,7.59,Low Risk,150
三興國小-室內,陳厝寮55號,嘉義縣民雄鄉,室內,23.5578,120.4819,嘉義,42,良好,7.59,Low Risk,200
大南國小[室外],大草埔15號,嘉義縣梅山鄉,室外,23.558,120.5543,嘉義,42,良好,12.91,Low Risk,150
新港國中室內,福德路106號,嘉義縣新港鄉,室內,23.5584,120.3438,嘉義,42,良好,12.37,Low Risk,760
新港國中室外,福德路106號,嘉義縣新港鄉,室外,23.5584,120.3438,嘉義,42,良好,12.37,Low Risk,1000
菁埔國小二樓活動中心,菁埔村130-3號,嘉義縣民雄鄉,室內,23.558682,120.397377,嘉義,42,良好,8.35,Low Risk,90
菁埔國小操場,菁埔村130-3號,嘉義縣民雄鄉,室內,23.558682,120.397377,嘉義,42,良好,8.35,Low Risk,99
尖山國小,大山村大山路6號,雲林縣水林鄉,室內,23.5603,120.2229,嘉義,42,良好,23.75,Low Risk,100
桐林活動中心,太平巷57-1號,南投縣信義鄉,室內,23.560392,120.874626,南投,38,良好,44.01,Low Risk,150
藝術高中室內,藝高路1號,嘉義縣新港鄉,室內,23.5604,120.349,嘉義,42,良好,12.06,Low Risk,600
藝術高中室外,藝高路1號,嘉義縣新港鄉,室外,23.5604,120.349,嘉義,42,良好,12.06,Low Risk,1000
內茅埔營林區,綠美巷13號,南投縣信義鄉,室內,23.560495,120.874414,南投,38,良好,43.99,Low Risk,300
太平社區活動中心,大坪4號,嘉義縣梅山鄉,室內,23.561,120.6069,嘉義,42,良好,17.85,Low Risk,50
太平國小[室外],大坪4號,嘉義縣梅山鄉,室外,23.561,120.6069,嘉義,42,良好,17.85,Low Risk,200
豐收村辦公處暨社區活動中心,好收148-1號,嘉義縣民雄鄉,室內,23.5613,120.4506,嘉義,42,良好,7.04,Low Risk,91
東埔基督長老教會,高平巷78號,南投縣信義鄉,室內,23.561753,120.926763,南投,38,良好,46.49,Low Risk,150
水仙宮室外,5鄰舊南港59號,嘉義縣新港鄉,室外,23.561845,120.308799,嘉義,42,良好,15.66,Low Risk,2000
東興村辦公處暨社區活動中心,葉子寮28-1號,嘉義縣民雄鄉,室內,23.5619,120.4984,嘉義,42,良好,8.89,Low Risk,64
東埔國小,開高巷63號,南投縣信義鄉,室內,23.561911,120.927292,南投,38,良好,46.51,Low Risk,15
六興宮室外,溪北65號,嘉義縣新港鄉,室外,23.5622,120.3143,嘉義,42,良好,15.18,Low Risk,500
六興宮室內,溪北65號,嘉義縣新港鄉,室內,23.5622,120.3143,嘉義,42,良好,15.18,Low Risk,500
古民國小室內,古民161號,嘉義縣新港鄉,室內,23.5623,120.3491,嘉義,42,良好,12.17,Low Risk,120
古民國小室外,古民161號,嘉義縣新港鄉,室外,23.5623,120.3491,嘉義,42,良好,12.17,Low Risk,1000
台興國小,台興路130號,雲林縣口湖鄉,室內,23.562312,120.142412,嘉義,42,良好,31.74,Low Risk,400
福權村辦公處暨社區活動中心,福權26號,嘉義縣民雄鄉,室內,23.5626,120.4128,嘉義,42,良好,7.92,Low Risk,31
碧湖社區活動中心,堀尺嶺9-1號,嘉義縣梅山鄉,室內,23.5647,120.6248,嘉義,42,良好,19.69,Low Risk,50
北港國中,民生路102號,雲林縣北港鎮,室內,23.5657,120.2992,嘉義,42,良好,16.73,Low Risk,300
大興國小,大溝村大溝路1號　,雲林縣水林鄉,室內,23.5663,120.2105,嘉義,42,良好,25.16,Low Risk,300
西衛社區活動中心,西衛里84號,澎湖縣馬公市,室內,23.5665,119.5724,雲林,45,良好,88.89,Low Risk,80
南陽國小,光明路59號,雲林縣北港鎮,室內,23.5665,120.301,嘉義,42,良好,16.61,Low Risk,500
東埔活動中心,開高巷58號,南投縣信義鄉,室內,23.566583,120.917077,南投,38,良好,45.51,Low Risk,600
文光國小過港分校,119號,雲林縣口湖鄉,室內,23.567432,120.192722,嘉義,42,良好,26.93,Low Risk,300
頂崙村辦公處暨社區活動中心,崙子頂25-1號,嘉義縣民雄鄉,室內,23.5679,120.4379,嘉義,42,良好,7.8,Low Risk,40
勞工育樂中心,澎湖縣馬公市大賢街160號,澎湖縣馬公市,室內,23.568,119.5658,雲林,45,良好,89.52,Low Risk,100
朝天宮厚生大樓,厚生路15號,雲林縣北港鎮,室內,23.568,120.305,嘉義,42,良好,16.32,Low Risk,1000
八里灣基督長老教會,16鄰豐里49之1號,花蓮縣豐濱鄉,室內,23.5681,121.4859,花蓮,35,良好,28.96,Low Risk,0
興仁國小教室,烏崁里129號,澎湖縣馬公市,室內,23.5702,119.581,雲林,45,良好,87.95,Low Risk,300
澎湖科技大學學生活動中心,澎湖縣馬公市六合路300號,澎湖縣馬公市,室內,23.5704,119.5665,雲林,45,良好,89.41,Low Risk,400
寮頂村集會所,頂寮59-3號,嘉義縣民雄鄉,室內,23.5709,120.4269,嘉義,42,良好,8.32,Low Risk,15
鐵線社區活動中心,鐵線里4-5號,澎湖縣馬公市,室內,23.5715,119.5805,雲林,45,良好,87.98,Low Risk,230
文澳國小體育館,文學路221號,澎湖縣馬公市,室內,23.5725,119.569,雲林,45,良好,89.12,Low Risk,190
水林國中,水北村水林路104號,雲林縣水林鄉,室內,23.5728,120.2474,嘉義,42,良好,21.87,Low Risk,500
水燦林國小,水北村水林路6號,雲林縣水林鄉,室內,23.573,120.2469,嘉義,42,良好,21.92,Low Risk,300
水林鄉公所,水北村水林路12號　,雲林縣水林鄉,室內,23.5732,120.246,嘉義,42,良好,22.01,Low Risk,100
中正國中體育館,光華里101號,澎湖縣馬公市,室內,23.5736,119.5697,雲林,45,良好,89.03,Low Risk,300
山水國小活動中心,山水里140號,澎湖縣馬公市,室內,23.5739,119.5817,雲林,45,良好,87.82,Low Risk,500
湖西國中活動中心,湖西村43-1號,澎湖縣湖西鄉,室內,23.5739,119.6496,雲林,45,良好,80.99,Low Risk,300
建國國中,大同路468號,雲林縣北港鎮,室內,23.5741,120.2956,嘉義,42,良好,17.49,Low Risk,500
富民社區活動中心,2鄰中正路一段208之1號,花蓮縣瑞穗鄉,室內,23.5743,121.3745,花蓮,35,良好,32.73,Low Risk,30
金湖國小,民主路15號,雲林縣口湖鄉,室內,23.574448,120.154157,嘉義,42,良好,30.92,Low Risk,100
巨人中學,大同路647號,雲林縣北港鎮,室內,23.5748,120.2889,嘉義,42,良好,18.13,Low Risk,200
東衛國小活動中心,東衛里170號,澎湖縣馬公市,室內,23.5749,119.5746,雲林,45,良好,88.51,Low Risk,310
崇文國小,崇文路二段285號,雲林縣口湖鄉,室內,23.575009,120.176942,嘉義,42,良好,28.71,Low Risk,500
港西避難所,海豐路2-6號,雲林縣口湖鄉,室內,23.575309,120.148339,嘉義,42,良好,31.52,Low Risk,50
港西龍台宮,三民路1號,雲林縣口湖鄉,室內,23.575331,120.147799,嘉義,42,良好,31.57,Low Risk,100
北港鎮公所,北辰路1號,雲林縣北港鎮,室內,23.576,120.3024,嘉義,42,良好,16.99,Low Risk,100
鎮北村辦公處暨社區活動中心,土庫子24-2號,嘉義縣民雄鄉,室內,23.5765,120.4498,嘉義,42,良好,8.73,Low Risk,75
馬遠社區活動中心,1鄰5號,花蓮縣萬榮鄉,室內,23.576867,121.362553,花蓮,35,良好,33.16,Low Risk,120
馬遠國民小學,2鄰馬遠39號,花蓮縣萬榮鄉,室內,23.576872,121.361934,花蓮,35,良好,33.2,Low Risk,200
水燦林國小水林校區,水北村文化路45號,雲林縣水林鄉,室內,23.5769,120.2468,嘉義,42,良好,22.1,Low Risk,300
龍眼社區活動中心,龍眼林3-1號,嘉義縣梅山鄉,室內,23.577,120.6171,嘉義,42,良好,19.54,Low Risk,50
梅圳國小[室外],三源23號,嘉義縣梅山鄉,室外,23.5771,120.5901,嘉義,42,良好,17.13,Low Risk,150
柳溝國小室外,南靖厝5號,嘉義縣溪口鄉,室外,23.577344,120.414272,嘉義,42,良好,9.38,Low Risk,1000
北辰國小,成功路30號,雲林縣北港鎮,室內,23.5776,120.3027,嘉義,42,良好,17.06,Low Risk,1000
富源社區活動中心,10鄰學士路31號,花蓮縣瑞穗鄉,室內,23.5776,121.3759,花蓮,35,良好,32.34,Low Risk,30
富源消防分隊,9鄰中正路157號,花蓮縣瑞穗鄉,室內,23.5778,121.3764,花蓮,35,良好,32.29,Low Risk,75
澎南國中活動中心,五德里41號,澎湖縣馬公市,室內,23.5784,119.5737,雲林,45,良好,88.54,Low Risk,300
北港高中,成功路26號,雲林縣北港鎮,室內,23.5784,120.3046,嘉義,42,良好,16.94,Low Risk,1000
樹腳社區活動中心　,樹腳里大庄2-1號,雲林縣北港鎮,室內,23.5787,120.2754,嘉義,42,良好,19.55,Low Risk,200
過溝社區活動中心,樹腳里過溝42-2號,雲林縣北港鎮,室內,23.5797,120.2737,嘉義,42,良好,19.75,Low Risk,100
風櫃國小活動中心,風櫃里66號,澎湖縣馬公市,室內,23.5799,119.5811,雲林,45,良好,87.77,Low Risk,200
北港農工,太平路80號,雲林縣北港鎮,室內,23.5803,120.309,嘉義,42,良好,16.67,Low Risk,1000
白坑社區活動中心,白坑村1-3號,澎湖縣湖西鄉,室內,23.5817,119.6626,雲林,45,良好,79.54,Low Risk,20
富興社區活動中心,13鄰東興路134號,花蓮縣瑞穗鄉,室內,23.5817,121.3877,花蓮,35,良好,31.32,Low Risk,30
口湖鄉民眾服務站,7鄰中正路一段112號,雲林縣口湖鄉,室內,23.582048,120.18544,嘉義,42,良好,28.14,Low Risk,50
口湖鄉公所,中正路一段118號,雲林縣口湖鄉,室內,23.582642,120.185747,嘉義,42,良好,28.13,Low Risk,50
鼎灣社區活動中心,鼎灣村37號,澎湖縣湖西鄉,室內,23.5828,119.6419,雲林,45,良好,81.6,Low Risk,55
梅山國小[室外],中山路28之1號,嘉義縣梅山鄉,室外,23.583,120.5585,嘉義,42,良好,14.87,Low Risk,300
鎖港里社區活動中心,鎖港里633號,澎湖縣馬公市,室內,23.5834,119.5719,雲林,45,良好,88.64,Low Risk,230
太武社區活動中心,太武村14-1號,澎湖縣湖西鄉,室內,23.584,119.6202,雲林,45,良好,83.76,Low Risk,20
沙港社區農漁民活動中心,澎湖縣湖西鄉沙港村75-1號,澎湖縣湖西鄉,室內,23.584,119.6526,雲林,45,良好,80.5,Low Risk,500
湖西鄉公所,澎湖縣湖西鄉湖西村43之11號,澎湖縣湖西鄉,室內,23.5846,119.6537,雲林,45,良好,80.38,Low Risk,100
草嶺山莊,草嶺村56號,雲林縣古坑鄉,室內,23.5849,120.6966,嘉義,42,良好,27.33,Low Risk,100
北寮社區活動中心,北寮村25-2號,澎湖縣湖西鄉,室內,23.5854,119.669,雲林,45,良好,78.83,Low Risk,30
梅山國中[室外],健康街136號,嘉義縣梅山鄉,室外,23.5867,120.5607,嘉義,42,良好,15.31,Low Risk,300
口湖國小,文明路103巷46號,雲林縣口湖鄉,室內,23.58672,120.183936,雲林,45,良好,28.28,Low Risk,100
梅北國小[室外],民生街1號,嘉義縣梅山鄉,室外,23.5871,120.5518,嘉義,42,良好,14.65,Low Risk,300
潭邊社區活動中心,潭邊村53號,澎湖縣湖西鄉,室內,23.5872,119.6425,雲林,45,良好,81.46,Low Risk,105
辰光國小,新厝49號,雲林縣北港鎮,室內,23.5872,120.3182,嘉義,42,良好,16.35,Low Risk,100
口湖國中,文明路133巷20號,雲林縣口湖鄉,室內,23.587604,120.184655,雲林,45,良好,28.17,Low Risk,100
復興國小室內,北崙75-4號,嘉義縣新港鄉,室內,23.5899,120.3572,嘉義,42,良好,13.63,Low Risk,40
復興國小室外,南港58號,嘉義縣新港鄉,室外,23.5899,120.3572,嘉義,42,良好,13.63,Low Risk,100
中林國小室外,147號,嘉義縣大林鎮,室外,23.59,120.4767,嘉義,42,良好,10.69,Low Risk,900
神木活動中心,民和巷27-1號,南投縣信義鄉,室內,23.59024,120.88984,南投,38,良好,41.83,Low Risk,150
和社台大實驗林,同和巷45號,南投縣信義鄉,室內,23.592761,120.888755,南投,38,良好,41.53,Low Risk,100
嘉義縣大林鎮精忠營區,嘉義縣大林鎮過溪里崎頂1號精忠營區,雲林縣古坑鄉,室內,23.5929,120.5334,嘉義,42,良好,13.82,Low Risk,100
僑美國小,華勝路655號,雲林縣北港鎮,室內,23.592941,120.302058,雲林,45,良好,17.83,Low Risk,100
同富國中 -禮堂,同和巷7號,南投縣信義鄉,室內,23.593575,120.888631,南投,38,良好,41.45,Low Risk,100
美林國小室外,78-3號,嘉義縣溪口鄉,室外,23.593759,120.379436,嘉義,42,良好,12.61,Low Risk,250
南寮社區活動中心,南寮村121-5號,澎湖縣湖西鄉,室內,23.5945,119.6082,雲林,45,良好,84.8,Low Risk,80
隘門國小多元化教室,隘門村41-1號,澎湖縣湖西鄉,室內,23.5951,119.6164,雲林,45,良好,83.96,Low Risk,75
華南國小,華南路28號,雲林縣古坑鄉,室內,23.5964,120.5747,嘉義,42,良好,17.09,Low Risk,50
華山禾園,華山77號,雲林縣古坑鄉,室內,23.5964,120.5918,嘉義,42,良好,18.47,Low Risk,40
埔南社區活動中心,外埔路126號,雲林縣口湖鄉,室內,23.597437,120.19068,雲林,45,良好,27.15,Low Risk,50
尖山社區活動中心,尖山村5鄰45-1號,澎湖縣湖西鄉,室內,23.5975,119.6139,雲林,45,良好,84.18,Low Risk,53
光復自強外役監獄,建國路一段1號,花蓮縣光復鄉,室內,23.598,121.4125,花蓮,35,良好,28.48,Low Risk,300
保安宮,6鄰59號,雲林縣口湖鄉,室內,23.598224,120.161817,雲林,45,良好,29.81,Low Risk,50
成功社區活動中心,成功村80-2號,澎湖縣湖西鄉,室內,23.5985,119.6692,雲林,45,良好,78.58,Low Risk,95
鄉村休閒農莊,華山89號,雲林縣古坑鄉,室內,23.5985,120.5873,嘉義,42,良好,18.24,Low Risk,20
大林鎮運動公園,新興街138號,嘉義縣大林鎮,室外,23.598562,120.458206,嘉義,42,良好,11.24,Low Risk,1200
花東山琉璃禪寺,建國路一段 26之2號,花蓮縣光復鄉,室內,23.5992,121.4162,花蓮,35,良好,28.18,Low Risk,50
好收國小,好收里好收路20號,雲林縣北港鎮,室內,23.5997,120.2802,雲林,45,良好,19.1,Low Risk,100
平林國小室外,民權路80號,嘉義縣大林鎮,室外,23.5997,120.4616,嘉義,42,良好,11.41,Low Risk,900
大林鎮老人體育活動中心,新興街116號,嘉義縣大林鎮,室內,23.5998,120.4584,嘉義,42,良好,11.38,Low Risk,130
頂湖國小,6鄰121號,雲林縣口湖鄉,室內,23.5999,120.179136,雲林,45,良好,28.11,Low Risk,100
鎮安宮,6鄰109之2號,雲林縣口湖鄉,室內,23.5999,120.179136,雲林,45,良好,28.11,Low Risk,300
西溪國小視聽教室,西溪村130號,澎湖縣湖西鄉,室內,23.6003,119.6697,雲林,45,良好,78.51,Low Risk,55
大美活動中心,1鄰33號,嘉義縣大林鎮,室內,23.601,120.5043,嘉義,42,良好,12.9,Low Risk,40
豐濱國中禮堂,光豐路26號,花蓮縣豐濱鄉,室內,23.6012,121.5218,花蓮,35,良好,24.73,Low Risk,0
溪口鄉老人文康中心,中山路91號,嘉義縣溪口鄉,室內,23.602156,120.391817,雲林,45,良好,11.6,Low Risk,40
大林國小室外,中正路423號,嘉義縣大林鎮,室外,23.6024,120.4536,雲林,45,良好,11.0,Low Risk,1200
山田民宿,華山109號,雲林縣古坑鄉,室內,23.6025,120.5797,嘉義,42,良好,17.92,Low Risk,20
溪口鄉公所三樓禮堂,中山路89號3樓,嘉義縣溪口鄉,室內,23.602641,120.392284,雲林,45,良好,11.53,Low Risk,80
北極殿香客大樓,中正路182號,嘉義縣溪口鄉,室內,23.603785,120.39444,雲林,45,良好,11.34,Low Risk,100
溪口國小室內,中山路53號,嘉義縣溪口鄉,室內,23.604503,120.394218,雲林,45,良好,11.27,Low Risk,50
溪口國小室外,中山路53號,嘉義縣溪口鄉,室外,23.604503,120.394218,雲林,45,良好,11.27,Low Risk,850
宏仁國小,灣東村宏仁路30號,雲林縣水林鄉,室內,23.6048,120.2398,雲林,45,良好,22.3,Low Risk,300
碧清寺,灣東村宏仁路38號,雲林縣水林鄉,室內,23.6051,120.2401,雲林,45,良好,22.26,Low Risk,350
三和國小室外,中興路二段937號,嘉義縣大林鎮,室外,23.6058,120.4886,雲林,45,良好,11.87,Low Risk,900
柴林國小室外,107號,嘉義縣溪口鄉,室外,23.605881,120.37158,雲林,45,良好,12.13,Low Risk,250
石壁避難所,草嶺村石壁921地震時設置所以並無地址,雲林縣古坑鄉,室內,23.6069,120.7094,嘉義,42,良好,29.47,Low Risk,20
大富國小,明德路29巷12號,花蓮縣光復鄉,室內,23.6073,121.3909,花蓮,35,良好,28.74,Low Risk,80
外湖避難所,草嶺村外湖原外湖公厝所以並無地址,雲林縣古坑鄉,室內,23.6074,120.6784,嘉義,42,良好,26.64,Low Risk,20
排路國小室外,231號,嘉義縣大林鎮,室外,23.6101,120.4222,雲林,45,良好,10.0,Low Risk,400
桂林國小,桂林村95號,雲林縣古坑鄉,室內,23.612,120.6079,雲林,45,良好,20.32,Low Risk,150
東榮國小,溝皂里174號,雲林縣北港鎮,室內,23.6128,120.2935,雲林,45,良好,17.15,Low Risk,100
排路社區活動中心,排路里167號,嘉義縣大林鎮,室內,23.613,120.4243,雲林,45,良好,9.66,Low Risk,70
埔北社區活動中心,林圍路39-2號,雲林縣口湖鄉,室內,23.613542,120.19068,雲林,45,良好,26.45,Low Risk,60
興安府,林圍路35號,雲林縣口湖鄉,室內,23.613542,120.19068,雲林,45,良好,26.45,Low Risk,100
興昌國小,南昌路6號,雲林縣古坑鄉,室內,23.6143,120.54,雲林,45,良好,14.46,Low Risk,100
望鄉基督長老教會,望和巷35號,南投縣信義鄉,室內,23.615142,120.886208,南投,38,良好,39.27,Low Risk,50
久美基督長老教會,美信巷31號,南投縣信義鄉,室內,23.615166,120.884773,南投,38,良好,39.19,Low Risk,200
望鄉活動中心,望和巷10號,南投縣信義鄉,室內,23.615773,120.886531,南投,38,良好,39.22,Low Risk,100
久美國小,美信巷54號,南投縣信義鄉,室內,23.616187,120.884999,南投,38,良好,39.1,Low Risk,200
仁德國小,內寮村內寮路6號,雲林縣元長鄉,室內,23.6169,120.3514,雲林,45,良好,12.37,Low Risk,200
游東村活動中心,73-1號,嘉義縣溪口鄉,室內,23.617531,120.401794,雲林,45,良好,9.65,Low Risk,25
社團國小室外,下林頭51號,嘉義縣大林鎮,室外,23.6176,120.4959,雲林,45,良好,11.15,Low Risk,500
下崙福安宮（香客大樓）,福安路24號,雲林縣口湖鄉,室內,23.618092,120.161904,雲林,45,良好,29.04,Low Risk,300
久美活動中心,美信巷55-1號,南投縣信義鄉,室內,23.618856,120.88459,南投,38,良好,38.83,Low Risk,300
永光老人養護中心,光興路20號,雲林縣古坑鄉,室內,23.619838,120.558397,雲林,45,良好,15.56,Low Risk,2
誠正國小,蘇秦村蘇秦路1號,雲林縣水林鄉,室內,23.6206,120.2616,雲林,45,良好,19.52,Low Risk,300
忠孝國小,龍岩村148號,雲林縣元長鄉,室內,23.6207,120.3146,雲林,45,良好,14.89,Low Risk,200
育英國小,番溝84號,雲林縣北港鎮,室內,23.6225,120.2786,雲林,45,良好,17.89,Low Risk,100
永光國小,文昌路84號,雲林縣古坑鄉,室內,23.6259,120.5532,雲林,45,良好,14.74,Low Risk,100
城前社區活動中心,17-1號,澎湖縣白沙鄉,室內,23.626177,119.595268,雲林,45,良好,85.69,Low Risk,74
振興宮,光昌路158號,雲林縣古坑鄉,室內,23.6266,120.552,雲林,45,良好,14.6,Low Risk,20
羅娜天主教,信筆巷139號,南投縣信義鄉,室內,23.627369,120.869589,南投,38,良好,37.22,Low Risk,300
羅娜國小,信筆巷73號,南投縣信義鄉,室內,23.628088,120.870287,南投,38,良好,37.19,Low Risk,100
羅娜活動中心,信筆巷30號,南投縣信義鄉,室內,23.628179,120.869961,南投,38,良好,37.17,Low Risk,100
麻園社區活動中心,中洲路41-1號,雲林縣古坑鄉,室內,23.6282,120.514,雲林,45,良好,11.46,Low Risk,20
客厝國小,頂寮村頂寮路11號,雲林縣元長鄉,室內,23.6285,120.3338,雲林,45,良好,12.81,Low Risk,200
羅娜基督長老教會,信筆巷37號,南投縣信義鄉,室內,23.629096,120.874184,南投,38,良好,37.3,Low Risk,300
豐德宮廣場,蘇秦村海豊路56-1號,雲林縣水林鄉,室外,23.6313,120.2555,雲林,45,良好,19.58,Low Risk,300
外垵社區活動中心,外垵村4-26號,澎湖縣西嶼鄉,室內,23.6315,119.5228,雲林,45,良好,92.99,Low Risk,90
內寮社區活動中心,鯉南路385-16號,南投縣竹山鎮,室內,23.6323,120.6555,雲林,45,良好,23.88,Low Risk,15
大興國小,民權街17號,花蓮縣光復鄉,室內,23.6323,121.3982,花蓮,35,良好,26.03,Low Risk,300
內垵村?漁民活動中心,內垵村43-5號,澎湖縣西嶼鄉,室內,23.6324,119.5137,雲林,45,良好,93.9,Low Risk,100
舊庄國小,怡然路92號,雲林縣大埤鄉,室內,23.633569,120.401574,雲林,45,良好,7.99,Low Risk,150
大興活動中心,民權街37號,花蓮縣光復鄉,室內,23.6338,121.3942,花蓮,35,良好,26.13,Low Risk,100
西嶼國中體育館,池東村213號,澎湖縣西嶼鄉,室內,23.6348,119.5222,雲林,45,良好,93.02,Low Risk,300
東興部落原住民多功能活動中心,9鄰東興18-1號,花蓮縣豐濱鄉,室內,23.6351,121.5308,花蓮,35,良好,20.9,Low Risk,0
橫礁社區活動中心,橫礁村37-1,澎湖縣西嶼鄉,室內,23.6358,119.5246,雲林,45,良好,92.76,Low Risk,30
新生國小,新生路11號,雲林縣元長鄉,室內,23.6362,120.3595,雲林,45,良好,10.26,Low Risk,200
馬佛活動中心,民有街51巷3-1號,花蓮縣光復鄉,室內,23.6362,121.4295,花蓮,35,良好,23.93,Low Risk,100
四湖國小,中山東路37號,雲林縣四湖鄉,室內,23.6366,120.2284,雲林,45,良好,21.96,Low Risk,200
古坑鄉立幼兒園,中山路1號,雲林縣古坑鄉,室內,23.6367,120.5577,雲林,45,良好,14.51,Low Risk,30
四湖鄉避難收容場所,中山西路44-1號,雲林縣四湖鄉,室內,23.638093,120.224343,雲林,45,良好,22.3,Low Risk,20
四湖鄉立幼兒園,中洋南路10-2號,雲林縣四湖鄉,室內,23.6381,120.2243,雲林,45,良好,22.3,Low Risk,40
舊戶政事務所,中山西路44號,雲林縣四湖鄉,室內,23.6381,120.2243,雲林,45,良好,22.3,Low Risk,40
四湖鄉飛沙集會所避難收容場所,大同路47巷5-1號,雲林縣四湖鄉,室內,23.6381,120.2243,雲林,45,良好,22.3,Low Risk,100
小門國小,小門村11-9號,澎湖縣西嶼鄉,室內,23.6382,119.5312,雲林,45,良好,92.07,Low Risk,200
合界社區活動中心,合界村80-1號,澎湖縣西嶼鄉,室內,23.6388,119.5313,雲林,45,良好,92.06,Low Risk,32
廣溝集貨市場,廣溝厝13-7號,雲林縣四湖鄉,室內,23.6391,120.1979,雲林,45,良好,24.85,Low Risk,40
四湖參天宮,關聖路87號,雲林縣四湖鄉,室內,23.639405,120.226972,雲林,45,良好,22.0,Low Risk,1560
朝陽大埔北極殿,大埔45-2號,雲林縣古坑鄉,室內,23.6395,120.5945,雲林,45,良好,17.77,Low Risk,50
新鄉基督長老教會,新鄉路69號,南投縣信義鄉,室內,23.640117,120.872384,南投,38,良好,36.17,Low Risk,80
四湖鄉公所3樓禮堂,中山西路44號,雲林縣四湖鄉,室內,23.6408,120.1747,雲林,45,良好,27.08,Low Risk,40
仁愛國小,潭西村潭內路1號,雲林縣元長鄉,室內,23.6409,120.2893,雲林,45,良好,16.0,Low Risk,200
新鄉活動中心,新鄉路71號,南投縣信義鄉,室內,23.641427,120.87079,南投,38,良好,35.96,Low Risk,200
大埤國中,民權路80號,雲林縣大埤鄉,室內,23.641888,120.428365,雲林,45,良好,6.42,Low Risk,187
砂荖活動中心,建國路二段39號,花蓮縣光復鄉,室內,23.6419,121.4512,花蓮,35,良好,22.33,Low Risk,100
石龜國小活動中心,5鄰南生路1號,雲林縣斗南鎮,室內,23.642396,120.482209,雲林,45,良好,8.1,Low Risk,300
調解會暨古坑三村聯合辦公處,中山路45號,雲林縣古坑鄉,室內,23.6427,120.5616,雲林,45,良好,14.56,Low Risk,20
竹灣社區活動中心,竹灣村70-4號,澎湖縣西嶼鄉,室內,23.6429,119.5163,雲林,45,良好,93.55,Low Risk,35
飛沙國小,大同路26號,雲林縣四湖鄉,室內,23.6431,120.1773,雲林,45,良好,26.77,Low Risk,100
湳仔社區活動中心,湳仔村崙子路30號,雲林縣古坑鄉,室內,23.6433,120.5387,雲林,45,良好,12.46,Low Risk,20
大埤國小,中正路23號,雲林縣大埤鄉,室內,23.644704,120.429371,雲林,45,良好,6.1,Low Risk,187
新光國小,新庄村1-1號,雲林縣古坑鄉,室內,23.645,120.5611,雲林,45,良好,14.4,Low Risk,100
元長國中,長南村元南路16號,雲林縣元長鄉,室內,23.6457,120.3166,雲林,45,良好,13.26,Low Risk,500
"石頭公園渡假山莊含蓮園休閒民宿,石",朝陽路1之286號,雲林縣古坑鄉,室外,23.6457,120.588,雲林,45,良好,16.9,Low Risk,130
桶頭社區活動中心,鯉南路312號,南投縣竹山鎮,室內,23.646,120.6564,雲林,45,良好,23.54,Low Risk,50
古坑國中,朝陽路2號,雲林縣古坑鄉,室內,23.6462,120.567,雲林,45,良好,14.9,Low Risk,200
嘉興國小,嘉興65號,雲林縣大埤鄉,室內,23.647242,120.457078,雲林,45,良好,6.31,Low Risk,125
港子社區活動中心,54-5號,澎湖縣白沙鄉,室內,23.648238,119.59875,雲林,45,良好,85.13,Low Risk,78
元長鄉公所大樓,長南村仁愛街2號,雲林縣元長鄉,室內,23.6497,120.3148,雲林,45,良好,13.23,Low Risk,200
聯美國小,聯豐路99號,雲林縣大埤鄉,室內,23.650369,120.397799,雲林,45,良好,6.52,Low Risk,100
三崙國小,延平南路18號,雲林縣四湖鄉,室內,23.6517,120.15602,雲林,45,良好,28.68,Low Risk,100
新社國小二樓綜合教室,150號,花蓮縣豐濱鄉,室內,23.6519,121.5354,花蓮,35,良好,19.0,Low Risk,200
光復鄉立托兒所,中山路一段216巷8號,花蓮縣光復鄉,室內,23.6521,121.4184,花蓮,35,良好,23.04,Low Risk,100
元長國小,長南村元西路76號,雲林縣元長鄉,室內,23.6522,120.3092,雲林,45,良好,13.64,Low Risk,500
花嶼社區發展協會,花嶼76-3號,澎湖縣望安鄉,室內,23.6527,119.5174,雲林,45,良好,93.37,Low Risk,60
荷苞建德寺,小坑5號,雲林縣古坑鄉,室內,23.654,120.5914,雲林,45,良好,16.92,Low Risk,200
大池社區活動中心,大池村11-5號,澎湖縣西嶼鄉,室內,23.6541,119.5166,雲林,45,良好,93.44,Low Risk,28
信義國小,五塊村北水8號,雲林縣元長鄉,室內,23.6571,120.2804,雲林,45,良好,16.22,Low Risk,200
三條崙海清宮,海清路93號,雲林縣四湖鄉,室內,23.6576,120.1534,雲林,45,良好,28.83,Low Risk,500
西南活動中心,中正路二段72巷14號,花蓮縣光復鄉,室內,23.6584,121.4494,花蓮,35,良好,20.79,Low Risk,100
豐田活動中心,豐田12-1號,雲林縣大埤鄉,室內,23.65841,120.442375,雲林,45,良好,4.67,Low Risk,50
和平國小,子茂村4號,雲林縣元長鄉,室內,23.6586,120.3362,雲林,45,良好,10.84,Low Risk,200
下庄活動中心,下庄18-1號,雲林縣土庫鎮,室內,23.6588,120.3853,雲林,45,良好,6.62,Low Risk,46
瑞竹社區活動中心,鯉南路305-15號,南投縣竹山鎮,室內,23.6597,120.6599,雲林,45,良好,23.55,Low Risk,100
太巴塱國小,中正路二段23號,花蓮縣光復鄉,室內,23.6601,121.4484,花蓮,35,良好,20.67,Low Risk,100
綺湖社區?人活動中心,綺湖134號,雲林縣土庫鎮,室內,23.661,120.3601,雲林,45,良好,8.55,Low Risk,35
仁和國小,仁和路4號,雲林縣大埤鄉,室內,23.661589,120.420525,雲林,45,良好,4.4,Low Risk,100
水碓國小,水碓路97號,雲林縣古坑鄉,室內,23.6623,120.5662,雲林,45,良好,14.2,Low Risk,200
大同活動中心,中正路一段370號,花蓮縣光復鄉,室內,23.6633,121.431,花蓮,35,良好,21.29,Low Risk,100
瑞竹國小活動中心,鯉南路251號,南投縣竹山鎮,室內,23.664,120.6664,雲林,45,良好,24.11,Low Risk,100
嘉隆社區活動中心,東勢鄉嘉隆村守密街51之1號,雲林縣東勢鄉,室內,23.6656,120.2592,雲林,45,良好,18.08,Low Risk,78
溪埔寮農民休閒活動中心,溪埔27-2號,雲林縣土庫鎮,室內,23.6666,120.3939,雲林,45,良好,5.39,Low Risk,113
橋真國小,延平路二段642號,雲林縣斗南鎮,室內,23.6675,120.4751,雲林,45,良好,5.59,Low Risk,375
安南宮,成功路178號,雲林縣臺西鄉,室內,23.6676,120.2098,雲林,45,良好,22.98,Low Risk,100
豐丘基督長老教會,高平巷28-1號,南投縣信義鄉,室內,23.669128,120.873025,南投,38,良好,33.52,Low Risk,60
田心社區活動中心,田心路59號之1,雲林縣古坑鄉,室內,23.6693,120.5413,雲林,45,良好,11.55,Low Risk,20
光復鄉公所,中華路257號,花蓮縣光復鄉,室內,23.6694,121.4233,花蓮,35,良好,21.19,Low Risk,100
埤腳活動中心,埤腳115-1號,雲林縣土庫鎮,室內,23.67,120.3489,雲林,45,良好,9.15,Low Risk,67
豐丘活動中心,高平巷7-1號,南投縣信義鄉,室內,23.670189,120.874935,南投,38,良好,33.54,Low Risk,100
光復國中,林森路200號,花蓮縣光復鄉,室內,23.6705,121.4248,花蓮,35,良好,21.0,Low Risk,100
豐丘體技場,高平巷8號,南投縣信義鄉,室內,23.670517,120.875111,南投,38,良好,33.52,Low Risk,100
東勢國民中學活動中心,東勢鄉嘉隆村東榮路65號,雲林縣東勢鄉,室內,23.6724,120.2571,雲林,45,良好,18.14,Low Risk,200
高林社區活動中心,高林路61號,雲林縣古坑鄉,室內,23.6737,120.5702,雲林,45,良好,14.28,Low Risk,20
東南社區活動中心,東勢鄉東南村東榮路9巷8-1號,雲林縣東勢鄉,室內,23.6739,120.2555,雲林,45,良好,18.28,Low Risk,81
坪頂里集會所,坪頂路36號,南投縣竹山鎮,室內,23.6742,120.6732,雲林,45,良好,24.64,Low Risk,50
東勢國民小學活動中心,東榮路29巷9號,雲林縣東勢鄉,室內,23.6743,120.2571,雲林,45,良好,18.11,Low Risk,238
"明山大飯店室內空間,儲藏室,大廳",興產路2-3號,南投縣鹿谷鄉,室內,23.6743,120.7963,南投,38,良好,29.16,Low Risk,300
東勢鄉賜安宮香客大樓,四安路25號,雲林縣東勢鄉,室內,23.6744,120.2542,雲林,45,良好,18.4,Low Risk,134
東勢鄉公所3樓,東勢鄉東南村所前街3號,雲林縣東勢鄉,室內,23.6754,120.2527,雲林,45,良好,18.53,Low Risk,262
順安宮明德大樓,長安路126號,雲林縣斗南鎮,室內,23.675538,120.47345,雲林,45,良好,4.92,Low Risk,240
鯉南社區活動中心,鯉行路222號,南投縣竹山鎮,室內,23.6757,120.6562,雲林,45,良好,22.9,Low Risk,20
程海社區活動中心,東勢鄉程海村程海路53號,雲林縣東勢鄉,室內,23.6761,120.2325,雲林,45,良好,20.56,Low Risk,56
第一老人文康活動中心,新建路1-6號,雲林縣土庫鎮,室內,23.6766,120.388,雲林,45,良好,5.22,Low Risk,96
林厝寮順天府,中華路81號,雲林縣四湖鄉,室內,23.677,120.1798,雲林,45,良好,25.88,Low Risk,150
東明國中,中興路111號,雲林縣斗南鎮,室內,23.6778,120.4701,雲林,45,良好,4.5,Low Risk,252
東北社區活動中心,東勢鄉東北村民權路110號,雲林縣東勢鄉,室內,23.6779,120.2583,雲林,45,良好,17.93,Low Risk,82
扶朝活動中心,扶朝40-8號,雲林縣土庫鎮,室內,23.6787,120.3624,雲林,45,良好,7.53,Low Risk,96
山內國小,山內村南山路3號,雲林縣元長鄉,室內,23.6791,120.3124,雲林,45,良好,12.47,Low Risk,200
復興社區活動中心,東勢鄉復興村復興路28-1號,雲林縣東勢鄉,室內,23.6798,120.2781,雲林,45,良好,15.9,Low Risk,56
斗南國小,文昌路150號,雲林縣斗南鎮,室內,23.6803,120.4795,雲林,45,良好,5.21,Low Risk,525
斗南高中,中山路202號,雲林縣斗南鎮,室內,23.6811,120.4772,雲林,45,良好,4.96,Low Risk,485
崙?社區活動中心,仁義路38號,雲林縣斗六市,室內,23.6811,120.5421,雲林,45,良好,11.32,Low Risk,50
嘉東社區活動中心,嘉東中路21號,雲林縣斗六市,室內,23.6816,120.5529,雲林,45,良好,12.39,Low Risk,40
土庫鎮公所活動中心,中興路175號,雲林縣土庫鎮,室內,23.6822,120.3898,雲林,45,良好,4.78,Low Risk,44
月眉社區活動中心,東勢鄉月眉村月興路5-1號,雲林縣東勢鄉,室內,23.683,120.2833,雲林,45,良好,15.33,Low Risk,54
深圳社區活動中心,永興路44-1號,雲林縣斗六市,室內,23.683011,120.5188,雲林,45,良好,8.95,Low Risk,60
尚德國小操場,溪頂12號,雲林縣臺西鄉,室內,23.683116,120.18994,雲林,45,良好,24.8,Low Risk,150
他里霧親水公園,西岐段1454-4號,雲林縣斗南鎮,室外,23.683638,120.473687,雲林,45,良好,4.52,Low Risk,3079
大荖里活動中心,大荖路47號,雲林縣土庫鎮,室內,23.6842,120.3692,雲林,45,良好,6.7,Low Risk,60
東富國小,東富路60號,花蓮縣光復鄉,室內,23.6845,121.4825,花蓮,35,良好,16.7,Low Risk,100
東和國小,文化路120號,雲林縣古坑鄉,室內,23.6849,120.5686,雲林,45,良好,13.92,Low Risk,100
山腳里集會所暨活動中心,虎山路299號,南投縣草屯鎮,室內,23.685655,120.964468,南投,38,良好,38.41,Low Risk,120
新厝里集會所暨活動中心,新富一街1號,南投縣草屯鎮,室內,23.686017,120.969481,南投,38,良好,38.76,Low Risk,100
土庫國中樂群堂,復興路318號,雲林縣土庫鎮,室內,23.6862,120.3886,雲林,45,良好,4.74,Low Risk,400
棋山國小,棋山49號,雲林縣古坑鄉,室內,23.6864,120.6038,雲林,45,良好,17.47,Low Risk,100
風斗避難中心,陽和巷54號,南投縣信義鄉,室內,23.689635,120.850886,南投,38,良好,30.36,Low Risk,30
興南社區活動中心,興南57之5號,雲林縣虎尾鎮,室內,23.6905,120.4392,雲林,45,良好,1.19,Low Risk,102
雲林縣褒忠鄉公所,褒忠鄉中民村中正路451號,雲林縣褒忠鄉,室內,23.6912,120.304,雲林,45,良好,13.15,Low Risk,150
南聖宮,南聖路301號,雲林縣斗六市,室內,23.6921,120.5675,雲林,45,良好,13.74,Low Risk,200
龍潭社區活動中心,東勢鄉龍潭村仁愛路43號,雲林縣東勢鄉,室內,23.6924,120.2421,雲林,45,良好,19.43,Low Risk,56
福興社區活動中心,鯉南路191號,南投縣竹山鎮,室內,23.6928,120.6639,雲林,45,良好,23.54,Low Risk,50
重光社區活動中心,重光路43號,雲林縣斗六市,室內,23.693394,120.56614,雲林,45,良好,13.59,Low Risk,80
廣安宮,鯉南路186號,南投縣竹山鎮,室內,23.6938,120.663,雲林,45,良好,23.45,Low Risk,50
五榔農民活動中心,五榔24-2號,雲林縣臺西鄉,室內,23.69461,120.229553,雲林,45,良好,20.7,Low Risk,150
昌南社區活動中心,東勢鄉昌南村昌南路119-2號,雲林縣東勢鄉,室內,23.6954,120.2608,雲林,45,良好,17.52,Low Risk,32
馬太鞍社區活動中心,5鄰75號,花蓮縣萬榮鄉,室內,23.696,121.4018,花蓮,35,良好,20.42,Low Risk,80
長平社區活動中心,長平南路38號,雲林縣斗六市,室內,23.6965,120.502,雲林,45,良好,7.05,Low Risk,80
雲林縣私立揚子中學活動中心,林森路二段541號,雲林縣虎尾鎮,室內,23.696759,120.42327,雲林,45,良好,1.02,Low Risk,56
信義國中 -禮堂,玉山路116-1號,南投縣信義鄉,室內,23.696888,120.854232,南投,38,良好,29.9,Low Risk,150
三合社區活動中心,舊部31之1號,雲林縣虎尾鎮,室內,23.6977,120.4063,雲林,45,良好,2.71,Low Risk,21
大鞍國小活動中心,竹寮巷11號,南投縣竹山鎮,室內,23.699,120.7169,南投,38,良好,24.25,Low Risk,100
褒忠國中,褒忠鄉埔姜村中勝路62號,雲林縣褒忠鄉,室內,23.6992,120.3108,雲林,45,良好,12.42,Low Risk,300
慈海宮,中山路399巷35-1號,雲林縣臺西鄉,室內,23.6996,120.191,雲林,45,良好,24.62,Low Risk,350
馬鳴山鎮安宮,褒忠鄉馬鳴村鎮安路31號,雲林縣褒忠鄉,室內,23.6998,120.2787,雲林,45,良好,15.69,Low Risk,200
雲林國中,明德路599號,雲林縣斗六市,室內,23.699976,120.532757,雲林,45,良好,10.18,Low Risk,1000
梅林社區活動中心,內林路77-1號,雲林縣斗六市,室內,23.7003,120.6046,雲林,45,良好,17.49,Low Risk,40
安海宮,民權路6巷2號,雲林縣臺西鄉,室內,23.7004,120.2009,雲林,45,良好,23.61,Low Risk,300
褒忠國小,褒忠鄉埔姜村中勝路72號,雲林縣褒忠鄉,室內,23.7008,120.3105,雲林,45,良好,12.45,Low Risk,300
芳草社區活動中心,芳草69之1號,雲林縣虎尾鎮,室內,23.7008,120.3802,雲林,45,良好,5.36,Low Risk,122
臺西國中操場,中山路408號,雲林縣臺西鄉,室內,23.701187,120.191626,雲林,45,良好,24.56,Low Risk,350
奉聖宮,竹寮巷19-15號,南投縣竹山鎮,室內,23.7014,120.7167,南投,38,良好,23.98,Low Risk,50
褒忠鄉立托兒所,褒忠鄉埔姜村中勝路72-2號,雲林縣褒忠鄉,室內,23.7015,120.3113,雲林,45,良好,12.37,Low Risk,200
安南社區活動中心,東勢鄉安南村安南路2之2號,雲林縣東勢鄉,室內,23.7016,120.2524,雲林,45,良好,18.37,Low Risk,34
虎尾科技大學第四期教室,文化路64號（進修推廣部）,雲林縣虎尾鎮,室內,23.7017,120.4296,雲林,45,良好,0.41,Low Risk,63
虎尾科技大學第三期教室,文化路64號（教務處）,雲林縣虎尾鎮,室內,23.7017,120.4296,雲林,45,良好,0.41,Low Risk,88
虎尾科技大學第ㄧ期教室,文化路64號（通識中心）,雲林縣虎尾鎮,室內,23.7017,120.4296,雲林,45,良好,0.41,Low Risk,256
虎尾科技大學第二期教室,文化路64號（教務處）,雲林縣虎尾鎮,室內,23.7017,120.4296,雲林,45,良好,0.41,Low Risk,390
臺西國小操場,民權路9號,雲林縣臺西鄉,室內,23.701788,120.199483,雲林,45,良好,23.76,Low Risk,150
和雅社區活動中心,愛鄉路47-10號,南投縣鹿谷鄉,室內,23.7029,120.7753,南投,38,良好,25.4,Low Risk,60
新吉社區活動中心,新吉61之1號,雲林縣虎尾鎮,室內,23.7039,120.419,雲林,45,良好,1.49,Low Risk,103
西屯社區活動中心,164之1號,雲林縣虎尾鎮,室內,23.7044,120.3893,雲林,45,良好,4.46,Low Risk,117
南平活動中心,仁愛街31號,雲林縣土庫鎮,室內,23.7045,120.3532,雲林,45,良好,8.12,Low Risk,74
東屯社區活動中心,162號,雲林縣虎尾鎮,室內,23.7045,120.3903,雲林,45,良好,4.36,Low Risk,54
崇修堂,中山路149巷20號,雲林縣斗六市,室內,23.704635,120.54064,雲林,45,良好,10.99,Low Risk,200
復興國小,褒忠鄉新湖村復興路71號,雲林縣褒忠鄉,室內,23.7048,120.2839,雲林,45,良好,15.17,Low Risk,150
明利社區活動中心,2鄰34-8號,花蓮縣萬榮鄉,室內,23.704834,121.412375,花蓮,35,良好,18.97,Low Risk,100
安南國民小學活動中心,東勢鄉安南村安南路109號,雲林縣東勢鄉,室內,23.705,120.2492,雲林,45,良好,18.7,Low Risk,234
梅林國小,梅林路256號,雲林縣斗六市,室內,23.705004,120.594878,雲林,45,良好,16.51,Low Risk,200
馬光國小學生活動中心,馬光路174號,雲林縣土庫鎮,室內,23.7053,120.3536,雲林,45,良好,8.09,Low Risk,297
立仁國小活動中心,立仁街40號,雲林縣虎尾鎮,室內,23.7059,120.4283,雲林,45,良好,0.85,Low Risk,114
忠孝里集會所活動中心,中正路7號,雲林縣斗六市,室內,23.7061,120.5402,雲林,45,良好,10.96,Low Risk,50
第二老人文康活動中心,民權路43-2號,雲林縣土庫鎮,室內,23.7066,120.3511,雲林,45,良好,8.36,Low Risk,111
信義里集會所活動中心,文化路6號4樓,雲林縣斗六市,室內,23.7067,120.5499,雲林,45,良好,11.95,Low Risk,50
正心中學,正心路1號,雲林縣斗六市,室內,23.7072,120.5363,雲林,45,良好,10.57,Low Risk,1200
平和國小地下室,光復路22號,雲林縣虎尾鎮,室內,23.707249,120.450732,雲林,45,良好,2.02,Low Risk,126
磯崎村辦公處活動中心,71號,花蓮縣豐濱鄉,室內,23.7085,121.5419,花蓮,35,良好,12.68,Low Risk,0
愛國活動中心,愛國巷114-1號,南投縣信義鄉,室內,23.709187,120.853432,南投,38,良好,28.75,Low Risk,100
北溪社區活動中心,北溪81之1號,雲林縣虎尾鎮,室內,23.7095,120.4045,雲林,45,良好,3.09,Low Risk,97
國立虎尾高級中學金英館,光復路222號,雲林縣虎尾鎮,室內,23.7095,120.4433,雲林,45,良好,1.54,Low Risk,357
長橋社區活動中心,長橋路4號,花蓮縣鳳林鎮,室內,23.7097,121.4195,花蓮,35,良好,18.07,Low Risk,50
萬榮鄉立幼兒園,1鄰13-3號,花蓮縣萬榮鄉,室內,23.709766,121.414808,花蓮,35,良好,18.41,Low Risk,50
下溪社區活動中心,大庄77-1號,雲林縣虎尾鎮,室內,23.7102,120.4605,雲林,45,良好,3.06,Low Risk,69
內湖國小專科教室2間,興產路71號,南投縣鹿谷鄉,室內,23.7113,120.7818,南投,38,良好,24.8,Low Risk,150
同安國小活動中心,東勢鄉同安村同安路67號,雲林縣東勢鄉,室內,23.7116,120.2657,雲林,45,良好,17.07,Low Risk,91
多功能活動中心,大成街123號,雲林縣虎尾鎮,室內,23.7116,120.4491,雲林,45,良好,2.14,Low Risk,360
安慶國小地下室,民主路36號,雲林縣虎尾鎮,室內,23.7117,120.4402,雲林,45,良好,1.55,Low Risk,90
虎尾鎮立體育場,5鄰水源路10-10號,雲林縣虎尾鎮,室內,23.711752,120.432713,雲林,45,良好,1.36,Low Risk,6000
斗六國中,育英北街69號,雲林縣斗六市,室內,23.7129,120.5512,雲林,45,良好,12.15,Low Risk,1000
忠信活動中心,中平巷32-5號,南投縣信義鄉,室內,23.712945,120.868377,南投,38,良好,29.38,Low Risk,50
虎尾國小體育館,明正路88號,雲林縣虎尾鎮,室內,23.7135,120.4315,雲林,45,良好,1.56,Low Risk,686
斗六市老人文康活動中心,莊敬路62號,雲林縣斗六市,室內,23.7138,120.5428,雲林,45,良好,11.31,Low Risk,200
斗六公園,莊敬路62號前,雲林縣斗六市,室外,23.7138,120.5428,雲林,45,良好,11.31,Low Risk,500
萬榮社區活動中心,1鄰8號,花蓮縣萬榮鄉,室內,23.714392,121.410119,花蓮,35,良好,18.42,Low Risk,50
虎尾高級農工職業學校活動中心,博愛路65號,雲林縣虎尾鎮,室內,23.7146,120.4368,雲林,45,良好,1.73,Low Risk,647
鯉魚國小活動中心,鯉行路92號,南投縣竹山鎮,室內,23.7152,120.6545,南投,38,良好,22.36,Low Risk,100
新坤社區活動中心,東勢鄉新坤村新吉路5-5號,雲林縣東勢鄉,室內,23.7156,120.251,雲林,45,良好,18.6,Low Risk,25
潮厝國小,褒忠鄉潮厝村潮厝96號,雲林縣褒忠鄉,室內,23.7159,120.3352,雲林,45,良好,10.1,Low Risk,150
崇德國中桌球館,文科路1530號,雲林縣虎尾鎮,室內,23.7171,120.4173,雲林,45,良好,2.51,Low Risk,357
石榴國中,光復路66號,雲林縣斗六市,室內,23.7176,120.5928,雲林,45,良好,16.41,Low Risk,600
森榮里辦公處,林森路113-1號,花蓮縣鳳林鎮,室內,23.7176,121.3972,花蓮,35,良好,19.22,Low Risk,30
堀頭社區活動中心,堀頭52號,雲林縣虎尾鎮,室內,23.7182,120.4505,雲林,45,良好,2.75,Low Risk,74
三塊厝社區活動中心,三塊厝7之2號,雲林縣虎尾鎮,室內,23.7182,120.4734,雲林,45,良好,4.63,Low Risk,39
中溪社區活動中心,溪埔10之1號,雲林縣虎尾鎮,室內,23.7183,120.4614,雲林,45,良好,3.58,Low Risk,85
安西府,五港村中央路76號,雲林縣臺西鄉,室內,23.7185,120.2007,雲林,45,良好,23.72,Low Risk,2510
堀頭里活動中心,6鄰堀頭86-1號,雲林縣虎尾鎮,室內,23.718646,120.451553,雲林,45,良好,2.86,Low Risk,52
虎溪社區活動中心,虎溪路67-2號,雲林縣斗六市,室內,23.719842,120.522752,雲林,45,良好,9.43,Low Risk,40
崙豐國小操場,崙豐路42號,雲林縣臺西鄉,室內,23.720327,120.209759,雲林,45,良好,22.83,Low Risk,150
埒內社區活動中心,埒內143之5號,雲林縣虎尾鎮,室內,23.7208,120.4455,雲林,45,良好,2.7,Low Risk,84
安溪社區活動中心,安溪6號,雲林縣虎尾鎮,室內,23.721,120.4432,雲林,45,良好,2.61,Low Risk,98
進安府香客大樓,永豐村崙豐65號,雲林縣臺西鄉,室內,23.7218,120.2097,雲林,45,良好,22.85,Low Risk,120
四美社區活動中心,東勢鄉四美村四美路65-5號,雲林縣東勢鄉,室內,23.7223,120.2443,雲林,45,良好,19.36,Low Risk,32
田子里集會所,田東路43-6號,南投縣竹山鎮,室內,23.7224,120.6886,南投,38,良好,21.39,Low Risk,30
廉使社區活動中心,廉使1020號,雲林縣虎尾鎮,室內,23.723,120.4201,雲林,45,良好,2.92,Low Risk,80
龍巖國小,褒忠鄉田洋村民生路28巷15號,雲林縣褒忠鄉,室內,23.7233,120.3012,雲林,45,良好,13.66,Low Risk,150
榴中社區活動中心,中興路1號,雲林縣斗六市,室內,23.7241,120.581,雲林,45,良好,15.33,Low Risk,100
虎尾國中活動中心,中興153號,雲林縣虎尾鎮,室內,23.7243,120.4559,雲林,45,良好,3.62,Low Risk,325
龍潭健康公園,雲林縣議會對面公園,雲林縣斗六市,室外,23.7246,120.581,雲林,45,良好,15.34,Low Risk,200
明聖宮,溪頂路165-3號,雲林縣臺西鄉,室內,23.724606,120.212596,雲林,45,良好,22.59,Low Risk,300
鎮西國小,西平路3號,雲林縣斗六市,室內,23.7247,120.5861,雲林,45,良好,15.86,Low Risk,500
竹林村集會所,光復路174-7號,南投縣鹿谷鄉,室內,23.7256,120.758,南投,38,良好,22.41,Low Risk,300
榴北社區活動中心,南環路86號,雲林縣斗六市,室內,23.725612,120.576,雲林,45,良好,14.87,Low Risk,80
明德里多功能活動中心,鎮北路712號,雲林縣斗六市,室內,23.726344,120.53765,雲林,45,良好,11.08,Low Risk,50
湖本活動中心,三權路28號,雲林縣林內鄉,室內,23.7266,120.6229,雲林,45,良好,19.59,Low Risk,30
福田社區活動中心,鯉南路136-1號,南投縣竹山鎮,室內,23.7278,120.6665,南投,38,良好,20.84,Low Risk,15
過溪國小活動中心,鯉南路136號,南投縣竹山鎮,室內,23.7278,120.6665,南投,38,良好,20.84,Low Risk,100
惠來社區活動中心,惠來113之1號,雲林縣虎尾鎮,室內,23.7291,120.4842,雲林,45,良好,6.18,Low Risk,103
鳳信社區活動中心,中正路1段120巷24號,花蓮縣鳳林鎮,室內,23.7297,121.4434,花蓮,35,良好,14.77,Low Risk,50
中溪國民小學教室,過溪63號,雲林縣虎尾鎮,室內,23.729841,120.461735,雲林,45,良好,4.48,Low Risk,40
中溪國民小學運動場,過溪63號,雲林縣虎尾鎮,室外,23.729841,120.461735,雲林,45,良好,4.48,Low Risk,200
竹豐社區活動中心,光復路92-12號,南投縣鹿谷鄉,室內,23.7314,120.75,南投,38,良好,21.53,Low Risk,200
鳳凰社區活動中心,仁義路14-8號,南投縣鹿谷鄉,室內,23.7361,120.7846,南投,38,良好,22.44,Low Risk,200
德興里集會所,德興巷43號,南投縣竹山鎮,室內,23.7365,120.6702,南投,38,良好,19.85,Low Risk,100
郡坑國小,水信路3段303巷8號,南投縣水里鄉,室內,23.73696,120.855427,南投,38,良好,26.5,Low Risk,200
廣興社區活動中心,光復路200號,南投縣鹿谷鄉,室內,23.7374,120.7611,南投,38,良好,21.3,Low Risk,250
坪頂集戶,三部三路9號,南投縣水里鄉,室內,23.737705,120.857857,南投,38,良好,26.6,Low Risk,50
秀林里集會所,頂林路369-6號,南投縣竹山鎮,室內,23.738,120.6877,南投,38,良好,19.66,Low Risk,100
新興國小操場,復興路53號,雲林縣臺西鄉,室內,23.739817,120.222261,雲林,45,良好,21.9,Low Risk,150
郡坑派出所,10鄰郡坑巷26號,南投縣水里鄉,室內,23.740478,120.858177,南投,38,良好,26.4,Low Risk,50
光復國小教室,11鄰39號,雲林縣虎尾鎮,室內,23.740995,120.401894,雲林,45,良好,5.58,Low Risk,20
樂活會館,中華路2號,花蓮縣鳳林鎮,室內,23.741218,121.449348,花蓮,35,良好,13.45,Low Risk,150
湖山社區活動中心,楓湖路92號,雲林縣斗六市,室內,23.741409,120.555534,雲林,45,良好,13.34,Low Risk,40
溪洲國小,萬年路809號,雲林縣斗六市,室內,23.741409,120.555534,雲林,45,良好,13.34,Low Risk,200
來惠國民小學,惠來路12號,雲林縣二崙鄉,室內,23.7424,120.4163,雲林,45,良好,5.06,Low Risk,500
鳳林鎮藝文中心,中正路2段1號,花蓮縣鳳林鎮,室內,23.7429,121.4472,花蓮,35,良好,13.49,Low Risk,300
土城里集會所,中正路167之15號,南投縣草屯鎮,室內,23.743495,120.984755,南投,38,良好,36.21,Low Risk,60
鳳林國中進德堂,鳳林鎮光復路8號,花蓮縣鳳林鎮,室內,23.7439,121.4488,花蓮,35,良好,13.3,Low Risk,350
九芎國小,文化路10號,雲林縣林內鄉,室內,23.7441,120.6031,雲林,45,良好,18.03,Low Risk,75
鳳林鎮公所,光華路124號,花蓮縣鳳林鎮,室內,23.7447,121.4518,花蓮,35,良好,13.01,Low Risk,80
吳厝國小,四四號,雲林縣西螺鎮,室內,23.745,120.4229,雲林,45,良好,5.16,Low Risk,120
吳厝里活動中心,吳厝81-1號號,雲林縣西螺鎮,室內,23.7456,120.4235,雲林,45,良好,5.21,Low Risk,50
鹿谷鄉公所,中正路2段73號,南投縣鹿谷鄉,室內,23.7457,120.7532,南投,38,良好,20.14,Low Risk,100
彰雅社區活動中心,和興巷21 號,南投縣鹿谷鄉,室內,23.7459,120.7559,南投,38,良好,20.22,Low Risk,200
"鳳禮,鳳智里活動中心",大同街7-1號,花蓮縣鳳林鎮,室內,23.746,121.451,花蓮,35,良好,12.98,Low Risk,60
凍頂集會所,凍頂巷10-12號,南投縣鹿谷鄉,室內,23.7466,120.7685,南投,38,良好,20.66,Low Risk,200
十三社區活動中心,十三南路3-5號,雲林縣斗六市,室內,23.746632,120.569365,雲林,45,良好,14.86,Low Risk,40
鎮南宮餐廳,22鄰新興路27-6號,雲林縣麥寮鄉,室內,23.7469,120.2518,雲林,45,良好,19.16,Low Risk,665
拱範宮停車場香客大樓,中山路3號,雲林縣麥寮鄉,室外,23.7469,120.2554,雲林,45,良好,18.81,Low Risk,0
??里集會所,鯉南路99-1號,南投縣竹山鎮,室內,23.7469,120.6758,南投,38,良好,18.67,Low Risk,100
九芎活動中心,中央路160-3號,雲林縣林內鄉,室內,23.7471,120.6008,雲林,45,良好,17.9,Low Risk,30
公館里活動中心,公?109號,雲林縣西螺鎮,室內,23.7474,120.4533,雲林,45,良好,5.72,Low Risk,50
興華社區活動中心,16鄰興華50-1號,雲林縣麥寮鄉,室內,23.7479,120.2948,雲林,45,良好,15.04,Low Risk,180
鹿谷社區活動中心,興農巷50-6號,南投縣鹿谷鄉,室內,23.7489,120.7527,南投,38,良好,19.79,Low Risk,200
鳳義社區活動中心,鳳林鎮水源路56-2號,花蓮縣鳳林鎮,室內,23.7491,121.4393,花蓮,35,良好,13.69,Low Risk,50
鹿場里活動中心,西螺鎮鹿場里82號,雲林縣西螺鎮,室內,23.7498,120.4735,雲林,45,良好,6.96,Low Risk,50
鳳仁社區活動中心,中華路111號,花蓮縣鳳林鎮,室內,23.7498,121.452,花蓮,35,良好,12.63,Low Risk,50
莿桐國中,農校路1號,雲林縣莿桐鄉,室內,23.750013,120.507665,雲林,45,良好,9.47,Low Risk,100
新生社區活動中心,新生路346號,南投縣竹山鎮,室內,23.7503,120.676,南投,38,良好,18.29,Low Risk,150
新生社區活動中心,新生路346號,南投縣竹山鎮,室內,23.7503,120.676,南投,38,良好,18.29,Low Risk,150
永隆社區活動中心,仁義路41-12號,南投縣鹿谷鄉,室內,23.7508,120.7766,南投,38,良好,20.61,Low Risk,300
三和國民小學,三和路17號,雲林縣二崙鄉,室內,23.7511,120.406,雲林,45,良好,6.35,Low Risk,500
坪頂製茶中心,63-5號,雲林縣林內鄉,室內,23.7511,120.6373,南投,38,良好,18.75,Low Risk,50
鳳仁國小羽球館,鳳林鎮光復路94號,花蓮縣鳳林鎮,室內,23.7512,121.4518,花蓮,35,良好,12.54,Low Risk,300
九隆里活動中心,九隆45-1號,雲林縣西螺鎮,室內,23.7522,120.4328,雲林,45,良好,5.86,Low Risk,50
榮村社區活動中心,榮村20-1號,雲林縣莿桐鄉,室內,23.752278,120.513523,雲林,45,良好,10.1,Low Risk,70
桂林里集會所,中山路7-80號,南投縣竹山鎮,室內,23.7523,120.6914,南投,38,良好,18.08,Low Risk,100
大榮2村社區活動中心,復興路69號,花蓮縣鳳林鎮,室內,23.7523,121.4676,花蓮,35,良好,11.26,Low Risk,50
大榮1村社區活動中心,鳳林鎮大榮3路15號,花蓮縣鳳林鎮,室內,23.7523,121.4676,花蓮,35,良好,11.26,Low Risk,50
霄仁社區活動中心,霄仁厝47-17號,雲林縣麥寮鄉,室內,23.753,120.2747,雲林,45,良好,17.16,Low Risk,100
淵明國中,公園路3號,雲林縣林內鄉,室內,23.7537,120.6144,南投,38,良好,19.17,Low Risk,200
麥寮國小活動中心,中山路260號,雲林縣麥寮鄉,室內,23.7538,120.2448,雲林,45,良好,20.07,Low Risk,200
包公廟,下橫街一巷27-1號,南投縣竹山鎮,室內,23.754,120.6854,南投,38,良好,17.87,Low Risk,40
林中國小,公園4號,雲林縣林內鄉,室內,23.7549,120.6153,南投,38,良好,19.02,Low Risk,100
靈德廟城隍廟,下橫街16號,南投縣竹山鎮,室內,23.7549,120.6857,南投,38,良好,17.77,Low Risk,120
興天宮,中正巷13-7號,南投縣竹山鎮,室內,23.7549,120.6971,南投,38,良好,17.84,Low Risk,50
中正社區活動中心,中正巷22號,南投縣竹山鎮,室內,23.7553,120.6967,南投,38,良好,17.79,Low Risk,60
東興國小,東興路1號,雲林縣崙背鄉,室內,23.755745,120.374054,雲林,45,良好,8.65,Low Risk,27
賜福宮,12鄰92號,雲林縣二崙鄉,室內,23.7558,120.4159,雲林,45,良好,6.49,Low Risk,200
七座里活動中心,七座25號,雲林縣西螺鎮,室內,23.7559,120.4445,雲林,45,良好,6.38,Low Risk,50
竹山鎮第一公有零售市場,橫街90號,南投縣竹山鎮,室內,23.75611,120.683024,南投,38,良好,17.63,Low Risk,80
延山社區活動中心,大舜巷36-6號,南投縣竹山鎮,室內,23.7562,120.7252,南投,38,良好,18.17,Low Risk,50
林內國中,長源路200號,雲林縣林內鄉,室內,23.7563,120.5935,雲林,45,良好,17.54,Low Risk,100
雲林國小活動中心,雲林里大明路666號,南投縣竹山鎮,室內,23.7568,120.677,南投,38,良好,17.56,Low Risk,150
成功國小,坪頂1號,雲林縣林內鄉,室內,23.7569,120.6403,南投,38,良好,18.05,Low Risk,30
祖師公廟三坪院,竹山路16號,南投縣竹山鎮,室內,23.757,120.6861,南投,38,良好,17.54,Low Risk,40
莿桐國小,莿桐鄉莿桐中正路147號,雲林縣莿桐鄉,室內,23.757197,120.497619,雲林,45,良好,9.2,Low Risk,299
中崎社區活動中心,集山路3段1392號,南投縣竹山鎮,室內,23.7575,120.6687,南投,38,良好,17.53,Low Risk,50
崙背鄉立幼兒園,大同路156號,雲林縣崙背鄉,室內,23.7578,120.3456,雲林,45,良好,10.99,Low Risk,300
崙背國中,大成路91號,雲林縣崙背鄉,室內,23.758,120.3489,雲林,45,良好,10.74,Low Risk,882
羅厝村活動中心,東興路14鄰33-10號,雲林縣崙背鄉,室內,23.758,120.3673,雲林,45,良好,9.32,Low Risk,38
林南活動中心,成功路13號,雲林縣林內鄉,室內,23.7585,120.6166,南投,38,良好,18.6,Low Risk,30
延祥社區活動中心,鹿山路284巷13號,南投縣竹山鎮,室內,23.7587,120.7022,南投,38,良好,17.47,Low Risk,50
崙背國小,大成路154號,雲林縣崙背鄉,室內,23.758983,120.347209,雲林,45,良好,10.94,Low Risk,2267
林內國小,中正路111號,雲林縣林內鄉,室內,23.7595,120.6175,南投,38,良好,18.46,Low Risk,300
興華國小活動中心,興化1號,雲林縣麥寮鄉,室內,23.7597,120.2882,雲林,45,良好,16.17,Low Risk,100
延和國中活動中心,鹿山路40號,南投縣竹山鎮,室內,23.7603,120.6953,南投,38,良好,17.22,Low Risk,50
竹圍里集會所,7鄰枋坪巷1號,南投縣竹山鎮,室內,23.7605,120.682,南投,38,良好,17.15,Low Risk,40
奉天宮,中山路280號,雲林縣崙背鄉,室內,23.760759,120.353426,雲林,45,良好,10.57,Low Risk,225
莿桐鄉公所4樓禮堂,莿桐鄉莿桐村和平路53號,雲林縣莿桐鄉,室內,23.7609,120.5027,雲林,45,良好,9.86,Low Risk,50
莿桐鄉公所4樓禮堂,和平路53號,雲林縣莿桐鄉,室內,23.761029,120.502474,雲林,45,良好,9.85,Low Risk,64
延和里集會所,大和街42號1樓,南投縣竹山鎮,室內,23.7616,120.6899,南投,38,良好,17.04,Low Risk,70
竹山國小齊賢館,向學街32號,南投縣竹山鎮,室內,23.7618,120.6875,南投,38,良好,17.01,Low Risk,100
崙背鄉公所,行政街1號,雲林縣崙背鄉,室內,23.761897,120.359259,雲林,45,良好,10.21,Low Risk,75
天衡宮,民權路8號,雲林縣崙背鄉,室內,23.7619,120.3573,雲林,45,良好,10.35,Low Risk,100
三界公廟,下坪路29號,南投縣竹山鎮,室內,23.7619,120.6849,南投,38,良好,16.99,Low Risk,150
順安宮,忠孝北街29號,雲林縣崙背鄉,室內,23.762521,120.348649,雲林,45,良好,11.07,Low Risk,150
下湳里活動中心,安南81號,雲林縣西螺鎮,室內,23.7632,120.4358,雲林,45,良好,7.09,Low Risk,50
大有國小,大有路14號,雲林縣崙背鄉,室內,23.763775,120.308721,雲林,45,良好,14.51,Low Risk,306
重興國小,重興15號,雲林縣林內鄉,室內,23.7641,120.5791,雲林,45,良好,16.53,Low Risk,100
"東明,西榮,南陽三村聯合活動中心",民權路386號,雲林縣崙背鄉,室內,23.7645,120.3523,雲林,45,良好,10.93,Low Risk,296
照靈廟,坊坪巷18-11號,南投縣竹山鎮,室內,23.7664,120.6758,南投,38,良好,16.5,Low Risk,50
廣興國小,西螺鎮廣興里五九號,雲林縣西螺鎮,室內,23.7669,120.4581,雲林,45,良好,7.92,Low Risk,500
初鄉村集會所,仁愛路259-8號,南投縣鹿谷鄉,室內,23.7672,120.7365,南投,38,良好,17.32,Low Risk,200
北林3村社區活動中心,民和路1號,花蓮縣鳳林鎮,室內,23.7672,121.471,花蓮,35,良好,9.9,Low Risk,50
海豐社區活動中心,忠和59號,雲林縣麥寮鄉,室內,23.7675,120.2154,雲林,45,良好,23.39,Low Risk,50
民生國小,華興路1號,雲林縣林內鄉,室內,23.7677,120.5971,雲林,45,良好,18.36,Low Risk,10
東興里活動中心,東興34號,雲林縣西螺鎮,室內,23.7678,120.4783,雲林,45,良好,8.9,Low Risk,50
中和里集會所,中和路96-15號,南投縣竹山鎮,室內,23.768,120.6629,南投,38,良好,16.43,Low Risk,100
延平國小活動中心,集山路二段1161號,南投縣竹山鎮,室內,23.768,120.7071,南投,38,良好,16.51,Low Risk,150
廣興里活動中心,84號,雲林縣西螺鎮,室內,23.7682,120.458,雲林,45,良好,8.06,Low Risk,50
興中社區活動中心,興中83號,雲林縣虎尾鎮,室內,23.7701,120.518,雲林,45,良好,11.7,Low Risk,143
頂湳里活動中心,西螺鎮頂湳里頂南24-3號,雲林縣西螺鎮,室內,23.7706,120.4521,雲林,45,良好,8.15,Low Risk,50
二崙國民小學,中興路36號,雲林縣二崙鄉,室內,23.7722,120.413,雲林,45,良好,8.33,Low Risk,1000
崙後社區活動中心,3鄰沙崙後39-8號,雲林縣麥寮鄉,室內,23.772356,120.266569,雲林,45,良好,18.76,Low Risk,50
油車國民小學,港後村60號,雲林縣二崙鄉,室內,23.773,120.4124,雲林,45,良好,8.43,Low Risk,500
延正里舊社區活動中心,延正路70號,南投縣竹山鎮,室內,23.773,120.6979,南投,38,良好,15.84,Low Risk,80
埤頭里活動中心,埤頭1-1號,雲林縣西螺鎮,室內,23.7731,120.4751,雲林,45,良好,9.25,Low Risk,50
明禮國小活動中心,沙崙後92號,雲林縣麥寮鄉,室內,23.7738,120.2656,雲林,45,良好,18.92,Low Risk,50
二崙國民中學,中正路88號,雲林縣二崙鄉,室內,23.7738,120.4069,雲林,45,良好,8.67,Low Risk,1500
重興活動中心,進興路46-9號,雲林縣林內鄉,室內,23.7738,120.584,雲林,45,良好,17.47,Low Risk,30
興貴社區活動中心,興北101-1號,雲林縣莿桐鄉,室內,23.77383,120.518992,雲林,45,良好,12.05,Low Risk,63
楊厝社區活動中心,永和2號,雲林縣麥寮鄉,室內,23.7752,120.2448,雲林,45,良好,20.91,Low Risk,50
林中活動中心,榮興路20號,雲林縣林內鄉,室內,23.7758,120.6113,南投,38,良好,17.03,Low Risk,30
下坪社區活動中心,下坪路18-50號,南投縣竹山鎮,室內,23.776,120.6799,南投,38,良好,15.42,Low Risk,50
饒平國小,饒平路1號,雲林縣莿桐鄉,室內,23.777725,120.521305,雲林,45,良好,12.52,Low Risk,300
人和活動中心,民生巷9-1號,南投縣信義鄉,室內,23.779044,120.896546,南投,38,良好,26.53,Low Risk,80
文賢國小,文賢路一號,雲林縣西螺鎮,室內,23.7793,120.4744,雲林,45,良好,9.83,Low Risk,300
坪林台大實驗林?作站,大林巷5號,南投縣水里鄉,室內,23.779422,120.841997,南投,38,良好,22.17,Low Risk,100
南平社區活動中心,自強路368-1號,花蓮縣鳳林鎮,室內,23.7817,121.4584,花蓮,35,良好,10.12,Low Risk,50
水璉活動中心,水璉二街21號,花蓮縣壽豐鄉,室內,23.7817,121.5472,花蓮,35,良好,4.53,Low Risk,41
延正里新社區活動中心,公正巷30-6號,南投縣竹山鎮,室內,23.7827,120.6929,南投,38,良好,14.72,Low Risk,100
秀峰社區活動中心,仁愛路153-5號,南投縣鹿谷鄉,室內,23.7831,120.7762,南投,38,良好,17.5,Low Risk,200
見晴國民小學,7鄰89號,花蓮縣萬榮鄉,室內,23.783512,121.451955,花蓮,35,良好,10.63,Low Risk,130
雙龍活動中心,光復巷32號,南投縣信義鄉,室內,23.783703,120.947694,南投,38,良好,30.71,Low Risk,100
永興社區活動中心,林朋巷177-1號,南投縣水里鄉,室內,23.783973,120.862437,南投,38,良好,23.42,Low Risk,300
雙龍國小,光復巷4號,南投縣信義鄉,室內,23.785303,120.950204,南投,38,良好,30.85,Low Risk,100
陽明國小,頂街1號,雲林縣崙背鄉,室內,23.785977,120.35524,雲林,45,良好,12.44,Low Risk,56
後安社區活動中心,3鄰後安163號,雲林縣麥寮鄉,室內,23.786,120.2393,雲林,45,良好,21.92,Low Risk,62
新安里活動中心,新社100號,雲林縣西螺鎮,室內,23.7865,120.4491,雲林,45,良好,9.82,Low Risk,50
振興里活動中心,125-1號,雲林縣西螺鎮,室內,23.7879,120.4734,雲林,45,良好,10.66,Low Risk,50
文興國小,新社二五七號,雲林縣西螺鎮,室內,23.7882,120.4461,雲林,45,良好,9.96,Low Risk,300
雙龍天主教,光復巷23號,南投縣信義鄉,室內,23.789469,120.945384,南投,38,良好,30.2,Low Risk,200
迪巴恩基督長老教會,光復巷50號,南投縣信義鄉,室內,23.789961,120.945202,南投,38,良好,30.16,Low Risk,100
福田里活動中心,社口87號,雲林縣西螺鎮,室內,23.7906,120.4406,雲林,45,良好,10.16,Low Risk,50
大新國小,二一六號,雲林縣西螺鎮,室內,23.7909,120.4873,雲林,45,良好,11.58,Low Risk,500
大新里活動中心,大新163-2號,雲林縣西螺鎮,室內,23.7912,120.4872,雲林,45,良好,11.6,Low Risk,50
豐榮國小,豐榮路21號,雲林縣崙背鄉,室內,23.79152,120.312303,雲林,45,良好,15.97,Low Risk,675
清水社區活動中心,仁愛路103號,南投縣鹿谷鄉,室內,23.7919,120.7833,南投,38,良好,17.11,Low Risk,250
中和國小,草湖路2號,雲林縣崙背鄉,室內,23.792293,120.33041,雲林,45,良好,14.67,Low Risk,27
西螺國中,興農西路二一七號,雲林縣西螺鎮,室內,23.7928,120.4601,雲林,45,良好,10.74,Low Risk,600
示範托兒所,西螺鎮正興里興農西路105巷21-1號,雲林縣西螺鎮,室內,23.7933,120.4633,雲林,45,良好,10.88,Low Risk,200
青雲活動中心,開信巷1-1號,南投縣信義鄉,室內,23.793542,120.943862,南投,38,良好,29.85,Low Risk,100
漢光里活動中心,西興南路354號,雲林縣西螺鎮,室內,23.7936,120.4569,雲林,45,良好,10.75,Low Risk,50
地利國小,開信巷17號,南投縣信義鄉,室內,23.793828,120.943332,南投,38,良好,29.79,Low Risk,50
西螺農工,大同路四號,雲林縣西螺鎮,室內,23.7946,120.471,雲林,45,良好,11.27,Low Risk,700
波石活動中心,波石巷98-3號,南投縣信義鄉,室內,23.794817,120.921385,南投,38,良好,27.76,Low Risk,100
合興村活動中心,鼻倡路20號,彰化縣二水鄉,室內,23.794879,120.642545,南投,38,良好,13.91,Low Risk,127
米棧活動中心,米棧路二段21號,花蓮縣壽豐鄉,室內,23.7951,121.5243,花蓮,35,良好,3.84,Low Risk,34
施厝聯合活動中心,施厝176-3號,雲林縣麥寮鄉,室內,23.7953,120.2824,雲林,45,良好,18.65,Low Risk,100
中山國小,新街路二號,雲林縣西螺鎮,室內,23.7953,120.4653,雲林,45,良好,11.15,Low Risk,500
永定國民小學,永定路 238 號,雲林縣二崙鄉,室內,23.7959,120.4198,雲林,45,良好,10.8,Low Risk,500
舊圖書館,民生路20號,雲林縣西螺鎮,室內,23.7965,120.4655,雲林,45,良好,11.29,Low Risk,200
民和社區活動中心,民和路157號,南投縣水里鄉,室內,23.797088,120.924508,南投,38,良好,27.92,Low Risk,200
民和國中禮堂,中學路29號,南投縣水里鄉,室內,23.797088,120.924508,南投,38,良好,27.92,Low Risk,500
三盛社區活動中心,11鄰仁德西路一段26號,雲林縣麥寮鄉,室內,23.7975,120.2649,雲林,45,良好,20.27,Low Risk,100
中興活動中心,6鄰許厝1街2號,雲林縣麥寮鄉,室內,23.797881,120.229235,雲林,45,良好,23.43,Low Risk,100
橋頭國小活動中心,仁德?248號,雲林縣麥寮鄉,室內,23.797886,120.273868,雲林,45,良好,19.53,Low Risk,200
倡和村活動中心,倡和路41-1號,彰化縣二水鄉,室內,23.797909,120.649193,南投,38,良好,13.41,Low Risk,65
西螺鎮公所,雲林縣西螺鎮光復西路20號（西螺鎮公所）,雲林縣西螺鎮,室內,23.798,120.4654,雲林,45,良好,11.44,Low Risk,400
安定國小,埔心路二一0號,雲林縣西螺鎮,室內,23.7982,120.4393,雲林,45,良好,10.99,Low Risk,300
大園里活動中心,西螺鎮大園里光復東路95號,雲林縣西螺鎮,室內,23.7983,120.4725,雲林,45,良好,11.71,Low Risk,50
頂崁社區活動中心,圳頭巷27-2號,南投縣水里鄉,室內,23.798748,120.865831,南投,38,良好,22.72,Low Risk,100
河南里活動中心,西螺鎮河南里河南58號,雲林縣西螺鎮,室內,23.7995,120.4414,雲林,45,良好,11.15,Low Risk,50
河南里活動中心,河南58號,雲林縣西螺鎮,室內,23.7995,120.4414,雲林,45,良好,11.15,Low Risk,50
文昌國小,延平路五０四號,雲林縣西螺鎮,室內,23.7996,120.4489,雲林,45,良好,11.25,Low Risk,500
詔安里活動中心,詔安16-1號,雲林縣西螺鎮,室內,23.7997,120.4456,雲林,45,良好,11.22,Low Risk,50
安定里活動中心,安定100號號,雲林縣西螺鎮,室內,23.7998,120.4394,雲林,45,良好,11.17,Low Risk,50
源泉國小活動中心,彰化縣二水鄉大園村員集路二段316號,彰化縣二水鄉,室內,23.8,120.6424,南投,38,良好,13.37,Low Risk,80
修仁村活動中心,修仁路27-3號,彰化縣二水鄉,室內,23.800055,120.631495,南投,38,良好,13.74,Low Risk,131
二水鄉公所,南通路2段764號,彰化縣二水鄉,室內,23.8003,120.6309,南投,38,良好,13.74,Low Risk,60
禪和宮,公館15-1號,雲林縣二崙鄉,室內,23.8006,120.3637,雲林,45,良好,13.26,Low Risk,200
西螺福興宮,延平路180號,雲林縣西螺鎮,室內,23.8013,120.4608,雲林,45,良好,11.67,Low Risk,120
聯合里辦公處,中市路31號,雲林縣西螺鎮,室內,23.8018,120.4599,雲林,45,良好,11.7,Low Risk,100
東南國中,東南路326號,雲林縣西螺鎮,室內,23.8028,120.4548,雲林,45,良好,11.7,Low Risk,600
林榮社區活動中心,永康路54號,花蓮縣鳳林鎮,室內,23.8035,121.45,花蓮,35,良好,10.13,Low Risk,50
永豐社區活動中心,南湖一路25號,南投縣水里鄉,室內,23.804301,120.857221,南投,38,良好,21.65,Low Risk,300
大園村活動中心,大園巷 11-9號,彰化縣二水鄉,室內,23.804774,120.637258,南投,38,良好,13.04,Low Risk,108
瑞田社區活動中心,仁愛路69-3號,南投縣鹿谷鄉,室內,23.8048,120.7929,南投,38,良好,16.64,Low Risk,250
上安社區老人會館,水信路路3段221巷1號,南投縣水里鄉,室內,23.806556,120.835733,南投,38,良好,19.73,Low Risk,50
上安社區活動中心,三部三路9號,南投縣水里鄉,室內,23.806556,120.835733,南投,38,良好,19.73,Low Risk,200
玉峰社區活動中心,仁愛路7-19號,南投縣水里鄉,室內,23.806556,120.835733,南投,38,良好,19.73,Low Risk,400
雷厝活動中心,6鄰雷厝62-2號,雲林縣麥寮鄉,室內,23.8067,120.2891,雲林,45,良好,18.87,Low Risk,50
惠民村活動中心,山腳路一段48-1號,彰化縣二水鄉,室內,23.806923,120.632285,南投,38,良好,13.0,Low Risk,127
受玄宮,裕民巷53號,彰化縣二水鄉,室內,23.807484,120.618217,南投,38,良好,13.57,Low Risk,160
新吉社區活動中心,新吉69號,雲林縣麥寮鄉,室內,23.8076,120.2763,雲林,45,良好,19.95,Low Risk,30
海豐村活動中心,山腳路一段113-5號,彰化縣二水鄉,室內,23.808275,120.631193,南投,38,良好,12.91,Low Risk,53
社寮國中教室及活動中心,集山路一段1729號,南投縣竹山鎮,室內,23.8095,120.7205,南投,38,良好,12.34,Low Risk,100
二水村活動中心,員集路三段625號,彰化縣二水鄉,室內,23.80974,120.615818,南投,38,良好,13.47,Low Risk,21
圖書館二樓,溪邊巷72號,彰化縣二水鄉,室內,23.809958,120.616648,南投,38,良好,13.4,Low Risk,114
水里國小禮堂,民族路151號,南投縣水里鄉,室內,23.810077,120.854753,南投,38,良好,21.08,Low Risk,500
水里國中體育館,民生路2號,南投縣水里鄉,室內,23.811019,120.857053,南投,38,良好,21.22,Low Risk,500
水里鄉公所,民生路112號,南投縣水里鄉,室內,23.811322,120.856075,南投,38,良好,21.12,Low Risk,200
文化村活動中心,文化一 巷1號,彰化縣二水鄉,室內,23.811622,120.618783,南投,38,良好,13.14,Low Risk,56
中州國小活動中心,集山路1段955號,南投縣竹山鎮,室內,23.8118,120.738,南投,38,良好,12.79,Low Risk,80
三村集會所,博愛路37號,南投縣水里鄉,室內,23.812232,120.853693,南投,38,良好,20.86,Low Risk,100
第三立體停車場三樓,北埔街96號,南投縣水里鄉,室外,23.81304,120.853008,南投,38,良好,20.75,Low Risk,500
富州社區活動中心,集山路1段422號,南投縣竹山鎮,室內,23.8141,120.747,南投,38,良好,13.0,Low Risk,50
光化村活動中心,光進一巷20-1號,彰化縣二水鄉,室內,23.814279,120.615971,南投,38,良好,13.02,Low Risk,64
潮洋國小,彰化縣溪州鄉潮洋村陸軍路1段146號,彰化縣溪州鄉,室內,23.8143,120.5195,雲林,45,良好,15.52,Low Risk,42
中央社區活動中心,集山路1段1236巷6號,南投縣竹山鎮,室內,23.8145,120.7334,南投,38,良好,12.31,Low Risk,43
五伯村活動中心,過圳路222號,彰化縣二水鄉,室內,23.814864,120.612113,南投,38,良好,13.18,Low Risk,31
中央社區活動中心,中正路116號,南投縣水里鄉,室內,23.814914,120.852127,南投,38,良好,20.56,Low Risk,500
大庄國小,彰化縣溪州鄉大?村中橫巷1號,彰化縣溪州鄉,室內,23.816,120.5675,南投,38,良好,15.99,Low Risk,42
日月潭特色遊學中心原光明國小,銃櫃巷18號,南投縣魚池鄉,室內,23.8169,120.8851,南投,38,良好,23.35,Low Risk,30
水里鄉農會倉庫,民生路158號,南投縣水里鄉,室內,23.817226,120.854148,南投,38,良好,20.6,Low Risk,300
社寮社區活動中心,大公街75號,南投縣竹山鎮,室內,23.8174,120.7223,南投,38,良好,11.57,Low Risk,80
義民廟,民權路335號,南投縣水里鄉,室內,23.817421,120.848799,南投,38,良好,20.13,Low Risk,20
潭南活動中心,和平巷36-2號,南投縣信義鄉,室內,23.817457,120.940118,南投,38,良好,28.4,Low Risk,40
新民村集會所,外埔巷11之28號,南投縣名間鄉,室內,23.8185,120.6924,南投,38,良好,10.75,Low Risk,30
過圳村活動中心,三義巷30-7號,彰化縣二水鄉,室內,23.818606,120.607488,南投,38,良好,13.09,Low Risk,64
憫世寶宮,山頂巷192號,南投縣水里鄉,室內,23.818731,120.852233,南投,38,良好,20.34,Low Risk,300
溪口活動中心,溪口路103巷2號,花蓮縣壽豐鄉,室內,23.8195,121.4734,花蓮,35,良好,7.53,Low Risk,50
成城國小會議室、105-106、201-208教室,中山路二段150號,南投縣水里鄉,室內,23.819695,120.848389,南投,38,良好,19.96,Low Risk,400
埔中村民眾活動中心,埔中巷11-12號,南投縣名間鄉,室內,23.821,120.6436,南投,38,良好,11.12,Low Risk,30
潭南國小,和平巷48號,南投縣信義鄉,室內,23.821418,120.93987,南投,38,良好,28.21,Low Risk,60
頭社社區活動中心會所三聖宮,平和巷40之2號,南投縣魚池鄉,室內,23.8234,120.908,南投,38,良好,25.13,Low Risk,50
合和村活動中心,番田一巷46號,彰化縣二水鄉,室內,23.823503,120.612473,南投,38,良好,12.36,Low Risk,142
成功國小,彰化縣溪州鄉成功村登山路2段365號,彰化縣溪州鄉,室內,23.8261,120.5448,南投,38,良好,17.07,Low Risk,42
三條國小,彰化縣溪州鄉三條村中央路2段31號,彰化縣溪州鄉,室內,23.8269,120.4945,雲林,45,良好,15.5,Low Risk,42
炭寮村集會所,炭寮巷1之50號,南投縣名間鄉,室內,23.8284,120.679,南投,38,良好,9.6,Low Risk,50
十五村活動中心,十五路33-1號,彰化縣二水鄉,室內,23.828596,120.601502,南投,38,良好,12.59,Low Risk,22
復興村活動中心,員集路5段472號,彰化縣二水鄉,室內,23.829548,120.604775,南投,38,良好,12.29,Low Risk,113
濁水村集會所,福興巷14號（福興宮旁）,南投縣名間鄉,室內,23.8308,120.7121,南投,38,良好,9.82,Low Risk,40
車埕國小禮堂,民權巷127號,南投縣水里鄉,室內,23.831567,120.865694,南投,38,良好,20.85,Low Risk,200
集集里里集會所暨社區活動中心,成功路205號,南投縣集集鎮,室內,23.831643,120.785291,南投,38,良好,13.99,Low Risk,50
英文堂廣場,集里路34號,南投縣魚池鄉,室外,23.8318,120.894,南投,38,良好,23.45,Low Risk,25
昭天宮廣場,大安路2段312號,彰化縣田中鎮,室外,23.831884,120.594904,南投,38,良好,12.77,Low Risk,181
水尾國小,彰化縣溪州鄉水尾村太平路137號,彰化縣溪州鄉,室內,23.8319,120.4716,雲林,45,良好,15.24,Low Risk,42
車埕社區活動中心,民權巷33-1號,南投縣水里鄉,室內,23.833623,120.86443,南投,38,良好,20.63,Low Risk,50
松嶺社區活動中心,豐柏路38號,南投縣名間鄉,室內,23.8342,120.6339,南投,38,良好,10.2,Low Risk,60
永昌里里集會所暨社區活動中心,柴橋巷3-1號,南投縣集集鎮,室內,23.83455,120.817036,南投,38,良好,16.38,Low Risk,20
松柏村集會所,名松路二段216之1號,南投縣名間鄉,室內,23.8346,120.6355,南投,38,良好,10.08,Low Risk,40
豐坪活動中心,豐坪路2段73號,花蓮縣壽豐鄉,室內,23.8351,121.5096,花蓮,35,良好,4.1,Low Risk,32
崁腳村民眾活動中心,名松路一段350號,南投縣名間鄉,室內,23.8353,120.66,南投,38,良好,9.11,Low Risk,30
聯勤兵整中心,龍泉巷15號,南投縣集集鎮,室內,23.8363,120.7509,南投,38,良好,11.19,Low Risk,300
南雅村集會所,市場巷20-2號,南投縣名間鄉,室內,23.837014,120.702841,南投,38,良好,8.9,Low Risk,20
頭社國小,平和巷105號,南投縣魚池鄉,室內,23.8373,120.9027,南投,38,良好,24.04,Low Risk,75
田頭國小,光明路60號,彰化縣竹塘鄉,室內,23.837309,120.448869,雲林,45,良好,15.41,Low Risk,200
公所中山堂,彰南路40-1號,南投縣名間鄉,室內,23.8382,120.7033,南投,38,良好,8.78,Low Risk,50
圳寮國小,彰化縣溪州鄉圳寮村下樹巷29號,彰化縣溪州鄉,室內,23.8391,120.5229,雲林,45,良好,18.03,Low Risk,42
永光國小,青埔路7-8號,彰化縣大城鄉,室內,23.83961,120.300323,雲林,45,良好,20.6,Low Risk,100
大安國小,大安路1段200號,彰化縣田中鎮,室內,23.840611,120.594376,南投,38,良好,12.13,Low Risk,181
樹湖活動中心,大樹腳59號,花蓮縣壽豐鄉,室內,23.8407,121.4692,花蓮,35,良好,8.21,Low Risk,38
中山村集會所,名松路一段83號,南投縣名間鄉,室內,23.8419,120.6932,南投,38,良好,8.18,Low Risk,50
羅厝國小,文昌東路100號,彰化縣埔心鄉,室內,23.842,120.51,雲林,45,良好,17.69,Low Risk,100
萬安宮,古山路57號,彰化縣大城鄉,室內,23.842146,120.31032,雲林,45,良好,20.17,Low Risk,100
上山社區活動中心,大山路2-1號,彰化縣大城鄉,室內,23.842192,120.318028,雲林,45,良好,19.7,Low Risk,100
新厝村集會所,新厝路74號,南投縣名間鄉,室內,23.8427,120.6591,南投,38,良好,8.33,Low Risk,60
成功國小西畔分校,廣一巷24號,彰化縣溪州鄉,室內,23.8429,120.5399,南投,38,良好,16.5,Low Risk,42
僑義國小,彰化縣溪州鄉溪厝村中山路2段362號,彰化縣溪州鄉,室內,23.8442,120.4791,雲林,45,良好,16.77,Low Risk,33
樹腳社區活動中心,福田路6號,彰化縣竹塘鄉,室內,23.844303,120.447765,雲林,45,良好,16.17,Low Risk,50
臺西社區活動中心,許厝巷10號,彰化縣大城鄉,室內,23.844414,120.272574,雲林,45,良好,22.92,Low Risk,100
豐山國小,中山路41號,花蓮縣壽豐鄉,室內,23.8464,121.4918,花蓮,35,良好,6.25,Low Risk,50
新廣社區活動中心,光明路廣福巷57號,彰化縣竹塘鄉,室內,23.846486,120.430132,雲林,45,良好,16.35,Low Risk,100
三崙社區活動中心,中庄巷7號,南投縣名間鄉,室內,23.8468,120.6367,南投,38,良好,8.84,Low Risk,30
長安國小,東陽路二段123號,彰化縣竹塘鄉,室內,23.847335,120.386672,雲林,45,良好,17.1,Low Risk,100
豐山活動中心,中山路127巷15號,花蓮縣壽豐鄉,室內,23.8478,121.4936,花蓮,35,良好,6.16,Low Risk,47
頂庄國小,東厝路63-1號,彰化縣大城鄉,室內,23.848336,120.282454,雲林,45,良好,22.54,Low Risk,100
德化國小,中正路211巷1號,南投縣魚池鄉,室內,23.8485,120.9355,南投,38,良好,26.81,Low Risk,150
土庫國小,東陽路一段362號,彰化縣竹塘鄉,室內,23.84954,120.409448,雲林,45,良好,16.85,Low Risk,100
竹圍社區活動中心,竹圍路187號,彰化縣埤頭鄉,室內,23.850218,120.454562,雲林,45,良好,16.9,Low Risk,50
溪州國中,中央路三段300號,彰化縣溪州鄉,室內,23.8504,120.4951,雲林,45,良好,17.94,Low Risk,78
弓鞋社區活動中心,弓鞋巷16之2號,南投縣名間鄉,室內,23.8504,120.6262,南投,38,良好,9.12,Low Risk,30
沙崙社區活動中心,沙崙路281號,彰化縣田中鎮,室內,23.851096,120.583072,南投,38,良好,12.29,Low Risk,181
老人文康活動中心,圳南路138號,彰化縣溪州鄉,室內,23.851238,120.497777,雲林,45,良好,18.12,Low Risk,42
溪州國小,彰化縣溪州鄉尾厝村中山路3段415號,彰化縣溪州鄉,室內,23.8526,120.4971,雲林,45,良好,18.24,Low Risk,584
大城國中,彰化縣大城鄉大城村中平路132號,彰化縣大城鄉,室內,23.8529,120.324,雲林,45,良好,20.34,Low Risk,100
大城演藝廳,彰化縣大城鄉大城村中平路176號,彰化縣大城鄉,室內,23.853,120.3203,雲林,45,良好,20.55,Low Risk,100
大城國小,彰化縣大城鄉東城村南平路224號,彰化縣大城鄉,室內,23.853,120.3203,雲林,45,良好,20.55,Low Risk,100
南州國小,彰化縣溪州鄉溪州村公園路95號,彰化縣溪州鄉,室內,23.853,120.4909,雲林,45,良好,18.06,Low Risk,363
彰化縣田中鎮內安國民小學,中南路三段 54 號,彰化縣田中鎮,室內,23.8537,120.5997,南投,38,良好,10.76,Low Risk,100
新民國小,公館路320號,彰化縣田中鎮,室內,23.85428,120.585674,南投,38,良好,11.87,Low Risk,181
大新國小,大新路556號,彰化縣北斗鎮,室內,23.85495,120.557239,南投,38,良好,14.31,Low Risk,440
西林社區活動中心,8鄰134號,花蓮縣萬榮鄉,室內,23.855288,121.342737,花蓮,35,良好,21.13,Low Risk,100
陸嘉社區活動中心,中華路434號,彰化縣埤頭鄉,室內,23.855657,120.470711,雲林,45,良好,17.79,Low Risk,15
仁和村集會所,山腳巷17-2號,南投縣名間鄉,室內,23.8562,120.7057,南投,38,良好,6.94,Low Risk,50
新庄社區活動中心,中山街134號,彰化縣田中鎮,室內,23.856537,120.594252,南投,38,良好,11.01,Low Risk,141
田中鎮立圖書館,中新路229號,彰化縣田中鎮,室內,23.856625,120.588689,南投,38,良好,11.47,Low Risk,320
廈新社區活動中心,大廈巷30號,南投縣名間鄉,室內,23.8568,120.6758,南投,38,良好,6.47,Low Risk,40
彰化縣立景崧文化教育園區-龍江館,中州路一段416號,彰化縣田中鎮,室內,23.8571,120.5821,南投,38,良好,12.0,Low Risk,150
田中國小,中州路1段177號,彰化縣田中鎮,室內,23.857342,120.587487,南投,38,良好,11.52,Low Risk,272
西林天主堂,7鄰103號,花蓮縣萬榮鄉,室內,23.8576,121.3593,花蓮,35,良好,19.53,Low Risk,100
竹圍村社區活動中心,竹圍巷39號,南投縣名間鄉,室內,23.8582,120.6382,南投,38,良好,7.69,Low Risk,50
赤水社區活動中心,南田路258之10號,南投縣名間鄉,室內,23.8595,120.6317,南投,38,良好,7.98,Low Risk,20
新庄社區活動中心,光華路124號,彰化縣埤頭鄉,室內,23.859739,120.483697,雲林,45,良好,18.56,Low Risk,20
竹林社區活動中心,竹鹿路保安巷45號,彰化縣竹塘鄉,室內,23.860386,120.40292,雲林,45,良好,18.15,Low Risk,50
大坑村集會所,武東巷11之2號,南投縣名間鄉,室內,23.8605,120.6578,南投,38,良好,6.51,Low Risk,60
田中鎮公所公共造產公有第一零售市場,員集路2段462號,彰化縣田中鎮,室內,23.8606,120.585,南投,38,良好,11.54,Low Risk,150
西港國小二樓,東港村中央路2號,彰化縣大城鄉,室內,23.860997,120.286532,雲林,45,良好,23.32,Low Risk,100
竹塘國小,文化街20號,彰化縣竹塘鄉,室內,23.861033,120.428771,雲林,45,良好,17.97,Low Risk,200
田中鎮民活動中心,斗中路1段210號,彰化縣田中鎮,室內,23.861492,120.580803,南投,38,良好,11.86,Low Risk,75
虎坑社區活動中心,虎坑巷6之1號,南投縣名間鄉,室內,23.8622,120.6955,南投,38,良好,6.0,Low Risk,60
幸福國小,頂興路83巷1弄1號,桃園市龜山區,室內,23.862946,120.971916,南投,38,良好,30.04,Low Risk,200
楓樹國小,光峰路277號,桃園市龜山區,室內,23.862946,120.971916,南投,38,良好,30.04,Low Risk,200
東仁社區活動中心,大老巷34號,南投縣名間鄉,室內,23.8652,120.7,南投,38,良好,5.8,Low Risk,60
三潭國小,員集路2段715號,彰化縣田中鎮,室內,23.865501,120.586202,南投,38,良好,11.16,Low Risk,272
大湖社區活動中心,大湖路260號,彰化縣埤頭鄉,室內,23.8659,120.4528,雲林,45,良好,18.61,Low Risk,40
中和社區活動中心,彰化縣北斗中和里中圳路305號,彰化縣北斗鎮,室內,23.8661,120.5462,南投,38,良好,14.82,Low Risk,150
明潭國小,中山路191號,南投縣魚池鄉,室內,23.8674,120.9098,南投,38,良好,23.76,Low Risk,100
東和國小,山腳路4段188巷109號,彰化縣田中鎮,室內,23.867482,120.6062,南投,38,良好,9.32,Low Risk,181
龍潭社區活動中心,大社路1段216巷100弄20號,彰化縣田中鎮,室內,23.867615,120.580809,南投,38,良好,11.53,Low Risk,121
月眉國小,月眉路3段24號,花蓮縣壽豐鄉,室內,23.867967,121.556384,花蓮,35,良好,5.15,Low Risk,50
月眉國小-米棧分校,米棧路一段53號,花蓮縣壽豐鄉,室內,23.8681,121.5564,花蓮,35,良好,5.16,Low Risk,45
明潭國中,中山路190號,南投縣魚池鄉,室內,23.8684,120.9113,南投,38,良好,23.88,Low Risk,150
壽豐活動中心,壽豐路1段97號,花蓮縣壽豐鄉,室內,23.8691,121.5099,花蓮,35,良好,6.44,Low Risk,13
菜寮社區活動中心,東平路6號,彰化縣大城鄉,室內,23.869103,120.312409,雲林,45,良好,22.49,Low Risk,100
共和活動中心,農墾2街38號,花蓮縣壽豐鄉,室內,23.8693,121.5308,花蓮,35,良好,5.48,Low Risk,31
元埔社區活動中心,文化路495巷11號,彰化縣埤頭鄉,室內,23.869502,120.503333,南投,38,良好,18.84,Low Risk,35
田仔社區活動中心,田仔巷41之2號,南投縣名間鄉,室內,23.8702,120.6751,南投,38,良好,5.0,Low Risk,50
萬來國小,彰化縣北斗鎮西德里文賢街35號,彰化縣北斗鎮,室內,23.8703,120.5221,南投,38,良好,16.98,Low Risk,500
壽豐鄉公所,壽山路26號,花蓮縣壽豐鄉,室內,23.8704,121.5091,花蓮,35,良好,6.61,Low Risk,50
文化中心,公園路30號,花蓮縣壽豐鄉,室內,23.8704,121.5091,花蓮,35,良好,6.61,Low Risk,50
芙朝社區活動中心,文化路829號,彰化縣埤頭鄉,室內,23.870694,120.482115,雲林,45,良好,19.69,Low Risk,25
螺青國小,彰化縣北斗鎮斗中路712號,彰化縣北斗鎮,室內,23.871139,120.534312,南投,38,良好,15.77,Low Risk,440
鹽寮活動中心,鹽寮165號,花蓮縣壽豐鄉,室內,23.871385,121.59829,花蓮,35,良好,7.51,Low Risk,15
北斗鎮公所,彰化縣北斗鎮西德里公所街二號,彰化縣北斗鎮,室內,23.8714,120.5218,南投,38,良好,16.97,Low Risk,70
大庄村集會所,大廈巷82-4號,南投縣名間鄉,室內,23.8722,120.6551,南投,38,良好,5.45,Low Risk,30
錦梓社區活動中心,皮子寮巷21號,南投縣名間鄉,室內,23.8734,120.6324,南投,38,良好,6.81,Low Risk,40
五庄社區活動中心,竹五路222號,彰化縣竹塘鄉,室內,23.873491,120.431604,雲林,45,良好,19.35,Low Risk,50
彰化縣田中鎮明禮國民國小,民光路一段394號,彰化縣田中鎮,室內,23.8755,120.5661,南投,38,良好,12.55,Low Risk,100
北斗國小,彰化縣北斗鎮新政里文苑路一段32號,彰化縣北斗鎮,室內,23.875762,120.523284,南投,38,良好,16.7,Low Risk,230
三光社區活動中心,民光路1段392巷25號,彰化縣田中鎮,室內,23.875905,120.566974,南投,38,良好,12.45,Low Risk,70
北斗國中,文苑路136號,彰化縣北斗鎮,室內,23.875935,120.521586,南投,38,良好,16.86,Low Risk,170
螺陽國小,斗苑路2段150號,彰化縣北斗鎮,室內,23.87624,120.514719,南投,38,良好,17.53,Low Risk,420
中寮社區活動中心,鄉林巷23號,南投縣中寮鄉,室內,23.8763,120.7732,南投,38,良好,10.22,Low Risk,30
崁頂社區活動中心,永平路104號,南投縣中寮鄉,室內,23.8763,120.7732,南投,38,良好,10.22,Low Risk,50
下社區活動中心,大岩巷30之8號,南投縣名間鄉,室內,23.8764,120.6355,南投,38,良好,6.36,Low Risk,60
中寮社區活動中心,彰化縣北斗中寮里中央路30巷31號,彰化縣北斗鎮,室內,23.8781,120.5109,南投,38,良好,17.85,Low Risk,310
北斗家商,彰化縣北斗鎮大道里學府路50號,彰化縣北斗鎮,室內,23.8785,120.5221,南投,38,良好,16.74,Low Risk,470
內城社區活動中心,龍南路6-3號,南投縣中寮鄉,室內,23.879,120.7628,南投,38,良好,9.13,Low Risk,100
豐美社區活動中心,平和路5號,彰化縣大城鄉,室內,23.879191,120.306808,雲林,45,良好,23.74,Low Risk,100
新街村集會所,彰南路472號,南投縣名間鄉,室內,23.8797,120.6934,南投,38,良好,4.06,Low Risk,20
仙樂社區活動中心,仙鹿巷,南投縣中寮鄉,室內,23.8798,120.7641,南投,38,良好,9.21,Low Risk,50
埤頭國中,中學路67號,彰化縣埤頭鄉,室內,23.880113,120.460262,雲林,45,良好,20.28,Low Risk,50
頂興社區活動中心,永平路48-12號,南投縣中寮鄉,室內,23.8805,120.7724,南投,38,良好,9.96,Low Risk,50
光榮活動中心,光榮1街26之1號,花蓮縣壽豐鄉,室內,23.8817,121.5143,花蓮,35,良好,7.4,Low Risk,39
大林村集會所,永川巷5號,南投縣魚池鄉,室內,23.8823,120.9442,南投,38,良好,26.91,Low Risk,25
萬丹社區活動中心,新丹巷38-2號,南投縣名間鄉,室內,23.8827,120.7063,南投,38,良好,4.34,Low Risk,50
爽文老人活動中心,龍南路209-1號,南投縣中寮鄉,室內,23.8828,120.7992,南投,38,良好,12.44,Low Risk,100
金安老人會館,有水巷28-2號,南投縣魚池鄉,室內,23.8834,120.9233,南投,38,良好,24.79,Low Risk,30
平和活動中心,平和路32號,花蓮縣壽豐鄉,室內,23.8837,121.5197,花蓮,35,良好,7.38,Low Risk,49
睦宜社區活動中心,聖德巷162號,彰化縣田尾鄉,室內,23.884051,120.549163,南投,38,良好,13.92,Low Risk,42
新興老人會館,新興巷10-6號,南投縣水里鄉,室內,23.884867,120.872715,南投,38,良好,19.68,Low Risk,500
天乙宮,建平路一段66號,彰化縣田尾鄉,室內,23.885121,120.527114,南投,38,良好,16.08,Low Risk,90
八仙社區活動中心,永樂路36-1號,南投縣中寮鄉,室內,23.8857,120.7572,南投,38,良好,8.31,Low Risk,50
老人文康中心,彰化縣竹塘鄉民靖村金山路40號,彰化縣竹塘鄉,室內,23.886404,120.41144,雲林,45,良好,20.9,Low Risk,100
南鎮國小,光復路一段295號,彰化縣田尾鄉,室內,23.886533,120.560701,南投,38,良好,12.71,Low Risk,150
大林社區活動中心,嵩山巷27號,南投縣魚池鄉,室內,23.8872,120.949,南投,38,良好,27.32,Low Risk,25
五城村活動中心,五城巷24-2號,南投縣魚池鄉,室內,23.8874,120.8879,南投,38,良好,21.16,Low Risk,75
鄉立托兒所,彰水路3段352巷45號,彰化縣埤頭鄉,室內,23.8888,120.4601,雲林,45,良好,21.23,Low Risk,40
清聖宮,清興路50巷71號,彰化縣社頭鄉,室內,23.888885,120.605951,南投,38,良好,8.24,Low Risk,300
仁里社區活動中心,中正路二段103巷9號,彰化縣田尾鄉,室內,23.888979,120.534111,南投,38,良好,15.29,Low Risk,84
花與樹博物館,光復路2段575號,彰化縣田尾鄉,室內,23.888979,120.534111,南投,38,良好,15.29,Low Risk,350
老人文康中心,安康街72號,彰化縣埤頭鄉,室內,23.889,120.46,雲林,45,良好,21.25,Low Risk,25
永安社區活動中心,復興巷22號,南投縣中寮鄉,室內,23.8892,120.7369,南投,38,良好,6.27,Low Risk,50
新生社區活動中心,延平路150號,彰化縣田尾鄉,室內,23.88931,120.548715,南投,38,良好,13.83,Low Risk,84
四武宮辦公室,埔尾路51號,彰化縣埤頭鄉,室內,23.889782,120.487282,南投,38,良好,19.98,Low Risk,30
社頭鄉公所大禮堂,社斗路一段295號,彰化縣社頭鄉,室內,23.8898,120.585,南投,38,良好,10.23,Low Risk,50
東光村避難所,慶隆巷31-9號,南投縣魚池鄉,室內,23.8898,120.9665,南投,38,良好,29.06,Low Risk,25
福田社區活動中心,光復路一段98巷181號,彰化縣田尾鄉,室內,23.889989,120.562711,南投,38,良好,12.42,Low Risk,60
東光國小,慶隆巷36號,南投縣魚池鄉,室內,23.8905,120.9667,南投,38,良好,29.08,Low Risk,200
五城國小,華龍巷1-2號,南投縣魚池鄉,室內,23.8909,120.8891,南投,38,良好,21.23,Low Risk,100
正義社區活動中心,中正路一段232號,彰化縣田尾鄉,室內,23.891782,120.516759,南投,38,良好,16.98,Low Risk,34
田尾國小,中山路一段449號,彰化縣田尾鄉,室內,23.891877,120.528588,南投,38,良好,15.79,Low Risk,500
南鎮社區活動中心,平和路一段140號,彰化縣田尾鄉,室內,23.892145,120.554772,南投,38,良好,13.16,Low Risk,78
中明活動中心,文正巷5-10號,南投縣魚池鄉,室內,23.8922,120.9206,南投,38,良好,24.39,Low Risk,25
永和社區活動中心,龍南路321-11號,南投縣中寮鄉,室內,23.8925,120.7764,南投,38,良好,9.92,Low Risk,50
埤頭國小,中南路145號,彰化縣埤頭鄉,室內,23.892504,120.478352,南投,38,良好,20.84,Low Risk,50
永興里災民收容所社區活動中心,八卦路58巷20號,南投縣南投市,室內,23.8926,120.6389,南投,38,良好,5.01,Low Risk,150
南曾社區活動中心,福德巷185號,彰化縣田尾鄉,室內,23.892743,120.534173,南投,38,良好,15.21,Low Risk,84
嘉和里災民收容所嘉和里神木社區活動中心,樂利三街2號,南投縣南投市,室內,23.8928,120.6696,南投,38,良好,2.74,Low Risk,100
社頭鄉老人文康活動中心,南勢巷9-16號,彰化縣社頭鄉,室內,23.893,120.595,南投,38,良好,9.16,Low Risk,150
千秋里災民收容所社區活動中心,千秋路222號,南投縣南投市,室內,23.893,120.706,南投,38,良好,3.44,Low Risk,150
圖書館一樓,文鄉路135號,彰化縣埤頭鄉,室內,23.8933,120.4587,雲林,45,良好,21.71,Low Risk,40
中和國小活動中心,溪林路284號,彰化縣埤頭鄉,室內,23.8933,120.4587,雲林,45,良好,21.71,Low Risk,50
三豐社區活動中心,平康路13號,彰化縣大城鄉,室內,23.893532,120.299171,雲林,45,良好,25.5,Low Risk,100
合興國小,文鄉路161號,彰化縣埤頭鄉,室內,23.894074,120.459432,雲林,45,良好,21.8,Low Risk,50
北曾社區活動中心,福德巷359號,彰化縣田尾鄉,室內,23.894834,120.53401,南投,38,良好,15.2,Low Risk,90
爽文社區活動中心,龍南路190號,南投縣中寮鄉,室內,23.8949,120.7244,南投,38,良好,4.85,Low Risk,100
嘉和里、嘉興里災民收容所嘉和里集會所,嘉和一路232巷2號,南投縣南投市,室內,23.8955,120.6871,南投,38,良好,2.2,Low Risk,250
嘉和里災民收容所嘉和里集會所,嘉和一路232巷2號,南投縣南投市,室內,23.8955,120.6871,南投,38,良好,2.2,Low Risk,250
路上國小,新上路12號,彰化縣芳苑鄉,室內,23.8961,120.3283,雲林,45,良好,24.31,Low Risk,150
中興國小,光復路73號,彰化縣二林鎮,室內,23.8963,120.427,雲林,45,良好,21.89,Low Risk,100
永芳社區活動中心,龍南路269-1號,南投縣中寮鄉,室內,23.8966,120.7145,南投,38,良好,3.88,Low Risk,50
社頭鄉運動公園體育館,彰化縣社頭鄉美雅村中山路1段172號,彰化縣社頭鄉,室外,23.8968,120.5858,南投,38,良好,9.97,Low Risk,500
北鎮社區活動中心,平和路二段151號,彰化縣田尾鄉,室內,23.897327,120.552144,南投,38,良好,13.33,Low Risk,78
溪頂社區活動中心,三溪路一段209號,彰化縣田尾鄉,室內,23.897399,120.508138,南投,38,良好,17.77,Low Risk,45
田尾社區活動中心,光復路三段538巷1號,彰化縣田尾鄉,室內,23.897399,120.508138,南投,38,良好,17.77,Low Risk,84
社頭國小,社斗路一段258號,彰化縣社頭鄉,室內,23.897442,120.584451,南投,38,良好,10.09,Low Risk,300
二林鎮鎮立幼兒園,斗苑路四段586號,彰化縣二林鎮,室內,23.8976,120.3707,雲林,45,良好,22.92,Low Risk,200
興華社區活動中心,中農路15號,彰化縣二林鎮,室內,23.898143,120.366378,雲林,45,良好,23.1,Low Risk,75
萬興國中,二溪路6段626號,彰化縣二林鎮,室內,23.898143,120.366378,雲林,45,良好,23.1,Low Risk,121
圓和宮,鎮平巷1號,彰化縣二林鎮,室內,23.898143,120.366378,雲林,45,良好,23.1,Low Risk,121
民眾活動中心,文明巷3號,彰化縣二林鎮,室內,23.898143,120.366378,雲林,45,良好,23.1,Low Risk,121
育德國小,中南巷41-1號,彰化縣二林鎮,室內,23.898143,120.366378,雲林,45,良好,23.1,Low Risk,121
梅芳社區活動中心,太平路72-1號,彰化縣二林鎮,室內,23.898143,120.366378,雲林,45,良好,23.1,Low Risk,151
慈靈宮,同安巷80-1號,彰化縣二林鎮,室內,23.898143,120.366378,雲林,45,良好,23.1,Low Risk,227
廣福宮,新榮巷1-2號,彰化縣二林鎮,室內,23.898143,120.366378,雲林,45,良好,23.1,Low Risk,303
東興社區活動中心,福建巷45-1號,彰化縣二林鎮,室內,23.898143,120.366378,雲林,45,良好,23.1,Low Risk,303
麒麟宮代化堂集會所,新店巷35號,南投縣魚池鄉,室內,23.8983,120.9396,南投,38,良好,26.26,Low Risk,50
永豐社區活動中心,東西路621號,彰化縣埤頭鄉,室內,23.898467,120.450794,彰化,41,良好,22.02,Low Risk,25
新興社區活動中心,新興路280號,彰化縣田尾鄉,室內,23.898593,120.558394,南投,38,良好,12.68,Low Risk,90
魚池國小,瓊文巷41號,南投縣魚池鄉,室內,23.899,120.9373,南投,38,良好,26.02,Low Risk,300
長興長寮尾活動中心,長興巷8之11號,南投縣魚池鄉,室內,23.8992,120.9533,南投,38,良好,27.64,Low Risk,50
龍安社區活動中心,龍南路94-5號,南投縣中寮鄉,室內,23.8996,120.7592,南投,38,良好,8.04,Low Risk,50
月眉活動中心,月眉路三段108號,花蓮縣壽豐鄉,室內,23.8996,121.554,花蓮,35,良好,8.61,Low Risk,53
三鹿社區活動中心,三鹿里自強路293號,臺中市沙鹿區,室內,23.899861,120.364822,雲林,45,良好,23.33,Low Risk,224
二林國小,彰化縣二林鎮豐田里斗苑路五段22號,彰化縣二林鎮,室內,23.8999,120.3716,雲林,45,良好,23.14,Low Risk,200
中正國小,建興街80號,彰化縣二林鎮,室內,23.8999,120.3773,雲林,45,良好,22.99,Low Risk,150
新厝社區活動中心,光明巷54號,彰化縣田尾鄉,室內,23.899999,120.503867,南投,38,良好,18.17,Low Risk,30
原斗國小,斗苑路一段865號,彰化縣二林鎮,室內,23.9005,120.3754,雲林,45,良好,23.1,Low Risk,100
社頭國中,中興路1號,彰化縣社頭鄉,室內,23.901267,120.582081,南投,38,良好,10.26,Low Risk,300
仁豐國小,中正路二段101號,彰化縣田尾鄉,室內,23.902513,120.508227,南投,38,良好,17.71,Low Risk,100
三和里災民收容所里集會所,彰南路一段992號,南投縣南投市,室內,23.9026,120.6859,南投,38,良好,1.41,Low Risk,250
豐田社區活動中心,光復路四段114號,彰化縣田尾鄉,室內,23.903422,120.510873,南投,38,良好,17.43,Low Risk,60
三興里災民收容所南投高商活動中心,彰南路一段993號,南投縣南投市,室內,23.9039,120.6853,南投,38,良好,1.25,Low Risk,250
打簾社區活動中心,民生路一段245號,彰化縣田尾鄉,室內,23.904866,120.529979,南投,38,良好,15.48,Low Risk,60
志學活動中心,中正路120巷13號,花蓮縣壽豐鄉,室內,23.9053,121.5322,花蓮,35,良好,9.35,Low Risk,40
崇文里災民收容所南投國小活動中心,彰南路一段1059號,南投縣南投市,室內,23.9058,120.6839,南投,38,良好,1.01,Low Risk,250
彰仁里災民收容所南投國小活動中心,彰南路一段1059號,南投縣南投市,室內,23.9058,120.6839,南投,38,良好,1.01,Low Risk,250
新城村避難所,通文巷8號,南投縣魚池鄉,室內,23.9059,120.9259,南投,38,良好,24.82,Low Risk,50
中寮國小活動中心,永平路316號,南投縣中寮鄉,室內,23.906,120.8067,南投,38,良好,12.72,Low Risk,100
新莊社區活動中心,永社路75-1號,彰化縣永靖鄉,室內,23.906852,120.553913,南投,38,良好,13.04,Low Risk,26
永靖國中,錫壽路123號,彰化縣永靖鄉,室內,23.906852,120.553913,南投,38,良好,13.04,Low Risk,472
原斗社區活動中心,中正巷13號,彰化縣二林鎮,室內,23.907276,120.436185,彰化,41,良好,21.86,Low Risk,10
西斗社區活動中心,再發路46號,彰化縣二林鎮,室內,23.907276,120.436185,彰化,41,良好,21.86,Low Risk,12
東和里集會所,照西路176巷1號,彰化縣二林鎮,室內,23.907276,120.436185,彰化,41,良好,21.86,Low Risk,18
大永社區活動中心,大永路17號,彰化縣二林鎮,室內,23.907276,120.436185,彰化,41,良好,21.86,Low Risk,91
東勢社區活動中心,面前巷2號,彰化縣二林鎮,室內,23.907276,120.436185,彰化,41,良好,21.86,Low Risk,91
新興宮,成田巷2號之4,彰化縣二林鎮,室內,23.907276,120.436185,彰化,41,良好,21.86,Low Risk,136
復豐社區活動中心,漏瑤巷30號,彰化縣二林鎮,室內,23.907276,120.436185,彰化,41,良好,21.86,Low Risk,151
慈聖?,路東巷1-23號,彰化縣二林鎮,室內,23.907276,120.436185,彰化,41,良好,21.86,Low Risk,200
南光社區活動中心,懷仁街8號,彰化縣二林鎮,室內,23.907276,120.436185,彰化,41,良好,21.86,Low Risk,200
中正村社區活動中心,光明路58號,南投縣仁愛鄉,室內,23.907318,120.98989,南投,38,良好,31.32,Low Risk,100
朝興國小,社石路91號,彰化縣社頭鄉,室內,23.908289,120.604063,南投,38,良好,7.94,Low Risk,200
養靈社區活動養靈社區活動中心山楂腳,山楂腳巷16-1號,南投縣魚池鄉,室內,23.9089,120.9149,南投,38,良好,23.69,Low Risk,25
振興里災民收容所里辦公處,振興巷29巷18號,南投縣南投市,室內,23.9095,120.6961,南投,38,良好,1.55,Low Risk,100
仁和里災民收容所市區7里聯合辦公處,民生街33-3號,南投縣南投市,室內,23.9101,120.6858,南投,38,良好,0.65,Low Risk,150
南投里災民收容所市區七里聯合辦公處,民生街33之3號,南投縣南投市,室內,23.9101,120.6858,南投,38,良好,0.65,Low Risk,150
三民里災民收容所南投高中,建國路137號,南投縣南投市,室內,23.9105,120.6809,南投,38,良好,0.48,Low Risk,300
湳港社區活動中心,湳港村永社路205號,彰化縣永靖鄉,室內,23.910928,120.548393,南投,38,良好,13.58,Low Risk,230
五福社區活動中心,五福村五福巷99-1號,彰化縣永靖鄉,室內,23.911429,120.541084,南投,38,良好,14.32,Low Risk,67
溪畔社區活動中心,溪畔巷157號,彰化縣田尾鄉,室內,23.912249,120.536106,南投,38,良好,14.82,Low Risk,36
福山里災民收容所社區活動中心,八卦路521之12號,南投縣南投市,室內,23.9131,120.6376,南投,38,良好,4.51,Low Risk,150
平和里災民收容所平和國小活動中心,育樂路62號,南投縣南投市,室內,23.9132,120.6912,南投,38,良好,0.96,Low Risk,250
龍泉里災民收容所康壽國小活動中心,南陽路269號,南投縣南投市,室內,23.9133,120.6863,南投,38,良好,0.47,Low Risk,150
康壽里災民收容所康壽國小活動中心,南陽路269號,南投縣南投市,室內,23.9133,120.6863,南投,38,良好,0.47,Low Risk,150
漳和里災民收容所漳和里活動中心,文化路532號,南投縣南投市,室內,23.9134,120.6738,南投,38,良好,0.84,Low Risk,150
漳和里災民收容所南投國中活動中心,祖祠路361號,南投縣南投市,室內,23.9137,120.6769,南投,38,良好,0.52,Low Risk,250
武界基督長老教會,界山巷62號,南投縣仁愛鄉,室內,23.913769,121.042737,南投,38,良好,36.68,Low Risk,200
港西社區活動中心,福德巷36-1號,彰化縣永靖鄉,室內,23.914104,120.541515,南投,38,良好,14.27,Low Risk,34
漳興里災民收容所社區活動中心,漳興巷51號,南投縣南投市,室內,23.9146,120.681,南投,38,良好,0.09,Low Risk,200
大雁村集會所,大雁巷2-1號,南投縣魚池鄉,室內,23.9166,120.9193,南投,38,良好,24.13,Low Risk,25
豐崙國小,校前路50號,彰化縣埤頭鄉,室內,23.9172,120.4602,彰化,41,良好,19.73,Low Risk,50
陸豐國小,民生路3段200號,彰化縣田尾鄉,室內,23.917345,120.505044,南投,38,良好,17.98,Low Risk,120
永南社區活動中心,永西路155號,彰化縣永靖鄉,室內,23.918325,120.542396,南投,38,良好,14.19,Low Risk,37
福興社區活動中心,福興村中肚巷52號,彰化縣永靖鄉,室內,23.918644,120.513506,南投,38,良好,17.12,Low Risk,37
橋頭國小,員集路三段528號,彰化縣社頭鄉,室內,23.9187,120.579834,南投,38,良好,10.38,Low Risk,300
沛霖宮,中正路三段271號,彰化縣田尾鄉,室內,23.918704,120.498374,彰化,41,良好,18.2,Low Risk,80
獨鰲社區活動中心,獨鰲路192巷1-9號,彰化縣永靖鄉,室內,23.919024,120.531449,南投,38,良好,15.3,Low Risk,116
共和國小,五馬巷57-1號,南投縣魚池鄉,室內,23.9192,120.9663,南投,38,良好,28.91,Low Risk,75
池南活動中心,池南路2段17號,花蓮縣壽豐鄉,室內,23.9197,121.506,花蓮,35,良好,11.61,Low Risk,53
浮圳社區活動中心,浮圳路409號,彰化縣永靖鄉,室內,23.920049,120.560075,南投,38,良好,12.4,Low Risk,45
湳雅國小,山腳路三段395號,彰化縣社頭鄉,室內,23.920353,120.601444,南投,38,良好,8.2,Low Risk,300
崙美社區活動中心,獨鰲路270巷8-1號,彰化縣永靖鄉,室內,23.920355,120.538616,南投,38,良好,14.58,Low Risk,96
軍功里災民收容所里活動中心,軍功路140巷76號,南投縣南投市,室內,23.9208,120.7003,南投,38,良好,1.99,Low Risk,150
後寮國小,芳寮路30號,彰化縣芳苑鄉,室內,23.9209,120.3417,雲林,45,良好,26.31,Low Risk,150
陸豐社區活動中心,陸豐路48號,彰化縣田尾鄉,室內,23.920935,120.50099,彰化,41,良好,17.9,Low Risk,45
張厝村集會所,張厝村大圳巷9-6號,彰化縣社頭鄉,室內,23.920935,120.50099,彰化,41,良好,17.9,Low Risk,50
平山里災民收容所平山里辦公處,平山二路47巷2號,南投縣南投市,室內,23.921,120.6749,南投,38,良好,1.0,Low Risk,150
甘霖宮,永福路一段12號,彰化縣永靖鄉,室內,23.92112,120.541331,南投,38,良好,14.31,Low Risk,50
福盛社區活動中心,永樂路88-8號,南投縣中寮鄉,室內,23.9236,120.7318,南投,38,良好,5.17,Low Risk,50
東山里災民收容所觀音寺,東山路13號,南投縣南投市,室內,23.9238,120.7167,南投,38,良好,3.68,Low Risk,150
聖興宮,興寧路196號,彰化縣永靖鄉,室內,23.923805,120.569898,南投,38,良好,11.43,Low Risk,197
竹子社區活動中心,竹中巷41號,彰化縣永靖鄉,室內,23.924464,120.503855,彰化,41,良好,17.44,Low Risk,45
鳳鳴里災民收容所鳳鳴國中禮堂,八卦路896號,南投縣南投市,室內,23.9248,120.6397,南投,38,良好,4.43,Low Risk,250
四芳社區活動中心,四湳路106-1號,彰化縣永靖鄉,室內,23.925579,120.522486,南投,38,良好,16.25,Low Risk,73
同安社區活動中心,西畔巷11-1號,彰化縣永靖鄉,室內,23.925671,120.528556,南投,38,良好,15.63,Low Risk,145
光雲社區活動中心,意善巷78-1號,彰化縣永靖鄉,室內,23.92713,120.555617,南投,38,良好,12.91,Low Risk,88
湳墘社區活動中心,忠心路13-1號,彰化縣永靖鄉,室內,23.92828,120.532649,南投,38,良好,15.25,Low Risk,39
同仁社區活動中心,同仁村東畔路7-1號,彰化縣永靖鄉,室內,23.92828,120.532649,南投,38,良好,15.25,Low Risk,43
新興里災民收容所新豐國小禮堂,彰南路三段221號,南投縣南投市,室內,23.9294,120.6724,南投,38,良好,1.9,Low Risk,250
麒麟國小,武界路7號,南投縣埔里鎮,室內,23.9304,120.99,南投,38,良好,31.36,Low Risk,280
崙子社區活動中心,九分路192-1號,彰化縣永靖鄉,室內,23.930578,120.566311,南投,38,良好,11.88,Low Risk,35
五汴社區活動中心,五汴巷1號,彰化縣永靖鄉,室內,23.9307,120.558809,南投,38,良好,12.64,Low Risk,35
西勢社區活動中心,西安路117巷36號,彰化縣溪湖鎮,室內,23.931225,120.476644,彰化,41,良好,17.62,Low Risk,30
愛蘭里集會所,梅村路110號,南投縣埔里鎮,室內,23.9314,120.9902,南投,38,良好,31.39,Low Risk,50
和興社區活動中心,永樂路143-2號,南投縣中寮鄉,室內,23.9322,120.7501,南投,38,良好,7.2,Low Risk,50
內興里災民收容所德興國小活動中心,中興路200號,南投縣南投市,室內,23.9325,120.693,南投,38,良好,2.28,Low Risk,250
光華活動中心,光華二街200號,花蓮縣吉安鄉,室內,23.934,121.578,花蓮,35,良好,12.79,Low Risk,37
義和村集會所,永平路513-12號,南投縣中寮鄉,室內,23.9349,120.7601,南投,38,良好,8.26,Low Risk,100
內新里災民收容所內新里集會所,南營路283號,南投縣南投市,室內,23.9357,120.6903,南投,38,良好,2.49,Low Risk,150
義和社區活動中心,永平路447-12號,南投縣中寮鄉,室內,23.9359,120.7589,南投,38,良好,8.17,Low Risk,50
港源社區五榖宮,南港路26號,南投縣國姓鄉,室內,23.9366,120.8663,南投,38,良好,18.9,Low Risk,50
龍岩村集會所,龍南路154號,南投縣中寮鄉,室內,23.9376,120.7629,南投,38,良好,8.62,Low Risk,50
珠格里集會所,珠生路36-5號,南投縣埔里鎮,室內,23.9376,120.9584,南投,38,良好,28.22,Low Risk,30
太平國小,太平路289號,彰化縣埔心鄉,室內,23.938168,120.552667,南投,38,良好,13.39,Low Risk,200
埔心鄉立幼兒園,太平路336號,彰化縣埔心鄉,室內,23.9385,120.5513,南投,38,良好,13.54,Low Risk,100
永豐里災民收容所里辦公處,中華路190巷50號,南投縣南投市,室內,23.9385,120.6703,南投,38,良好,2.9,Low Risk,100
湳底社區活動中心,湳底路27-6號,彰化縣溪湖鎮,室內,23.940604,120.507252,彰化,41,良好,15.62,Low Risk,30
鳳山里災民收容所鳳山里集會所,八卦路1310號,南投縣南投市,室內,23.9409,120.6379,南投,38,良好,5.34,Low Risk,100
金龍宮,水頭路18號,南投縣埔里鎮,室內,23.9409,120.9707,南投,38,良好,29.5,Low Risk,30
媽厝國小,湳底路67號,彰化縣溪湖鎮,室內,23.941071,120.496339,彰化,41,良好,15.88,Low Risk,100
清水社區活動中心,瀧林巷2-6號,南投縣中寮鄉,室內,23.9415,120.7725,南投,38,良好,9.68,Low Risk,100
光明里災民收容所光復國小導師室地下室,光明一路67號,南投縣南投市,室內,23.9416,120.7024,南投,38,良好,3.65,Low Risk,150
桃米里集會所,桃米巷48-1號,南投縣埔里鎮,室內,23.9424,120.9269,南投,38,良好,25.09,Low Risk,50
營南里災民收容所營南里集會所,營盤路113號,南投縣南投市,室內,23.9438,120.6754,南投,38,良好,3.3,Low Risk,150
福興里災民收容所福興里集會所永興宮,彰南路三段953號,南投縣南投市,室內,23.944121,120.665769,南投,38,良好,3.66,Low Risk,50
水頭里集會所,中正路121號,南投縣埔里鎮,室內,23.9446,120.9799,南投,38,良好,30.47,Low Risk,30
廣福國小活動中心,內城巷3-2號,南投縣中寮鄉,室內,23.9447,120.7883,南投,38,良好,11.32,Low Risk,100
美港社區活動中心,中山路一段118號,彰化縣大村鄉,室內,23.944818,120.562457,南投,38,良好,12.59,Low Risk,50
溪南里集會所醒覺堂,珠生路59-1號,南投縣埔里鎮,室內,23.945,120.9567,南投,38,良好,28.13,Low Risk,60
福興里災民收容所三玄宮,吉利路126號,南投縣南投市,室內,23.9467,120.6593,南投,38,良好,4.24,Low Risk,150
永福社區活動中心,永平路400號,南投縣中寮鄉,室內,23.9471,120.791,南投,38,良好,11.66,Low Risk,50
萬豐國小,清華巷8號,南投縣仁愛鄉,室內,23.947392,121.07602,南投,38,良好,40.22,Low Risk,200
干城活動中心,干城一街97巷1號,花蓮縣吉安鄉,室內,23.9474,121.545,花蓮,35,良好,13.9,Low Risk,35
文蘭活動中心,6鄰79號,花蓮縣秀林鄉,室內,23.9479,121.5068,花蓮,35,良好,14.55,Low Risk,100
舊館國小,員鹿路4段201號,彰化縣埔心鄉,室內,23.948035,120.525928,彰化,41,良好,14.44,Low Risk,600
二林工商,斗苑路4段500號,彰化縣二林鎮,室內,23.9482,120.4428,彰化,41,良好,17.68,Low Risk,200
大庭社區活動中心,崙仔腳路34-1號,彰化縣溪湖鎮,室內,23.949215,120.498582,彰化,41,良好,14.95,Low Risk,40
光榮里災民收容所省政府青少年活動中心,中學路1號,南投縣南投市,室內,23.9498,120.6962,南投,38,良好,4.16,Low Risk,200
國立暨南大學體育健康中心,大學路1號,南投縣埔里鎮,室內,23.950278,120.93,南投,38,良好,25.52,Low Risk,2200
南港國小1甲-6甲與3間專科教室,南港路112之8號,南投縣國姓鄉,室內,23.9504,120.8693,南投,38,良好,19.46,Low Risk,60
南港社區活動中心,南港路112之11號,南投縣國姓鄉,室內,23.9508,120.8695,南投,38,良好,19.48,Low Risk,50
明聖國小,西安南路178號,彰化縣埔心鄉,室內,23.951445,120.557191,南投,38,良好,13.32,Low Risk,400
仁安活動中心,南海三街71號,花蓮縣吉安鄉,室內,23.9517,121.5968,花蓮,35,良好,15.23,Low Risk,63
光華里災民收容所光華國小活動中心,光華四路2號,南投縣南投市,室內,23.9522,120.6908,南投,38,良好,4.27,Low Risk,100
營北里災民收容所營北里辦公處,中正路152-7號,南投縣南投市,室內,23.9524,120.6877,南投,38,良好,4.23,Low Risk,100
員林市育英國小,光明街31號,彰化縣員林市,室內,23.9526,120.5742,南投,38,良好,11.73,Low Risk,230
南華活動中心,南華四街123號,花蓮縣吉安鄉,室內,23.9527,121.5513,花蓮,35,良好,14.49,Low Risk,63
埔心鄉公所,員鹿路二段344號,彰化縣埔心鄉,室內,23.9531,120.5435,彰化,41,良好,13.74,Low Risk,100
埔心國小,員鹿路二段254號,彰化縣埔心鄉,室內,23.953935,120.544016,彰化,41,良好,13.65,Low Risk,500
東溪國小,員鹿路一段538號,彰化縣溪湖鎮,室內,23.953975,120.497939,彰化,41,良好,14.47,Low Risk,50
埔心國中,忠義北路51號,彰化縣埔心鄉,室內,23.95404,120.543018,彰化,41,良好,13.64,Low Risk,700
稻香活動中心,慶豐路79號,花蓮縣吉安鄉,室內,23.9548,121.5757,花蓮,35,良好,15.0,Low Risk,40
永興活動中心,永興七街86號,花蓮縣吉安鄉,室內,23.955,121.5683,花蓮,35,良好,14.9,Low Risk,53
仁和活動中心,南海三街314號,花蓮縣吉安鄉,室內,23.9563,121.5876,花蓮,35,良好,15.44,Low Risk,101
田中社區活動中心,田中央路275巷42弄113號,彰化縣溪湖鎮,室內,23.956799,120.46673,彰化,41,良好,15.54,Low Risk,30
老人文康中心,德華街17號,彰化縣溪湖鎮,室內,23.956882,120.47851,彰化,41,良好,14.95,Low Risk,100
成功里集會所,種瓜路87-2號,南投縣埔里鎮,室內,23.9575,120.8946,南投,38,良好,22.13,Low Risk,100
枇杷里集會所,和二街1號,南投縣埔里鎮,室內,23.9579,120.9766,南投,38,良好,30.33,Low Risk,80
草湖國中,彰化縣芳苑鄉草湖村功湖路草湖段140號,彰化縣芳苑鄉,室內,23.9583,120.3784,彰化,41,良好,21.46,Low Risk,400
員林市西區體館,雙景街50號,彰化縣員林市,室內,23.9587,120.5642,南投,38,良好,12.92,Low Risk,200
杷城里集會所,民有二街69號,南投縣埔里鎮,室內,23.9588,120.9699,南投,38,良好,29.68,Low Risk,100
員林市公所三樓禮堂,三民街18號,彰化縣員林市,室內,23.9591,120.5743,南投,38,良好,12.0,Low Risk,100
溪湖鎮公所,大溪路2段423號,彰化縣溪湖鎮,室內,23.95923,120.478529,彰化,41,良好,14.72,Low Risk,100
溪湖國小,二溪路一段35號,彰化縣溪湖鎮,室內,23.95923,120.478529,彰化,41,良好,14.72,Low Risk,100
同聲集會所,光華街115號,南投縣埔里鎮,室內,23.9594,120.9655,南投,38,良好,29.25,Low Risk,100
湖西國小,北聖路20號,彰化縣溪湖鎮,室內,23.959709,120.467753,彰化,41,良好,15.21,Low Risk,60
南埔社區活動中心,青宅巷56號,南投縣草屯鎮,室內,23.9599,120.6633,南投,38,良好,5.37,Low Risk,50
光輝里災民收容所里集會所,府西路79號,南投縣南投市,室內,23.9601,120.6861,南投,38,良好,5.07,Low Risk,150
紫微宮,草溪路214號,南投縣草屯鎮,室內,23.9611,120.6689,南投,38,良好,5.33,Low Risk,30
南埔里集會所,中正路305號,南投縣草屯鎮,室內,23.9611,120.6845,南投,38,良好,5.17,Low Risk,80
草屯國小禮堂,玉屏路210號,南投縣草屯鎮,室內,23.9629,120.6845,南投,38,良好,5.37,Low Risk,200
河東社區活動中心,河東路281號,彰化縣溪湖鎮,室內,23.962975,120.448106,彰化,41,良好,16.04,Low Risk,30
薰化里集會所,育英街18號2樓,南投縣埔里鎮,室內,23.9635,120.9623,南投,38,良好,29.01,Low Risk,25
清新里集會所,育英街18號1樓,南投縣埔里鎮,室內,23.9635,120.9623,南投,38,良好,29.01,Low Risk,30
南門里集會所,南昌街115巷2號,南投縣埔里鎮,室內,23.9637,120.9669,南投,38,良好,29.47,Low Risk,60
義民祠,南村路8-1號,南投縣埔里鎮,室內,23.9638,120.9446,南投,38,良好,27.25,Low Risk,30
湖東國小,大溪路二段423號,彰化縣溪湖鎮,室內,23.963927,120.482373,彰化,41,良好,14.07,Low Risk,100
福安宮,信善街1號,彰化縣溪湖鎮,室內,23.96397,120.479389,彰化,41,良好,14.21,Low Risk,30
王功國小,育嬰巷75號,彰化縣芳苑鄉,室內,23.9642,120.342,彰化,41,良好,24.14,Low Risk,400
虎山國小禮堂,新生路76號,南投縣草屯鎮,室內,23.9648,120.6809,南投,38,良好,5.57,Low Risk,200
銅門收容所,9鄰53號,花蓮縣秀林鄉,室內,23.965,121.4944,花蓮,35,良好,16.75,Low Risk,70
湖北國小,地政路201號,彰化縣溪湖鎮,室內,23.965221,120.47679,彰化,41,良好,14.22,Low Risk,100
春陽活動中心,3鄰龍山巷67-1號,南投縣仁愛鄉,室內,23.965785,121.211132,花蓮,35,良好,37.72,Low Risk,100
東昌活動中心,東海六街74號,花蓮縣吉安鄉,室內,23.9658,121.5953,花蓮,35,良好,16.67,Low Risk,47
太清宮,太平路二段114號,南投縣草屯鎮,室內,23.9669,120.739,南投,38,良好,8.21,Low Risk,30
員林市僑信國小,中山路二段280號,彰化縣員林市,室內,23.967,120.5716,彰化,41,良好,12.49,Low Risk,200
泰安里集會所,民族二街58號,南投縣埔里鎮,室內,23.9671,120.9756,南投,38,良好,30.41,Low Risk,50
平林里集會所,健行路65巷31號,南投縣草屯鎮,室內,23.9673,120.7397,南投,38,良好,8.29,Low Risk,100
員林市東山國小,山腳路四段212號,彰化縣員林市,室內,23.9678,120.601,南投,38,良好,10.12,Low Risk,300
石川里集會所,石川路37-37號,南投縣草屯鎮,室內,23.968,120.7451,南投,38,良好,8.74,Low Risk,100
西門里集會所,中正路511號,南投縣埔里鎮,室內,23.9681,120.9643,南投,38,良好,29.31,Low Risk,50
仁里活動中心,仁里五街1號,花蓮縣吉安鄉,室內,23.9684,121.5925,花蓮,35,良好,16.87,Low Risk,90
親愛村活動中心,高平路4號,南投縣仁愛鄉,室內,23.968466,121.107902,南投,38,良好,43.7,Low Risk,100
御史里舊集會所,東山路27號,南投縣草屯鎮,室內,23.9686,120.6685,南投,38,良好,6.15,Low Risk,50
主農社區活動中心,中順街77號,花蓮縣花蓮市,室內,23.9688,121.5968,花蓮,35,良好,17.04,Low Risk,50
福興活動中心,福德街1號,花蓮縣吉安鄉,室內,23.9689,121.5624,花蓮,35,良好,16.36,Low Risk,106
土城國小禮堂,中正路189號,南投縣草屯鎮,室內,23.9691,120.6763,南投,38,良好,6.08,Low Risk,200
坪頂國小禮堂,南坪路40-2號,南投縣草屯鎮,室內,23.9692,120.6657,南投,38,良好,6.28,Low Risk,200
鳳霞國小,五通南路82號,彰化縣埔心鄉,室內,23.969739,120.526197,彰化,41,良好,12.05,Low Risk,363
敦和國小禮堂,敦和路72-6號,南投縣草屯鎮,室內,23.9698,120.668,南投,38,良好,6.29,Low Risk,200
南昌活動中心,文化七街64號,花蓮縣吉安鄉,室內,23.9704,121.5797,花蓮,35,良好,16.78,Low Risk,72
梧鳳國小,大溪路三段175號,彰化縣埔心鄉,室內,23.970465,120.512005,彰化,41,良好,12.29,Low Risk,363
慈恩社區活動中心,九成街46號,南投縣埔里鎮,室內,23.9712,120.9598,南投,38,良好,28.93,Low Risk,50
中正國小,中正路210號,花蓮縣花蓮市,室內,23.9717,121.5997,花蓮,35,良好,17.43,Low Risk,187
中原國小文中三國中預定地,中原路531號,花蓮縣花蓮市,室內,23.9718,121.5964,花蓮,35,良好,17.34,Low Risk,85
石川社區活動中心,石川路46-10號,南投縣草屯鎮,室內,23.9719,120.6606,南投,38,良好,6.72,Low Risk,50
加老里集會所,加老路268號,南投縣草屯鎮,室內,23.972,120.6837,南投,38,良好,6.37,Low Risk,50
大城社區活動中心,大城路18號,南投縣埔里鎮,室內,23.9721,120.9589,南投,38,良好,28.86,Low Risk,50
中竹社區活動中心,竹福路181號,彰化縣溪湖鎮,室內,23.973162,120.504958,彰化,41,良好,12.22,Low Risk,40
新興社區活動中心,新興巷6-3號,彰化縣大村鄉,室內,23.973249,120.537435,彰化,41,良好,11.53,Low Risk,30
虎山社區活動中心,虎耳一街40號,南投縣埔里鎮,室內,23.9734,120.9777,南投,38,良好,30.76,Low Risk,120
吉安國小,吉安路二段97號,花蓮縣吉安鄉,室內,23.9734,121.5628,花蓮,35,良好,16.86,Low Risk,223
花蓮城隍廟香客大樓,成功街169號,花蓮縣花蓮市,室內,23.9734,121.6058,花蓮,35,良好,17.81,Low Risk,100
恆吉活動中心,大城路259號,南投縣埔里鎮,室內,23.9736,120.9498,南投,38,良好,28.0,Low Risk,60
吉安活動中心,中興路355巷7號,花蓮縣吉安鄉,室內,23.9736,121.5643,花蓮,35,良好,16.9,Low Risk,32
通天宮,員鹿路269-1號,彰化縣溪湖鎮,室內,23.973695,120.47264,彰化,41,良好,13.63,Low Risk,30
五穀宮,中山路三段99巷18號,花蓮縣吉安鄉,室內,23.974,121.5742,花蓮,35,良好,17.08,Low Risk,70
親愛國小萬大分校,大安路87號,南投縣仁愛鄉,室內,23.974175,121.127976,南投,38,良好,45.81,Low Risk,200
雙冬社區活動中心,中正路83-1號,南投縣草屯鎮,室內,23.9749,120.7039,南投,38,良好,7.06,Low Risk,100
勝安活動中心,慈惠一街30號,花蓮縣吉安鄉,室內,23.9754,121.5869,花蓮,35,良好,17.48,Low Risk,38
宜昌活動中心,吉祥六街52巷9號,花蓮縣吉安鄉,室內,23.9756,121.5832,花蓮,35,良好,17.42,Low Risk,49
忠孝國小,中華路298號,花蓮縣花蓮市,室內,23.9756,121.5986,花蓮,35,良好,17.81,Low Risk,47
主權社區活動中心,中原路666號,花蓮縣花蓮市,室內,23.9757,121.5938,花蓮,35,良好,17.69,Low Risk,72
蜈蚣里集會所,蜈蚣路36號,南投縣埔里鎮,室內,23.9767,120.9897,南投,38,良好,32.03,Low Risk,50
南村里集會所,中山路四段373號,南投縣埔里鎮,室內,23.976883,120.919707,南投,38,良好,25.14,Low Risk,70
碧洲社區活動中心,立人路763巷59號,南投縣草屯鎮,室內,23.9773,120.6864,南投,38,良好,6.98,Low Risk,100
勝安宮,慈惠三街118號,花蓮縣吉安鄉,室內,23.9777,121.5867,花蓮,35,良好,17.72,Low Risk,1300
敦和里集會所,仁愛街156號,南投縣草屯鎮,室內,23.9778,120.7005,南投,38,良好,7.27,Low Risk,50
聖地慈惠堂,慈惠三街136號,花蓮縣吉安鄉,室內,23.978,121.586,花蓮,35,良好,17.74,Low Risk,700
中正體育館,公園路53號,花蓮縣花蓮市,室內,23.978,121.6142,花蓮,35,良好,18.59,Low Risk,593
國風國中,林政街7號,花蓮縣花蓮市,室內,23.9785,121.5954,花蓮,35,良好,18.03,Low Risk,800
新寶國小,芳漢路129巷100號,彰化縣芳苑鄉,室內,23.978617,120.35004,彰化,41,良好,22.63,Low Risk,150
山腳社區活動中心,信洋街40號,南投縣草屯鎮,室內,23.9788,120.7257,南投,38,良好,8.4,Low Risk,20
碧峰里集會所,碧峰路135巷6號,南投縣草屯鎮,室內,23.9789,120.7177,南投,38,良好,8.01,Low Risk,100
明義國小,明義街107號,花蓮縣花蓮市,室內,23.979,121.6029,花蓮,35,良好,18.3,Low Risk,185
房里里集會所,房里路7-1號,南投縣埔里鎮,室內,23.9791,120.9493,南投,38,良好,28.1,Low Risk,40
南埔將軍廟文教中心,中正路288-41號,南投縣草屯鎮,室內,23.9797,120.6982,南投,38,良好,7.42,Low Risk,100
大園國小,彰化縣埔鹽鄉豐澤村埔打路45之1號,彰化縣埔鹽鄉,室內,23.9798,120.4882,彰化,41,良好,12.24,Low Risk,150
旭光高中禮堂,中正路568-23號,南投縣草屯鎮,室內,23.9799,120.6866,南投,38,良好,7.27,Low Risk,200
富寮里集會所,富頂路一段267號,南投縣草屯鎮,室內,23.9801,120.6947,南投,38,良好,7.39,Low Risk,20
平林國小禮堂,健行路65巷90號,南投縣草屯鎮,室內,23.9801,120.721,南投,38,良好,8.29,Low Risk,200
新庄里集會所,芬草路二段342號,南投縣草屯鎮,室內,23.9803,120.6806,南投,38,良好,7.3,Low Risk,50
上林老人活動中心,草溪路599巷2弄8號,南投縣草屯鎮,室內,23.9804,120.6799,南投,38,良好,7.31,Low Risk,60
北山國中,中正路4段157號,南投縣國姓鄉,室內,23.9805,120.8736,南投,38,良好,20.81,Low Risk,50
北山國小1甲-6甲與6間專科教室,中正路4段19之1號,南投縣國姓鄉,室內,23.9808,120.8939,南投,38,良好,22.76,Low Risk,50
籃城社區活動中心,籃城路21號,南投縣埔里鎮,室內,23.981,120.9567,南投,38,良好,28.88,Low Risk,100
加興宮,加老南路282-1號,南投縣草屯鎮,室內,23.9813,120.6872,南投,38,良好,7.43,Low Risk,30
龍泉宮,玉屏巷24-2號,南投縣草屯鎮,室內,23.9815,120.7911,南投,38,良好,13.35,Low Risk,20
碧峰國小禮堂,立人路439號,南投縣草屯鎮,室內,23.9817,120.6775,南投,38,良好,7.46,Low Risk,200
南天宮,中正路4段160-1號,南投縣國姓鄉,室內,23.9817,120.8724,南投,38,良好,20.74,Low Risk,50
嘉長宮,加老東路68號,南投縣草屯鎮,室內,23.9818,120.7911,南投,38,良好,13.37,Low Risk,30
花蓮市公所,林森路252號,花蓮縣花蓮市,室內,23.9821,121.6068,花蓮,35,良好,18.76,Low Risk,37
慶豐活動中心,慶北一街237號,花蓮縣吉安鄉,室內,23.9825,121.5632,花蓮,35,良好,17.87,Low Risk,61
敦和宮,敦和路74號,南投縣草屯鎮,室內,23.9835,120.664,南投,38,良好,7.86,Low Risk,200
國立花蓮農業職業學校,建國路161號,花蓮縣花蓮市,室內,23.9836,121.599,花蓮,35,良好,18.68,Low Risk,382
中原國小禮堂,坪腳巷20號,南投縣草屯鎮,室內,23.984,120.7428,南投,38,良好,9.88,Low Risk,200
大西國小,大崙路10號之1,彰化縣大村鄉,室內,23.9841,120.5261,彰化,41,良好,10.48,Low Risk,100
永和宮,中和路57-1號,南投縣草屯鎮,室內,23.9841,120.6638,南投,38,良好,7.93,Low Risk,20
永安宮,玉屏路129號,南投縣草屯鎮,室內,23.9847,120.7951,南投,38,良好,13.89,Low Risk,20
天盛國小,彰化縣埔鹽鄉天盛村番金路68之1號,彰化縣埔鹽鄉,室內,23.985,120.4288,彰化,41,良好,15.62,Low Risk,150
坪頂社區活動中心,南坪路29號,南投縣草屯鎮,室內,23.9852,120.7206,南投,38,良好,8.77,Low Risk,30
擺塘社區活動中心,擺塘橫巷1-1號,彰化縣大村鄉,室內,23.985318,120.559998,彰化,41,良好,10.27,Low Risk,30
埔鹽鄉立幼兒園,彰化縣埔鹽鄉新水村6鄰大新路1巷12-80巷32號,彰化縣埔鹽鄉,室內,23.9858,120.4423,彰化,41,良好,14.55,Low Risk,200
新水國小,彰化縣埔鹽鄉新水村大新路15號,彰化縣埔鹽鄉,室內,23.9858,120.4453,彰化,41,良好,14.33,Low Risk,200
花蓮高商,中山路418號,花蓮縣花蓮市,室內,23.9865,121.6025,花蓮,35,良好,19.09,Low Risk,266
北昌活動中心,南華四街123號,花蓮縣吉安鄉,室內,23.987,121.5947,花蓮,35,良好,18.92,Low Risk,83
守成社區活動中心,守城二巷1號,南投縣埔里鎮,室內,23.9872,120.9863,南投,38,良好,31.97,Low Risk,50
草屯國中禮堂,虎山路808號,南投縣草屯鎮,室內,23.9876,120.7183,南投,38,良好,8.91,Low Risk,200
富功國小禮堂,中正路567號,南投縣草屯鎮,室內,23.9877,120.6624,南投,38,良好,8.36,Low Risk,200
中原里集會所,中和路57號,南投縣草屯鎮,室內,23.9879,120.7183,南投,38,良好,8.94,Low Risk,100
南港國小,彰化縣埔鹽鄉南港村埔菜路29之2號,彰化縣埔鹽鄉,室內,23.988,120.4958,彰化,41,良好,11.07,Low Risk,200
貢旗社區活動中心,大崙路2-1號,彰化縣大村鄉,室內,23.988147,120.538159,彰化,41,良好,9.87,Low Risk,50
大村國中,中山路2段240號,彰化縣大村鄉,室內,23.9882,120.5655,彰化,41,良好,10.05,Low Risk,100
村上社區活動中心,中正東路98巷2號,彰化縣大村鄉,室內,23.988403,120.566488,彰化,41,良好,10.05,Low Risk,50
加錫社區活動中心,加錫二巷16-3號,彰化縣大村鄉,室內,23.988689,120.524909,彰化,41,良好,10.0,Low Risk,50
向善里集會所,向善路75號,南投縣埔里鎮,室內,23.9887,120.9253,南投,38,良好,26.07,Low Risk,40
南美崙營區,新興路80號,花蓮縣花蓮市,室內,23.9887,121.6157,花蓮,35,良好,19.75,Low Risk,300
村上國小,中山路2段242號,彰化縣大村鄉,室內,23.9889,120.5648,彰化,41,良好,9.96,Low Risk,150
永安活動中心,太昌路488號,花蓮縣吉安鄉,室內,23.989,121.5731,花蓮,35,良好,18.71,Low Risk,156
北投里新集會所,北投路185號,南投縣草屯鎮,室內,23.9892,120.6913,南投,38,良好,8.34,Low Risk,100
大石社區活動中心,中正路3段235之3號,南投縣國姓鄉,室內,23.9893,120.8616,南投,38,良好,20.06,Low Risk,50
新豐里集會所,稻香路56號,南投縣草屯鎮,室內,23.9909,120.6894,南投,38,良好,8.51,Low Risk,60
忠孝國小,守城路28號,南投縣埔里鎮,室內,23.991,120.9798,南投,38,良好,31.44,Low Risk,180
御史里新集會所,登輝路163號,南投縣草屯鎮,室內,23.9911,120.7643,南投,38,良好,11.93,Low Risk,150
中華國小,國盛二街22號,花蓮縣花蓮市,室內,23.992,121.607,花蓮,35,良好,19.81,Low Risk,189
雙冬國小禮堂,中正路34-7號,南投縣草屯鎮,室內,23.9922,120.6722,南投,38,良好,8.67,Low Risk,200
鎮立幼兒園,復興路475號,南投縣草屯鎮,室內,23.9923,120.7624,南投,38,良好,11.89,Low Risk,100
埔鹽國小,彰化縣埔鹽鄉埔南村彰水路一段252號,彰化縣埔鹽鄉,室內,23.9927,120.4766,彰化,41,良好,11.66,Low Risk,200
坪頂里集會所,南坪路40-1號,南投縣草屯鎮,室內,23.9927,120.7423,南投,38,良好,10.63,Low Risk,100
過溝社區活動中心,過溝三巷36-2號,彰化縣大村鄉,室內,23.992766,120.554649,彰化,41,良好,9.38,Low Risk,30
鑄強國小,永興路20號,花蓮縣花蓮市,室內,23.9928,121.6255,花蓮,35,良好,20.54,Low Risk,293
村東國小,山腳路102號之1,彰化縣大村鄉,室內,23.9934,120.5856,彰化,41,良好,10.13,Low Risk,50
大村鄉公所,中正西路338號,彰化縣大村鄉,室內,23.9935,120.5472,彰化,41,良好,9.25,Low Risk,90
太昌活動中心,太昌路488號,花蓮縣吉安鄉,室內,23.9936,121.5639,花蓮,35,良好,19.11,Low Risk,80
大村國小,中正西路381號,彰化縣大村鄉,室內,23.9937,120.5454,彰化,41,良好,9.23,Low Risk,200
集仙宮,史館路集仙巷17弄16號,南投縣草屯鎮,室內,23.9938,120.6496,南投,38,良好,9.39,Low Risk,30
老人文康中心,彰化縣埔鹽鄉埔南村6鄰彰水路1段340巷32號,彰化縣埔鹽鄉,室內,23.9946,120.4783,彰化,41,良好,11.39,Low Risk,150
大橋社區活動中心,中山路三段193巷69號,彰化縣大村鄉,室內,23.994646,120.560413,彰化,41,良好,9.25,Low Risk,50
明廉國小,中山路903號,花蓮縣花蓮市,室內,23.995,121.5947,花蓮,35,良好,19.79,Low Risk,51
紫雲宮,中正路83號,南投縣草屯鎮,室內,23.9951,120.6679,南投,38,良好,9.05,Low Risk,20
新庄國小禮堂,新庄三路32號,南投縣草屯鎮,室內,23.9957,120.7173,南投,38,良好,9.7,Low Risk,200
朝陽宮,史館路239號,南投縣草屯鎮,室內,23.9958,120.7173,南投,38,良好,9.71,Low Risk,30
田洋社區活動中心,田洋巷11號,彰化縣大村鄉,室內,23.996098,120.533553,彰化,41,良好,9.04,Low Risk,50
"慈濟大學附設國民中學,小學",介仁街176號,花蓮縣花蓮市,室內,23.997,121.5746,花蓮,35,良好,19.61,Low Risk,344
美崙國中,化道路40巷1號,花蓮縣花蓮市,室內,23.9978,121.6277,花蓮,35,良好,21.14,Low Risk,193
自強國中,裕祥路89號,花蓮縣花蓮市,室內,23.9979,121.5991,花蓮,35,良好,20.21,Low Risk,330
碧洲里集會所,碧峰路669巷21號,南投縣草屯鎮,室內,23.9984,120.6568,南投,38,良好,9.65,Low Risk,30
大村村社區活動中心,茄苳路一段203號,彰化縣大村鄉,室內,23.99852,120.544791,彰化,41,良好,8.69,Low Risk,50
花蓮高工,府前路27號,花蓮縣花蓮市,室內,23.9987,121.6199,花蓮,35,良好,20.94,Low Risk,310
慈濟大學人文社會學院,介仁街67號,花蓮縣花蓮市,室內,23.9997,121.5734,花蓮,35,良好,19.89,Low Risk,316
富寮社區活動中心,富頂路一段103號,南投縣草屯鎮,室內,23.9999,120.6757,南投,38,良好,9.49,Low Risk,30
德安市民活動中心,安康路二段183巷13-4號,新北市新店區,室內,24.0,121.0,南投,38,良好,33.69,Low Risk,22
永樂福利園區,彰化縣埔鹽鄉永樂村永樂路435號,彰化縣埔鹽鄉,室內,24.0004,120.4345,彰化,41,良好,14.09,Low Risk,150
私立四維高級中學,中山路1段200號,花蓮縣花蓮市,室內,24.0004,121.5916,花蓮,35,良好,20.3,Low Risk,500
永樂國小,彰化縣埔鹽鄉永樂村永樂路600號,彰化縣埔鹽鄉,室內,24.0005,120.4313,彰化,41,良好,14.35,Low Risk,150
埔鹽鄉公所,彰化縣埔鹽鄉好修村中正路192號,彰化縣埔鹽鄉,室內,24.0005,120.4637,彰化,41,良好,11.85,Low Risk,100
復興里集會所,復興路432-1號,南投縣草屯鎮,室內,24.0007,120.6665,南投,38,良好,9.69,Low Risk,100
大葉大學,學府路168號,彰化縣大村鄉,室內,24.0012,120.5963,彰化,41,良好,9.86,Low Risk,70
北勢里集會所,玉屏路129-1號,南投縣草屯鎮,室內,24.0012,120.6564,南投,38,良好,9.96,Low Risk,100
聯合里辦公處,炎峰街青年巷1號,南投縣草屯鎮,室內,24.0013,120.6501,南投,38,良好,10.16,Low Risk,60
楓林活動中心,楓林路56號,南投縣仁愛鄉,室內,24.001311,121.067987,南投,38,良好,40.4,Low Risk,50
行政院國軍退除役官兵輔導委員會花,府前路29號,花蓮縣花蓮市,室內,24.0017,121.6182,花蓮,35,良好,21.2,Low Risk,10
民孝社區活動中心,林園一街16號,花蓮縣花蓮市,室內,24.0022,121.631,花蓮,35,良好,21.72,Low Risk,54
衛生福利部東區老人之家養護院區,嘉南路2巷13號,花蓮縣新城鄉,室內,24.0035,121.6142,花蓮,35,良好,21.25,Low Risk,180
水源收容所,107號,花蓮縣秀林鄉,室內,24.0038,121.554,花蓮,35,良好,20.18,Low Risk,60
大陳二村活動中心,民光483-1號,花蓮縣花蓮市,室內,24.0039,121.6168,花蓮,35,良好,21.38,Low Risk,63
花蓮縣立體育場,達固湖灣大路23號,花蓮縣花蓮市,室內,24.004,121.582,花蓮,35,良好,20.5,Low Risk,527
育民國小,民生街262號,彰化縣秀水鄉,室內,24.004341,120.505354,彰化,41,良好,9.01,Low Risk,50
嘉新社區活動中心,6鄰嘉南一街43巷5號,花蓮縣新城鄉,室內,24.0055,121.6123,花蓮,35,良好,21.4,Low Risk,71
昭德堂,西安路二段397號,南投縣埔里鎮,室內,24.0056,120.9571,南投,38,良好,29.73,Low Risk,50
漢寶活動中心,成功一路45號,彰化縣芳苑鄉,室內,24.0058,120.3688,彰化,41,良好,19.58,Low Risk,100
下崙惠來社區活動中心,民生街206號天慈宮,彰化縣秀水鄉,室內,24.006258,120.502367,彰化,41,良好,8.96,Low Risk,30
史港里集會所,宣安路27號,南投縣埔里鎮,室內,24.0067,120.9575,南投,38,良好,29.81,Low Risk,70
史港國小,獅子路9號,南投縣埔里鎮,室內,24.0067,120.9575,南投,38,良好,29.81,Low Risk,130
陝西社區活動中心,埔南巷92號,彰化縣秀水鄉,室內,24.006705,120.517821,彰化,41,良好,8.27,Low Risk,30
陝西社區活動中心,埔南巷92號,彰化縣秀水鄉,室內,24.006705,120.517821,彰化,41,良好,8.27,Low Risk,30
帝君廟活動中心,永興路29號,南投縣埔里鎮,室內,24.0068,120.9321,南投,38,良好,27.41,Low Risk,30
南豐村眉溪天主堂,中正路14號,南投縣仁愛鄉,室內,24.00694,121.095971,南投,38,良好,43.31,Low Risk,100
好修國小,彰化縣埔鹽鄉好修村員鹿路二段149號,彰化縣埔鹽鄉,室內,24.0072,120.4596,彰化,41,良好,11.64,Low Risk,200
利河伯社福基金會附設私立基督仁愛之家,福興路146巷48號,南投縣埔里鎮,室內,24.0074,120.9756,南投,38,良好,31.57,Low Risk,30
福興里集會所,福興路54-4號,南投縣埔里鎮,室內,24.0074,120.9756,南投,38,良好,31.57,Low Risk,50
花蓮港天宮,中山路1段500巷15號,花蓮縣花蓮市,室內,24.0076,121.5872,花蓮,35,良好,20.99,Low Risk,300
茄苳社區活動中心,茄苳路二段141巷31號,彰化縣大村鄉,室內,24.00841,120.538835,彰化,41,良好,7.62,Low Risk,50
三和社區活動中心,南興街78號,彰化縣福興鄉,室內,24.00954,120.406752,彰化,41,良好,15.93,Low Risk,100
柑林社區活動中心,中正路3段235之1號,南投縣國姓鄉,室內,24.0097,120.8488,南投,38,良好,19.98,Low Risk,50
福龜社區北玄宮,富久巷21之3號,南投縣國姓鄉,室內,24.0098,120.8169,南投,38,良好,17.32,Low Risk,30
長春社區活動中心,彰員路1段172巷45號,彰化縣花壇鄉,室內,24.010247,120.575939,彰化,41,良好,8.02,Low Risk,30
國福社區活動中心,沙基拉雅街111號,花蓮縣花蓮市,室內,24.0104,121.5819,花蓮,35,良好,21.2,Low Risk,35
福龜國小1甲-6甲與2間專科教室,長壽巷83號,南投縣國姓鄉,室內,24.0114,120.823,南投,38,良好,17.92,Low Risk,50
陜西國小,番花路261號,彰化縣秀水鄉,室內,24.011726,120.517437,彰化,41,良好,7.76,Low Risk,150
芬園國小,彰南路4段27巷28號,彰化縣芬園鄉,室內,24.012375,120.628002,彰化,41,良好,11.03,Low Risk,300
芬園鄉公所,芬草路二段300號,彰化縣芬園鄉,室內,24.013628,120.628926,彰化,41,良好,11.01,Low Risk,100
茄荖國小,嘉北街96號,彰化縣芬園鄉,室內,24.014864,120.643044,南投,38,良好,11.82,Low Risk,300
玉陵宮廣場,番花路450巷46號,彰化縣秀水鄉,室外,24.0149,120.505552,彰化,41,良好,7.97,Low Risk,50
華南國小活動中心,中橋街226號,彰化縣花壇鄉,室內,24.016243,120.551257,彰化,41,良好,6.75,Low Risk,40
花壇鄉公所,彰化縣花壇鄉南口村中山路二段182號,彰化縣花壇鄉,室內,24.0163,120.5664,彰化,41,良好,7.05,Low Risk,40
三春國小,三芬路47號,彰化縣花壇鄉,室內,24.016307,120.566415,彰化,41,良好,7.05,Low Risk,100
楓灣宮廣場,楓?巷128號,彰化縣花壇鄉,室外,24.016991,120.562948,彰化,41,良好,6.88,Low Risk,80
"育樂國小1甲-6甲與2間專科教室,圖書室,禮堂",中正路2段85號,南投縣國姓鄉,室內,24.0173,120.8459,南投,38,良好,20.19,Low Risk,50
三汴社區活動中心,彰水路346巷47號,彰化縣福興鄉,室內,24.018321,120.485889,彰化,41,良好,8.86,Low Risk,100
金興上興宮社區活動中心,新興街125號,彰化縣秀水鄉,室內,24.018535,120.517401,彰化,41,良好,7.06,Low Risk,30
李家宗祠,隴西二巷62號,彰化縣花壇鄉,室內,24.019029,120.564167,彰化,41,良好,6.69,Low Risk,60
仁愛國小,山農巷5號,南投縣仁愛鄉,室內,24.02061,121.133046,南投,38,良好,47.33,Low Risk,300
曾厝社區活動中心,大厝巷臨66號,彰化縣秀水鄉,室內,24.020649,120.509332,彰化,41,良好,7.22,Low Risk,30
佳林社區活動中心,民有2街29號,花蓮縣新城鄉,室內,24.0211,121.6023,花蓮,35,良好,22.79,Low Risk,36
穀豐宮,長壽巷34-1號,南投縣國姓鄉,室內,24.0222,120.8269,南投,38,良好,18.97,Low Risk,50
花壇村活動中心,彰化縣花壇鄉花壇村平和街76號,彰化縣花壇鄉,室內,24.0228,120.5281,彰化,41,良好,6.24,Low Risk,40
橋頭社區活動中心,花橋街117-1號,彰化縣花壇鄉,室內,24.023454,120.549491,彰化,41,良好,5.94,Low Risk,60
長沙社區活動中心,彰員路2段286-1號,彰化縣花壇鄉,室內,24.024199,120.554321,彰化,41,良好,5.91,Low Risk,30
國軍805醫院,嘉里路163號,花蓮縣新城鄉,室內,24.0244,121.6074,花蓮,35,良好,23.27,Low Risk,100
受鎮宮,西安路三段88號,南投縣埔里鎮,室內,24.025,120.9498,南投,38,良好,29.86,Low Risk,100
廣成里社區活動中心,西安路3段88號,南投縣埔里鎮,室內,24.025,120.9498,南投,38,良好,29.86,Low Risk,100
永豐國小,80號,彰化縣福興鄉,室內,24.025656,120.452946,彰化,41,良好,10.96,Low Risk,100
仁愛國中,信義巷28號,南投縣仁愛鄉,室內,24.02587,121.137109,花蓮,35,良好,47.44,Low Risk,100
花壇國小,學前路108號,彰化縣花壇鄉,室內,24.02619,120.543046,彰化,41,良好,5.62,Low Risk,300
明正國小,彰水路二段341號,彰化縣秀水鄉,室內,24.026497,120.493159,彰化,41,良好,7.69,Low Risk,200
富山國小,大埔路6號,彰化縣芬園鄉,室內,24.027045,120.619987,彰化,41,良好,9.38,Low Risk,100
七星潭社區活動中心,明潭街27號,花蓮縣新城鄉,室內,24.0271,121.6298,花蓮,35,良好,24.25,Low Risk,27
基督教芥菜種會,北埔路13號,花蓮縣新城鄉,室內,24.0275,121.6062,花蓮,35,良好,23.58,Low Risk,41
南勢里活動中心,光明路280-2號,臺中市霧峰區,室內,24.027631,120.673656,南投,38,良好,12.59,Low Risk,50
乾峰國小1甲-6甲與4間專科教室,西東巷1之1號,南投縣國姓鄉,室內,24.0279,120.8246,南投,38,良好,19.2,Low Risk,20
秀水港墘社區活動中心,開南巷82號,彰化縣秀水鄉,室內,24.027939,120.522912,彰化,41,良好,5.88,Low Risk,61
秀水社區活動中心,花秀路46號對面,彰化縣秀水鄉,室內,24.027939,120.522912,彰化,41,良好,5.88,Low Risk,61
管嶼國小,沿海路3段100號,彰化縣福興鄉,室內,24.027997,120.410328,彰化,41,良好,14.74,Low Risk,100
萬豐國小北棟教室,中正路224號,臺中市霧峰區,室內,24.02802,120.698322,南投,38,良好,12.71,Low Risk,1830
春陽國小,5鄰永樂巷58號,南投縣仁愛鄉,室內,24.02827,121.148717,花蓮,35,良好,46.54,Low Risk,100
東區幼兒園,彰化縣福興鄉橋頭村彰鹿路7段495號,彰化縣福興鄉,室內,24.0288,120.474,彰化,41,良好,8.99,Low Risk,100
乾溝義民祠,中西巷36號,南投縣國姓鄉,室內,24.0293,120.8141,南投,38,良好,18.51,Low Risk,20
乾溝社區活動中心,西東巷1之1號,南投縣國姓鄉,室內,24.0294,120.824,南投,38,良好,19.26,Low Risk,50
福安社區活動中心清龍巖,民意街64號,彰化縣秀水鄉,室內,24.029756,120.494877,彰化,41,良好,7.31,Low Risk,30
花壇鄉舊營區,橋頭段6地號彰員路2段586號附近,彰化縣花壇鄉,室內,24.030566,120.549226,彰化,41,良好,5.15,Low Risk,300
莊雅社區活動中心,秀中街82巷67弄3號,彰化縣秀水鄉,室內,24.031813,120.507116,彰化,41,良好,6.32,Low Risk,99
莊雅社區活動中心,秀中街82巷67弄臨15號,彰化縣秀水鄉,室內,24.031813,120.507116,彰化,41,良好,6.32,Low Risk,99
文祥國小,花秀路446號,彰化縣花壇鄉,室內,24.034076,120.523698,彰化,41,良好,5.22,Low Risk,100
北埔社區活動中心,北埔路259號,花蓮縣新城鄉,室內,24.0341,121.6032,花蓮,35,良好,24.21,Low Risk,35
秀水高工,中山路364號,彰化縣秀水鄉,室內,24.03447,120.496818,彰化,41,良好,6.8,Low Risk,100
太平社區活動中心,西安路167巷3弄7號,南投縣埔里鎮,室內,24.0345,120.924,南投,38,良好,27.97,Low Risk,50
秀水鄉農會,中山路328號,彰化縣秀水鄉,室內,24.034949,120.501234,彰化,41,良好,6.45,Low Risk,200
秀水國小,中山路257號,彰化縣秀水鄉,室內,24.03508,120.503149,彰化,41,良好,6.3,Low Risk,200
精英村辦公處,中華巷18-1號,南投縣仁愛鄉,室內,24.035156,121.185665,花蓮,35,良好,43.72,Low Risk,80
合成社區活動中心,西安路三段221號,南投縣埔里鎮,室內,24.0363,120.9247,南投,38,良好,28.13,Low Risk,40
大漢社區活動中心,19鄰民有街101號,花蓮縣新城鄉,室內,24.0368,121.61,花蓮,35,良好,24.67,Low Risk,70
國姓社區活動中心,民族路40號,南投縣國姓鄉,室內,24.0376,120.855,台中,43,良好,22.11,Low Risk,50
復興南營區,民有街2號,花蓮縣新城鄉,室內,24.038,121.6119,花蓮,35,良好,24.85,Low Risk,120
華龍國小,花秀路51號,彰化縣秀水鄉,室內,24.038279,120.51409,彰化,41,良好,5.32,Low Risk,150
秀水鄉老人文康中心,中山路99號,彰化縣秀水鄉,室內,24.038285,120.507324,彰化,41,良好,5.75,Low Risk,50
僑愛國小,中山路2段471號,彰化縣花壇鄉,室內,24.038331,120.535034,彰化,41,良好,4.39,Low Risk,40
安東社區活動中心,枋林巷60號,彰化縣秀水鄉,室內,24.039226,120.501248,彰化,41,良好,6.11,Low Risk,61
國姓國小活動中心,國姓路311號,南投縣國姓鄉,室內,24.0396,120.8567,台中,43,良好,22.13,Low Risk,50
新城鄉立圖書館,光復路572號,花蓮縣新城鄉,室內,24.0399,121.6042,花蓮,35,良好,24.86,Low Risk,58
新城鄉原住民文化館,大安街1號,花蓮縣新城鄉,室內,24.0405,121.6048,花蓮,35,良好,24.94,Low Risk,90
樹林腳社區活動中心,樹林街57巷9號,花蓮縣新城鄉,室內,24.040698,121.597687,花蓮,35,良好,24.81,Low Risk,39
北勢里活動中心,丁台路571巷7號,臺中市霧峰區,室內,24.040961,120.669669,台中,43,良好,11.88,Low Risk,50
福興國中,彰化縣福興鄉福興村福興路51巷12號,彰化縣福興鄉,室內,24.041,120.4367,彰化,41,良好,11.72,Low Risk,200
溪尾國小教學大樓2樓綜合教室,溪岸路26號,臺中市烏日區,室內,24.0411,120.6397,彰化,41,良好,10.37,Low Risk,80
花壇鄉立圖書館,彰化縣花壇鄉長沙村中正路72號,彰化縣花壇鄉,室內,24.0415,120.5322,彰化,41,良好,4.13,Low Risk,30
國姓國中禮堂,東三巷36之1號,南投縣國姓鄉,室內,24.0423,120.8585,台中,43,良好,22.13,Low Risk,200
護國宮,國姓路207-5號,南投縣國姓鄉,室內,24.0425,120.8616,台中,43,良好,22.38,Low Risk,50
文德宮香客大樓,彰員路3段6號,彰化縣花壇鄉,室內,24.042943,120.547443,彰化,41,良好,3.76,Low Risk,100
復興國小-課後照顧教室,信義路50號,臺中市霧峰區,室內,24.043054,120.69726,台中,43,良好,11.88,Low Risk,895
光復國中小國中部地下室,柳豐路535號,臺中市霧峰區,室內,24.044171,120.689245,台中,43,良好,11.62,Low Risk,1095
岩竹社區活動中心,虎山街137號,彰化縣花壇鄉,室內,24.044817,120.554382,彰化,41,良好,3.66,Low Risk,25
安溪社區活動中心,安溪街98號,彰化縣秀水鄉,室內,24.04494,120.510015,彰化,41,良好,5.03,Low Risk,103
西區幼兒園,彰化縣福興鄉西勢村員鹿路2段270號,彰化縣福興鄉,室內,24.0451,120.4272,彰化,41,良好,12.5,Low Risk,100
花壇鄉立老人文康中心,彰化縣花壇鄉永春村長青路25號,彰化縣花壇鄉,室內,24.0457,120.5352,彰化,41,良好,3.6,Low Risk,40
白沙社區活動中心,溪北街187號,彰化縣花壇鄉,室內,24.046307,120.545254,彰化,41,良好,3.38,Low Risk,50
福興鄉公所,彰化縣福興鄉外埔村復興路15之15號,彰化縣福興鄉,室內,24.0479,120.4439,彰化,41,良好,10.78,Low Risk,200
街尾里活動中心,力行街45號,彰化縣鹿港鎮,室內,24.048477,120.435661,彰化,41,良好,11.57,Low Risk,100
龍山寺,金門巷81號,彰化縣鹿港鎮,室內,24.049074,120.43454,彰化,41,良好,11.66,Low Risk,303
秀水鄉立體育館,瓦瑤街17號,彰化縣秀水鄉,室內,24.050373,120.505332,彰化,41,良好,5.0,Low Risk,100
菜園社區活動中心,三民路232號,彰化縣鹿港鎮,室內,24.05102,120.432859,彰化,41,良好,11.77,Low Risk,60
莊德堂,興化街1號,彰化縣鹿港鎮,室內,24.051194,120.435768,彰化,41,良好,11.48,Low Risk,60
鹿港鎮立停車場,公園一路2號,彰化縣鹿港鎮,室外,24.053493,120.432607,彰化,41,良好,11.73,Low Risk,333
康樂社區活動中心,廣安1街112號,花蓮縣新城鄉,室內,24.053809,121.609904,花蓮,35,良好,26.5,Low Risk,30
佳民國小收容所,119號,花蓮縣秀林鄉,室內,24.0539,121.5994,花蓮,35,良好,26.28,Low Risk,60
玉皇大帝神明會館,中山路183號,彰化縣鹿港鎮,室內,24.054169,120.434782,彰化,41,良好,11.5,Low Risk,75
洛津國小,公園三路51號,彰化縣鹿港鎮,室內,24.054635,120.430906,彰化,41,良好,11.87,Low Risk,151
東崎社區活動中心,東崎七巷1號,彰化縣鹿港鎮,室內,24.056173,120.474947,彰化,41,良好,7.5,Low Risk,60
文開國小,文開路60號,彰化縣鹿港鎮,室內,24.056602,120.430026,彰化,41,良好,11.92,Low Risk,151
景福社區發展協會,萬壽路244號,彰化縣鹿港鎮,室內,24.057183,120.436563,彰化,41,良好,11.25,Low Risk,181
高賓土雞城,東隆路236號,彰化縣鹿港鎮,室內,24.057261,120.438339,彰化,41,良好,11.07,Low Risk,100
北港村集會所,國姓路31-12號,南投縣國姓鄉,室內,24.057935,120.913738,台中,43,良好,26.34,Low Risk,50
文康安養活動中心,彰化縣鹿港鎮順興里忠孝路403號4樓,彰化縣鹿港鎮,室內,24.0582,120.4339,彰化,41,良好,11.5,Low Risk,200
鹿東國小,長安路125號,彰化縣鹿港鎮,室內,24.058411,120.443296,彰化,41,良好,10.55,Low Risk,181
鶴鳴社區活動中心,明山街臨182號,彰化縣秀水鄉,室內,24.058427,120.502822,彰化,41,良好,4.77,Low Risk,30
鶴鳴社區活動中心,明山街41號,彰化縣秀水鄉,室內,24.058427,120.502822,彰化,41,良好,4.77,Low Risk,30
楞嚴宮,大長路592-1號,南投縣國姓鄉,室內,24.0591,120.8777,台中,43,良好,22.94,Low Risk,30
合作國小學生活動中心,平生路23號,南投縣仁愛鄉,室內,24.0595,121.1922,花蓮,35,良好,44.7,Low Risk,300
四德里活動中心,四德路533號2樓,臺中市霧峰區,室內,24.060807,120.667048,台中,43,良好,9.68,Low Risk,50
四德國小禮堂,四德路504號,臺中市霧峰區,室內,24.060827,120.667937,台中,43,良好,9.68,Low Risk,1425
鹿港高中,中山路661號,彰化縣鹿港鎮,室內,24.06098,120.423682,彰化,41,良好,12.47,Low Risk,212
霧峰區圖書館3樓,大同路8號,臺中市霧峰區,室內,24.061924,120.700564,台中,43,良好,9.92,Low Risk,500
馬興國小,培英巷1號,彰化縣秀水鄉,室內,24.061957,120.496892,彰化,41,良好,5.18,Low Risk,150
喀哩國小北棟1樓自然教室,溪南路2段370號,臺中市烏日區,室內,24.06228,120.642879,台中,43,良好,10.0,Low Risk,200
碧雲宮,北圳巷26-1號,南投縣國姓鄉,室內,24.0626,120.9248,台中,43,良好,27.2,Low Risk,50
馬興社區活動中心,西銘巷6-1號,彰化縣秀水鄉,室內,24.062724,120.495508,彰化,41,良好,5.29,Low Risk,69
馬興社區活動中心,西銘巷6-1號,彰化縣秀水鄉,室內,24.062724,120.495508,彰化,41,良好,5.29,Low Risk,69
鹿港文創會館,中正路588號,彰化縣鹿港鎮,室內,24.06311,120.435873,彰化,41,良好,11.21,Low Risk,242
淨蓮禪寺,長北路53-2號,南投縣國姓鄉,室內,24.0637,120.8979,台中,43,良好,24.61,Low Risk,100
溝墘社區發展協會,棋盤巷32之2號,彰化縣鹿港鎮,室內,24.064293,120.475495,彰化,41,良好,7.22,Low Risk,30
桐林國小青銅林廣場,民生路672號,臺中市霧峰區,室外,24.066166,120.735954,台中,43,良好,11.06,Low Risk,385
互助村中原活動中心,原名路169號,南投縣仁愛鄉,室內,24.066472,120.972709,台中,43,良好,31.67,Low Risk,200
德林念佛寺,北原路48之1號,南投縣國姓鄉,室內,24.0666,120.9364,台中,43,良好,28.16,Low Risk,150
義興社區活動中心,義興街13號,彰化縣秀水鄉,室內,24.066695,120.491039,彰化,41,良好,5.62,Low Risk,73
義興社區活動中心,義興街70號,彰化縣秀水鄉,室內,24.066695,120.491039,彰化,41,良好,5.62,Low Risk,73
長流國小1甲-6甲及2間專科教室,大長路559號,南投縣國姓鄉,室內,24.0667,120.8763,台中,43,良好,22.46,Low Risk,50
本鄉里活動中心,民生路95號,臺中市霧峰區,室內,24.067116,120.7008,台中,43,良好,9.38,Low Risk,25
南瑤宮,南瑤路43號,彰化縣彰化市,室內,24.06767,120.538264,彰化,41,良好,1.23,Low Risk,100
甲寅里活動中心,民生路125巷8號2樓,臺中市霧峰區,室內,24.068272,120.701315,台中,43,良好,9.27,Low Risk,50
僑榮國小樂群樓地下室,民生路156號,臺中市霧峰區,室內,24.069926,120.703193,台中,43,良好,9.15,Low Risk,750
曾家社區活動中心,曾家路72號,彰化縣伸港鄉,室內,24.070115,120.545169,彰化,41,良好,0.73,Low Risk,60
長流社區活動中心,大長路427號,南投縣國姓鄉,室內,24.0708,120.8762,台中,43,良好,22.27,Low Risk,100
海埔里民集會所,鹿草路2段197號,彰化縣鹿港鎮,室內,24.071142,120.43939,彰化,41,良好,10.77,Low Risk,90
溪南國中北棟教室2樓,烏日區溪埧里溪南路一段731號,臺中市烏日區,室內,24.0715,120.6442,台中,43,良好,8.98,Low Risk,150
追分國小多功能教室,沙田路一段364號,臺中市大肚區,室內,24.07197,120.34069,彰化,41,良好,20.78,Low Risk,100
新興國小,某旦巷85號,彰化縣鹿港鎮,室內,24.072394,120.456784,彰化,41,良好,9.0,Low Risk,121
霧峰農工向陽樓,中正路1222號,臺中市霧峰區,室內,24.073209,120.699599,台中,43,良好,8.69,Low Risk,1070
五福國小康寧樓,新埔路239號,臺中市霧峰區,室內,24.07347,120.667351,台中,43,良好,8.28,Low Risk,1655
奉天宮,大長路307-1號,南投縣國姓鄉,室內,24.0739,120.8776,台中,43,良好,22.27,Low Risk,30
松崗活動中心,博望巷42號,南投縣仁愛鄉,室內,24.074957,121.170939,花蓮,35,良好,47.46,Low Risk,100
東湖活動中心廣場,東南路207巷36號,臺中市大里區,室外,24.076807,120.693182,台中,43,良好,8.13,Low Risk,20
長豐社區活動中心,東三巷36之1號,南投縣國姓鄉,室內,24.0774,120.8711,台中,43,良好,21.52,Low Risk,30
草湖國民小學禮堂/操場,西湖路32號,臺中市大里區,室內,24.078248,120.689997,台中,43,良好,7.9,Low Risk,1100
吉峰國小三期校舍地下室,民生路349號,臺中市霧峰區,室內,24.079603,120.7191,台中,43,良好,8.87,Low Risk,856
德鹿谷長老教會,和氣巷49號,南投縣仁愛鄉,室內,24.080452,121.26806,花蓮,35,良好,40.36,Low Risk,80
介壽生活藝文館,民生路259號,彰化縣彰化市,室內,24.080673,120.544605,彰化,41,良好,0.45,Low Risk,115
景美活動中心,加灣106號,花蓮縣秀林鄉,室內,24.0825,121.6067,花蓮,35,良好,29.54,Low Risk,100
合作活動中心,平生路56號,南投縣仁愛鄉,室內,24.083307,121.215808,花蓮,35,良好,44.46,Low Risk,60
東園國小體育館,溪南路一段238巷198號,臺中市烏日區,室內,24.083915,120.639937,台中,43,良好,7.87,Low Risk,150
美群國民小學地下室/風雨操場,美群路99號,臺中市大里區,室內,24.084163,120.708825,台中,43,良好,7.92,Low Risk,2000
塗城活動中心,塗城路1-26號,臺中市大里區,室內,24.084237,120.723743,台中,43,良好,8.7,Low Risk,115
德興民眾活動中心,線東路二段447號,彰化縣線西鄉,室內,24.084258,120.519016,彰化,41,良好,2.8,Low Risk,50
源埤社區活動中心,南安路105號,彰化縣和美鎮,室內,24.0853,120.5107,彰化,41,良好,3.64,Low Risk,150
夏田活動中心廣場,頂厝路125號,臺中市大里區,室外,24.085406,120.668552,台中,43,良好,6.95,Low Risk,40
瑞城國民小學活動中心/操場,美村街196 號,臺中市大里區,室內,24.08609,120.702842,台中,43,良好,7.47,Low Risk,1300
瑞城活動中心,瑞和街36號,臺中市大里區,室內,24.086128,120.703756,台中,43,良好,7.5,Low Risk,100
老人文康中心,三民路436號,彰化縣彰化市,室內,24.086545,120.549124,彰化,41,良好,1.16,Low Risk,74
頂番社區活動中心,彰化縣鹿港鎮頂番里彰頂路326巷138號,彰化縣鹿港鎮,室內,24.0867,120.4848,彰化,41,良好,6.24,Low Risk,100
大榮國小,嘉佃路296號,彰化縣和美鎮,室內,24.087,120.501,彰化,41,良好,4.64,Low Risk,200
鎮平社區活動中心,南平路11號,彰化縣和美鎮,室內,24.088,120.509,彰化,41,良好,3.89,Low Risk,60
頂番國小,頂草路一段100號,彰化縣鹿港鎮,室內,24.088748,120.479839,彰化,41,良好,6.78,Low Risk,181
竹仔坑社區活動中心,校前路27號,臺中市大里區,室內,24.089117,120.72904,台中,43,良好,8.61,Low Risk,45
健民國民小學演奏廳/操場,校前路26號,臺中市大里區,室內,24.089412,120.727899,台中,43,良好,8.51,Low Risk,1000
嘉犁社區活動中心,東坡路8巷2號,彰化縣和美鎮,室內,24.09,120.516,彰化,41,良好,3.32,Low Risk,100
金城活動中心,塗城路923巷19號,臺中市大里區,室內,24.090127,120.695431,台中,43,良好,6.77,Low Risk,100
竹坑營區,健民路86號,臺中市大里區,室內,24.09039,120.730206,台中,43,良好,8.58,Low Risk,60
詔安社區活動中心,彰和路二段176巷1號,彰化縣和美鎮,室內,24.091,120.528,彰化,41,良好,2.37,Low Risk,150
新厝社區活動中心,新厝巷臨51之1號,彰化縣鹿港鎮,室內,24.091044,120.447463,彰化,41,良好,10.06,Low Risk,60
頭崙里集會所,頂草路2段150號,彰化縣鹿港鎮,室內,24.091441,120.476961,彰化,41,良好,7.13,Low Risk,150
"長福國小1甲-6甲,音樂室,圖書室",大長路71號,南投縣國姓鄉,室內,24.0927,120.888,台中,43,良好,22.6,Low Risk,50
仁德活動中心,文化街119號,臺中市大里區,室內,24.092829,120.699929,台中,43,良好,6.66,Low Risk,100
塗城國民小學南棟教學大樓地下室/運動場,文化街120號,臺中市大里區,室外,24.093045,120.700282,台中,43,良好,6.65,Low Risk,500
成功國民中學操場,至善路157號,臺中市大里區,室內,24.094049,120.699273,台中,43,良好,6.51,Low Risk,1200
五光國小西棟1樓舞蹈教室,光明路40號,臺中市烏日區,室內,24.094481,120.647007,台中,43,良好,6.5,Low Risk,50
大里高中中正堂/操場,國中路365號,臺中市大里區,室內,24.095124,120.678963,台中,43,良好,5.87,Low Risk,1500
光正國民中學風雨操場/操場,鳳凰路68號,臺中市大里區,室內,24.096178,120.718063,台中,43,良好,7.29,Low Risk,2500
大嘉國小,彰和路3段50號,彰化縣和美鎮,室內,24.0966,120.511,彰化,41,良好,4.13,Low Risk,200
新庄社區活動中心,彰化縣和美鎮新庄里東發路100巷36-1號,彰化縣和美鎮,室內,24.0971,120.5336,彰化,41,良好,2.56,Low Risk,100
福興宮,福興街1號,臺中市大里區,室內,24.098079,120.677457,台中,43,良好,5.53,Low Risk,100
面前社區活動中心,雅安路265號,彰化縣和美鎮,室內,24.099,120.488,彰化,41,良好,6.32,Low Risk,100
農特產品產銷中心,山林巷175之18號,南投縣仁愛鄉,室內,24.099167,121.030694,台中,43,良好,36.64,Low Risk,200
大新活動中心,新興路99巷16弄56號,臺中市大里區,室內,24.099619,120.675852,台中,43,良好,5.35,Low Risk,200
大里運動公園,勝利二街與大里路與國光路交叉口,臺中市大里區,室外,24.100053,120.685353,台中,43,良好,5.43,Low Risk,2000
大里國民小學運動場,新興路50號,臺中市大里區,室外,24.100547,120.677018,台中,43,良好,5.25,Low Risk,620
國光里活動中心,勝利二路1號,臺中市大里區,室內,24.10083,120.683161,台中,43,良好,5.3,Low Risk,45
立德里活動中心,甲提南路10號,臺中市大里區,室內,24.100964,120.694601,台中,43,良好,5.62,Low Risk,75
內新國民小學北棟地下室/操場,東昇里日新路8號,臺中市大里區,室內,24.100964,120.69486,台中,43,良好,5.63,Low Risk,350
自治公園,五光路971號,臺中市烏日區,室外,24.101386,120.628046,台中,43,良好,6.92,Low Risk,4000
大霞社區活動中心,彰和路3段422號,彰化縣和美鎮,室內,24.1017,120.5037,彰化,41,良好,5.06,Low Risk,250
行政院原住民族委員會青年?藝研習中心,東關路3段3之8號,臺中市和平區,室內,24.102225,120.548274,彰化,41,良好,2.85,Low Risk,1200
大元國民小學新元館/操場,現岱路60號,臺中市大里區,室內,24.102746,120.691079,台中,43,良好,5.3,Low Risk,1120
東汴里活動中心,長龍路3段135號,臺中市太平區,室內,24.1035,120.7716,台中,43,良好,11.09,Low Risk,189
和仁國小,仁愛路279號,彰化縣和美鎮,室內,24.104,120.494,彰化,41,良好,6.03,Low Risk,150
新庄國小,彰新路2段500號,彰化縣和美鎮,室內,24.104,120.533,彰化,41,良好,3.28,Low Risk,200
草中社區活動中心,彰化縣鹿港鎮草中里草中巷2-16號,彰化縣鹿港鎮,室內,24.1041,120.4626,彰化,41,良好,8.93,Low Risk,100
立新國民中學勤學樓地下室/風雨操場,甲堤路236號,臺中市大里區,室內,24.104365,120.696923,台中,43,良好,5.37,Low Risk,200
光隆國小〈圖書室2樓〉,太平區光隆里光興路487巷5號,臺中市太平區,室內,24.1046,120.7277,台中,43,良好,7.29,Low Risk,1773
烏日國民中學第1棟2樓,新興路457號,臺中市烏日區,室內,24.104763,120.617307,台中,43,良好,7.45,Low Risk,200
光德國中B、C棟教室2樓,烏日區仁德里信義街99號,臺中市烏日區,室內,24.1051,120.6408,台中,43,良好,5.79,Low Risk,320
立新國民小學D棟大樓地下室/風雨操場,立新街338號,臺中市大里區,室內,24.10543,120.699567,台中,43,良好,5.39,Low Risk,250
北三棧社區活動中心,順安52-2號,花蓮縣新城鄉,室內,24.1057,121.621,花蓮,35,良好,32.38,Low Risk,35
三和里公兒九公園,三榮路一段與三榮三路口,臺中市烏日區,室外,24.106312,120.608039,彰化,41,良好,7.17,Low Risk,1000
草中社區發展協會,草中巷2-16號,彰化縣鹿港鎮,室內,24.106537,120.463263,彰化,41,良好,8.96,Low Risk,60
益民國民小學後棟地下室/運動場,益民路二段48號,臺中市大里區,室外,24.107,120.6873,台中,43,良好,4.73,Low Risk,525
烏日社區活動中心,烏日區烏日里光日路228號,臺中市烏日區,室內,24.1075,120.6257,台中,43,良好,6.6,Low Risk,80
爽文國民中學活動中心/操場,永隆三街1號,臺中市大里區,室內,24.107882,120.677165,台中,43,良好,4.44,Low Risk,1470
糖友社區活動中心,糖友一街80-82號2樓,彰化縣和美鎮,室內,24.108,120.5342,彰化,41,良好,3.66,Low Risk,200
新仁活動中心,立新街71號,臺中市大里區,室內,24.108,120.705297,台中,43,良好,5.46,Low Risk,50
僑仁國小體育館,中山路一段341號,臺中市烏日區,室內,24.108288,120.640795,台中,43,良好,5.5,Low Risk,300
樹王活動中心,樹王路335號,臺中市大里區,室內,24.108368,120.66758,台中,43,良好,4.42,Low Risk,75
和美鎮公所,彰化縣和美鎮鹿和路6段337號,彰化縣和美鎮,室內,24.1085,120.4943,彰化,41,良好,6.27,Low Risk,150
和東國小,彰美路5段210號,彰化縣和美鎮,室內,24.1093,120.5015,彰化,41,良好,5.74,Low Risk,500
九德國民小學風雨操場,長春街300號,臺中市烏日區,室內,24.109863,120.638956,台中,43,良好,5.48,Low Risk,300
和美鎮立幼兒園,忠孝路329號,彰化縣和美鎮,室內,24.11,120.5,彰化,41,良好,5.9,Low Risk,100
光榮國民中學光榮館/操場,東榮路280號,臺中市大里區,室內,24.110479,120.686909,台中,43,良好,4.35,Low Risk,600
兒童青少年福利服務中心,新光路32號,臺中市大里區,室內,24.110647,120.691871,台中,43,良好,4.52,Low Risk,200
永隆國民小學活動中心/操場,永隆五街二號,臺中市大里區,室內,24.110842,120.676497,台中,43,良好,4.11,Low Risk,1100
和美國小,和平路19號,彰化縣和美鎮,室內,24.111,120.495,彰化,41,良好,6.37,Low Risk,500
柑井社區活動中心,柑竹路331巷21號,彰化縣和美鎮,室內,24.111,120.514,彰化,41,良好,4.96,Low Risk,100
和群國中,美寮路一段390號,彰化縣和美鎮,室內,24.111,120.519,彰化,41,良好,4.66,Low Risk,300
光隆營區,大平區黃竹里光興路1001號,臺中市大里區,室內,24.111229,120.730485,台中,43,良好,7.05,Low Risk,35
下犁民眾活動中心,下犁路139之1號,彰化縣線西鄉,室內,24.111237,120.469995,彰化,41,良好,8.55,Low Risk,80
旭光國小旭光廳2樓,烏日區榮泉里健行路501號,臺中市烏日區,室內,24.111637,120.592633,彰化,41,良好,6.18,Low Risk,120
僑泰中學育才大樓,樹王路342號,臺中市大里區,室內,24.11179,120.666962,台中,43,良好,4.05,Low Risk,250
中圍社區活動中心,竹社路123號,彰化縣和美鎮,室內,24.112,120.532,彰化,41,良好,4.15,Low Risk,100
樹義國小樂群樓及操場,福田路11號,臺中市南區,室內,24.112,120.6574,台中,43,良好,4.3,Low Risk,953
興隆里活動中心,興隆路76號,臺中市太平區,室內,24.112,120.7323,台中,43,良好,7.16,Low Risk,204
永隆里活動中心,永隆六街29號,臺中市大里區,室內,24.112793,120.673837,台中,43,良好,3.88,Low Risk,60
和美高中,彰化縣和美鎮和西里西園路31號,彰化縣和美鎮,室內,24.113,120.4936,彰化,41,良好,6.62,Low Risk,500
中寮社區活動中心,東興路25號,彰化縣和美鎮,室內,24.113,120.538,彰化,41,良好,4.1,Low Risk,60
長億高中〈體育館.操場〉,長億六街一號,臺中市太平區,室內,24.1131,120.7216,台中,43,良好,6.21,Low Risk,5386
內新里活動中心,中新街9號,臺中市大里區,室內,24.113152,120.690859,台中,43,良好,4.22,Low Risk,75
福崙宮,崙尾巷77-1號,彰化縣鹿港鎮,室內,24.113156,120.447793,彰化,41,良好,10.7,Low Risk,106
東興活動中心,永興路260號,臺中市大里區,室內,24.113398,120.681226,台中,43,良好,3.89,Low Risk,50
四張社區活動中心,鎮西路74號,彰化縣和美鎮,室內,24.114,120.485,彰化,41,良好,7.39,Low Risk,100
崇光國民小學崇光樓地下室/操場,大明路181號,臺中市大里區,室內,24.115191,120.68357,台中,43,良好,3.75,Low Risk,1000
發祥活動中心,瑞和路1-1號,南投縣仁愛鄉,室內,24.115564,121.160619,台中,43,良好,49.55,Low Risk,100
臺中高工操場,高工路191號,臺中市南區,室內,24.116,120.6612,台中,43,良好,3.74,Low Risk,780
楓樹兒童青少年活動中心,南屯區楓樹里楓樹西街二00號,臺中市南屯區,室內,24.1161,120.6289,台中,43,良好,5.74,Low Risk,50
私立大明高級中學體育場/禮堂,新仁路三段210號,臺中市大里區,室內,24.116491,120.685976,台中,43,良好,3.69,Low Risk,270
大崙國小塗溝分校-室外,1-1號,嘉義縣水上鄉,室外,24.1165,120.6132,台中,43,良好,7.04,Low Risk,500
竹營社區活動中心,和頭路237號,彰化縣和美鎮,室內,24.117,120.5011,彰化,41,良好,6.34,Low Risk,100
臺中市南區聯合辦公大樓,工學路72號5樓,臺中市南區,室內,24.1171,120.6638,台中,43,良好,3.54,Low Risk,61
順安農宅示範中心,草林158號,花蓮縣新城鄉,室內,24.1172,121.6365,花蓮,35,良好,34.01,Low Risk,23
東汴國小〈行政教學大樓.操場〉,太平區東汴里山田路100號,臺中市太平區,室內,24.1174,120.7958,台中,43,良好,12.85,Low Risk,575
秀林國小收容所,秀林路76號,花蓮縣秀林鄉,室內,24.118,121.6244,花蓮,35,良好,33.79,Low Risk,100
臺中市立大里幼兒園-日新分班,日新路383號,臺中市大里區,室內,24.11811,120.692373,台中,43,良好,3.8,Low Risk,80
竹園社區活動中心,彰新路4段115號,彰化縣和美鎮,室內,24.119,120.525,彰化,41,良好,5.14,Low Risk,60
長億永成里活動中心,長億路1-1號,臺中市太平區,室內,24.1192,120.7209,台中,43,良好,5.75,Low Risk,815
大慶活動中心,德富路100號,臺中市南區,室內,24.1196,120.6542,台中,43,良好,3.69,Low Risk,30
南區圖書館,五權南路335號,臺中市南區,室內,24.1201,120.6697,台中,43,良好,3.09,Low Risk,57
祥興活動中心,中興路二段祥興3巷10弄34號,臺中市大里區,室內,24.120351,120.685927,台中,43,良好,3.29,Low Risk,20
和平國小和平館及操場,復興路二段57號,臺中市南區,室內,24.1213,120.6607,台中,43,良好,3.21,Low Risk,513
梅村長老教會,西門巷7號,南投縣仁愛鄉,室內,24.121767,121.11075,台中,43,良好,44.45,Low Risk,100
月眉社區活動中心,和厝路一段276號,彰化縣和美鎮,室內,24.122,120.495,彰化,41,良好,7.17,Low Risk,100
犁盛社區活動中心,東平路225巷9號,彰化縣和美鎮,室內,24.122,120.527,彰化,41,良好,5.37,Low Risk,100
信義國小信義館及操場,五權南路325號,臺中市南區,室內,24.1222,120.668571,台中,43,良好,2.88,Low Risk,1440
曉陽國小,頂犁路158-1號,彰化縣線西鄉,室內,24.1227,120.478,彰化,41,良好,8.53,Low Risk,100
中平國中〈活動中心.操場〉,中平村太平路 300 號,臺中市太平區,室內,24.1231,120.7183,台中,43,良好,5.3,Low Risk,972
頭汴國小〈行政大樓B1〉,北田路 20 號,臺中市太平區,室內,24.1232,120.7515,台中,43,良好,8.36,Low Risk,1820
頂犁民眾活動中心,頂犁路48之1號,彰化縣線西鄉,室內,24.123229,120.480918,彰化,41,良好,8.34,Low Risk,100
頭汴里活動中心,長龍路二段11巷18號,臺中市太平區,室內,24.1239,120.7507,台中,43,良好,8.26,Low Risk,278
建平國小〈會議室1樓、操場〉,精美路201號,臺中市太平區,室內,24.1241,120.7245,台中,43,良好,5.79,Low Risk,1419
國光國小國光堂及操場,國光路261號,臺中市南區,室內,24.1245,120.6801,台中,43,良好,2.66,Low Risk,707
中興活動中心,復新街89號B1,臺中市南區,室內,24.1247,120.6759,台中,43,良好,2.57,Low Risk,50
頭前社區活動中心,和頭路595號,彰化縣和美鎮,室內,24.125,120.506,彰化,41,良好,6.69,Low Risk,100
禪光育幼院,仁愛路2巷172號,花蓮縣新城鄉,室內,24.1257,121.6497,花蓮,35,良好,35.29,Low Risk,105
福隆里活動中心,光興路1463巷8號,臺中市太平區,室內,24.1258,120.7345,台中,43,良好,6.64,Low Risk,294
嘉寶社區活動中心,福北路221號,彰化縣和美鎮,室內,24.126,120.512,彰化,41,良好,6.44,Low Risk,100
四育國中四育館及操場,復興路二段152號,臺中市南區,室內,24.126,120.6651,台中,43,良好,2.56,Low Risk,544
臺中市立崇倫國中崇倫堂及操場,忠明南路730號,臺中市南區,室內,24.1261,120.659,台中,43,良好,2.82,Low Risk,483
臺中市立東峰國中,仁和路330號,臺中市東區,室內,24.12626,120.68617,台中,43,良好,2.7,Low Risk,700
王田社區運動公園,興和路332號附近,臺中市大肚區,室外,24.1264,120.5838,彰化,41,良好,6.77,Low Risk,120
臺中市西區萬壽公園,大墩路旁向上路與向上南路間,臺中市西區,室外,24.126479,120.650622,台中,43,良好,3.32,Low Risk,3550
國立中興大學附屬臺中高級農業職業學校禮堂,臺中路283號,臺中市東區,室內,24.1266,120.6856,台中,43,良好,2.64,Low Risk,700
天主教聲遠之家,博愛路31號,花蓮縣新城鄉,室內,24.1266,121.6513,花蓮,35,良好,35.43,Low Risk,53
好修社區活動中心,月北路400巷21號,彰化縣和美鎮,室內,24.127,120.494,彰化,41,良好,7.64,Low Risk,60
塭仔民眾活動中心,塭仔路141號,彰化縣線西鄉,室內,24.128081,120.456135,彰化,41,良好,10.7,Low Risk,80
溝內民眾活動中心,溝內路34-1號,彰化縣線西鄉,室內,24.128334,120.454988,彰化,41,良好,10.82,Low Risk,80
大智國小2樓禮堂,大智路359號,臺中市東區,室內,24.1286,120.6908,台中,43,良好,2.75,Low Risk,500
新城社區活動中心,博愛路66號,花蓮縣新城鄉,室內,24.1288,121.6502,花蓮,35,良好,35.64,Low Risk,23
興田社區活動中心,新興1街62號,花蓮縣新城鄉,室內,24.1301,121.6452,花蓮,35,良好,35.63,Low Risk,45
線西國小,中央路二段135號,彰化縣線西鄉,室內,24.1313,120.4697,彰化,41,良好,9.78,Low Risk,100
崇仁活動中心,柳川西路1段59號,臺中市南區,室內,24.1314,120.6606,台中,43,良好,2.24,Low Risk,53
紅葉國小梅林分校,慈峰巷40號,南投縣仁愛鄉,室內,24.131465,121.184631,花蓮,35,良好,50.39,Low Risk,100
臺中國小活動中心,臺中路153號,臺中市東區,室內,24.131516,120.684716,台中,43,良好,2.12,Low Risk,600
線西國中,中央路二段145號,彰化縣線西鄉,室內,24.1325,120.4687,彰化,41,良好,9.95,Low Risk,100
長億國小〈行政大樓B1、操場、籃球場〉,太平三街 295 號,臺中市太平區,室外,24.133,120.7164,台中,43,良好,4.64,Low Risk,1649
大忠國民小學一樓課照教室,仁德路60號,臺中市大肚區,室內,24.133714,120.5542,彰化,41,良好,6.4,Low Risk,40
培英國小,彰新路5段310號,彰化縣和美鎮,室內,24.134,120.51,彰化,41,良好,7.31,Low Risk,150
寓埔民眾活動中心,寓埔路177-1號,彰化縣線西鄉,室內,24.134332,120.45949,彰化,41,良好,10.81,Low Risk,80
臺中市西區大勇國小禮堂,忠明南路515號,臺中市西區,室內,24.1345,120.6578,台中,43,良好,2.17,Low Risk,100
南屯區公所4樓開放式會議室,永春東路679號,臺中市南屯區,室內,24.1347,120.6441,台中,43,良好,3.32,Low Risk,50
線西民眾活動中心,中央路二段536巷31號,彰化縣線西鄉,室內,24.135832,120.463123,彰化,41,良好,10.62,Low Risk,80
育英國中操場,育英路30號,臺中市東區,室內,24.13594,120.69813,台中,43,良好,2.81,Low Risk,500
塗厝社區活動中心,和厝路2段485號,彰化縣和美鎮,室內,24.136,120.508,彰化,41,良好,7.6,Low Risk,60
南屯里活動中心,南屯區南屯里萬和路一段五十號,臺中市南屯區,室內,24.1363,120.639,台中,43,良好,3.73,Low Risk,60
臺中市東區區公所禮堂,長福路245號,臺中市東區,室內,24.136521,120.703797,台中,43,良好,3.31,Low Risk,1500
線西鄉立幼兒園,中央路二段386巷128號,彰化縣線西鄉,室內,24.1368,120.4668,彰化,41,良好,10.4,Low Risk,200
春社里活動中心2、3樓,南屯區春社里忠勇路二三之十二號,臺中市南屯區,室內,24.1374,120.612,台中,43,良好,6.35,Low Risk,200
祥順運動公園,宜昌路87巷,臺中市太平區,室外,24.1383,120.7128,台中,43,良好,4.11,Low Risk,9810
臺中市東區樂業國小,樂業路60號,臺中市東區,室內,24.138354,120.194202,彰化,41,良好,36.29,Low Risk,450
宜欣國小〈宜學樓、南大樓〉,太平區宜欣里新平路二段100號,臺中市太平區,室內,24.1392,120.7153,台中,43,良好,4.34,Low Risk,1913
臺中市西區忠信國小禮堂忠信堂,林森路155號,臺中市西區,室內,24.1393,120.6686,台中,43,良好,1.06,Low Risk,100
汴頭社區活動中心,汴頭路189號,彰化縣伸港鄉,室內,24.139906,120.497037,彰化,41,良好,8.57,Low Risk,40
頂庄民眾活動中心,沿海路二段334巷32號,彰化縣線西鄉,室內,24.1403,120.4674,彰化,41,良好,10.61,Low Risk,80
永定里社區活動中心,南屯區永定里南美街70號,臺中市南屯區,室內,24.1404,120.6366,台中,43,良好,3.84,Low Risk,50
臺中市西區區公所,金山路11號,臺中市西區,室內,24.1412,120.6712,台中,43,良好,0.76,Low Risk,50
田新公園管理室,南屯區大墩6街319巷41號1.2.3樓,臺中市南屯區,室外,24.1424,120.6443,台中,43,良好,3.03,Low Risk,50
大同里活動中心3樓,南屯區大同里大墩六街一六一號,臺中市南屯區,室內,24.1425,120.6502,台中,43,良好,2.44,Low Risk,100
台中公園,自由路二段與公園路口,臺中市北區,室外,24.143637,120.684074,台中,43,良好,1.15,Low Risk,2000
臺中市中區老人休閒活動中心,成功路300號1樓,臺中市中區,室內,24.1439,120.6795,台中,43,良好,0.73,Low Risk,18
臺中市中區區公所六樓大禮堂,成功路300號6樓,臺中市中區,室內,24.1439,120.6795,台中,43,良好,0.73,Low Risk,170
新港社區活動中心,自強路臨30號,彰化縣伸港鄉,室內,24.143911,120.484731,彰化,41,良好,9.68,Low Risk,40
臺中市光復國小3樓禮堂及內操場,三民路二段148號,臺中市中區,室內,24.143934,120.681722,台中,43,良好,0.92,Low Risk,990
興中停車場,臺灣大道一段及大誠街口,臺中市中區,室外,24.1442,120.6785,台中,43,良好,0.63,Low Risk,1500
臺中市光復國民小學外操場,臺中市中區三民路二段與公園路口,臺中市中區,室內,24.144587,120.681723,台中,43,良好,0.89,Low Risk,1200
伸港國中第二校區,建興路168號,彰化縣伸港鄉,室內,24.144634,120.489958,彰化,41,良好,9.41,Low Risk,10
坪林國小〈南棟大樓B1.操場〉,坪林路45號,臺中市太平區,室內,24.145,120.7371,台中,43,良好,6.45,Low Risk,1136
進德國小一樓活動中心,進化路135號,臺中市東區,室內,24.1452,120.6934,台中,43,良好,2.03,Low Risk,500
勤益科技大學〈工程館B1.操場〉,中山路二段57號,臺中市太平區,室內,24.1464,120.7334,台中,43,良好,6.07,Low Risk,5080
大道國中宗堯樓1樓,大肚區仁德路60號,臺中市大肚區,室內,24.146936,120.548844,彰化,41,良好,7.82,Low Risk,40
地潭社區活動中心,晉北路458號,彰化縣和美鎮,室內,24.147,120.516,彰化,41,良好,8.36,Low Risk,60
文德宮,嘉二路47號,彰化縣伸港鄉,室內,24.147211,120.492403,彰化,41,良好,9.5,Low Risk,10
中華國小〈前棟B1、操場〉,大源路1-20號,臺中市太平區,室內,24.1473,120.726,台中,43,良好,5.32,Low Risk,1350
富世活動中心,97號,花蓮縣秀林鄉,室內,24.1473,121.6277,花蓮,35,良好,37.04,Low Risk,100
泉州社區活動中心,仁愛路123號,彰化縣伸港鄉,室內,24.14783,120.480758,彰化,41,良好,10.27,Low Risk,20
太平國中〈行政大樓B1〉,中山路二段116號,臺中市太平區,室內,24.1483,120.7346,台中,43,良好,6.19,Low Risk,4241
力行國小,新望洋67號,南投縣仁愛鄉,室內,24.148371,121.189375,花蓮,35,良好,51.35,Low Risk,200
伸東國民小學,中華路565號,彰化縣伸港鄉,室內,24.1484,120.4879,彰化,41,良好,9.87,Low Risk,500
伸港鄉老人文康活動中心,忠孝東街50號,彰化縣伸港鄉,室內,24.1486,120.4878,彰化,41,良好,9.9,Low Risk,200
惠智公園管理室1、2樓,南屯區三和里大墩十一街五一八號,臺中市南屯區,室外,24.1489,120.6391,台中,43,良好,3.5,Low Risk,50
大新活動中心3樓,南屯區大業里大墩十一街六四號,臺中市南屯區,室內,24.1489,120.6526,台中,43,良好,2.13,Low Risk,150
蚵寮社區活動中心,蚵寮路132-5號,彰化縣伸港鄉,室內,24.149014,120.457273,彰化,41,良好,12.02,Low Risk,60
臺中市北區太平國小大禮堂及操場,北區錦平里太平路74號,臺中市北區,室內,24.1492,120.682,台中,43,良好,0.87,Low Risk,2000
泉厝社區活動中心,泉厝路44-3號,彰化縣伸港鄉,室內,24.149574,120.479829,彰化,41,良好,10.48,Low Risk,20
伸仁國民小學,曾家路3之15號,彰化縣伸港鄉,室內,24.1499,120.4696,彰化,41,良好,11.19,Low Risk,400
湖內社區活動中心,湖竹路5號,彰化縣和美鎮,室內,24.1503,120.5093,彰化,41,良好,8.96,Low Risk,60
大湖里光大里聯合活動中心,柳川東路四段28號,臺中市北區,室內,24.150323,120.679493,台中,43,良好,0.67,Low Risk,80
大肚社區活動中心,沙田路2段646號,臺中市大肚區,室內,24.150654,120.545482,彰化,41,良好,8.22,Low Risk,41
力行國小活動中心,進化路223號,臺中市東區,室內,24.150696,120.69394,台中,43,良好,2.09,Low Risk,800
新港國民國小,和平路60號,彰化縣伸港鄉,室內,24.151,120.4768,彰化,41,良好,10.8,Low Risk,500
大肚區公所五樓,沙田路2段646號,臺中市大肚區,室內,24.151237,120.545324,彰化,41,良好,8.29,Low Risk,200
新光國小行政大樓,新興路200號,臺中市太平區,室內,24.1524,120.7066,台中,43,良好,3.39,Low Risk,1050
臺中市西區中正國小禮堂中正館,英才路423號,臺中市西區,室內,24.1526,120.6667,台中,43,良好,0.89,Low Risk,100
臺中市西區和龍民龍聯合里活動中心中心,西屯路1段169號,臺中市西區,室內,24.1535,120.6702,台中,43,良好,0.73,Low Risk,50
老人活動中心,大肚區頂街里大德六街30號,臺中市大肚區,室內,24.15352,120.540571,彰化,41,良好,8.56,Low Risk,180
大肚國小體育館,大肚區頂街里華山路77號,臺中市大肚區,室內,24.1546,120.5463,彰化,41,良好,8.66,Low Risk,120
新平國小〈南棟B1、操場、籃球場〉,樹孝路三三六巷九號,臺中市太平區,室外,24.1547,120.7201,台中,43,良好,4.78,Low Risk,850
黎明里活動中心,南屯區黎明里干城街150號,臺中市南屯區,室內,24.1555,120.6296,台中,43,良好,4.55,Low Risk,60
黃竹國小〈戶外操場〉,竹村路41號,臺中市太平區,室外,24.1556,120.7344,台中,43,良好,6.23,Low Risk,128
何南、何成里聯合活動中心,大墩十七街88號3樓,臺中市西屯區,室內,24.1557,120.648109,台中,43,良好,2.74,Low Risk,364
大同社區活動中心,大同路82號,彰化縣伸港鄉,室內,24.156642,120.47616,彰化,41,良好,11.32,Low Risk,20
什股社區活動中心,什股路99-1號,彰化縣伸港鄉,室內,24.156642,120.47616,彰化,41,良好,11.32,Low Risk,20
臺中市西區忠明國小禮堂忠明館,臺灣大道1段414號,臺中市西區,室內,24.1578,120.6591,台中,43,良好,1.85,Low Risk,100
臺中市西區忠明高中禮堂忠明館,博館路166號,臺中市西區,室內,24.1579,120.6637,台中,43,良好,1.52,Low Risk,100
新光國中〈活動中心.操場〉,樹德九街139號,臺中市太平區,室內,24.1579,120.7093,台中,43,良好,3.8,Low Risk,1917
中和社區活動中心,大肚區中和里南榮路299號,臺中市大肚區,室內,24.158601,120.544456,彰化,41,良好,9.11,Low Risk,100
營埔社區活動中心,大肚區營埔里營埔巷155號,臺中市大肚區,室內,24.158601,120.5446,彰化,41,良好,9.11,Low Risk,100
永順社區活動中心,大肚區永順里文昌路2段643號,臺中市大肚區,室內,24.1588,120.5331,彰化,41,良好,9.21,Low Risk,180
頂街社區活動中心,大肚區頂街里沙田路3段244巷9號,臺中市大肚區,室內,24.1589,120.5446,彰化,41,良好,9.14,Low Risk,180
臺中市新社區中興合作農場,新社區中和里中興街158之1號,臺中市新社區,室內,24.1589,120.8262,台中,43,良好,15.53,Low Risk,36
臺中市北區乾溝子活動中心,北區淡溝里西屯路一段299號一樓,臺中市北區,室內,24.1591,120.6662,台中,43,良好,1.47,Low Risk,150
山陽國小防空避難室,大肚區山陽里榮華街630號,臺中市大肚區,室內,24.159312,120.544865,彰化,41,良好,9.19,Low Risk,70
紅葉國小,仁盛路42號,南投縣仁愛鄉,室內,24.159312,121.176707,台中,43,良好,51.06,Low Risk,300
臺中市新社區大林國小,新社區福興里美林38號,臺中市新社區,室內,24.159481,120.863914,台中,43,良好,19.35,Low Risk,90
省三國小育德館及操場,北區邱厝里崇德路一段107號,臺中市北區,室內,24.1599,120.6848,台中,43,良好,1.77,Low Risk,450
鐵山社區活動中心,鎮東路190號,彰化縣和美鎮,室內,24.16,120.519,彰化,41,良好,9.64,Low Risk,150
溪底社區活動中心,溪底路103-2號,彰化縣伸港鄉,室內,24.160703,120.501452,彰化,41,良好,10.35,Low Risk,40
漢口國中（操場）,漢口路一段54之1號,臺中市西屯區,室內,24.16176,120.657033,台中,43,良好,2.3,Low Risk,1650
崇德國小收容所,72號,花蓮縣秀林鄉,室內,24.162,121.6524,花蓮,35,良好,39.24,Low Risk,100
何安里活動中心,四川路120號3樓,臺中市西屯區,室內,24.162332,120.653758,台中,43,良好,2.59,Low Risk,405
大同國民國小,彰新路7段724號,彰化縣伸港鄉,室內,24.1625,120.4845,彰化,41,良好,11.36,Low Risk,500
瑞井社區活動中心,大肚區瑞井里瑞井路62巷14之1號,臺中市大肚區,室內,24.16335,120.572365,彰化,41,良好,10.02,Low Risk,80
臺中市新社區福民國小,新社區福興里福民16之7號,臺中市新社區,室內,24.163651,120.880962,台中,43,良好,21.11,Low Risk,90
溫泉部落鄰長家,7鄰溫泉巷18號,南投縣仁愛鄉,室內,24.163778,121.180117,台中,43,良好,51.42,Low Risk,50
惠來國小（三期活動中心、操場）,文中路168號,臺中市西屯區,室內,24.16493,120.6497,台中,43,良好,3.09,Low Risk,505
海尾社區活動中心,海尾路3-2號,彰化縣伸港鄉,室內,24.165165,120.485127,彰化,41,良好,11.58,Low Risk,40
西屯區公所,市政北二路386號,臺中市西屯區,室內,24.165436,120.633793,台中,43,良好,4.49,Low Risk,372
臺中市北區明德活動中心,北區明德里太原四街23號二樓,臺中市北區,室內,24.1657,120.6694,台中,43,良好,2.05,Low Risk,30
臺中市北區行政大樓,北區賴厝里永興街301號,臺中市北區,室內,24.166,120.6822,台中,43,良好,2.21,Low Risk,400
臺中市立東山高級中學禮堂、操場,北屯區水景里景賢六路200號,臺中市北屯區,室內,24.1666,120.7122,台中,43,良好,4.44,Low Risk,770
定興社區活動中心,定興路63-2號,彰化縣伸港鄉,室內,24.166813,120.496962,彰化,41,良好,11.16,Low Risk,40
臺中市立三光國民中學（禮堂、操場）,三光一街77號,臺中市北屯區,室內,24.167354,120.698404,台中,43,良好,3.33,Low Risk,2235
文昌國民小學（活動中心-弘文堂、操場）,40652 臺中市北屯區昌平路一段91號,臺中市北屯區,室內,24.168188,120.693207,台中,43,良好,3.02,Low Risk,1422
中山國中（操場）,寧夏路179號,臺中市西屯區,室內,24.168445,120.660187,台中,43,良好,2.68,Low Risk,1375
逢甲國民小學（操場、校舍頂樓）,北坑巷60號,臺中市北屯區,室內,24.168462,120.759755,台中,43,良好,9.04,Low Risk,483
臺中市北區長青里活動中心,北區長青里陝西路66之2號三樓,臺中市北區,室內,24.1691,120.6685,台中,43,良好,2.44,Low Risk,200
長安國小（操場跑道）,櫻花路18號,臺中市西屯區,室內,24.169105,120.653078,台中,43,良好,3.16,Low Risk,242
何福、何德里聯合活動中心,河南路125號3樓,臺中市西屯區,室內,24.169681,120.662291,台中,43,良好,2.7,Low Risk,380
協和國小（學生活動中心、操場）,安和路99號,臺中市西屯區,室內,24.169862,120.620071,台中,43,良好,5.96,Low Risk,1732
四維國民小學（活動中心）,40654 臺中市北屯區文心路四段956號,臺中市北屯區,室內,24.170777,120.695314,台中,43,良好,3.38,Low Risk,304
何源里活動中心,漢成街152號,臺中市西屯區,室內,24.170797,120.665542,台中,43,良好,2.7,Low Risk,150
臺中市北區賴興活動中心,北區賴興里山西路二段125號三、四樓,臺中市北區,室內,24.1718,120.6757,台中,43,良好,2.69,Low Risk,400
上安國小（活動中心、操場）,上安路156號,臺中市西屯區,室內,24.172074,120.639105,台中,43,良好,4.43,Low Risk,889
東光國民小學（活動中心、操場）,東光路926號,臺中市北屯區,室內,24.17211,120.701827,台中,43,良好,3.95,Low Risk,1631
基督長老教會,1鄰7號,南投縣仁愛鄉,室內,24.172426,121.196369,花蓮,35,良好,52.79,Low Risk,100
力行活動中心,3鄰62號,南投縣仁愛鄉,室內,24.172426,121.196369,花蓮,35,良好,52.79,Low Risk,100
大洋部落真耶穌教會,新望洋5鄰128號,南投縣仁愛鄉,室內,24.172426,121.196369,花蓮,35,良好,52.79,Low Risk,100
文心國民小學（禮堂、操場）,文心路四段575號,臺中市北屯區,室內,24.17296,120.682577,台中,43,良好,2.95,Low Risk,950
崇德國民中學（崇德館、操場）,崇德路二段227號,臺中市北屯區,室內,24.17296,120.682577,台中,43,良好,2.95,Low Risk,1566
上石國小（活動中心、操場）,西屯路二段上石南六巷25號,臺中市西屯區,室內,24.173681,120.643286,台中,43,良好,4.22,Low Risk,1885
中達里育德里邱厝里聯合活動中心,英才路172號,臺中市北區,室內,24.173738,120.674392,台中,43,良好,2.9,Low Risk,100
平順里、平心里、平福里活動中心（3樓）,旅順路二段78號三樓,臺中市北屯區,室內,24.1741,120.6877,台中,43,良好,3.27,Low Risk,300
至善國中（至善館、操場）,青海路二段308號,臺中市西屯區,室內,24.174335,120.640194,台中,43,良好,4.5,Low Risk,2179
青少年活動中心,安順東五街13號,臺中市北屯區,室內,24.1744,120.6826,台中,43,良好,3.11,Low Risk,206
中台科技大學羽球館,?子路666號,臺中市北屯區,室內,24.1745,120.7357,台中,43,良好,6.97,Low Risk,150
大福社區活動中心,長安路二段158號,臺中市西屯區,室內,24.174643,120.666744,台中,43,良好,3.08,Low Risk,165
建功國民小學（地下室停車場）,軍和街43號,臺中市北屯區,室外,24.175695,120.715938,台中,43,良好,5.3,Low Risk,575
軍功國民小學（禮堂、操場）,軍福十三路300號,臺中市北屯區,室內,24.175695,120.715938,台中,43,良好,5.3,Low Risk,1698
福安地區各里聯合活動中心,中工三路199號2、3樓,臺中市西屯區,室內,24.176043,120.618029,台中,43,良好,6.46,Low Risk,290
全興社區活動中心,東全路11號,彰化縣伸港鄉,室內,24.176072,120.488453,彰化,41,良好,12.46,Low Risk,60
鵬程里活動中心,逢大路65號,臺中市西屯區,室內,24.176403,120.648648,台中,43,良好,4.07,Low Risk,95
瑞峰國小防空避難室,大肚區蔗篰里太平路1號,臺中市大肚區,室內,24.17668,120.574604,台中,43,良好,10.55,Low Risk,100
瀋陽公園管理室（活動中心1、2樓）,北屯區水湳里瀋陽北路21號,臺中市北屯區,室外,24.1769,120.6724,台中,43,良好,3.25,Low Risk,620
大鵬國小（綜合球場）,中平路268號,臺中市西屯區,室外,24.17748,120.6653,台中,43,良好,3.42,Low Risk,500
僑孝國民小學（活動中心）,40654 臺中市北屯區北屯路435號,臺中市北屯區,室內,24.177756,120.699648,台中,43,良好,4.26,Low Risk,496
軍功里活動中心,26鄰軍和街123號,臺中市北屯區,室內,24.177863,120.717838,台中,43,良好,5.6,Low Risk,117
四箴國中操場、體育館,新庄里中沙路2號,臺中市龍井區,室內,24.178195,120.576947,台中,43,良好,10.38,Low Risk,250
北新國民中學（活動中心）,柳陽東街180號,臺中市北屯區,室內,24.178882,120.695925,台中,43,良好,4.14,Low Risk,967
竹坑里活動中心,竹師路一段164巷2號,臺中市龍井區,室內,24.18031,120.546391,彰化,41,良好,11.52,Low Risk,30
龍峰國小操場,中沙路新庄仔巷2號,臺中市龍井區,室內,24.180456,120.576147,台中,43,良好,10.54,Low Risk,100
仁愛國民小學（禮堂三樓、操場）,四平路71號,臺中市北屯區,室內,24.180481,120.671897,台中,43,良好,3.65,Low Risk,1304
北屯國民小學（禮堂、操場）,進化北路2號,臺中市北屯區,室內,24.180481,120.671897,台中,43,良好,3.65,Low Risk,2250
大德國民中學（操場）,雷中街2-23號,臺中市北屯區,室內,24.180564,120.669137,台中,43,良好,3.68,Low Risk,825
翠華村華崗活動中心,,南投縣仁愛鄉,室內,24.180665,121.199899,花蓮,35,良好,53.23,Low Risk,100
大德公園管理室（1、2樓）,北屯區大德里平德路3號,臺中市北屯區,室外,24.1815,120.6719,台中,43,良好,3.76,Low Risk,550
舊社公園活動中心（1、2樓、室外）,北屯區松勇里松竹路2段59巷5號,臺中市北屯區,室外,24.1815,120.7007,台中,43,良好,4.66,Low Risk,1580
西安、西墩、至善里聯合活動中心,光明路160號,臺中市西屯區,室內,24.181647,120.639943,台中,43,良好,5.09,Low Risk,180
北屯區公所六樓禮堂,北屯區仁和里崇德路三段10號,臺中市北屯區,室內,24.1827,120.6867,台中,43,良好,4.11,Low Risk,350
臺中市東勢區慶福社區活動中心,東關路4段1068號,臺中市東勢區,室內,24.182864,120.840965,台中,43,良好,17.42,Low Risk,100
龍井國小操場、龍騰館,龍門路51號,臺中市龍井區,室內,24.183711,120.529836,彰化,41,良好,12.0,Low Risk,150
永安國小（永安館、操場）,西屯路三段133號,臺中市西屯區,室內,24.184845,120.625082,台中,43,良好,6.43,Low Risk,1954
陳平國民小學（地下活動中心）,陳平路58號,臺中市北屯區,室內,24.185321,120.667549,台中,43,良好,4.23,Low Risk,443
東海國小（操場、籃球場）,國際街75號,臺中市西屯區,室外,24.18602,120.5896,台中,43,良好,9.53,Low Risk,432
后庄社區活動中心,庄內巷11-1號,臺中市北屯區,室內,24.18809,120.66498,台中,43,良好,4.58,Low Risk,80
麗陽營區,東關路一段岳武巷5號,臺中市和平區,室內,24.1883,120.9866,台中,43,良好,32.07,Low Risk,120
福科國中（操場、籃球場）,福林路333號,臺中市西屯區,室外,24.1892,120.6138,台中,43,良好,7.62,Low Risk,1542
龍崗社區活動中心,福恩街58號,臺中市龍井區,室內,24.189607,120.548065,彰化,41,良好,12.56,Low Risk,30
松竹國民小學（勁竹及松青樓地下室）,昌平路二段12號,臺中市北屯區,室內,24.190797,120.686684,台中,43,良好,4.97,Low Risk,643
仁美國民小學（地下室、活動中心、操場）,崇德路三段568號,臺中市北屯區,室內,24.190797,120.686684,台中,43,良好,4.97,Low Risk,2421
臺中市東勢區慶福里社區活動中心戶外停車場,東勢區慶福里慶福街75號,臺中市東勢區,室外,24.191,120.8438,台中,43,良好,17.93,Low Risk,50
龍井國中操場,觀光路9號,臺中市龍井區,室內,24.192285,120.544059,彰化,41,良好,12.85,Low Risk,100
龍井區公所禮堂,沙田路四段247號,臺中市龍井區,室內,24.19268,120.545584,彰化,41,良好,12.9,Low Risk,80
協成國小（教學及行政大樓）,興義街219號,臺中市新社區,室內,24.192772,120.813491,台中,43,良好,15.05,Low Risk,100
四張犁國民中學（活動中心、操場）,后庄路699號,臺中市北屯區,室內,24.193528,120.677436,台中,43,良好,5.11,Low Risk,910
國安國小（新大樓活動中心、操場）,國祥街1號,臺中市西屯區,室內,24.193578,120.609081,台中,43,良好,8.3,Low Risk,1509
新興國民小學（禮堂、操場）,新興路20號,臺中市北屯區,室內,24.195039,120.662753,台中,43,良好,5.38,Low Risk,773
四張犁國民小學（操場）,后庄路910號,臺中市北屯區,室內,24.195039,120.662753,台中,43,良好,5.38,Low Risk,1209
龍泉國小操場,龍泉里龍新路162號,臺中市龍井區,室內,24.195841,120.547464,彰化,41,良好,13.25,Low Risk,100
四民里仁和里仁美里同榮里聯合活動中心室內、室外,16鄰豐樂一街78號,臺中市北屯區,室外,24.196262,120.680523,台中,43,良好,5.45,Low Risk,1250
頭家國小-多功能教室,得福街185號,臺中市潭子區,室內,24.197026,120.696224,台中,43,良好,5.95,Low Risk,160
泰安國小（育才堂、操場）,環中路二段368號,臺中市西屯區,室內,24.197845,120.648858,台中,43,良好,6.11,Low Risk,1944
頭家里/頭家東里活動中心,精忠新城101號,臺中市潭子區,室內,24.197913,120.699067,台中,43,良好,6.15,Low Risk,120
拍瀑拉水裡社公園,中社路一街、二街,臺中市龍井區,室外,24.198537,120.562822,台中,43,良好,12.58,Low Risk,200
龍港國小操場,三港路1號,臺中市龍井區,室內,24.198733,120.500933,彰化,41,良好,14.3,Low Risk,100
大坑國小1.2樓教室、操場,北屯區大坑里東山路二段112號,臺中市北屯區,室內,24.1988,120.7607,台中,43,良好,10.51,Low Risk,625
水裡港文化館,水裡港巷16之2號,臺中市龍井區,室內,24.200778,120.498444,彰化,41,良好,14.59,Low Risk,20
龍津國小操場、綜合教學大樓,中央路1段165巷50號,臺中市龍井區,室內,24.201067,120.521677,彰化,41,良好,14.04,Low Risk,150
潭陽社區活動中心,中山路二段237巷9號,臺中市潭子區,室內,24.201197,120.703471,台中,43,良好,6.68,Low Risk,200
麗水社區活動中心,龍港路349巷2號,臺中市龍井區,室內,24.2022,120.5011,彰化,41,良好,14.66,Low Risk,60
臺中市東勢區慶東社區活動中心,慶東街慶城2巷5號,臺中市東勢區,室內,24.2023,120.8422,台中,43,良好,18.15,Low Risk,28
僑忠國小-體育館,中山路二段31號,臺中市潭子區,室內,24.202497,120.70371,台中,43,良好,6.82,Low Risk,350
新興國小-專科教室,潭興路一段25號,臺中市潭子區,室內,24.203989,120.725525,台中,43,良好,8.18,Low Risk,50
龍津國中操場,三港路130號,臺中市龍井區,室內,24.204522,120.521049,彰化,41,良好,14.42,Low Risk,150
臺中市東勢區東華國中教室,東關路五段490號,臺中市東勢區,室內,24.2054,120.8397,台中,43,良好,18.03,Low Risk,1100
東興國小（一樓課照教室）,興社街一段國校巷13號,臺中市新社區,室內,24.206154,120.820101,台中,43,良好,16.22,Low Risk,100
臺中市東勢區成功國小,東關路五段600號,臺中市東勢區,室內,24.208311,120.839784,台中,43,良好,18.16,Low Risk,1200
潭子國中-活動中心,潭興路二段419巷1號,臺中市潭子區,室內,24.210191,120.70836,台中,43,良好,7.79,Low Risk,230
榮興村辦公處,碧綠巷27號,南投縣仁愛鄉,室內,24.210441,121.300253,花蓮,35,良好,49.92,Low Risk,40
潭子區運動公園,勝利路138號,臺中市潭子區,室外,24.21106,120.700706,台中,43,良好,7.56,Low Risk,2500
臺中市大雅區三和公園,龍善二街,臺中市大雅區,室外,24.211845,120.665252,台中,43,良好,7.18,Low Risk,1580
臺中市大雅區大明國小活動中心,中清路三段92號,臺中市大雅區,室內,24.2128,120.6499,台中,43,良好,7.63,Low Risk,1191
潭陽國小-業勤樓,潭陽路19號,臺中市潭子區,室內,24.213042,120.710128,台中,43,良好,8.16,Low Risk,160
合作國小,豐原區三村里西勢路410號,臺中市豐原區,室內,24.2131,120.5581,台中,43,良好,13.79,Low Risk,100
潭北社區活動中心,潭子街三段公廳巷18號,臺中市潭子區,室內,24.2141,120.7089,台中,43,良好,8.21,Low Risk,63
山腳社區活動中心,龍山街58號,臺中市龍井區,室內,24.214287,120.549368,台中,43,良好,14.62,Low Risk,30
東寶國小-綜合教室,雅潭路三段2號,臺中市潭子區,室內,24.214805,120.67952,台中,43,良好,7.49,Low Risk,110
忠和社區活動中心,海尾路45巷23號,臺中市龍井區,室內,24.21486,120.524048,彰化,41,良好,15.51,Low Risk,35
新田社區活動中心,豐興路二段412號,臺中市潭子區,室內,24.214974,120.723225,台中,43,良好,9.02,Low Risk,150
潭秀社區活動中心,雅潭路一段39巷10號,臺中市潭子區,室內,24.215286,120.703871,台中,43,良好,8.12,Low Risk,100
潭子國小-圖書室,中山路二段435號,臺中市潭子區,室內,24.215893,120.705361,台中,43,良好,8.24,Low Risk,150
龍海國小操場,中央路3段206號,臺中市龍井區,室內,24.215956,120.526677,彰化,41,良好,15.6,Low Risk,100
臺中市立大華國中地下室,雅環路一段2號,臺中市大雅區,室內,24.2161,120.6496,台中,43,良好,7.99,Low Risk,560
臺中市大雅區西寶社區活動中心,雅潭路3段600號,臺中市大雅區,室內,24.2161,120.668,台中,43,良好,7.63,Low Risk,60
潭秀國中-體育館,雅潭路一段175號,臺中市潭子區,室內,24.216172,120.699522,台中,43,良好,8.06,Low Risk,220
臺中市北勢國小禮堂,沙鹿區六路里南陽路376號,臺中市沙鹿區,室內,24.216935,120.571552,台中,43,良好,12.9,Low Risk,124
南勢社區活動中心,南勢里南陽路458號,臺中市沙鹿區,室內,24.217386,120.567801,台中,43,良好,13.24,Low Risk,50
南陽國小,豐原區中陽里南陽路440號,臺中市豐原區,室內,24.2187,120.5677,台中,43,良好,13.33,Low Risk,300
臺中市東勢區上城社區活動中心,上城街170巷16號,臺中市東勢區,室內,24.2188,120.84,台中,43,良好,18.64,Low Risk,46
馬力埔社區活動中心,中和街一段8號,臺中市新社區,室內,24.218895,120.792343,台中,43,良好,14.41,Low Risk,50
臺中市大雅區文雅國小地下室,中山北路235號,臺中市大雅區,室內,24.2195,120.6461,台中,43,良好,8.46,Low Risk,1700
臺中市大雅區三和國小體育館,春亭二街一號,臺中市大雅區,室內,24.2199,120.6667,台中,43,良好,8.06,Low Risk,1464
臺中市東勢區下城社區活動中心,城興街136號,臺中市東勢區,室內,24.219995,120.836657,台中,43,良好,18.39,Low Risk,50
臺中市大雅區陽明國小1樓教室,秀山路365號,臺中市大雅區,室內,24.2213,120.632,台中,43,良好,9.21,Low Risk,944
臺中市東勢區新成國小禮堂,東關路367巷40號,臺中市東勢區,室內,24.2213,120.8394,台中,43,良好,18.7,Low Risk,800
六路社區活動中心,六路里北勢東路267號,臺中市沙鹿區,室內,24.221573,120.578484,台中,43,良好,12.67,Low Risk,126
臺中市大雅區大雅國小體育館,學府路230號,臺中市大雅區,室內,24.2222,120.6503,台中,43,良好,8.61,Low Risk,950
晉江社區活動中心,晉江里晉武路35巷33號,臺中市沙鹿區,室內,24.222652,120.580577,台中,43,良好,12.59,Low Risk,86
臺中市立大雅國中體育館,學府路280號,臺中市大雅區,室內,24.2241,120.6504,台中,43,良好,8.82,Low Risk,820
福興社區活動中心,福興里鎮南路二段299巷36號,臺中市沙鹿區,室內,24.224608,120.567398,台中,43,良好,13.75,Low Risk,95
北勢社區活動中心,北勢里東晉路東明巷75號,臺中市沙鹿區,室內,24.224819,120.571125,台中,43,良好,13.48,Low Risk,76
臺中市北勢國中禮堂,沙鹿區北勢里英才路150號,臺中市沙鹿區,室內,24.225175,120.569209,台中,43,良好,13.65,Low Risk,259
北勢國民中學操場,英才路150號,臺中市沙鹿區,室內,24.225175,120.569209,台中,43,良好,13.65,Low Risk,451
停四雅楓停車場,神林南路146巷7號,臺中市大雅區,室外,24.225474,120.656843,台中,43,良好,8.81,Low Risk,190
斗抵社區活動中心,斗抵里斗潭路197號,臺中市沙鹿區,室內,24.22585,120.554569,台中,43,良好,14.88,Low Risk,157
鎌村里活動中心,豐原區鎌村里鎌村路465巷58號2樓,臺中市豐原區,室內,24.2262,120.7299,台中,43,良好,10.43,Low Risk,100
大南國小（多功能教室）,興中街47號,臺中市新社區,室內,24.226742,120.804693,台中,43,良好,15.94,Low Risk,150
臺中市大雅區上雅社區活動中心,雅環路二段171巷19號,臺中市大雅區,室內,24.2281,120.6509,台中,43,良好,9.23,Low Risk,50
臺中市新社區公所,新社區復盛里興社街2段28-1號,臺中市新社區,室內,24.2282,120.8122,台中,43,良好,16.67,Low Risk,50
臺中市大雅區公所,雅環路二段301號,臺中市大雅區,室內,24.2289,120.6478,台中,43,良好,9.4,Low Risk,120
臺中市大雅區秀山社區活動中心,平和一路18之1號,臺中市大雅區,室內,24.229,120.6334,台中,43,良好,9.92,Low Risk,40
栗林社區活動中心,祥和路128號,臺中市潭子區,室內,24.229634,120.712113,台中,43,良好,9.91,Low Risk,100
永寧國小操場,中央路一段 160 號,臺中市梧棲區,室內,24.23,120.53,彰化,41,良好,17.12,Low Risk,200
國立中科實驗高級中學,平和路227號,臺中市大雅區,室內,24.230138,120.625985,台中,43,良好,10.36,Low Risk,267
中興嶺停車場,中興嶺99號,臺中市新社區,室外,24.231226,120.809642,台中,43,良好,16.63,Low Risk,300
復盛公園戶外臨時避難收容場所,興社街2段26號,臺中市新社區,室外,24.231226,120.809642,台中,43,良好,16.63,Low Risk,300
臺中市大雅區汝鎏國小1~3樓教室,平和路238號,臺中市大雅區,室內,24.2314,120.6265,台中,43,良好,10.46,Low Risk,1924
新社區老人文康活動中心,興社街二段26號,臺中市新社區,室內,24.232095,120.80745,台中,43,良好,16.5,Low Risk,50
東陽里活動中心,豐原區東陽里東陽路306號,臺中市豐原區,室內,24.2329,120.7476,台中,43,良好,12.09,Low Risk,50
興安社區活動中心,鎮南路二段500號,臺中市沙鹿區,室內,24.23327,120.562858,台中,43,良好,14.72,Low Risk,37
興仁社區活動中心,鎮南路二段500號,臺中市沙鹿區,室內,24.23327,120.562858,台中,43,良好,14.72,Low Risk,38
臺中市大雅區大楓社區活動中心,雅楓街106號,臺中市大雅區,室內,24.2346,120.667,台中,43,良好,9.69,Low Risk,50
臺中市大雅區上楓社區活動中心二,雅楓街108號,臺中市大雅區,室內,24.2347,120.6668,台中,43,良好,9.7,Low Risk,50
鎮立公園,鎮政路16號對面,臺中市沙鹿區,室外,24.234753,120.566413,台中,43,良好,14.56,Low Risk,95
沙鹿國民中學操場,中正街1號,臺中市沙鹿區,室內,24.235208,120.563351,台中,43,良好,14.82,Low Risk,363
臺中市沙鹿國中禮堂,沙鹿區美仁里中正街1號,臺中市沙鹿區,室內,24.235208,120.563351,台中,43,良好,14.82,Low Risk,553
臺中市原住民綜合服務中心,仁愛路69號,臺中市大雅區,室內,24.235343,120.622359,台中,43,良好,11.04,Low Risk,72
美仁社區活動中心,美仁里中正街3號,臺中市沙鹿區,室內,24.235802,120.561571,台中,43,良好,15.0,Low Risk,44
居仁社區活動中心,居仁里新生街8號,臺中市沙鹿區,室內,24.235802,120.561571,台中,43,良好,15.0,Low Risk,74
臺中市沙鹿國小禮堂,沙鹿區美仁里中正街3號,臺中市沙鹿區,室內,24.235802,120.561571,台中,43,良好,15.0,Low Risk,315
臺中市大雅區上楓國小庠序樓地下室,楓林街232號,臺中市大雅區,室內,24.2361,120.667,台中,43,良好,9.85,Low Risk,1216
豐田國小,豐原區豐田里田心路2段290號,臺中市豐原區,室內,24.237,120.722,台中,43,良好,11.08,Low Risk,500
文昌街、日新街口停車場,中正街1號,臺中市沙鹿區,室外,24.237054,120.561849,台中,43,良好,15.07,Low Risk,709
臺中市東勢區石角國小教室,東坑路西盛巷22號,臺中市東勢區,室內,24.2379,120.8503,台中,43,良好,20.54,Low Risk,400
臺中市大雅區六寶國小1~3樓教室,光復路15-2號,臺中市大雅區,室內,24.2381,120.6355,台中,43,良好,10.77,Low Risk,900
豐田里活動中心舊,豐原區豐田里田心路二段272巷1號,臺中市豐原區,室內,24.2381,120.7218,台中,43,良好,11.18,Low Risk,50
臺中市竹林國小禮堂,臺灣大道七段821號,臺中市沙鹿區,室內,24.238543,120.567875,台中,43,良好,14.73,Low Risk,73
竹林國民小學操場,臺灣大道七段821號,臺中市沙鹿區,室內,24.238543,120.567875,台中,43,良好,14.73,Low Risk,859
三角社區活動中心,神岡區三角里三社路195號,臺中市神岡區,室內,24.2386,120.6895,台中,43,良好,10.24,Low Risk,45
豐南國中,豐原區田心里豐南街151號,臺中市豐原區,室內,24.2394,120.7169,台中,43,良好,11.1,Low Risk,1000
豐田活動中心新,豐原區豐田里永康路346巷33號,臺中市豐原區,室內,24.2402,120.7213,台中,43,良好,11.37,Low Risk,50
崑山國小,崑崙巷5-2號,臺中市新社區,室內,24.241082,120.787761,台中,43,良好,15.55,Low Risk,100
南陽里活動中心,豐原區南陽里永康路181巷6號,臺中市豐原區,室內,24.2412,120.7261,台中,43,良好,11.68,Low Risk,100
清泉社區活動中心,清泉里東海路2-11號,臺中市沙鹿區,室內,24.241539,120.61464,台中,43,良好,12.03,Low Risk,88
梧棲國中活動中心,民生街12號,臺中市梧棲區,室內,24.2418,120.5492,台中,43,良好,16.39,Low Risk,300
豐原區公所,豐原區田心里市政路2號,臺中市豐原區,室內,24.2419,120.7182,台中,43,良好,11.41,Low Risk,200
梧南國小3樓視聽教室,梧棲區草湳里梧南路 50 號,臺中市梧棲區,室內,24.2421,120.5238,台中,43,良好,18.47,Low Risk,100
東勢高工學生活動中心,東關路六段1328號,臺中市東勢區,室內,24.2422,120.8338,台中,43,良好,19.35,Low Risk,2200
新社國小（活動中心）,興社街四段一巷2號,臺中市新社區,室內,24.242245,120.808355,台中,43,良好,17.24,Low Risk,150
田心里活動中心,豐原區田心里市政路1號,臺中市豐原區,室內,24.2424,120.7186,台中,43,良好,11.48,Low Risk,50
草湳里活動中心,自強二街61號,臺中市梧棲區,室內,24.2429,120.5225,彰化,41,良好,18.62,Low Risk,120
大德國小風雨操場,文昌路343號,臺中市梧棲區,室內,24.2431,120.5423,台中,43,良好,17.03,Low Risk,300
鹿寮社區活動中心,鹿寮里賢義街162號,臺中市沙鹿區,室內,24.243106,120.566755,台中,43,良好,15.17,Low Risk,77
臺中市公明國小禮堂,沙鹿區公明里忠貞路213號,臺中市沙鹿區,室內,24.243158,120.609713,台中,43,良好,12.44,Low Risk,75
公明國民小學操場,忠貞路213號,臺中市沙鹿區,室內,24.243158,120.609713,台中,43,良好,12.44,Low Risk,1744
臺中市東勢區新盛國小教室,新盛街342號,臺中市東勢區,室內,24.2434,120.8307,台中,43,良好,19.16,Low Risk,1200
鹿鳴公園,沙鹿區鹿寮里光華路378巷1號,臺中市沙鹿區,室外,24.243804,120.56675,台中,43,良好,15.22,Low Risk,20
臺中市鹿寮國中禮堂,沙鹿區鹿寮里光華路385號,臺中市沙鹿區,室內,24.243804,120.56675,台中,43,良好,15.22,Low Risk,151
鹿寮國民中學操場,光華路385號,臺中市沙鹿區,室內,24.243804,120.56675,台中,43,良好,15.22,Low Risk,826
臺中港區綜合體育館,梧棲區大村里文昌路350號,臺中市梧棲區,室內,24.2444,120.5435,台中,43,良好,17.02,Low Risk,400
中港高中地下一樓會議教室,梧棲區大村里文昌路400號,臺中市梧棲區,室內,24.2448,120.5422,台中,43,良好,17.15,Low Risk,300
公明社區活動中心,公明里中清路信義巷6-17號,臺中市沙鹿區,室內,24.245645,120.607933,台中,43,良好,12.77,Low Risk,90
社口國小樂群樓,社南街136號,臺中市神岡區,室內,24.2457,120.6847,台中,43,良好,10.96,Low Risk,955
豐原高商,豐原區西勢里圓環南路五十號,臺中市豐原區,室內,24.246,120.7129,台中,43,良好,11.63,Low Risk,860
大庄社區活動中心,梧棲區大庄里文華街168巷1號,臺中市梧棲區,室內,24.2463,120.5426,台中,43,良好,17.23,Low Risk,100
公明國民中學教室,中清路6段567號,臺中市沙鹿區,室內,24.246551,120.607534,台中,43,良好,12.87,Low Risk,110
臺中市公明國中禮堂,中清路6段567號,臺中市沙鹿區,室內,24.246551,120.607534,台中,43,良好,12.87,Low Risk,111
臺中市公明國中操場,中清路6段567號,臺中市沙鹿區,室內,24.246551,120.607534,台中,43,良好,12.87,Low Risk,588
北陽里活動中心,豐原區北陽里豐東路118巷18號,臺中市豐原區,室內,24.2473,120.7304,台中,43,良好,12.48,Low Risk,50
豐東國中,豐原區北陽里豐東路七十五號,臺中市豐原區,室內,24.2474,120.729,台中,43,良好,12.43,Low Risk,700
福陽國小,豐原區北陽里南陽路綠山巷83號,臺中市豐原區,室內,24.2481,120.7234,台中,43,良好,12.25,Low Risk,100
瑞穗國小,豐原區西安里西安街七十二號,臺中市豐原區,室內,24.2493,120.7117,台中,43,良好,11.94,Low Risk,1000
陸軍第五地區支援指揮部豐原甲型聯,豐原區中正路683號,臺中市豐原區,室內,24.2497,120.7055,台中,43,良好,11.79,Low Risk,115
西安里活動中心,豐原區西安里西安街72-2號,臺中市豐原區,室內,24.2497,120.7134,台中,43,良好,12.04,Low Risk,100
岸裡國小學生活動中心,神岡區岸裡里中山路 52 號,臺中市神岡區,室內,24.2498,120.6975,台中,43,良好,11.61,Low Risk,188
臺中市立東勢國中教室,東崎路5段415號,臺中市東勢區,室內,24.2503,120.8324,台中,43,良好,19.74,Low Risk,800
中正國小活動中心,梧棲區福德里中央路二段15號,臺中市梧棲區,室內,24.2504,120.5387,台中,43,良好,17.82,Low Risk,250
臺中市東勢區泰安宮,東勢區廣興里中新街157號,臺中市東勢區,室內,24.2517,120.8313,台中,43,良好,19.74,Low Risk,20
南嵩里活動中心,豐原區南嵩里水源路9巷133號,臺中市豐原區,室內,24.2519,120.7426,台中,43,良好,13.54,Low Risk,50
中陽里活動中心,豐原區中陽里惠陽街116號,臺中市豐原區,室內,24.2521,120.725,台中,43,良好,12.73,Low Risk,100
富春國小,豐原區豐西里中山路455號,臺中市豐原區,室內,24.2524,120.7133,台中,43,良好,12.32,Low Risk,1000
中港國小視聽教室,梧棲區大村里文明街100號,臺中市梧棲區,室內,24.2525,120.5328,台中,43,良好,18.43,Low Risk,100
臺中市立中山國小教室,中泰街88號,臺中市東勢區,室內,24.253,120.8351,台中,43,良好,20.13,Low Risk,500
豐圳里活動中心新,成功路520號,臺中市豐原區,室內,24.2537,120.7085,台中,43,良好,12.31,Low Risk,100
情人公園,雲集街,臺中市梧棲區,室外,24.2545,120.5326,台中,43,良好,18.59,Low Risk,100
庄前里活動中心,神岡區庄前里神林路35號,臺中市神岡區,室內,24.2545,120.6605,台中,43,良好,11.95,Low Risk,41
臺中市東勢區延平社區活動中心,本街40號,臺中市東勢區,室內,24.255,120.8285,台中,43,良好,19.73,Low Risk,50
五里聯合活動中心,豐原區豐榮里新生北路155號,臺中市豐原區,室內,24.2551,120.7202,台中,43,良好,12.84,Low Risk,200
梧棲區公所四樓禮堂,中和街66號,臺中市梧棲區,室內,24.2552,120.5317,台中,43,良好,18.71,Low Risk,80
豐村國小,豐原區南村里水源路三四一號,臺中市豐原區,室內,24.2553,120.7367,台中,43,良好,13.57,Low Risk,300
豐原國小,豐原區豐榮里新生北路一五五號,臺中市豐原區,室內,24.2554,120.7211,台中,43,良好,12.91,Low Risk,330
臺中市鹿峰國小禮堂,沙鹿區鹿峰里星河路209號,臺中市沙鹿區,室內,24.255608,120.570016,台中,43,良好,15.95,Low Risk,363
鹿峰國民小學操場,星河路209號,臺中市沙鹿區,室內,24.255608,120.570016,台中,43,良好,15.95,Low Risk,810
東勢區鯉魚伯公公園,中正路東勢幼兒園旁,臺中市東勢區,室外,24.256186,120.825098,台中,43,良好,19.53,Low Risk,1700
南村里活動中心,豐原區南村里圓環東路918號,臺中市豐原區,室內,24.2566,120.7299,台中,43,良好,13.39,Low Risk,100
大甲溪河濱公園,臺八線起點暨大甲溪旁,臺中市東勢區,室外,24.256973,120.824255,台中,43,良好,19.52,Low Risk,34000
龍興活動中心,石岡區龍興里萬仙街3號,臺中市石岡區,室內,24.257,120.7898,台中,43,良好,16.93,Low Risk,60
北庄社區活動中心,神岡區北庄里中山路1244號,臺中市神岡區,室內,24.2574,120.6683,台中,43,良好,12.21,Low Risk,48
翁明里活動中心,豐原區翁明里東仁街125號,臺中市豐原區,室內,24.2576,120.7259,台中,43,良好,13.32,Low Risk,100
東勢客家文化園區,中山路1號,臺中市東勢區,室內,24.25762,120.831861,台中,43,良好,20.17,Low Risk,1300
圳寮里活動中心,豐原區圳寮里圓環北路一段125號,臺中市豐原區,室內,24.2577,120.7186,台中,43,良好,13.06,Low Risk,100
神岡區公所,神岡區神岡里神岡路30號,臺中市神岡區,室內,24.2579,120.6614,台中,43,良好,12.32,Low Risk,204
梧棲綜合活動中心,梧棲區中正里臨港路三段246號,臺中市梧棲區,室內,24.258,120.5289,台中,43,良好,19.13,Low Risk,250
臺中市東勢區中科國小,東崎路4段92巷16號,臺中市東勢區,室內,24.258108,120.851671,台中,43,良好,21.84,Low Risk,700
大湳里活動中心,豐原區大湳里圓環北路1段151號,臺中市豐原區,室內,24.2582,120.7193,台中,43,良好,13.13,Low Risk,50
臺中市東勢區東勢國小禮堂,第五橫街1號,臺中市東勢區,室內,24.2586,120.8296,台中,43,良好,20.06,Low Risk,2100
南簡公園,梧棲區南簡里大仁路一段375巷,臺中市梧棲區,室外,24.258654,120.544147,台中,43,良好,18.02,Low Risk,500
神岡國小中正體育館,神岡區神岡村神圳路 1 號,臺中市神岡區,室內,24.2589,120.6611,台中,43,良好,12.43,Low Risk,163
南田里活動中心,豐原區南田里水源路192巷80號旁,臺中市豐原區,室內,24.2591,120.7419,台中,43,良好,14.19,Low Risk,50
石岡托兒所和盛分所,石岡區和盛里和盛街9號2樓,臺中市石岡區,室內,24.2591,120.8154,台中,43,良好,18.98,Low Risk,60
三村里活動中心,豐原區三村里豐原大道一段609號,臺中市豐原區,室內,24.2598,120.7093,台中,43,良好,12.98,Low Risk,50
東新國小教室,東蘭路1之1號,臺中市東勢區,室內,24.2604,120.8274,台中,43,良好,20.01,Low Risk,300
公館國民小學操場,中航路2段1號,臺中市沙鹿區,室內,24.260474,120.59561,台中,43,良好,14.83,Low Risk,470
頂寮社區活動中心,頂寮里八德東路100號,臺中市梧棲區,室內,24.2605,120.5326,台中,43,良好,19.02,Low Risk,150
北湳里活動中心,豐原區北湳里三環路72號,臺中市豐原區,室內,24.2608,120.7216,台中,43,良好,13.49,Low Risk,50
葫蘆墩國小,豐原區西湳里葫蘆墩一街250號,臺中市豐原區,室內,24.2611,120.7143,台中,43,良好,13.27,Low Risk,500
豐陽國中,豐原區南田里朝陽路33號,臺中市豐原區,室內,24.262,120.745,台中,43,良好,14.63,Low Risk,200
豐洲國小教室,神岡區豐洲里豐洲路482號,臺中市神岡區,室內,24.2623,120.704,台中,43,良好,13.11,Low Risk,168
社會福利館,石岡區德興里豐勢路 134 號,臺中市石岡區,室內,24.2627,120.8134,台中,43,良好,19.09,Low Risk,150
翁子里活動中心,豐原區翁子里豐勢路二段290巷12號,臺中市豐原區,室內,24.2629,120.7425,台中,43,良好,14.59,Low Risk,100
東新國中教室,東環街123號,臺中市東勢區,室內,24.2634,120.8295,台中,43,良好,20.38,Low Risk,1300
?榔國小禮堂,中央路23-12號,臺中市清水區,室內,24.2639,120.5451,台中,43,良好,18.35,Low Risk,70
土牛活動中心,石岡區土牛里德成巷1之2號,臺中市石岡區,室內,24.2655,120.0892,彰化,41,良好,50.81,Low Risk,40
清水國小活動中心,光華路125號,臺中市清水區,室內,24.2668,120.5732,台中,43,良好,16.71,Low Risk,250
清水區公所,鎮政路101號,臺中市清水區,室內,24.2683,120.5596,台中,43,良好,17.71,Low Risk,250
清水國中學生活動中心---培德樓,鰲峰路250號,臺中市清水區,室內,24.2683,120.563,台中,43,良好,17.48,Low Risk,500
西湳里活動中心,豐原區西湳里三豐路799巷133弄8號,臺中市豐原區,室內,24.2685,120.7177,台中,43,良好,14.16,Low Risk,100
三叉坑社區活動中心,和平區自由里東崎路二段三叉巷8-31號,臺中市和平區,室內,24.2686,120.8913,台中,43,良好,25.85,Low Risk,130
清水區老人文康活動中心1樓,清水街2號,臺中市清水區,室內,24.269,120.5783,台中,43,良好,16.59,Low Risk,50
鰲峰社區活動中心,大街路138-5號,臺中市清水區,室內,24.2693,120.5791,台中,43,良好,16.57,Low Risk,40
吳厝國小地下室1 樓,吳厝路35號,臺中市清水區,室內,24.2696,120.6047,台中,43,良好,15.25,Low Risk,15
東湳里活動中心,豐原區東湳里三豐路742巷146弄14號,臺中市豐原區,室內,24.2704,120.7265,台中,43,良好,14.66,Low Risk,100
金星活動中心,石岡區金星里石岡街下坑巷153號,臺中市石岡區,室內,24.2708,120.7735,台中,43,良好,17.03,Low Risk,100
建國國小教學行政大樓地下室,建國路10號,臺中市清水區,室內,24.2712,120.5629,台中,43,良好,17.74,Low Risk,200
大秀國小--國小禮堂及朝陽樓地下室1樓,武權路336號,臺中市清水區,室內,24.2718,120.5729,台中,43,良好,17.17,Low Risk,170
清水紫雲巖文化大樓,光明路35號,臺中市清水區,室內,24.2722,120.5789,台中,43,良好,16.85,Low Risk,300
圳堵國小學生活動中心,神岡區圳堵里三民路639號,臺中市神岡區,室內,24.2725,120.6587,台中,43,良好,13.96,Low Risk,209
梅子活動中心,石岡區梅子里梅子巷65之12號,臺中市石岡區,室內,24.2733,120.7996,台中,43,良好,18.93,Low Risk,60
朴子里活動中心,豐原區朴子里豐勢路二段535巷119號,臺中市豐原區,室內,24.2736,120.7484,台中,43,良好,15.92,Low Risk,50
石岡區公所,石岡區九房里豐勢路1033號,臺中市石岡區,室內,24.2748,120.7803,台中,43,良好,17.8,Low Risk,60
萬興活動中心,石岡區萬興里萬墩街105號,臺中市石岡區,室內,24.2753,120.791,台中,43,良好,18.52,Low Risk,60
HHH,豐勢路1033號,臺中市石岡區,室內,24.2758,120.7803,台中,43,良好,17.89,Low Risk,50
西寧國小活動中心,五權東路50號,臺中市清水區,室內,24.276,120.5754,台中,43,良好,17.4,Low Risk,600
萬安活動中心,石岡區萬安里石岡街6號3樓,臺中市石岡區,室內,24.276,120.7776,台中,43,良好,17.74,Low Risk,20
石岡國小籃球場,石岡區石岡里石岡街123號,臺中市石岡區,室外,24.2761,120.7733,台中,43,良好,17.5,Low Risk,100
東山國小教學大樓地下室,神清路6-1號,臺中市清水區,室內,24.2763,120.6344,台中,43,良好,14.84,Low Risk,70
清海國中--弘德樓地下室,中央路51-60號,臺中市清水區,室內,24.2764,120.5537,台中,43,良好,18.78,Low Risk,250
峰谷國小南棟教室,峰谷路496號,臺中市霧峰區,室內,24.279,120.4318,彰化,41,良好,25.27,Low Risk,900
石城國小教室,石城街182巷26號,臺中市東勢區,室內,24.286,120.7925,台中,43,良好,19.54,Low Risk,900
"三田國小禮堂1,2樓",三田路4號,臺中市清水區,室內,24.2899,120.5811,台中,43,良好,18.38,Low Risk,400
雙崎社區活動中心,和平區自由里東崎路二段71-5號,臺中市和平區,室內,24.2907,120.9085,台中,43,良好,28.64,Low Risk,110
大楊國小A棟地下室,鰲海路325號,臺中市清水區,室內,24.2923,120.6101,台中,43,良好,17.32,Low Risk,50
舊社社區活動中心,舊社路93號,臺中市后里區,室內,24.2949,120.7014,台中,43,良好,16.61,Low Risk,200
后里七星崗營區,寺山路121號,臺中市后里區,室內,24.2957,120.7355,台中,43,良好,17.61,Low Risk,1673
墩南社區活動中心,南村路303巷1-8號,臺中市后里區,室內,24.2964,120.7149,台中,43,良好,17.06,Low Risk,120
七星國小,南村路389號,臺中市后里區,室內,24.2966,120.7163,台中,43,良好,17.11,Low Risk,693
后里南營區,馬場路292號,臺中市后里區,室內,24.2985,120.7279,台中,43,良好,17.65,Low Risk,1244
上新社區籃槌球場,"水廠段912,913,916,917,919,920地號",苗栗縣卓蘭鎮,室外,24.2991,120.8345,台中,43,良好,23.44,Low Risk,100
內灣國小操場,內灣里120號,苗栗縣卓蘭鎮,室內,24.2991,120.8495,台中,43,良好,24.53,Low Risk,200
上新老人文康中心,3鄰41-2號,苗栗縣卓蘭鎮,室內,24.302705,120.83172,台中,43,良好,23.54,Low Risk,100
金沙鎮西園里辦公處,西園里西園1-3號,金門縣金沙鎮,室內,24.303,118.242,雲林,45,良好,232.44,Low Risk,30
甲南國小北棟地下室1樓,臨海路26號,臺中市清水區,室內,24.3046,120.5958,台中,43,良好,19.15,Low Risk,50
清泉國中活動中心,臨海路27-2號,臺中市清水區,室內,24.306,120.5918,台中,43,良好,19.46,Low Risk,150
后綜高中,三豐路80號,臺中市后里區,室內,24.3062,120.7226,台中,43,良好,18.31,Low Risk,2083
臺中市立后里幼兒園,三光路95號,臺中市后里區,室內,24.3067,120.7112,台中,43,良好,18.09,Low Risk,50
后里國中,中眉路169號,臺中市后里區,室內,24.3071,120.695,台中,43,良好,17.86,Low Risk,869
墩東社區活動中心,平安路130號,臺中市后里區,室內,24.3071,120.7155,台中,43,良好,18.23,Low Risk,150
內埔國小,文化路30號,臺中市后里區,室內,24.3075,120.7145,台中,43,良好,18.25,Low Risk,726
墩北社區活動中心,三光路139號,臺中市后里區,室內,24.308,120.7119,台中,43,良好,18.24,Low Risk,120
后里社區活動中心,甲后路1段501巷48號,臺中市后里區,室內,24.3082,120.7206,台中,43,良好,18.47,Low Risk,80
和平活動中心,三鄰108號,花蓮縣秀林鄉,室內,24.3083,121.7483,花蓮,35,良好,57.75,Low Risk,100
義里社區活動中心,梅里路11-3號,臺中市后里區,室內,24.3084,120.7314,台中,43,良好,18.81,Low Risk,70
后里區立活動中心,文化路32號,臺中市后里區,室內,24.3089,120.7142,台中,43,良好,18.39,Low Risk,200
明正國小教室,東蘭路永盛巷57-1號,臺中市東勢區,室內,24.3094,120.7904,台中,43,良好,21.53,Low Risk,380
后里國小,甲后路110號,臺中市后里區,室內,24.31,120.7294,台中,43,良好,18.91,Low Risk,620
金沙鎮官嶼里辦公處,官嶼里官澳82-2號,金門縣金沙鎮,室內,24.311,118.245,雲林,45,良好,232.4,Low Risk,30
育英國小,四月路23號,臺中市后里區,室內,24.3113,120.6794,台中,43,良好,18.2,Low Risk,250
卓蘭國小活動中心,中山路125號,苗栗縣卓蘭鎮,室內,24.3122,120.8248,台中,43,良好,23.87,Low Risk,200
卓蘭國小操場,中山路125號,苗栗縣卓蘭鎮,室內,24.3122,120.8248,台中,43,良好,23.87,Low Risk,500
高美國小教學行政大樓地下室1樓,護岸路37號,臺中市清水區,室內,24.3123,120.5622,台中,43,良好,21.51,Low Risk,300
臺中市立后里幼兒園-太平聯合分所,四月路23之6號,臺中市后里區,室內,24.3131,120.6776,台中,43,良好,18.4,Low Risk,50
厚里社區活動中心,九甲路一路259號,臺中市后里區,室內,24.3135,120.7157,台中,43,良好,18.92,Low Risk,150
月眉國小,甲后路940號,臺中市后里區,室內,24.3153,120.6909,台中,43,良好,18.72,Low Risk,818
泰安社區活動中心,福興路67-1號,臺中市后里區,室內,24.3218,120.7435,台中,43,良好,20.62,Low Risk,100
泰安國小,安眉路5號,臺中市后里區,室內,24.3253,120.7505,台中,43,良好,21.23,Low Risk,579
水美國小勤學樓,水美路二崁路63號,臺中市外埔區,室內,24.328,120.6339,台中,43,良好,20.45,Low Risk,200
南澳高中,蘇花路二段301號,宜蘭縣南澳鄉,室內,24.3322,121.7451,花蓮,35,良好,60.14,Low Risk,245
豐原國中,豐原區西湳里三豐路467號,臺中市豐原區,室內,24.3323,120.7298,台中,43,良好,21.3,Low Risk,100
外埔老人文康活動中心,甲后路499號,臺中市外埔區,室內,24.3324,120.651,台中,43,良好,20.67,Low Risk,500
農民研習中心大型收容所,六分路499,臺中市外埔區,室內,24.3327,120.6512,台中,43,良好,20.7,Low Risk,100
公館社區活動中心,三豐路5段352巷163號,臺中市后里區,室內,24.3329,120.7329,台中,43,良好,21.45,Low Risk,150
金洋國小,南澳鄉金洋村11號,宜蘭縣南澳鄉,室內,24.3332,121.7458,花蓮,35,良好,60.26,Low Risk,28
澳花和平基督長老教會,南澳鄉澳花村和平路48號,宜蘭縣南澳鄉,室內,24.333451,121.745835,花蓮,35,良好,60.29,Low Risk,20
水美社區活動中心,水美路129號,臺中市外埔區,室內,24.3337,120.6315,台中,43,良好,21.12,Low Risk,100
坪林社區活動中心,2鄰8之1號,苗栗縣卓蘭鎮,室內,24.3358,120.8761,台中,43,良好,29.31,Low Risk,100
景山國小操場,5鄰88號,苗栗縣卓蘭鎮,室內,24.3358,120.8763,台中,43,良好,29.32,Low Risk,100
文武國小體育教室,大甲區武陵里文曲路61號,臺中市大甲區,室內,24.3364,120.6006,台中,43,良好,22.25,Low Risk,118
桃山社區活動中心,東崎路1段桃山巷39之7號,臺中市和平區,室內,24.34,120.9357,台中,43,良好,34.11,Low Risk,60
豐原高中,豐原區南田里水源路150號,臺中市豐原區,室內,24.3401,120.6253,台中,43,良好,21.95,Low Risk,210
大甲區長青活動中心,大甲區中山里水源路167號,臺中市大甲區,室內,24.3409,120.6269,台中,43,良好,22.0,Low Risk,525
雙連國小操場,雙連16-1號,苗栗縣卓蘭鎮,室內,24.3449,120.8419,台中,43,良好,27.78,Low Risk,100
大安國小體育館,大安區中庄里中山南路296號,臺中市大安區,室內,24.3451,120.5882,台中,43,良好,23.6,Low Risk,5119
老人文康活動中心,興安路376號,臺中市大安區,室內,24.3459,120.5895,台中,43,良好,23.63,Low Risk,50
大安區公所禮堂,大安區中庄里中山南路356號,臺中市大安區,室內,24.3462,120.5866,台中,43,良好,23.77,Low Risk,60
梅園村活動中心,6鄰36號,苗栗縣泰安鄉,室內,24.3479,120.9304,台中,43,良好,34.26,Low Risk,100
新開國小操場,新開25號,苗栗縣大湖鄉,室內,24.348257,120.826351,台中,43,良好,27.15,Low Risk,100
新開國小,4鄰新開25號,苗栗縣大湖鄉,室內,24.348257,120.826351,台中,43,良好,27.15,Low Risk,100
文昌國小戶外空地,大甲區孔門里育德路113號,臺中市大甲區,室外,24.3483,120.6242,台中,43,良好,22.86,Low Risk,413
大甲高工活動中心,大甲區頂店里開元路71號,臺中市大甲區,室內,24.3499,120.6445,台中,43,良好,22.68,Low Risk,496
大甲國小禮堂,大甲區文武里育德路233號,臺中市大甲區,室內,24.3508,120.6261,台中,43,良好,23.09,Low Risk,240
豐田國小操場,3鄰36號,苗栗縣卓蘭鎮,室內,24.3517,120.8577,台中,43,良好,29.38,Low Risk,200
坪林國小操場,7鄰86-2號,苗栗縣卓蘭鎮,室內,24.3526,120.8653,台中,43,良好,29.95,Low Risk,200
大甲國中活動中心,大甲區文武里育英路186號,臺中市大甲區,室內,24.3536,120.6223,台中,43,良好,23.48,Low Risk,491
三光國小體育館,大安區龜殼里3鄰中松路297號,臺中市大安區,室內,24.358,120.6005,台中,43,良好,24.53,Low Risk,300
景山社區活動中心,5鄰78號,苗栗縣卓蘭鎮,室內,24.3587,120.8671,台中,43,良好,30.58,Low Risk,50
士林國小,5鄰26號,苗栗縣泰安鄉,室內,24.3605,120.947,台中,43,良好,36.44,Low Risk,150
象鼻村活動中心,1鄰7號,苗栗縣泰安鄉,室內,24.360527,120.94702,台中,43,良好,36.45,Low Risk,160
象鼻村活動中心戶外廣場,1鄰7號,苗栗縣泰安鄉,室外,24.362245,120.938938,台中,43,良好,35.95,Low Risk,100
大安國中體育館,大安區松雅里大安港路691號,臺中市大安區,室內,24.3652,120.6018,台中,43,良好,25.26,Low Risk,1325
栗林國小操場,5鄰四份61號,苗栗縣大湖鄉,室內,24.373502,120.842715,台中,43,良好,30.4,Low Risk,100
栗林社區活動中心,5鄰四份61號之2,苗栗縣大湖鄉,室內,24.373511,120.842741,台中,43,良好,30.41,Low Risk,100
武榮社區活動中心,水流東7號,苗栗縣大湖鄉,室內,24.3755,120.8646,台中,43,良好,31.88,Low Risk,100
日南國中體育館,大甲區孟春里中山路二段69-11號,臺中市大甲區,室內,24.3783,120.652,台中,43,良好,25.73,Low Risk,539
海墘國小體育館,大安區海墘里大安港路1100號,臺中市大安區,室內,24.3792,120.589,台中,43,良好,27.13,Low Risk,2370
東興國小操場,下湖37號,苗栗縣大湖鄉,室內,24.380718,120.882811,台中,43,良好,33.48,Low Risk,100
東興國小,下湖37號,苗栗縣大湖鄉,室內,24.380728,120.882822,台中,43,良好,33.48,Low Risk,100
永安國小體育館,大安區永安里東西四路252號,臺中市大安區,室內,24.3823,120.6063,台中,43,良好,26.96,Low Risk,300
武榮國小操場,義和村淋漓坪77號,苗栗縣大湖鄉,室內,24.382508,120.867425,台中,43,良好,32.68,Low Risk,100
日南國小禮堂,大甲區幸福里中山路二段568號,臺中市大甲區,室內,24.39,120.6551,台中,43,良好,27.01,Low Risk,99
細道邦長老教會,1鄰長橋13號,苗栗縣泰安鄉,室內,24.3938,120.9203,台中,43,良好,37.07,Low Risk,30
梅園村活動中心戶外廣場,6鄰36號,苗栗縣泰安鄉,室外,24.395274,120.96991,台中,43,良好,40.74,Low Risk,100
南湖國中操場,蔗部坪1號,苗栗縣大湖鄉,室內,24.397403,120.867265,台中,43,良好,34.0,Low Risk,200
南湖國中,3鄰蔗篰坪12號,苗栗縣大湖鄉,室內,24.397403,120.867265,台中,43,良好,34.0,Low Risk,200
西南門里辦公處,民權路90-6號,金門縣金城鎮,室內,24.40212,118.305944,雲林,45,良好,229.66,Low Risk,50
金門城社區活動中心,金門城85-1號,金門縣金城鎮,室內,24.40212,118.305944,雲林,45,良好,229.66,Low Risk,50
華龍國小戶外空地,大甲區日南里工二路1號,臺中市大甲區,室外,24.406,120.6482,台中,43,良好,28.84,Low Risk,2702
前水頭社區活動中心,前水頭150-1號,金門縣金城鎮,室內,24.412637,118.295323,雲林,45,良好,231.06,Low Risk,50
和平社區活動中心,和平新村130號,金門縣金城鎮,室內,24.414884,118.32855,彰化,41,良好,227.87,Low Risk,50
金門縣烈嶼鄉上岐村辦公處,青岐90號,金門縣烈嶼鄉,室內,24.4154,118.226,雲林,45,良好,237.79,Low Risk,30
金湖鎮料羅里辦公處,料羅16-4號,金門縣金湖鎮,室內,24.416677,118.436256,彰化,41,良好,217.14,Low Risk,30
賢庵里辦公處,賢聚25號,金門縣金城鎮,室內,24.417848,118.30989,彰化,41,良好,229.79,Low Risk,30
大湖農工操場,17鄰竹高屋68號,苗栗縣大湖鄉,室內,24.42,120.861173,台中,43,良好,35.75,Low Risk,150
大湖農工,17鄰竹高屋68號,苗栗縣大湖鄉,室內,24.42,120.861173,台中,43,良好,35.75,Low Risk,150
西岐國小有晴館,大甲區西岐里順帆路96號,臺中市大甲區,室內,24.4209,120.629,台中,43,良好,30.71,Low Risk,280
大興村活動中心,1鄰22號,苗栗縣泰安鄉,室內,24.4211,120.9109,台中,43,良好,38.76,Low Risk,100
大湖國小操場,中正路育英巷11號,苗栗縣大湖鄉,室內,24.421425,120.869809,台中,43,良好,36.36,Low Risk,100
大湖國小,中正路育英巷11號,苗栗縣大湖鄉,室內,24.421425,120.869809,台中,43,良好,36.36,Low Risk,100
大南村辦公處,小南勢71-1號,苗栗縣大湖鄉,室內,24.422399,120.8984,台中,43,良好,38.11,Low Risk,100
大湖鄉老人文康中心,忠孝路69號,苗栗縣大湖鄉,室內,24.424989,120.866884,台中,43,良好,36.53,Low Risk,100
福興里民活動中心,6鄰57-1號,苗栗縣通霄鎮,室內,24.4259,120.7277,台中,43,良好,31.42,Low Risk,30
鄉立武塔村幼兒園,南澳鄉武塔村新溪路溫泉巷7號,宜蘭縣南澳鄉,室內,24.4259,121.7493,新店,41,良好,63.86,Low Risk,22
金湖鎮蓮庵里辦公處,東村43號,金門縣金湖鎮,室內,24.42601,118.445281,彰化,41,良好,216.42,Low Risk,30
大湖國中操場,民族路80號,苗栗縣大湖鄉,室內,24.426432,120.870777,台中,43,良好,36.88,Low Risk,100
大湖國中,民族路80號,苗栗縣大湖鄉,室內,24.426432,120.870777,台中,43,良好,36.88,Low Risk,100
金門縣烈嶼鄉上林村辦公處,上林78號,金門縣烈嶼鄉,室內,24.4279,118.2322,雲林,45,良好,237.65,Low Risk,30
金門縣烈嶼鄉體育館,后井40號,金門縣烈嶼鄉,室內,24.429,118.2429,雲林,45,良好,236.67,Low Risk,100
新隆國小操場,2鄰18號,苗栗縣銅鑼鄉,室內,24.4297,120.809,台中,43,良好,34.23,Low Risk,20
新隆國小,2鄰18號,苗栗縣銅鑼鄉,室內,24.4297,120.809,台中,43,良好,34.23,Low Risk,50
金門縣立體育館,民族路261號,金門縣金城鎮,室內,24.42986,118.315222,彰化,41,良好,229.47,Low Risk,500
金城鎮公所,民生路2號,金門縣金城鎮,室內,24.432741,118.320608,彰化,41,良好,228.98,Low Risk,60
榜林村辦公處收容所,榜林21號,金門縣金寧鄉,室內,24.435134,118.331873,彰化,41,良好,227.9,Low Risk,50
金門縣烈嶼鄉西口村辦公處,西方18號,金門縣烈嶼鄉,室內,24.4353,118.2383,彰化,41,良好,237.25,Low Risk,30
金湖鎮新湖里辦公處,湖前62-1號,金門縣金湖鎮,室內,24.435813,118.414545,彰化,41,良好,219.67,Low Risk,30
南山活動中心,泰雅一路61巷5號,宜蘭縣大同鄉,室內,24.4386,121.371,新竹,39,良好,58.81,Low Risk,92
金湖鎮正義里辦公處,成功65-1號,金門縣金湖鎮,室內,24.439013,118.390023,彰化,41,良好,222.18,Low Risk,40
金湖鎮公所,林森路二號,金門縣金湖鎮,室內,24.441506,118.416876,彰化,41,良好,219.55,Low Risk,120
金湖鎮新市里辦公處,林森路6號,金門縣金湖鎮,室內,24.441569,118.416754,彰化,41,良好,219.56,Low Risk,40
金湖鎮溪湖里辦公處,溪邊80號,金門縣金湖鎮,室內,24.442463,118.460286,彰化,41,良好,215.24,Low Risk,30
金湖鎮山外里辦公處,山外1-1號,金門縣金湖鎮,室內,24.443575,118.414691,彰化,41,良好,219.81,Low Risk,30
金岳國小,南澳鄉金岳村金岳路2號,宜蘭縣南澳鄉,室內,24.4456,121.7692,新店,41,良好,62.51,Low Risk,28
武塔國小,南澳鄉武塔村新溪路1號,宜蘭縣南澳鄉,室內,24.445655,121.777599,新店,41,良好,62.83,Low Risk,30
金門縣烈嶼鄉黃埔村辦公處,黃厝45號,金門縣烈嶼鄉,室內,24.4467,118.2518,彰化,41,良好,236.11,Low Risk,30
清安村活動中心,2鄰80號,苗栗縣泰安鄉,室內,24.4478,120.9074,台中,43,良好,40.93,Low Risk,110
南澳村辦公處,南澳鄉南澳村中正路25號,宜蘭縣南澳鄉,室內,24.4488,121.7778,新店,41,良好,62.51,Low Risk,15
富民社區活動中心戶外廣場,2鄰80號,苗栗縣泰安鄉,室外,24.44902,120.899611,台中,43,良好,40.59,Low Risk,100
盤山村辦公處收容所,頂堡150號,金門縣金寧鄉,室內,24.449053,118.340234,彰化,41,良好,227.33,Low Risk,50
后盤村辦公處收容所,后盤山33號,金門縣金寧鄉,室內,24.450889,118.354268,彰化,41,良好,225.97,Low Risk,50
金寧鄉公所收容所,仁愛新村1號,金門縣金寧鄉,室內,24.4509,118.3349,彰化,41,良好,227.9,Low Risk,100
金湖鎮瓊林里辦公處,瓊林236-1號,金門縣金湖鎮,室內,24.455146,118.372922,彰化,41,良好,224.2,Low Risk,50
安美村辦公處收容所,安岐37-3號,金門縣金寧鄉,室內,24.457343,118.32665,彰化,41,良好,228.85,Low Risk,50
湖埔村辦公處收容所,湖下155號,金門縣金寧鄉,室內,24.458058,118.305473,彰化,41,良好,230.97,Low Risk,50
朝陽社區活動中心,朝陽路40號,宜蘭縣蘇澳鎮,室內,24.4615,121.8158,新店,41,良好,62.82,Low Risk,72
興隆國小操場,117號,苗栗縣銅鑼鄉,室內,24.4629,120.812,台中,43,良好,37.75,Low Risk,20
興隆國小,117號,苗栗縣銅鑼鄉,室內,24.4629,120.812,台中,43,良好,37.75,Low Risk,50
南強社區活動中心,南澳路1號,宜蘭縣蘇澳鎮,室內,24.4635,121.8059,新店,41,良好,62.18,Low Risk,49
通霄鎮綜合活動中心,信義路248號,苗栗縣通霄鎮,室內,24.4638,120.7449,台中,43,良好,35.88,Low Risk,200
文峰國小操場,樟樹12之1號,苗栗縣銅鑼鄉,室內,24.4645,120.7858,台中,43,良好,37.02,Low Risk,20
文峰國小,樟樹12之1號,苗栗縣銅鑼鄉,室內,24.4645,120.7858,台中,43,良好,37.02,Low Risk,50
蓬萊國小,南澳路85號,宜蘭縣蘇澳鎮,室內,24.4647,121.803,新店,41,良好,61.94,Low Risk,50
錦水村活動中心,5鄰29號,苗栗縣泰安鄉,室內,24.4652,120.9428,新竹,39,良好,39.5,Low Risk,80
南澳鄉公所二樓,蘇花路二段381號,宜蘭縣南澳鄉,室內,24.466067,121.803634,新店,41,良好,61.83,Low Risk,30
錦水村活動中心戶外廣場,5鄰29號,苗栗縣泰安鄉,室外,24.46710665,120.9346559,新竹,39,良好,39.35,Low Risk,120
金洋社區活動中心,南澳鄉金洋村博愛路3號,宜蘭縣南澳鄉,室內,24.4673,121.8006,新店,41,良好,61.57,Low Risk,23
南澳國小,南澳鄉南澳村中正路15號,宜蘭縣南澳鄉,室內,24.467509,121.801149,新店,41,良好,61.57,Low Risk,75
南衡宮,5鄰北庄28號,苗栗縣獅潭鄉,室內,24.4716,120.8865,新竹,39,良好,39.56,Low Risk,50
九湖國小操場,10鄰91之1號,苗栗縣銅鑼鄉,室內,24.473,120.7764,台中,43,良好,37.64,Low Risk,20
九湖國小,10鄰91之1號,苗栗縣銅鑼鄉,室內,24.473,120.7764,台中,43,良好,37.64,Low Risk,50
碧候國小,南澳鄉碧候村信自覺巷38號,宜蘭縣南澳鄉,室內,24.474443,121.784722,新店,41,良好,60.17,Low Risk,43
豐林國小,4鄰八角林56號,苗栗縣獅潭鄉,室內,24.4766,120.8913,新竹,39,良好,38.92,Low Risk,400
古寧村辦公處收容所,北山10之3號,金門縣金寧鄉,室內,24.477772,118.31223,彰化,41,良好,230.7,Low Risk,50
新豐村活動中心,3鄰八角林39-1號,苗栗縣獅潭鄉,室內,24.4789,120.8939,新竹,39,良好,38.62,Low Risk,120
城南社區活動中心,1鄰123-1號,苗栗縣通霄鎮,室內,24.4838,120.6826,台中,43,良好,37.38,Low Risk,30
銅鑼灣會館,新興路78號,苗栗縣銅鑼鄉,室內,24.4851,120.7855,台中,43,良好,39.19,Low Risk,70
通霄國小,中正路12號,苗栗縣通霄鎮,室內,24.4869,120.6786,台中,43,良好,37.72,Low Risk,200
豐林社區活動中心,10鄰24號,苗栗縣獅潭鄉,室內,24.4884,120.9005,新竹,39,良好,37.46,Low Risk,250
金沙鎮公所,環島東路一段112號,金門縣金沙鎮,室內,24.4889,118.4132,彰化,41,良好,220.91,Low Risk,110
八卦村活動中心,3鄰50號,苗栗縣泰安鄉,室內,24.4896,120.9325,新竹,39,良好,36.88,Low Risk,40
中興國小操場,150號,苗栗縣銅鑼鄉,室內,24.4899,120.8028,台中,43,良好,40.24,Low Risk,20
中興國小,150號,苗栗縣銅鑼鄉,室內,24.4899,120.8028,台中,43,良好,40.24,Low Risk,50
四季活動中心,大同鄉南山村4鄰埤南巷9-1號,宜蘭縣大同鄉,室內,24.4899,121.4182,新店,41,良好,54.51,Low Risk,88
通霄國中,中山路190巷1號,苗栗縣通霄鎮,室內,24.4908,120.6833,台中,43,良好,38.16,Low Risk,200
銅鑼國小操場,文化街1號,苗栗縣銅鑼鄉,室內,24.4908,120.7913,台中,43,良好,39.97,Low Risk,20
銅鑼國小,文化街1號,苗栗縣銅鑼鄉,室內,24.4908,120.7913,台中,43,良好,39.97,Low Risk,50
八卦村活動中心戶外操場,3鄰50號,苗栗縣泰安鄉,室外,24.49132664,120.9243031,新竹,39,良好,36.77,Low Risk,200
苗栗縣青少年服務中心暨平安社區活動中心,平元55-6號,苗栗縣通霄鎮,室內,24.495102,120.691288,台中,43,良好,38.67,Low Risk,150
竹森社區活動中心,4鄰22-1號,苗栗縣銅鑼鄉,室內,24.5041,120.7829,新竹,39,良好,39.74,Low Risk,50
廣德宮廣場,4鄰22號,苗栗縣銅鑼鄉,室外,24.5045,120.7828,新竹,39,良好,39.71,Low Risk,30
公館鄉公所,14鄰368-10號,苗栗縣公館鄉,室內,24.505958,120.828396,新竹,39,良好,37.61,Low Risk,300
公館鄉老人文康中心,4鄰124號,苗栗縣公館鄉,室內,24.515114,120.824346,新竹,39,良好,36.83,Low Risk,300
東澳社區活動中心,東澳路103號,宜蘭縣蘇澳鎮,室內,24.516,121.8346,新店,41,良好,58.4,Low Risk,42
東澳國小,南澳鄉東岳村蘇花路3段209號,宜蘭縣南澳鄉,室內,24.52148,121.832701,新店,41,良好,57.78,Low Risk,38
東岳村災民收容中心,南澳鄉東岳村蘇花路3段139巷8弄7號1樓,宜蘭縣南澳鄉,室內,24.5216,121.833,新店,41,良好,57.78,Low Risk,27
南勢社區活動中心,8鄰新勝8-1號,苗栗縣苗栗市,室內,24.5235,120.7924,新竹,39,良好,37.39,Low Risk,30
五湖社區活動中心,13鄰194-4號,苗栗縣西湖鄉,室內,24.5246,120.7704,新竹,39,良好,38.38,Low Risk,50
和興社區活動中心,8鄰13號,苗栗縣獅潭鄉,室內,24.5263,120.9146,新竹,39,良好,33.06,Low Risk,150
四湖社區活動中心,4鄰11號,苗栗縣西湖鄉,室內,24.5312,120.745,新竹,39,良好,39.17,Low Risk,50
茂安活動中心,大同鄉四季村5鄰和勳巷2號,宜蘭縣大同鄉,室內,24.5315,121.4516,新店,41,良好,49.3,Low Risk,90
義民廟,4鄰46號,苗栗縣獅潭鄉,室內,24.539236,120.920102,新竹,39,良好,31.55,Low Risk,300
獅潭國小,11鄰129號,苗栗縣獅潭鄉,室內,24.540041,120.921017,新竹,39,良好,31.45,Low Risk,300
水源社區活動中心,中正路1151號,苗栗縣苗栗市,室內,24.5405,120.8165,新竹,39,良好,34.59,Low Risk,15
新店村活動中心,4鄰46-1號,苗栗縣獅潭鄉,室內,24.5421,120.9215,新竹,39,良好,31.22,Low Risk,100
蓬萊國小室外,19鄰紅毛館118號,苗栗縣南庄鄉,室外,24.5428,120.9708,新竹,39,良好,30.79,Low Risk,100
蓬萊國小室內,19鄰紅毛館118號,苗栗縣南庄鄉,室內,24.542802,120.970819,新竹,39,良好,30.79,Low Risk,40
勝利社區活動中心,復興路1段492號,苗栗縣苗栗市,室內,24.5445,120.8234,新竹,39,良好,33.89,Low Risk,40
獅潭國中,21號,苗栗縣獅潭鄉,室內,24.545,120.9229,新竹,39,良好,30.88,Low Risk,300
恭敬社區活動中心,7鄰恭敬路77-1號,苗栗縣苗栗市,室內,24.5461,120.8155,新竹,39,良好,34.08,Low Risk,35
國立聯合大學活動中心,聯大1號,苗栗縣苗栗市,室內,24.5464,120.816,新竹,39,良好,34.03,Low Risk,100
國立聯合大學操場,聯大一號,苗栗縣苗栗市,室內,24.5464,120.816,新竹,39,良好,34.03,Low Risk,200
高苗里活動中心,22鄰松園1號,苗栗縣苗栗市,室內,24.549403,120.811818,新竹,39,良好,33.92,Low Risk,300
大同國小活動中心,大同路80號,苗栗縣苗栗市,室內,24.5528,120.815,新竹,39,良好,33.44,Low Risk,100
大同國小操場,大同路80號,苗栗縣苗栗市,室內,24.5528,120.815,新竹,39,良好,33.44,Low Risk,200
維新社區活動中心,僑育北街62號1樓,苗栗縣苗栗市,室內,24.5535,120.8256,新竹,39,良好,32.89,Low Risk,20
新英社區活動中心,15鄰新英108-2號,苗栗縣苗栗市,室內,24.5548,120.8077,新竹,39,良好,33.59,Low Risk,30
苗栗市老人文康中心室外草皮,福星山21號,苗栗縣苗栗市,室外,24.5556,120.8142,新竹,39,良好,33.2,Low Risk,100
苗栗市老人文康中心室內空間,福星山21號,苗栗縣苗栗市,室內,24.5556,120.8142,新竹,39,良好,33.2,Low Risk,150
苗栗農工活動中心,經國路2段491號,苗栗縣苗栗市,室內,24.5564,120.8341,新竹,39,良好,32.23,Low Risk,100
苗栗農工操場,經國路2段491號,苗栗縣苗栗市,室內,24.5564,120.8341,新竹,39,良好,32.23,Low Risk,300
西湖鄉農特產品展售綜合活動中心,1鄰店仔街4之1號,苗栗縣西湖鄉,室內,24.5589,120.7562,新竹,39,良好,36.01,Low Risk,200
西湖鄉農特產品展售綜合活動中心戶外草坪,店仔街4之1號,苗栗縣西湖鄉,室外,24.5589,120.7562,新竹,39,良好,36.01,Low Risk,300
西湖鄉立體育館,2鄰24-9號,苗栗縣西湖鄉,室內,24.559,120.7569,新竹,39,良好,35.96,Low Risk,100
中苗社區活動中心,13鄰長春街42巷45號,苗栗縣苗栗市,室內,24.5593,120.8204,新竹,39,良好,32.55,Low Risk,25
秀巒村集會所,4鄰8號,新竹縣尖石鄉,室內,24.5601,121.2855,新竹,39,良好,43.19,Low Risk,50
永興村活動中心,3鄰17-1號,苗栗縣獅潭鄉,室內,24.5608,120.931,新竹,39,良好,29.02,Low Risk,150
福麗社區活動中心,8鄰32-1號,苗栗縣苗栗市,室內,24.5613,120.8163,新竹,39,良好,32.54,Low Risk,30
建功國小操場,中正路241號,苗栗縣苗栗市,室內,24.5642,120.8243,新竹,39,良好,31.88,Low Risk,300
文山國小活動中心,6鄰41號,苗栗縣苗栗市,室內,24.5671,120.8133,新竹,39,良好,32.12,Low Risk,80
文山國小操場,4鄰41號,苗栗縣苗栗市,室內,24.5671,120.8133,新竹,39,良好,32.12,Low Risk,150
玉苗社區活動中心,13鄰光復路210號,苗栗縣苗栗市,室內,24.5697,120.8244,新竹,39,良好,31.33,Low Risk,30
北苗聯合社區活動中心室內空間,中華路45號2樓,苗栗縣苗栗市,室內,24.5711,120.8248,新竹,39,良好,31.18,Low Risk,100
北苗聯合社區活動中心室外停車場,中華路45號,苗栗縣苗栗市,室外,24.5711,120.8248,新竹,39,良好,31.18,Low Risk,200
鎮西堡長老教會,9鄰28號,新竹縣尖石鄉,室內,24.5732,121.302,新竹,39,良好,43.51,Low Risk,80
玉峰村集會所,5鄰38號,新竹縣尖石鄉,室內,24.5735,121.3656,桃園,47,良好,46.71,Low Risk,50
永興國小,6鄰55-1號,苗栗縣獅潭鄉,室內,24.5737,120.9365,新竹,39,良好,27.53,Low Risk,400
南安國中,學府路117號,宜蘭縣蘇澳鎮,室內,24.576,121.8689,新店,41,良好,54.8,Low Risk,82
永樂社區活動中心,永樂路116巷6號,宜蘭縣蘇澳鎮,室內,24.5762,121.8414,新店,41,良好,53.14,Low Risk,74
苗栗縣頭屋國小操場,中山街15號,苗栗縣頭屋鄉,室內,24.5764,120.8509,新竹,39,良好,29.51,Low Risk,100
苗栗縣頭屋國小活動中心,中山街15號?,苗栗縣頭屋鄉,室內,24.5764,120.8509,新竹,39,良好,29.51,Low Risk,150
苗栗縣頭屋國中操場,中正街86巷14號,苗栗縣頭屋鄉,室內,24.577,120.8534,新竹,39,良好,29.35,Low Risk,100
苗栗縣頭屋國中活動中心,中正街86巷14號?,苗栗縣頭屋鄉,室內,24.577,120.8534,新竹,39,良好,29.35,Low Risk,100
永樂國小,永樂路1號,宜蘭縣蘇澳鎮,室內,24.5786,121.8461,新店,41,良好,53.2,Low Risk,34
南安國小,學府路122號,宜蘭縣蘇澳鎮,室內,24.5789,121.8684,新店,41,良好,54.51,Low Risk,69
福星國小活動中心,中華東街62號,苗栗縣苗栗市,室內,24.5791,120.826,新竹,39,良好,30.33,Low Risk,80
福星國小操場,中華東街62號,苗栗縣苗栗市,室內,24.5791,120.826,新竹,39,良好,30.33,Low Risk,150
昭安社區活動中心,內埤路117巷2號,宜蘭縣蘇澳鎮,室內,24.5794,121.8599,新店,41,良好,53.95,Low Risk,51
南興社區活動中心,華山七巷16之2號,宜蘭縣蘇澳鎮,室內,24.5798,121.8663,新店,41,良好,54.3,Low Risk,33
百壽村活動中心,7鄰42-1號,苗栗縣獅潭鄉,室內,24.5799,120.9415,新竹,39,良好,26.79,Low Risk,60
頭屋鄉老人文康活動中心,7鄰象山路82-1號,苗栗縣頭屋鄉,室內,24.581,120.8661,新竹,39,良好,28.45,Low Risk,50
南寧社區活動中心,南新路9號,宜蘭縣蘇澳鎮,室內,24.5812,121.8695,新店,41,良好,54.38,Low Risk,37
白米社區活動中心,永春路134巷11之1號,宜蘭縣蘇澳鎮,室內,24.5826,121.8454,新店,41,良好,52.79,Low Risk,40
南成社區活動中心,民生路15號,宜蘭縣蘇澳鎮,室內,24.583,121.864,新店,41,良好,53.88,Low Risk,34
中和國小操場,中和里14鄰152號,苗栗縣後龍鎮,室內,24.588097,120.734732,新竹,39,良好,34.87,Low Risk,300
中和國小綜合教室,中和里14鄰152號,苗栗縣後龍鎮,室內,24.5881,120.7347,新竹,39,良好,34.87,Low Risk,90
養老天主堂,養老12鄰9號,新竹縣尖石鄉,室內,24.589,121.2674,新竹,39,良好,39.7,Low Risk,40
士敏國小,光明路8號,宜蘭縣蘇澳鎮,室內,24.5923,121.8537,新店,41,良好,52.42,Low Risk,55
長安社區活動中心,勝利路1-1號,宜蘭縣蘇澳鎮,室內,24.5928,121.8541,新店,41,良好,52.4,Low Risk,93
蘇西社區活動中心,志成路62號,宜蘭縣蘇澳鎮,室內,24.5939,121.8412,新店,41,良好,51.53,Low Risk,51
永光社區活動中心,蘇港路85號,宜蘭縣蘇澳鎮,室內,24.594,121.8521,新店,41,良好,52.18,Low Risk,114
蘇澳海事,蘇港路213號,宜蘭縣蘇澳鎮,室內,24.5941,121.8456,新店,41,良好,51.77,Low Risk,132
南江村社區活動中心,22鄰55-1號,苗栗縣南庄鄉,室內,24.5943,121.0001,新竹,39,良好,25.28,Low Risk,50
蘇澳鎮公所,蘇港路215號,宜蘭縣蘇澳鎮,室內,24.5944,121.8422,新店,41,良好,51.54,Low Risk,70
聖湖社區活動中心,全祿街10號,宜蘭縣蘇澳鎮,室內,24.5947,121.8345,新店,41,良好,51.06,Low Risk,99
桃山村辦公處,3鄰52-1號,新竹縣五峰鄉,室內,24.5948,121.1088,新竹,39,良好,28.79,Low Risk,60
蘇澳國中,中山路二段1號,宜蘭縣蘇澳鎮,室內,24.5953,121.8354,新店,41,良好,51.06,Low Risk,67
蘇東社區活動中心,蘇花路5段101巷1號,宜蘭縣蘇澳鎮,室內,24.5956,121.8544,新店,41,良好,52.18,Low Risk,35
蘇澳國小,中山路一段366號,宜蘭縣蘇澳鎮,室內,24.5967,121.8413,新店,41,良好,51.28,Low Risk,72
蘇北社區活動中心,新生路8號,宜蘭縣蘇澳鎮,室內,24.5968,121.8505,新店,41,良好,51.83,Low Risk,28
東村社區第二活動中心,大同路1-1號,苗栗縣南庄鄉,室內,24.5969,121.0009,新竹,39,良好,25.0,Low Risk,60
鄉公所廣場後,大同路1號,苗栗縣南庄鄉,室外,24.597,121.0003,新竹,39,良好,24.98,Low Risk,50
鄉公所廣場前,大同路3號,苗栗縣南庄鄉,室外,24.597,121.0003,新竹,39,良好,24.98,Low Risk,150
蘇南社區活動中心,光復路27巷4號,宜蘭縣蘇澳鎮,室內,24.5971,121.8526,新店,41,良好,51.93,Low Risk,44
公有零售市場二樓,民生街13號,苗栗縣南庄鄉,室內,24.5983,120.9991,新竹,39,良好,24.82,Low Risk,100
樂水活動中心,大同鄉茂安村1鄰志航15-1號,宜蘭縣大同鄉,室內,24.599,121.5301,新店,41,良好,41.0,Low Risk,99
龍德社區活動中心,福德路177巷27號,宜蘭縣蘇澳鎮,室內,24.6,121.8,新店,41,良好,48.61,Low Risk,140
南庄國小,文化路3號,苗栗縣南庄鄉,室內,24.6004,120.9993,新竹,39,良好,24.6,Low Risk,300
龍坑國小教室,龍坑里十班坑158號,苗栗縣後龍鎮,室內,24.6019,120.7782,新竹,39,良好,30.86,Low Risk,80
龍坑國小操場,龍坑里十班坑158號,苗栗縣後龍鎮,室內,24.601926,120.778154,新竹,39,良好,30.86,Low Risk,200
同光國小操場,龍津里10鄰同興94號,苗栗縣後龍鎮,室內,24.610127,120.761765,新竹,39,良好,31.22,Low Risk,200
同光國小綜合教室,龍津里10鄰同興94號,苗栗縣後龍鎮,室內,24.6105,120.7632,新竹,39,良好,31.1,Low Risk,100
寒溪活動中心,8鄰寒溪巷5號,宜蘭縣大同鄉,室內,24.611,121.6779,新店,41,良好,42.04,Low Risk,122
維真國中活動中心,中山路252號,苗栗縣後龍鎮,室內,24.6121,120.7946,新竹,39,良好,28.95,Low Risk,100
岳明社區活動中心,岳明新村91號,宜蘭縣蘇澳鎮,室內,24.6122,121.8502,新店,41,良好,50.46,Low Risk,40
維真國中操場,中山路252號,苗栗縣後龍鎮,室內,24.612202,120.794682,新竹,39,良好,28.93,Low Risk,500
新港國中小活動中心,頂東路30號,苗栗縣後龍鎮,室內,24.6128,120.8194,新竹,39,良好,27.44,Low Risk,100
新港國中小操場,頂東路30號,苗栗縣後龍鎮,室內,24.612828,120.819422,新竹,39,良好,27.44,Low Risk,500
苗栗縣後龍鎮公所,中山路152號,苗栗縣後龍鎮,室內,24.613344,120.792076,新竹,39,良好,28.99,Low Risk,100
岳明國小,嶺腳路140號,宜蘭縣蘇澳鎮,室內,24.6135,121.8531,新店,41,良好,50.53,Low Risk,63
苗栗縣老人福利服務中心,中心路121-5號,苗栗縣後龍鎮,室內,24.61375,120.814498,新竹,39,良好,27.63,Low Risk,200
後龍國小教室,成功路254號,苗栗縣後龍鎮,室內,24.6138,120.7961,新竹,39,良好,28.7,Low Risk,100
後龍國小操場,成功路254號,苗栗縣後龍鎮,室內,24.613833,120.796137,新竹,39,良好,28.7,Low Risk,500
中龍里活動中心,13鄰中南街167號,苗栗縣後龍鎮,室內,24.614455,120.787967,新竹,39,良好,29.15,Low Risk,50
北龍里活動中心,7鄰東門街151號,苗栗縣後龍鎮,室內,24.6154,120.7908,新竹,39,良好,28.89,Low Risk,50
隘丁社區活動中心,城中路40號,宜蘭縣蘇澳鎮,室內,24.6158,121.837,新店,41,良好,49.32,Low Risk,47
後龍國中操場,23鄰勝利街250號,苗栗縣後龍鎮,室內,24.616631,120.784618,新竹,39,良好,29.17,Low Risk,500
北埔社區活動中心,3鄰下林坪40號,苗栗縣三灣鄉,室內,24.6167,120.9478,新竹,39,良好,22.66,Low Risk,60
後龍國中活動中心,23鄰勝利街250號,苗栗縣後龍鎮,室內,24.616762,120.785149,新竹,39,良好,29.13,Low Risk,80
文化國中,新馬路2號,宜蘭縣蘇澳鎮,室內,24.6179,121.8328,新店,41,良好,48.88,Low Risk,61
田美社區活動中心,田美153號,苗栗縣南庄鄉,室內,24.6197,120.9948,新竹,39,良好,22.41,Low Risk,30
慶安廟活動中心,慶安路1號,宜蘭縣蘇澳鎮,室內,24.6204,121.8272,新店,41,良好,48.32,Low Risk,42
溪洲國小操場,87-3號,苗栗縣後龍鎮,室內,24.620956,120.776741,新竹,39,良好,29.32,Low Risk,500
永榮社區活動中心,和平路51號,宜蘭縣蘇澳鎮,室內,24.6212,121.8362,新店,41,良好,48.8,Low Risk,78
馬賽國小,大同路108號,宜蘭縣蘇澳鎮,室內,24.6219,121.8349,新店,41,良好,48.66,Low Risk,63
頂寮文教活動中心,頂寮路2號,宜蘭縣蘇澳鎮,室內,24.623428,121.838037,新店,41,良好,48.72,Low Risk,170
造橋鄉綜合活動中心-室內,慈聖路二段322巷1號,苗栗縣造橋鄉,室內,24.6236,120.8875,新竹,39,良好,23.25,Low Risk,60
造橋鄉綜合活動中心-室外,慈聖路二段322巷1號,苗栗縣造橋鄉,室外,24.6236,120.8875,新竹,39,良好,23.25,Low Risk,150
福德社區活動中心,思村路9號,宜蘭縣蘇澳鎮,室內,24.6249,121.832,新店,41,良好,48.21,Low Risk,60
大興社區活動中心,振安路5號2樓,宜蘭縣冬山鄉,室內,24.6253,121.8106,新店,41,良好,46.88,Low Risk,50
竹林村辦公處,1鄰13號,新竹縣五峰鄉,室內,24.6254,121.1486,新竹,39,良好,28.31,Low Risk,40
存仁社區活動中心,存仁路199之1號,宜蘭縣蘇澳鎮,室內,24.6262,121.8419,新店,41,良好,48.72,Low Risk,55
大河社區活動中心,7鄰60-1號,苗栗縣三灣鄉,室內,24.6266,120.9064,新竹,39,良好,22.34,Low Risk,70
香和社區活動中心,香和路138巷24號,宜蘭縣冬山鄉,室內,24.6276,121.7975,新店,41,良好,45.91,Low Risk,56
南富社區活動中心,13鄰14號,苗栗縣南庄鄉,室內,24.6297,120.9708,新竹,39,良好,21.13,Low Risk,50
東城社區活動中心,東城路280號,宜蘭縣冬山鄉,室內,24.6297,121.8063,新店,41,良好,46.23,Low Risk,107
員林社區活動中心,15鄰52號,苗栗縣南庄鄉,室內,24.6318,120.9634,新竹,39,良好,20.9,Low Risk,50
復興活動中心,大同鄉樂水村5鄰碼崙46號,宜蘭縣大同鄉,室內,24.6318,121.6064,新店,41,良好,37.95,Low Risk,92
五峰活動中心,6鄰98號2樓,新竹縣五峰鄉,室內,24.6321,121.1194,新竹,39,良好,25.89,Low Risk,110
成功國小操場,水尾里12鄰104-1號,苗栗縣後龍鎮,室內,24.63268,120.761747,新竹,39,良好,29.4,Low Risk,300
太和社區活動中心,太和路248號,宜蘭縣冬山鄉,室內,24.6327,121.7734,新店,41,良好,44.1,Low Risk,98
大進社區活動中心,大進九路50號,宜蘭縣冬山鄉,室內,24.6332,121.7121,新店,41,良好,41.07,Low Risk,135
南興社區活動中心,冬山路98之2號,宜蘭縣冬山鄉,室內,24.6333,121.7938,新店,41,良好,45.18,Low Risk,85
獅山社區第二活動中心,15鄰166-2號,苗栗縣南庄鄉,室內,24.6343,121.0135,新竹,39,良好,21.13,Low Risk,50
安平社區活動中心,安平路23號,宜蘭縣冬山鄉,室內,24.6346,121.7893,新店,41,良好,44.8,Low Risk,52
濫坑社區活動中心,4鄰藤坪44號,苗栗縣頭份市,室內,24.6354,120.8836,新竹,39,良好,22.18,Low Risk,55
冬山社區活動中心,中正路20號,宜蘭縣冬山鄉,室內,24.6359,121.7903,新店,41,良好,44.74,Low Risk,46
八寶社區活動中心,八寶路29號,宜蘭縣冬山鄉,室內,24.638,121.7675,新店,41,良好,43.28,Low Risk,65
造橋鄉造橋國中-室外,1鄰老庄27號,苗栗縣造橋鄉,室外,24.6392,120.8563,新竹,39,良好,23.0,Low Risk,300
造橋鄉造橋國中-室內,1鄰老庄27號,苗栗縣造橋鄉,室內,24.6392,120.8563,新竹,39,良好,23.0,Low Risk,300
育英國小,福德路134號,宜蘭縣蘇澳鎮,室內,24.6402,121.833,新店,41,良好,46.94,Low Risk,80
秀巒國小田埔分校,1鄰田埔5號,新竹縣尖石鄉,室內,24.6414,121.2785,新竹,39,良好,37.14,Low Risk,60
丸山社區活動中心,港尾路98號,宜蘭縣冬山鄉,室內,24.6425,121.7662,新店,41,良好,42.79,Low Risk,154
珍珠社區活動中心,富農路1段383巷50號,宜蘭縣冬山鄉,室內,24.6434,121.7942,新店,41,良好,44.28,Low Risk,54
三奇社區活動中心,成興路812號,宜蘭縣冬山鄉,室內,24.6435,121.814,新店,41,良好,45.46,Low Risk,40
補城社區活動中心,建進2路29號,宜蘭縣冬山鄉,室內,24.6436,121.8023,新店,41,良好,44.74,Low Risk,41
梅花社區活動中心,下湖路398號,宜蘭縣冬山鄉,室內,24.6447,121.7529,新店,41,良好,41.88,Low Risk,78
成興社區老人活動中心,蘇澳鎮頂寮路20巷2號,宜蘭縣五結鄉,室內,24.6447,121.8327,文山,40,良好,46.53,Low Risk,121
大山國小操場,7鄰龍山路109號,苗栗縣後龍鎮,室內,24.645529,120.809726,新竹,39,良好,25.08,Low Risk,300
大山國小教室,7鄰龍山路109號,苗栗縣後龍鎮,室內,24.6457,120.8095,新竹,39,良好,25.08,Low Risk,100
花園村集會所,8鄰177號,新竹縣五峰鄉,室內,24.6464,121.1597,新竹,39,良好,27.35,Low Risk,100
上巴陵真耶穌教會,9鄰40號,桃園市復興區,室內,24.648007,121.411331,新店,41,良好,37.82,Low Risk,80
中山社區活動中心,11鄰尖豐路578巷56弄1號,苗栗縣頭份市,室內,24.6485,120.8826,新竹,39,良好,20.88,Low Risk,60
外埔國小教室,6鄰外埔18-9號,苗栗縣後龍鎮,室內,24.6508,120.779,新竹,39,良好,26.74,Low Risk,70
外埔國小操場,6鄰外埔18-9號,苗栗縣後龍鎮,室內,24.650822,120.77902,新竹,39,良好,26.74,Low Risk,300
永和社區活動中心,石馬店17號,苗栗縣三灣鄉,室內,24.6527,120.9564,新竹,39,良好,18.6,Low Risk,50
成興村老人福利中心,利成路一段185號,宜蘭縣五結鄉,室內,24.6532,121.8263,文山,40,良好,45.38,Low Risk,539
順安社區活動中心,義成路2段378巷87號,宜蘭縣冬山鄉,室內,24.6533,121.7647,新店,41,良好,41.7,Low Risk,222
獅山遊客中心,六寮60-8號,新竹縣峨眉鄉,室內,24.65533,121.02454,新竹,39,良好,19.16,Low Risk,25
文英國中操場,200號,苗栗縣頭份市,室內,24.655468,120.880566,新竹,39,良好,20.26,Low Risk,150
石磊國小,1鄰1號,新竹縣尖石鄉,室內,24.6555,121.3264,桃園,47,良好,37.23,Low Risk,100
永美社區活動中心,永興路1段189號,宜蘭縣冬山鄉,室內,24.6555,121.771,新店,41,良好,41.84,Low Risk,30
松羅活動中心,大同鄉松羅村南巷81-10號,宜蘭縣大同鄉,室內,24.6556,121.5789,新店,41,良好,34.92,Low Risk,86
內灣社區活動中心,9鄰16-1號,苗栗縣三灣鄉,室內,24.6557,120.955,新竹,39,良好,18.28,Low Risk,50
鹿埔社區活動中心,鹿埔路490號,宜蘭縣冬山鄉,室內,24.6557,121.7506,新店,41,良好,40.71,Low Risk,154
三灣國小操場室外收容,中山路49號,苗栗縣三灣鄉,室外,24.655737,120.955046,新竹,39,良好,18.28,Low Risk,200
三灣國小室內活動中心,中山路49號,苗栗縣三灣鄉,室內,24.655737,120.955046,新竹,39,良好,18.28,Low Risk,200
廣興社區活動中心,5鄰廣興126-1號,苗栗縣頭份市,室內,24.6583,120.8869,新竹,39,良好,19.71,Low Risk,40
豐鄉村集會所,大山背32號,新竹縣橫山鄉,室內,24.6592,121.1225,新竹,39,良好,23.74,Low Risk,80
瑞峰國小操場,上坪里43號,新竹縣竹東鎮,室內,24.6592,121.1225,新竹,39,良好,23.74,Low Risk,267
瑞峰國小禮堂,43號,新竹縣竹東鎮,室內,24.6592,121.1225,新竹,39,良好,23.74,Low Risk,385
玉峰國小,5鄰59號,新竹縣尖石鄉,室內,24.6601,121.3012,桃園,47,良好,36.63,Low Risk,50
武淵社區活動中心,富農路2段325號,宜蘭縣冬山鄉,室內,24.6606,121.7976,新店,41,良好,42.95,Low Risk,108
員山社區臨時收容站,泰雅一路203巷清水66號,宜蘭縣三星鄉,室內,24.6608,121.6229,新店,41,良好,35.14,Low Risk,38
海寶國小教室,5鄰52-2號,苗栗縣後龍鎮,室內,24.6618,120.8217,新竹,39,良好,22.91,Low Risk,100
海寶國小操場,5鄰52-2號,苗栗縣後龍鎮,室內,24.661823,120.821739,新竹,39,良好,22.91,Low Risk,300
竹東瑞峰國小,竹東鎮上坪里43號,新竹縣橫山鄉,室內,24.66186,121.1215,新竹,39,良好,23.45,Low Risk,385
大義社區臨時收容站,上將路3段375巷31號,宜蘭縣三星鄉,室內,24.6634,121.6103,新店,41,良好,34.57,Low Risk,106
湖光社區活動中心,11鄰湖農新村32號,新竹縣峨眉鄉,室內,24.66422,120.98775,新竹,39,良好,17.41,Low Risk,40
清溝社區活動中心,光明路51號,宜蘭縣冬山鄉,室內,24.6643,121.7611,新店,41,良好,40.47,Low Risk,85
利澤社區活動中心,下福路156號,宜蘭縣五結鄉,室內,24.6649,121.8238,文山,40,良好,44.17,Low Risk,141
二次收容 三星鄉公所臨時辦公處原三星社區,集義路168號,宜蘭縣三星鄉,室內,24.6654,121.6538,新店,41,良好,35.53,Low Risk,148
三星國中臨時收容站,月眉街54號,宜蘭縣三星鄉,室內,24.6654,121.6538,新店,41,良好,35.53,Low Risk,500
大坪社區活動中心,大坪村9鄰下雙坑43之4號,苗栗縣三灣鄉,室內,24.6663,120.9744,新竹,39,良好,17.07,Low Risk,50
大洲多功能館臨時收容站,五分路2段180號,宜蘭縣三星鄉,室內,24.6663,121.6507,新店,41,良好,35.34,Low Risk,78
新群社區活動中心,羅東鎮新群里月眉路300號,宜蘭縣羅東鎮,室內,24.6673,121.7922,新店,41,良好,42.02,Low Risk,114
群英社區活動中心,冬山路5段51號,宜蘭縣冬山鄉,室內,24.6674,121.7735,新店,41,良好,40.9,Low Risk,64
維安社區活動中心,羅東鎮西安里西安街468號,宜蘭縣羅東鎮,室內,24.6675,121.7544,新店,41,良好,39.8,Low Risk,170
港墘社區活動中心,5鄰光明街2號,苗栗縣竹南鎮,室內,24.6677,120.861,新竹,39,良好,20.03,Low Risk,100
宇老派出所,10鄰石磊49號,新竹縣尖石鄉,室內,24.6679,121.2825,桃園,47,良好,35.81,Low Risk,15
憲明國小臨時收容站,福山街119號,宜蘭縣三星鄉,室內,24.6681,121.6391,新店,41,良好,34.79,Low Risk,42
三星國小臨時收容站,三星路5段86號,宜蘭縣三星鄉,室內,24.6685,121.6538,新店,41,良好,35.21,Low Risk,339
第三公園管理站南昌社區活動中心,站前南路1號,宜蘭縣羅東鎮,室外,24.669,121.7725,新店,41,良好,40.69,Low Risk,133
廣興社區活動中心,永興路2段916號,宜蘭縣冬山鄉,室內,24.6691,121.7492,新店,41,良好,39.37,Low Risk,101
成功國小體育館,興東南路100號,宜蘭縣羅東鎮,室內,24.6707,121.7687,新店,41,良好,40.32,Low Risk,228
雙義社區社區二次收容,三星路6段2巷22號,宜蘭縣三星鄉,室內,24.6708,121.7147,新店,41,良好,37.45,Low Risk,53
廣安社區活動中心,廣安路195號,宜蘭縣冬山鄉,室內,24.6709,121.7457,新店,41,良好,39.01,Low Risk,61
羅莊社區活動中心,羅莊街357號,宜蘭縣羅東鎮,室內,24.6716,121.7797,新店,41,良好,40.88,Low Risk,122
阿束社社區活動中心,清潭路146號2樓,宜蘭縣羅東鎮,室內,24.6725,121.7709,新店,41,良好,40.28,Low Risk,28
仁和社區活動中心,清潭路146號2樓,宜蘭縣羅東鎮,室內,24.6725,121.7709,新店,41,良好,40.28,Low Risk,28
梅花長老教會,4鄰99號,新竹縣尖石鄉,室內,24.673,121.204,新竹,39,良好,28.92,Low Risk,80
第二公園管理站羅東鎮老人館,公園路13號,宜蘭縣羅東鎮,室外,24.6733,121.7682,新店,41,良好,40.05,Low Risk,99
仁德社區活動中心,羅東鎮忠義巷92之1號,宜蘭縣羅東鎮,室內,24.6736,121.7663,新店,41,良好,39.91,Low Risk,98
漢民社區活動中心,羅東鎮漢民里純精路一段219號,宜蘭縣羅東鎮,室內,24.6737,121.7635,新店,41,良好,39.74,Low Risk,201
東安社區活動中心,羅東鎮東安里天祥路171號,宜蘭縣羅東鎮,室內,24.6745,121.7766,新店,41,良好,40.44,Low Risk,289
新興國小操場,水源路157號,苗栗縣頭份市,室內,24.675131,120.912927,新竹,39,良好,16.99,Low Risk,200
海口國小-操場,7鄰保福路20號,苗栗縣竹南鎮,室內,24.6755,120.8616,新竹,39,良好,19.27,Low Risk,500
北成國小自強館,北成路一段125號,宜蘭縣羅東鎮,室內,24.6756,121.7586,新店,41,良好,39.29,Low Risk,319
天送埤社區二次收容,福山街30-1號,宜蘭縣三星鄉,室內,24.6758,121.6565,新店,41,良好,34.53,Low Risk,53
聖安宮,忠孝路48號,宜蘭縣羅東鎮,室內,24.676,121.7649,新店,41,良好,39.61,Low Risk,400
大新社區活動中心,中正路128號2樓,宜蘭縣羅東鎮,室內,24.676,121.7714,新店,41,良好,39.99,Low Risk,54
三灣鄉活動中心,親民路15號,苗栗縣三灣鄉,室內,24.6763,120.9551,新竹,39,良好,15.99,Low Risk,80
下興社區活動中心,7鄰下東興78-7號,苗栗縣頭份市,室內,24.6765,120.9107,新竹,39,良好,16.92,Low Risk,90
柯林社區活動中心,光華路209號,宜蘭縣冬山鄉,室內,24.6765,121.7298,新店,41,良好,37.64,Low Risk,54
羅東鎮展演廳,羅東鎮中興路1號,宜蘭縣羅東鎮,室內,24.6765,121.7669,新店,41,良好,39.68,Low Risk,510
季新社區活動中心,季新村季水路北巷6-1號,宜蘭縣五結鄉,室內,24.6766,121.8317,文山,40,良好,43.59,Low Risk,110
新豐社區活動中心,番子田路100號,南投縣草屯鎮,室內,24.676621,120.000836,彰化,41,良好,86.55,Low Risk,80
國華國中自強館,國華街101號,宜蘭縣羅東鎮,室內,24.6767,121.7608,新店,41,良好,39.31,Low Risk,306
北成社區活動中心,北成路二段57巷6號,宜蘭縣羅東鎮,室內,24.6789,121.7527,新店,41,良好,38.65,Low Risk,210
大洲社區二次收容,大洲原路17號,宜蘭縣三星鄉,室內,24.6791,121.6759,新店,41,良好,34.91,Low Risk,63
公正國小體育館,公正路199號,宜蘭縣羅東鎮,室內,24.6793,121.7667,新店,41,良好,39.42,Low Risk,1309
新店社區活動中心,新店路99號,宜蘭縣五結鄉,室內,24.6797,121.8178,文山,40,良好,42.48,Low Risk,77
崙埤活動中心,大同鄉崙埤村朝陽10-8號,宜蘭縣大同鄉,室內,24.6804,121.6007,新店,41,良好,32.53,Low Risk,74
斗煥國小操場,中正二路221號,苗栗縣頭份市,室內,24.680477,120.94751,新竹,39,良好,15.61,Low Risk,200
田寮社區活動中心,7鄰南田街213號,苗栗縣頭份市,室內,24.6807,120.8871,新竹,39,良好,17.46,Low Risk,80
永貞國小操場,永貞路1段335號,苗栗縣頭份市,室內,24.680886,120.884654,新竹,39,良好,17.56,Low Risk,200
羅東國中自強館,中華路99號,宜蘭縣羅東鎮,室內,24.6825,121.7683,新店,41,良好,39.23,Low Risk,277
大成高中操場,大成街下新店65號,苗栗縣頭份市,室內,24.683093,120.939582,新竹,39,良好,15.45,Low Risk,300
第五公園管理站樹林社區活動中心,文林路130號,宜蘭縣羅東鎮,室外,24.6833,121.7614,新店,41,良好,38.75,Low Risk,146
第一公園管理站信義社區活動中心,中華路189號,宜蘭縣羅東鎮,室外,24.6835,121.7686,新店,41,良好,39.15,Low Risk,153
竹南國小-操場,中正路146號,苗栗縣竹南鎮,室內,24.6837,120.8698,新竹,39,良好,18.06,Low Risk,600
竹南鎮公所三樓演藝廳,中正路112號,苗栗縣竹南鎮,室內,24.6838,120.8734,新竹,39,良好,17.85,Low Risk,300
民族社區活動中心室內,東興路108號,苗栗縣頭份市,室內,24.683856,120.904449,新竹,39,良好,16.39,Low Risk,90
珊湖社區活動中心,中正三路103號,苗栗縣頭份市,室內,24.6844,120.9596,新竹,39,良好,15.07,Low Risk,50
行健社區二次收容,行健三路2段13號,宜蘭縣三星鄉,室內,24.6844,121.7041,新店,41,良好,35.61,Low Risk,148
五結鄉公所,五結路二段343號,宜蘭縣五結鄉,室內,24.6847,121.7984,新店,41,良好,40.9,Low Risk,153
錦屏村集會所,1鄰4號,新竹縣尖石鄉,室內,24.685,121.2512,新竹,39,良好,32.33,Low Risk,80
五結社區活動中心,五結中路12號3樓,宜蘭縣五結鄉,室內,24.6852,121.7979,新店,41,良好,40.82,Low Risk,84
六合國小操場,民族路252號,苗栗縣頭份市,室內,24.685661,120.901362,新竹,39,良好,16.33,Low Risk,200
新華社區活動中心,13鄰崎仔頭313號,苗栗縣頭份市,室內,24.6863,120.9283,新竹,39,良好,15.35,Low Risk,80
頭份市公所中正館,中山路234號,苗栗縣頭份市,室內,24.6864,120.913,新竹,39,良好,15.81,Low Risk,100
頭份市公所中山堂,中山路232號,苗栗縣頭份市,室內,24.6864,120.913,新竹,39,良好,15.81,Low Risk,200
正勉堂,興盛北路182巷16號,宜蘭縣五結鄉,室內,24.6865,121.7798,新店,41,良好,39.57,Low Risk,154
峨眉鄉老人文康中心,獅山街7鄰28號,新竹縣峨眉鄉,室內,24.68655,121.01747,新竹,39,良好,15.64,Low Risk,145
信德國小操場,信德路58號,苗栗縣頭份市,室內,24.686799,120.960531,新竹,39,良好,14.79,Low Risk,300
富興國小,太平街8號,新竹縣峨眉鄉,室內,24.6868,120.9885,新竹,39,良好,14.93,Low Risk,3412
東庄社區活動中心,7鄰八德一路66號,苗栗縣頭份市,室內,24.6871,120.8933,新竹,39,良好,16.54,Low Risk,20
竹興國小-操場,竹圍街27號,苗栗縣竹南鎮,室內,24.687124,120.864955,新竹,39,良好,18.02,Low Risk,300
四結社區活動中心,光榮北路198號,宜蘭縣五結鄉,室內,24.6873,121.7739,新店,41,良好,39.13,Low Risk,93
頭份國小操場,中正路219號,苗栗縣頭份市,室內,24.688116,120.912124,新竹,39,良好,15.66,Low Risk,200
新南國小-操場,五谷街2號,苗栗縣竹南鎮,室內,24.688226,120.884878,新竹,39,良好,16.83,Low Risk,500
竹林社區活動中心,復興路二段122號,宜蘭縣羅東鎮,室內,24.6883,121.7658,新店,41,良好,38.56,Low Risk,148
協和社區活動中心,五結路2段199號,宜蘭縣五結鄉,室內,24.6883,121.8045,文山,40,良好,40.92,Low Risk,161
竹林國小體育館,復興路二段128號,宜蘭縣羅東鎮,室內,24.6887,121.7661,新店,41,良好,38.54,Low Risk,357
峨眉國小,峨眉街4號,新竹縣峨眉鄉,室內,24.68874,121.02014,新竹,39,良好,15.5,Low Risk,390
李科永圖書館,永貞路二段196號,苗栗縣竹南鎮,室內,24.689053,120.886019,新竹,39,良好,16.7,Low Risk,300
竹南運動公園,17鄰永貞路二段196號,苗栗縣竹南鎮,室外,24.689128,120.886045,新竹,39,良好,16.69,Low Risk,5000
義興分校,8鄰51號,新竹縣尖石鄉,室內,24.6895,121.1778,新竹,39,良好,25.7,Low Risk,60
建國國中操場,建國路119號,苗栗縣頭份市,室內,24.68975,120.874545,新竹,39,良好,17.23,Low Risk,250
富興社區活動中心,1鄰33號,新竹縣峨眉鄉,室內,24.69036,120.98663,新竹,39,良好,14.51,Low Risk,75
峨眉國中,峨眉街54號,新竹縣峨眉鄉,室內,24.6908,121.0181,新竹,39,良好,15.22,Low Risk,590
竹興社區活動中心-竹南鎮老人文康活動中心,新興街48巷6號,苗栗縣竹南鎮,室內,24.6909,120.8605,新竹,39,良好,17.94,Low Risk,400
頭份國中操場,中央路275號,苗栗縣頭份市,室內,24.6921,120.901115,新竹,39,良好,15.69,Low Risk,250
中盛社區活動中心,5鄰283號,新竹縣峨眉鄉,室內,24.6922,121.03017,新竹,39,良好,15.53,Low Risk,25
蟠桃國小操場,信東路285號,苗栗縣頭份市,室內,24.692772,120.906679,新竹,39,良好,15.39,Low Risk,200
大隱社區臨時收容站,三星路1段533巷48號,宜蘭縣三星鄉,室內,24.6929,121.7274,新店,41,良好,35.96,Low Risk,123
八大庄一百甲城煌廟,五結路一段120號,宜蘭縣五結鄉,室內,24.6929,121.828,文山,40,良好,41.92,Low Risk,51
上埔社區活動中心室內,上埔路85號,苗栗縣頭份市,室內,24.69297,120.922781,新竹,39,良好,14.8,Low Risk,60
萬德社區二次收容,楓林九路61號,宜蘭縣三星鄉,室內,24.6931,121.7282,新店,41,良好,35.98,Low Risk,48
萬富社區臨時收容站,7鄰萬富路59-2號,宜蘭縣三星鄉,室內,24.6931,121.7282,新店,41,良好,35.98,Low Risk,63
蟠桃社區活動中心,22鄰中興街150號,苗栗縣頭份市,室內,24.6937,120.9028,新竹,39,良好,15.46,Low Risk,125
忠孝社區活動中心,2鄰忠孝2路83號,苗栗縣頭份市,室內,24.6937,120.9114,新竹,39,良好,15.11,Low Risk,90
照南國小活動中心,光復路331號,苗栗縣竹南鎮,室內,24.694078,120.87945,新竹,39,良好,16.56,Low Risk,500
佳興社區活動中心,光復路452號,苗栗縣竹南鎮,室內,24.6953,120.8797,新竹,39,良好,16.43,Low Risk,100
嘉興國小,3鄰麥樹仁177號,新竹縣尖石鄉,室內,24.6953,121.2011,新竹,39,良好,27.34,Low Risk,50
建國國小操場,建國路80號,苗栗縣頭份市,室內,24.695407,120.909781,新竹,39,良好,15.0,Low Risk,200
孝威社區活動中心,孝威路322號,宜蘭縣五結鄉,室內,24.6961,121.8117,文山,40,良好,40.64,Low Risk,168
后庄國小操場,文化街20號,苗栗縣頭份市,室內,24.696211,120.897894,新竹,39,良好,15.43,Low Risk,150
五結國中五動館,大吉五路58號,宜蘭縣五結鄉,室內,24.6963,121.8002,文山,40,良好,39.94,Low Risk,465
信義國小操場,信中路36號,苗栗縣頭份市,室內,24.69706,120.890744,新竹,39,良好,15.69,Low Risk,200
興隆社區活動中心室內,興隆路一段24-26號?,苗栗縣頭份市,室內,24.697341,120.931057,新竹,39,良好,14.09,Low Risk,100
四結福德廟,孝威路322號,宜蘭縣五結鄉,室內,24.6974,121.7652,新店,41,良好,37.71,Low Risk,106
石井集會所,4鄰34-7號,新竹縣峨眉鄉,室內,24.69814,121.00073,新竹,39,良好,13.93,Low Risk,35
嘉樂村集會所,6鄰9號,新竹縣尖石鄉,室內,24.6986,121.1913,新竹,39,良好,26.31,Low Risk,40
北埔鄉圓樓市場,光復街30號,新竹縣北埔鄉,室內,24.699071,121.056026,新竹,39,良好,16.12,Low Risk,165
開基灶君廟省民堂,三結東路14號,宜蘭縣五結鄉,室內,24.6994,121.7867,文山,40,良好,38.89,Low Risk,32
北埔鄉老人文康中心,北埔街90號3樓,新竹縣北埔鄉,室內,24.700345,121.055108,新竹,39,良好,15.95,Low Risk,50
埔尾活動中心二次避難所,埔心街132號,新竹縣北埔鄉,室內,24.700742,121.054377,新竹,39,良好,15.87,Low Risk,40
北埔國小二次避難所,埔心街24號,新竹縣北埔鄉,室內,24.700797,121.053448,新竹,39,良好,15.82,Low Risk,865
北埔鄉立幼兒園,中興街2號,新竹縣北埔鄉,室內,24.701165,121.05916,新竹,39,良好,16.11,Low Risk,80
仁愛社區活動中心,羅東鎮仁愛里復興路三段557號,宜蘭縣羅東鎮,室內,24.7014,121.756,新店,41,良好,36.8,Low Risk,174
山下社區活動中心,7鄰山下62-7號,苗栗縣頭份市,室內,24.7018,120.9012,新竹,39,良好,14.72,Low Risk,50
關西國小,7鄰中山路126號,新竹縣關西鎮,室內,24.7029,121.0541,新竹,39,良好,15.66,Low Risk,700
水?社區活動中心,8鄰中豐路1巷9號,新竹縣北埔鄉,室內,24.703765,121.05927,新竹,39,良好,15.88,Low Risk,35
豐田村集會所,3鄰油羅63-1號,新竹縣橫山鄉,室內,24.70432,121.1569,新竹,39,良好,23.03,Low Risk,45
北埔國中二次避難所,埔心街141號,新竹縣北埔鄉,室內,24.704374,121.047608,新竹,39,良好,15.16,Low Risk,920
田寮村集會所,田洋街132號,新竹縣橫山鄉,室內,24.70463,121.1058,新竹,39,良好,18.94,Low Risk,180
三興社區活動中心,三結路43-1號,宜蘭縣五結鄉,室內,24.7056,121.7739,新店,41,良好,37.53,Low Risk,83
尖石天主堂,3鄰147號,新竹縣尖石鄉,室內,24.7059,121.2029,新竹,39,良好,26.93,Low Risk,50
新光國小,8鄰17號,新竹縣尖石鄉,室內,24.706,121.2031,新竹,39,良好,26.94,Low Risk,50
廣濟宮活動中心,大同路1號,新竹縣橫山鄉,室內,24.70628,121.1807,新竹,39,良好,24.95,Low Risk,110
拿互依長老教會,3鄰153號,新竹縣尖石鄉,室內,24.7068,121.2085,新竹,39,良好,27.38,Low Risk,50
大同高中-操場,公義路890號,苗栗縣竹南鎮,室內,24.707893,120.895333,新竹,39,良好,14.41,Low Risk,800
大埔社區活動中心,公義路936號,苗栗縣竹南鎮,室內,24.709181,120.896939,新竹,39,良好,14.2,Low Risk,100
中華村集會所,粗坑路304號,宜蘭縣員山鄉,室內,24.709398,121.646633,新店,41,良好,30.68,Low Risk,11
二結社區活動中心,學進路83號,宜蘭縣五結鄉,室內,24.7095,121.762,新店,41,良好,36.44,Low Risk,170
內城國民中小學化育分校,員山路三段256號,宜蘭縣員山鄉,室內,24.71129,121.652657,新店,41,良好,30.71,Low Risk,180
蓁巷社區活動中心,成功路45號,宜蘭縣員山鄉,室內,24.713572,121.695581,新店,41,良好,32.35,Low Risk,64
員崠國小活動中心,東峰路281號,新竹縣竹東鎮,室內,24.7137,121.0988,新竹,39,良好,17.74,Low Risk,580
七賢村民眾活動中心,賢德路一段61巷25號,宜蘭縣員山鄉,室內,24.714634,121.735106,新店,41,良好,34.37,Low Risk,78
深溝村集會所,深洲一路37巷7號,宜蘭縣員山鄉,室內,24.715727,121.71978,新店,41,良好,33.4,Low Risk,10
力行村集會所,中山街1段177號,新竹縣橫山鄉,室內,24.71575,121.1681,新竹,39,良好,23.32,Low Risk,15
橫山社區長壽俱樂部,橫山96號,新竹縣橫山鄉,室內,24.71819,121.1153,新竹,39,良好,18.71,Low Risk,45
內城社區活動中心,榮光路321號,宜蘭縣員山鄉,室內,24.720881,121.688913,新店,41,良好,31.31,Low Risk,34
雙溪國小三峰分校,7鄰新湖路4段90號,新竹縣寶山鄉,室內,24.72123556,120.9970159,新竹,39,良好,11.35,Low Risk,1100
老人文康活動中心,永昌街53號,新竹縣橫山鄉,室內,24.72184,121.1345,新竹,39,良好,20.07,Low Risk,90
八五三教會,10鄰62-5號,新竹縣尖石鄉,室內,24.7223,121.2741,桃園,47,良好,29.84,Low Risk,200
油田社區活動中心,8鄰新湖路3段172號,新竹縣寶山鄉,室內,24.724414,121.01329,新竹,39,良好,11.56,Low Risk,82
凱旋國民中學樂活館,縣政七街50巷1號,宜蘭縣宜蘭市,室內,24.7256,121.757,新店,41,良好,34.73,Low Risk,164
凱旋國小展藝館,凱旋路130號,宜蘭縣宜蘭市,室內,24.7256,121.7636,新店,41,良好,35.15,Low Risk,277
南隘國小,新竹市南隘路二段31號,新竹市香山區,室內,24.727235,120.929301,新竹,39,良好,10.98,Low Risk,465
凱旋社區活動中心,旋流路3之5號,宜蘭縣宜蘭市,室內,24.7276,121.7682,文山,40,良好,35.24,Low Risk,64
大崎村集會所,雙園路1段6巷32號,新竹縣寶山鄉,室內,24.7288,120.9534,新竹,39,良好,10.21,Low Risk,106
寶斗集會所,6鄰寶斗路110號,新竹縣寶山鄉,室內,24.72880207,120.9533615,新竹,39,良好,10.21,Low Risk,72
新南活動中心,壯圍鄉新南村美福路一段76號,宜蘭縣壯圍鄉,室內,24.7294,121.7873,文山,40,良好,36.2,Low Risk,44
紅葉活動中心,壯圍鄉復興村紅葉路69-4號,宜蘭縣壯圍鄉,室內,24.7297,121.8225,文山,40,良好,38.42,Low Risk,61
南橋社區活動中心,南橋路240號,宜蘭縣宜蘭市,室內,24.7307,121.7412,新店,41,良好,33.29,Low Risk,38
建業社區活動中心,建業路86巷57號、59號,宜蘭縣宜蘭市,室內,24.7315,121.7566,新店,41,良好,34.2,Low Risk,26
惠好社區活動中心,賢德路二段66巷50號,宜蘭縣員山鄉,室內,24.731738,121.730742,新店,41,良好,32.57,Low Risk,125
樹杞林文化館,新生路377號,新竹縣竹東鎮,室內,24.7325,121.0946,新竹,39,良好,16.08,Low Risk,817
中山社區活動中心,大同路257號,新竹縣竹東鎮,室內,24.7328,121.891,文山,40,良好,43.06,Low Risk,93
育才國小中興堂,進士路8號,宜蘭縣宜蘭市,室內,24.7332,121.7369,新店,41,良好,32.81,Low Risk,68
新城國小,10鄰寶新路2段475號,新竹縣寶山鄉,室內,24.733474,120.967436,新竹,39,良好,9.59,Low Risk,770
中山國小禮堂,中山路70號,新竹縣竹東鎮,室內,24.7335,121.0947,新竹,39,良好,16.02,Low Risk,797
秀湖社區活動中心,4鄰五和街3號,新竹縣芎林鄉,室內,24.734,121.1168,新竹,39,良好,17.83,Low Risk,30
水田教會,水田7鄰192號,新竹縣尖石鄉,室內,24.7341,121.2584,桃園,47,良好,28.72,Low Risk,50
竹東國小體育館,康寧街1號,新竹縣竹東鎮,室內,24.7352,121.0883,新竹,39,良好,15.4,Low Risk,650
湖北社區活動中心,大湖五路80號,宜蘭縣員山鄉,室內,24.735298,121.718042,新店,41,良好,31.5,Low Risk,30
福興社區活動中心,八十分31號,新竹縣橫山鄉,室內,24.73543,121.1704,新竹,39,良好,22.53,Low Risk,155
五龍社區活動中心,富林路1段138巷91號,新竹縣芎林鄉,室內,24.7362,121.1223,新竹,39,良好,18.18,Low Risk,20
永鎮活動中心,壯圍鄉永鎮村壯濱路四段375號,宜蘭縣壯圍鄉,室內,24.7366,121.8154,文山,40,良好,37.37,Low Risk,118
竹東客家戲曲公園,原育樂公園,新竹縣竹東鎮,室外,24.7373,121.0903,新竹,39,良好,15.42,Low Risk,805
尚德社區活動中心,三鬮路35巷13號,宜蘭縣員山鄉,室內,24.737618,121.722128,新店,41,良好,31.53,Low Risk,134
逸仙社區活動中心,大湖十六路181巷2號,宜蘭縣員山鄉,室內,24.738714,121.700435,新店,41,良好,30.2,Low Risk,34
沙坑村集會所,沙坑街50號,新竹縣橫山鄉,室內,24.73874,121.1611,新竹,39,良好,21.52,Low Risk,50
大同國小禮堂,莊敬街111號,新竹縣竹東鎮,室內,24.7403,121.0884,新竹,39,良好,15.06,Low Risk,835
寶山國小,8鄰寶山路2段130號,新竹縣寶山鄉,室內,24.74037021,121.022112,新竹,39,良好,10.4,Low Risk,624
進士里鎮興廟,進士路53號,宜蘭縣宜蘭市,室內,24.7414,121.7465,新店,41,良好,32.7,Low Risk,46
內湖國中,新竹市五福路一段12號,新竹市香山區,室內,24.741924,120.911092,新竹,39,良好,10.35,Low Risk,1110
內湖國小,新竹市香山區內湖路109號,新竹市香山區,室內,24.74193,120.90696,新竹,39,良好,10.59,Low Risk,1330
黎明里慶安廟,黎明路481巷11號,宜蘭縣宜蘭市,室內,24.7427,121.7712,文山,40,良好,34.04,Low Risk,30
黎明社區活動中心,黎明路326號,宜蘭縣宜蘭市,室內,24.744,121.776,文山,40,良好,34.22,Low Risk,35
壯五活動中心,壯圍鄉吉祥村壯五路63號,宜蘭縣壯圍鄉,室內,24.744488,121.789598,文山,40,良好,35.02,Low Risk,163
老人文康中心,文化路156號,宜蘭縣員山鄉,室內,24.745244,121.722886,新店,41,良好,30.89,Low Risk,28
國立宜蘭大學體育館,神農路一段1號,宜蘭縣宜蘭市,室內,24.7453,121.7481,新店,41,良好,32.47,Low Risk,375
大湖國小,新竹市香山區大湖里五福路一段530號,新竹市香山區,室內,24.745728,120.933483,新竹,39,良好,8.91,Low Risk,205
湖東社區活動中心,茄苳路68-2號,宜蘭縣員山鄉,室內,24.746017,121.708869,新店,41,良好,29.99,Low Risk,13
壯圍鄉公所,壯圍鄉壯志路1號,宜蘭縣壯圍鄉,室內,24.746835,121.785768,文山,40,良好,34.57,Low Risk,190
大福補天宮,壯圍鄉大福村壯濱路6段279號,宜蘭縣壯圍鄉,室內,24.7469,121.7858,文山,40,良好,34.57,Low Risk,600
思源社區活動中心,泰山路七結巷9之10號,宜蘭縣宜蘭市,室內,24.7482,121.7374,新店,41,良好,31.53,Low Risk,35
雙湖社區活動中心,隘界路131號,宜蘭縣員山鄉,室內,24.748286,121.68547,新店,41,良好,28.49,Low Risk,78
永興社區活動中心,7鄰39之3號,新竹縣芎林鄉,室內,24.7483,121.1104,新竹,39,良好,16.47,Low Risk,20
石潭社區活動中心,福昌街300巷47號,新竹縣芎林鄉,室內,24.7484,121.1009,新竹,39,良好,15.63,Low Risk,60
三聖宮,女中路一段148號,宜蘭縣宜蘭市,室內,24.7488,121.766,文山,40,良好,33.19,Low Risk,85
復興國中群育館,復興路二段77號,宜蘭縣宜蘭市,室內,24.7489,121.7476,文山,40,良好,32.11,Low Risk,212
永和社區活動中心,溫泉路62-1號,宜蘭縣員山鄉,室內,24.749471,121.711078,新店,41,良好,29.8,Low Risk,96
華龍村集會所,6鄰176之1號,新竹縣芎林鄉,室內,24.7502,121.1398,新竹,39,良好,19.03,Low Risk,20
五大社區活動中心,東港路二巷14弄21號,宜蘭縣宜蘭市,室內,24.7504,121.7838,文山,40,良好,34.14,Low Risk,38
中華國中,女中路一段100號,宜蘭縣宜蘭市,室內,24.7505,121.7669,文山,40,良好,33.09,Low Risk,420
國立宜蘭高中體育館,復興路三段8號,宜蘭縣宜蘭市,室內,24.7511,121.7428,新店,41,良好,31.63,Low Risk,237
美城活動中心,壯圍鄉美城村永美路2段121號,宜蘭縣壯圍鄉,室內,24.7513,121.8017,文山,40,良好,35.23,Low Risk,155
黎明國小體育館,校舍路1號,宜蘭縣宜蘭市,室內,24.7517,121.7643,文山,40,良好,32.83,Low Risk,108
社福大樓2樓,民權路一段65號,宜蘭縣宜蘭市,室內,24.7526,121.7539,文山,40,良好,32.13,Low Risk,56
宜蘭國小活動中心,崇聖街2號,宜蘭縣宜蘭市,室內,24.7532,121.7547,文山,40,良好,32.12,Low Risk,286
東嶽廟,中山路二段293號295號,宜蘭縣宜蘭市,室內,24.7534,121.7526,文山,40,良好,31.98,Low Risk,350
南屏國小活動中心,泰山路98號,宜蘭縣宜蘭市,室內,24.754,121.7426,文山,40,良好,31.36,Low Risk,231
中山國小五育館,崇聖街4號,宜蘭縣宜蘭市,室內,24.754,121.7546,文山,40,良好,32.05,Low Risk,65
光復國小五育館,泰山路60號,宜蘭縣宜蘭市,室內,24.7545,121.747,文山,40,良好,31.56,Low Risk,284
國立宜蘭高商四維堂,延平路50號,宜蘭縣宜蘭市,室內,24.7549,121.7655,文山,40,良好,32.61,Low Risk,283
茄冬國小,新竹市香山區茄苳里茄苳路70號,新竹市香山區,室內,24.755627,120.944631,新竹,39,良好,7.49,Low Risk,1060
美福活動中心,壯圍鄉美福村美福路3段92巷6號,宜蘭縣壯圍鄉,室內,24.7569,121.791,文山,40,良好,34.05,Low Risk,60
玉山國小,4鄰赤柯山25號,新竹縣關西鎮,室內,24.7576,121.2087,新竹,39,良好,25.31,Low Risk,280
中華大學,新竹市五福路二段707號,新竹市香山區,室內,24.758944,120.954072,新竹,39,良好,6.89,Low Risk,6770
碧霞宮,城隍街52號,宜蘭縣宜蘭市,室內,24.7593,121.7511,文山,40,良好,31.36,Low Risk,48
過嶺活動中心,壯圍鄉過村壯濱路3段295號,宜蘭縣壯圍鄉,室內,24.759471,121.815365,文山,40,良好,35.49,Low Risk,66
結頭份社區活動中心,永同路2段186之1號,宜蘭縣員山鄉,室內,24.759721,121.719624,新店,41,良好,29.41,Low Risk,52
梅洲里鎮平宮,鎮平路98號,宜蘭縣宜蘭市,室內,24.7608,121.7442,文山,40,良好,30.83,Low Risk,35
東園社區活動中心,宜蘭市新興路111號,宜蘭縣宜蘭市,室內,24.7608,121.7575,文山,40,良好,31.6,Low Risk,44
宜蘭縣社會福利館多功能劇場,同慶街95號,宜蘭縣宜蘭市,室內,24.7617,121.7506,文山,40,良好,31.11,Low Risk,32
同樂社區活動中心,同新路182號,宜蘭縣員山鄉,室內,24.762017,121.729673,新店,41,良好,29.85,Low Risk,94
慶和社區活動中心1樓,碧霞街136號,宜蘭縣宜蘭市,室內,24.7622,121.7524,文山,40,良好,31.17,Low Risk,45
慶和里慶和廟,慶和街慶和巷16號,宜蘭縣宜蘭市,室內,24.7626,121.7518,文山,40,良好,31.1,Low Risk,4
梅洲社區活動中心,金同春路48號1樓,宜蘭縣宜蘭市,室內,24.7631,121.7443,文山,40,良好,30.62,Low Risk,86
力行國小英才館,力行路１５２號,宜蘭縣宜蘭市,室內,24.7638,121.755,文山,40,良好,31.18,Low Risk,148
宜蘭國中活動中心,樹人路37號,宜蘭縣宜蘭市,室內,24.7639,121.75,文山,40,良好,30.88,Low Risk,356
七張社區活動中心,七張路62之11號,宜蘭縣宜蘭市,室內,24.764,121.7752,文山,40,良好,32.42,Low Risk,140
富禮國中,新竹市富禮街16號,新竹市香山區,室內,24.764361,120.912421,新竹,39,良好,8.29,Low Risk,1645
新生社區活動中心,大福路1段243號,宜蘭縣宜蘭市,室內,24.7646,121.7642,文山,40,良好,31.67,Low Risk,35
雙溪國小,9鄰雙園路2段310號,新竹縣寶山鄉,室內,24.7647,120.9913,新竹,39,良好,6.57,Low Risk,3522
七張里慈雲寺,七張路539號,宜蘭縣宜蘭市,室內,24.7648,121.7695,文山,40,良好,31.99,Low Risk,25
順和活動中心,壯圍鄉忠孝村順和路47-4號,宜蘭縣壯圍鄉,室內,24.764974,121.799791,文山,40,良好,33.97,Low Risk,66
寶山鄉綜合行政大樓,雙園路2段325號5樓,新竹縣寶山鄉,室內,24.76552459,120.9912736,新竹,39,良好,6.48,Low Risk,264
朝山國小,新竹市中華路五段648巷126號,新竹市香山區,室內,24.765725,120.913409,新竹,39,良好,8.11,Low Risk,1460
寶山鄉老人文康中心,雙園路二段283號,新竹縣寶山鄉,室內,24.766487,120.993005,新竹,39,良好,6.45,Low Risk,310
二重國小禮堂,光明路32號,新竹縣竹東鎮,室內,24.767497,121.05731,新竹,39,良好,10.77,Low Risk,800
北津社區活動中心,金同春路231號,宜蘭縣宜蘭市,室內,24.7675,121.7499,文山,40,良好,30.55,Low Risk,72
新鳳村集會所,文衡路200號,新竹縣芎林鄉,室內,24.7679,121.0878,新竹,39,良好,13.44,Low Risk,20
枕山社區活動中心,枕山路43-1號,宜蘭縣員山鄉,室內,24.768291,121.718546,新店,41,良好,28.6,Low Risk,60
北津里帝王廟,北津路31-5號,宜蘭縣宜蘭市,室內,24.7686,121.7546,文山,40,良好,30.73,Low Risk,10
錦山國小,11鄰馬武督107號,新竹縣關西鎮,室內,24.7688,121.2252,桃園,47,良好,25.71,Low Risk,460
青草湖國小,新竹市東區明湖路 1211 號,新竹市東區,室內,24.768845,120.979086,新竹,39,良好,5.77,Low Risk,937
深井社區活動中心,7鄰雙林路2段18號,新竹縣寶山鄉,室內,24.7698,121.0039,新竹,39,良好,6.65,Low Risk,208
?後活動中心,壯圍鄉東港村?後路50-1號,宜蘭縣壯圍鄉,室內,24.7706,121.8,文山,40,良好,33.52,Low Risk,46
新生國小體育館,大坡路一段100號,宜蘭縣宜蘭市,室內,24.7707,121.7545,文山,40,良好,30.54,Low Risk,317
古亭活動中心,壯圍鄉古亭村古亭路48-16號,宜蘭縣壯圍鄉,室內,24.7719,121.8003,文山,40,良好,33.44,Low Risk,199
玄奘大學,新竹市玄奘路48號,新竹市香山區,室內,24.774677,120.943099,新竹,39,良好,5.58,Low Risk,8095
文林村集會所,7鄰文山路327號,新竹縣芎林鄉,室內,24.7747,121.0814,新竹,39,良好,12.54,Low Risk,40
芎林村公有零售市場,文化街30巷3號之1,新竹縣芎林鄉,室內,24.7749,121.0792,新竹,39,良好,12.33,Low Risk,110
中坑社區活動中心,2鄰7之3號,新竹縣芎林鄉,室內,24.775,121.0925,新竹,39,良好,13.56,Low Risk,10
壯六活動中心,壯圍鄉忠孝村壯六路47號,宜蘭縣壯圍鄉,室內,24.7751,121.8148,文山,40,良好,34.22,Low Risk,129
元培科技大學,新竹市元培街306號,新竹市香山區,室內,24.775832,120.94033,新竹,39,良好,5.6,Low Risk,3495
茭白社區活動中心,茭白路39-10號,宜蘭縣宜蘭市,室內,24.7763,121.7506,文山,40,良好,29.81,Low Risk,38
東光國小,5鄰十六張190號,新竹縣關西鎮,室內,24.7765,121.1759,新竹,39,良好,21.58,Low Risk,430
新社活動中心,壯圍鄉新社村新社路54之3號,宜蘭縣壯圍鄉,室內,24.7774,121.7889,文山,40,良好,32.2,Low Risk,89
新竹實驗中學,新竹市介壽路300號,新竹市東區,室內,24.777965,121.015882,新竹,39,良好,6.74,Low Risk,3375
澳花國小,中央路19號,宜蘭縣南澳鄉,室內,24.778289,120.988108,新竹,39,良好,5.05,Low Risk,50
新社高級中學,中和街三段國中巷10號,臺中市新社區,室內,24.778289,120.988108,新竹,39,良好,5.05,Low Risk,300
新科國中,新竹市光復路一段89巷88號,新竹市東區,室內,24.780004,121.023052,新竹,39,良好,7.14,Low Risk,850
龍潭國小,育龍路71號,宜蘭縣礁溪鄉,室內,24.7802,121.7447,文山,40,良好,29.1,Low Risk,195
竹中國小禮堂,竹中路104巷14號,新竹縣竹東鎮,室內,24.7805,121.03,新竹,39,良好,7.67,Low Risk,600
水坑社區活動中心,4鄰文華街183巷,新竹縣芎林鄉,室內,24.7817,121.098,新竹,39,良好,13.83,Low Risk,20
科園國小,新竹市東區科園里7鄰科學園路171號,新竹市東區,室內,24.781902,121.011818,新竹,39,良好,6.14,Low Risk,365
鄉立幼兒園,武暖路10之3號,宜蘭縣礁溪鄉,室內,24.7829,121.7672,文山,40,良好,30.29,Low Risk,448
關東國小,新竹市關東路53號,新竹市東區,室內,24.783923,121.022153,新竹,39,良好,6.8,Low Risk,1360
古結活動中心,壯圍鄉古結村古結路237號,宜蘭縣壯圍鄉,室內,24.7846,121.8094,文山,40,良好,33.09,Low Risk,88
香山高中,新竹市元培街124號,新竹市香山區,室內,24.785082,120.929526,新竹,39,良好,5.43,Low Risk,3365
交通大學,新竹市大學路1001號,新竹市東區,室內,24.785604,120.997073,新竹,39,良好,4.83,Low Risk,4610
上山村集會所,5鄰綠獅三街6號,新竹縣芎林鄉,室內,24.7857,121.0721,新竹,39,良好,11.21,Low Risk,60
吳沙國中,育英路79號,宜蘭縣礁溪鄉,室內,24.786,121.7596,文山,40,良好,29.53,Low Risk,742
光武國中,新竹市光復路1段512號,新竹市東區,室內,24.78629,121.011858,新竹,39,良好,5.82,Low Risk,1555
四結國小,育英路46號,宜蘭縣礁溪鄉,室內,24.7865,121.7598,文山,40,良好,29.5,Low Risk,360
新竹縣農會,文山路989號,新竹縣芎林鄉,室內,24.7875,121.0687,新竹,39,良好,10.82,Low Risk,80
大庄國小,新竹市香山里大庄路48號,新竹市香山區,室內,24.789125,120.927189,新竹,39,良好,5.3,Low Risk,1510
關西高中,10鄰中山東路2號,新竹縣關西鎮,室內,24.7898,121.1861,新竹,39,良好,22.31,Low Risk,1170
育賢國中,新竹市南大路569號,新竹市東區,室內,24.789997,120.965592,新竹,39,良好,3.31,Low Risk,1770
陽光國小,新竹市明湖路200號,新竹市東區,室內,24.790196,120.967491,新竹,39,良好,3.28,Low Risk,1745
東安國小,中山東路40號,新竹縣關西鎮,室內,24.7903,121.1839,新竹,39,良好,22.09,Low Risk,585
龍山國小,新竹市東區光復路一段574號,新竹市東區,室內,24.790362,121.006933,新竹,39,良好,5.15,Low Risk,2015
成德高中,新竹市北區曲溪里崧嶺路128巷38號,新竹市北區,室內,24.79067,120.951558,新竹,39,良好,3.61,Low Risk,3710
龍潭國小匏崙分校,匏杓崙路95之2號,宜蘭縣礁溪鄉,室內,24.7924,121.7294,文山,40,良好,27.09,Low Risk,60
建華國中,新竹市學府路2號,新竹市東區,室內,24.792771,120.976649,新竹,39,良好,3.13,Low Risk,3400
新竹教育大學,新竹市南大路521號,新竹市東區,室內,24.792904,120.964058,新竹,39,良好,3.0,Low Risk,3160
培英國中,新竹市學府路4號,新竹市東區,室內,24.794134,120.978043,新竹,39,良好,3.04,Low Risk,3465
清華大學,新竹市光復路101號,新竹市東區,室內,24.794199,120.991267,新竹,39,良好,3.71,Low Risk,2870
新竹高中,新竹市學府路36號,新竹市東區,室內,24.795254,120.981495,新竹,39,良好,3.06,Low Risk,3835
新竹高商,新竹市學府路128號,新竹市東區,室內,24.79558,120.984561,新竹,39,良好,3.19,Low Risk,4560
新竹國小,新竹市興學街106號,新竹市東區,室內,24.796326,120.966471,新竹,39,良好,2.6,Low Risk,1815
香山國小,新竹市牛埔東路260號,新竹市香山區,室內,24.796942,120.943643,新竹,39,良好,3.49,Low Risk,1625
頂埔國小,新竹市頂埔路23號,新竹市香山區,室內,24.796972,120.95023,新竹,39,良好,3.07,Low Risk,1060
建功高中,新竹市建功二路17號,新竹市東區,室內,24.797422,121.001296,新竹,39,良好,4.22,Low Risk,2695
光復中學,新竹市光復路二段153號,新竹市東區,室內,24.79763,120.994016,新竹,39,良好,3.63,Low Risk,3790
玉田活動中心,礁溪鄉玉田村玉龍路一段479巷6號,宜蘭縣礁溪鄉,室內,24.7979,121.7856,文山,40,良好,30.34,Low Risk,59
關西國中,12鄰北門口41號,新竹縣關西鎮,室內,24.7981,121.1729,新竹,39,良好,20.87,Low Risk,950
玉田國小,茅埔路24號,宜蘭縣礁溪鄉,室內,24.7982,121.7832,文山,40,良好,30.14,Low Risk,254
新竹教育大學附設實驗小學,新竹市四維路47號,新竹市北區,室內,24.79934,120.960921,新竹,39,良好,2.36,Low Risk,1895
東園國小,新竹市園後街25號,新竹市東區,室內,24.799643,120.985352,新竹,39,良好,2.87,Low Risk,1515
建功國小,新竹市建功1路104巷22號,新竹市東區,室內,24.800239,120.998724,新竹,39,良好,3.82,Low Risk,1695
坪林國小,11鄰坪林11號,新竹縣關西鎮,室內,24.801,121.1402,新竹,39,良好,17.55,Low Risk,435
西門國小,新竹市北大路450號,新竹市北區,室內,24.802744,120.959338,新竹,39,良好,2.06,Low Risk,1830
壯圍鄉立幼兒園,壯圍鄉古亭村永美路1段180號,宜蘭縣壯圍鄉,室內,24.8028,121.8162,文山,40,良好,32.25,Low Risk,351
虎林國小,新竹市延平路二段78號,新竹市香山區,室內,24.805193,120.940899,新竹,39,良好,3.13,Low Risk,1645
虎林國中,新竹市延平路二段76號,新竹市香山區,室內,24.805194,120.941997,新竹,39,良好,3.04,Low Risk,2840
新竹女中,新竹市中華路二段270號,新竹市東區,室內,24.805546,120.975885,新竹,39,良好,1.79,Low Risk,2640
東區區公所,新竹市民族路40號,新竹市東區,室內,24.805564,120.973293,新竹,39,良好,1.68,Low Risk,105
東門國小,新竹市民族路33號,新竹市東區,室內,24.80578,120.97267,新竹,39,良好,1.63,Low Risk,4800
東海國小,東興路一段839號,新竹縣竹北市,室內,24.8058,121.0498,新竹,39,良好,8.45,Low Risk,615
竹光國中,新竹市和平路一號,新竹市北區,室內,24.807347,120.955548,新竹,39,良好,1.83,Low Risk,480
民富國小,新竹市西大路561號,新竹市北區,室內,24.807709,120.959098,新竹,39,良好,1.58,Low Risk,2250
南和國小,南和里69號,新竹縣關西鎮,室內,24.8087,121.1204,新竹,39,良好,15.48,Low Risk,470
新竹高工,新竹市中華路二段2號,新竹市東區,室內,24.809466,120.983471,新竹,39,良好,1.97,Low Risk,1570
三民活動中心,十六結路101之1號,宜蘭縣礁溪鄉,室內,24.8099,121.7646,文山,40,良好,27.9,Low Risk,59
磐石中學,新竹市西大路683號,新竹市北區,室內,24.810797,120.956991,新竹,39,良好,1.45,Low Risk,1130
曙光女中,新竹市北大路61號,新竹市東區,室內,24.811459,120.972659,新竹,39,良好,1.05,Low Risk,1565
曙光國小,新竹市北大路70號,新竹市東區,室內,24.812434,120.971126,新竹,39,良好,0.89,Low Risk,485
三民國中,新竹市自由路95巷15號,新竹市東區,室內,24.812643,120.980285,新竹,39,良好,1.51,Low Risk,2935
水源國小,新竹市仰德路11號,新竹市東區,室內,24.812834,121.002681,新竹,39,良好,3.63,Low Risk,1110
三民國小,礁溪鄉十六結路100號,宜蘭縣礁溪鄉,室內,24.8133,121.7596,文山,40,良好,27.27,Low Risk,180
三民國小,新竹市自由路66號,新竹市東區,室內,24.813321,120.981423,新竹,39,良好,1.57,Low Risk,2390
六家國小,嘉興路62號,新竹縣竹北市,室內,24.8137,121.0254,新竹,39,良好,5.88,Low Risk,760
石光國小,9鄰石岡子386號,新竹縣關西鎮,室內,24.8138,121.129,新竹,39,良好,16.31,Low Risk,490
港南國小,新竹市港南里海埔路171巷91號,新竹市香山區,室內,24.813817,120.923258,新竹,39,良好,4.51,Low Risk,1100
北門國小,新竹市水田街33號,新竹市北區,室內,24.814158,120.965902,新竹,39,良好,0.64,Low Risk,1160
寶石國小,關埔路672號,新竹縣新埔鎮,室內,24.8162,121.0791,新竹,39,良好,11.27,Low Risk,900
北區區公所,新竹市國華街69號,新竹市北區,室內,24.816533,120.970462,新竹,39,良好,0.46,Low Risk,215
佛光大學,林尾路160號,宜蘭縣礁溪鄉,室內,24.8169,121.7189,文山,40,良好,24.28,Low Risk,642
礁溪國中,礁溪路四段23號,宜蘭縣礁溪鄉,室內,24.8172,121.7677,文山,40,良好,27.54,Low Risk,531
光華國中,新竹市光華北街10號,新竹市北區,室內,24.818393,120.973409,新竹,39,良好,0.61,Low Risk,2925
成功國中,成功八路99號,新竹縣竹北市,室內,24.818666,121.017037,新竹,39,良好,5.0,Low Risk,775
載熙國小,新竹市北區東大路二段386號,新竹市北區,室內,24.819403,120.963378,新竹,39,良好,0.42,Low Risk,1705
六家高中,嘉興路356號,新竹縣竹北市,室內,24.820934,121.031998,新竹,39,良好,6.51,Low Risk,720
礁溪國小,礁溪路四段135號,宜蘭縣礁溪鄉,室內,24.8217,121.7685,文山,40,良好,27.26,Low Risk,339
淡江大學蘭陽校園,礁溪鄉林美村林尾路180號,宜蘭縣礁溪鄉,室內,24.8222,121.729,文山,40,良好,24.46,Low Risk,638
舊社國小,新竹市北區金竹路99號,新竹市北區,室內,24.822754,120.973497,新竹,39,良好,0.69,Low Risk,1040
十興國小,莊敬北路66號,新竹縣竹北市,室內,24.824104,121.024088,新竹,39,良好,5.73,Low Risk,740
竹安里-竹安國小五育樓,頭城鎮竹安里頭濱路一段601號,宜蘭縣頭城鎮,室內,24.8252,121.8206,文山,40,良好,31.06,Low Risk,93
復興社區活動中心,復興路二段275巷16號,桃園市大溪區,室內,24.825594,121.310479,桃園,47,良好,18.25,Low Risk,30
龍源國小操場,深窩子16之1號,桃園市龍潭區,室內,24.82605,121.212164,桃園,47,良好,20.27,Low Risk,800
太平國小,5鄰大旱坑27號,新竹縣關西鎮,室內,24.8263,121.1194,新竹,39,良好,15.35,Low Risk,220
文山國小,國校路160號,新竹縣新埔鎮,室內,24.82632,121.0474,新竹,39,良好,8.1,Low Risk,510
高原里集會所,中原路3段135號,桃園市龍潭區,室內,24.826594,121.192084,桃園,47,良好,21.19,Low Risk,140
高平社區活動中心,高平村龍源路11號,桃園市龍潭區,室內,24.826772,121.206349,桃園,47,良好,20.46,Low Risk,170
新埔國中,中正路792號,新竹縣新埔鎮,室內,24.8279,121.0709,新竹,39,良好,10.47,Low Risk,1400
新埔鎮公所,中正路776號,新竹縣新埔鎮,室內,24.828171,121.071269,新竹,39,良好,10.51,Low Risk,40
新埔國小,中正路366號,新竹縣新埔鎮,室內,24.8286,121.0791,新竹,39,良好,11.31,Low Risk,280
德陽宮弘道大樓,中山路二段133號,宜蘭縣礁溪鄉,室內,24.8287,121.7651,文山,40,良好,26.47,Low Risk,116
大平里集會所,大平24-1號,桃園市龍潭區,室內,24.828866,121.24615,桃園,47,良好,18.7,Low Risk,230
大東茶?,15鄰大東坑67號,新竹縣關西鎮,室內,24.829077,121.165982,新竹,39,良好,20.06,Low Risk,110
玉石活動中心,礁溪鄉公園路2號,宜蘭縣礁溪鄉,室內,24.8298,121.7768,文山,40,良好,27.28,Low Risk,44
新星國小,民生街28號,新竹縣新埔鎮,室內,24.83002,121.0735,新竹,39,良好,10.76,Low Risk,590
高原國小操場,橫岡下36號,桃園市龍潭區,室內,24.830482,121.194407,桃園,47,良好,20.7,Low Risk,1000
博愛國小,光明六路72號,新竹縣竹北市,室內,24.8311,121.0057,新竹,39,良好,4.06,Low Risk,715
新峰社區活動中心,復興路二段758巷48號,桃園市大溪區,室內,24.831286,121.329588,桃園,47,良好,17.83,Low Risk,50
溪洲福山巖,福山一路3號,桃園市大溪區,室內,24.831873,121.262147,桃園,47,良好,17.96,Low Risk,100
中崙里-中崙社區活動中心,頭城鎮中崙里路31號,宜蘭縣頭城鎮,室內,24.8348,121.8027,文山,40,良好,28.97,Low Risk,76
竹仁國小,仁和街1號,新竹縣竹北市,室內,24.8363,121.0131,新竹,39,良好,4.96,Low Risk,705
三坑國小操場,永昌路51巷85號,桃園市龍潭區,室內,24.836645,121.248866,桃園,47,良好,17.79,Low Risk,150
竹北高中暫代竹北國小,中央路3號,新竹縣竹北市,室內,24.836963,121.00412,新竹,39,良好,4.16,Low Risk,1885
下埔里-下埔社區活動中心,頭城鎮下埔里路48-3號,宜蘭縣頭城鎮,室內,24.837,121.8078,文山,40,良好,29.25,Low Risk,100
南寮國小,新竹市東大路三段465號,新竹市北區,室內,24.838589,120.939241,新竹,39,良好,3.54,Low Risk,1435
二城里-二城社區活動中心,頭城鎮二城里青雲路一段143號,宜蘭縣頭城鎮,室內,24.8388,121.7928,文山,40,良好,27.91,Low Risk,117
枋寮國小,義民路二段350號,新竹縣新埔鎮,室內,24.839011,121.043286,新竹,39,良好,7.94,Low Risk,545
竹北民眾活動中心,中正西路50號,新竹縣竹北市,室內,24.8396,121.0036,新竹,39,良好,4.26,Low Risk,155
三林社區活動中心,三角林37號,桃園市龍潭區,室內,24.840368,121.229961,桃園,47,良好,18.07,Low Risk,80
龍潭高中操場,神龍路155號,桃園市龍潭區,室內,24.84158,121.212445,桃園,47,良好,18.72,Low Risk,1000
石門國小禮堂,文化路188號,桃園市龍潭區,室內,24.84158,121.241766,桃園,47,良好,17.5,Low Risk,130
石門國小操場,文化路188號,桃園市龍潭區,室內,24.84158,121.241766,桃園,47,良好,17.5,Low Risk,1000
豐田國小,中正西路1377號,新竹縣竹北市,室內,24.842245,120.964241,新竹,39,良好,2.53,Low Risk,555
新社國小,5鄰40號,新竹縣竹北市,室內,24.8428,120.9981,新竹,39,良好,4.02,Low Risk,525
南華國中,新竹市海濱里海濱路55號,新竹市北區,室內,24.843514,120.92882,新竹,39,良好,4.72,Low Risk,2125
義民廟,義民路3段360號,新竹縣新埔鎮,室內,24.84384,121.0363,新竹,39,良好,7.44,Low Risk,40
建林里集會所,忠勇街97號,桃園市龍潭區,室內,24.84417,121.234824,桃園,47,良好,17.49,Low Risk,50
照東國小,9鄰36號,新竹縣新埔鎮,室內,24.84461,121.1415,新竹,39,良好,17.78,Low Risk,560
頂埔里-順天府池府王爺廟,頭城鎮頂埔里路一段250號,宜蘭縣頭城鎮,室內,24.8461,121.8149,文山,40,良好,29.27,Low Risk,29
富林里集會所,建國路278號,桃園市龍潭區,室內,24.846848,121.231628,桃園,47,良好,17.34,Low Risk,60
金盈里-金盈社區活動中心,頭城鎮金盈里路39號,宜蘭縣頭城鎮,室內,24.8473,121.7966,文山,40,良好,27.66,Low Risk,37
桃園縣三和國小,龍潭區三合村直坑39號,新竹縣關西鎮,室內,24.847681,121.1677,新竹,39,良好,20.44,Low Risk,305
三和國小操場,龍新路三和段1356號,桃園市龍潭區,室內,24.847772,121.167639,新竹,39,良好,20.44,Low Risk,400
照門國小,9鄰39號,新竹縣新埔鎮,室內,24.8489,121.1113,新竹,39,良好,14.87,Low Risk,730
照門國中,照鏡7號,新竹縣新埔鎮,室內,24.84908,121.1133,新竹,39,良好,15.07,Low Risk,1770
頭寮社區活動中心,復興路一段755號,桃園市大溪區,室內,24.849845,121.287861,桃園,47,良好,15.59,Low Risk,45
上華里集會所,大順路209號,桃園市龍潭區,室內,24.850738,121.217776,桃園,47,良好,17.57,Low Risk,110
北平國小,8鄰62號,新竹縣新埔鎮,室內,24.8528,121.0858,新竹,39,良好,12.49,Low Risk,430
有木國小,有木里131號,新北市三峽區,室內,24.8533,121.4373,新店,41,良好,16.36,Low Risk,109
新建里-新建社區活動中心,頭城鎮新建里新興路234-1號,宜蘭縣頭城鎮,室內,24.8539,121.8196,文山,40,良好,29.21,Low Risk,124
中正里集會所,龍華路526巷55-1號,桃園市龍潭區,室內,24.854358,121.216678,桃園,47,良好,17.27,Low Risk,130
金面里-協天廟,頭城鎮金面里路354號,宜蘭縣頭城鎮,室內,24.8549,121.7935,文山,40,良好,26.93,Low Risk,42
上林社區活動中心,金龍路210號,桃園市龍潭區,室內,24.855518,121.21206,桃園,47,良好,17.39,Low Risk,100
城西里-城隍廟,頭城鎮新建里吉祥路1號,宜蘭縣頭城鎮,室內,24.8557,121.8219,文山,40,良好,29.31,Low Risk,46
內柵國小,安和路38號,桃園市大溪區,室內,24.856082,121.282001,桃園,47,良好,14.96,Low Risk,300
雙龍國小操場,神龍路346號,桃園市龍潭區,室內,24.856647,121.215334,桃園,47,良好,17.12,Low Risk,800
大坑里-協天宮,頭城鎮大坑里協天路599號,宜蘭縣頭城鎮,室內,24.8572,121.8315,文山,40,良好,30.06,Low Risk,220
三層社區活動中心,24鄰三層41號,桃園市大溪區,室內,24.858533,121.295778,桃園,47,良好,14.57,Low Risk,45
凌雲國中禮堂,中豐路上林段418號,桃園市龍潭區,室內,24.858616,121.202008,桃園,47,良好,17.65,Low Risk,150
城東里-城東社區活動中心,頭城鎮城東里開蘭舊路6號,宜蘭縣頭城鎮,室內,24.8591,121.825,文山,40,良好,29.39,Low Risk,53
城北里-農會,西五巷3-1號,宜蘭縣頭城鎮,室內,24.8592,121.8236,文山,40,良好,29.26,Low Risk,148
鳳山社區活動中心,勝利路二段199號,新竹縣湖口鄉,室內,24.8602,121.0223,新竹,39,良好,7.13,Low Risk,25
三和里集會所,龍新路竹窩段430號,桃園市龍潭區,室內,24.860237,121.19293,桃園,47,良好,18.04,Low Risk,140
龍潭高中禮堂,神龍路155號,桃園市龍潭區,室內,24.860466,121.212445,桃園,47,良好,16.91,Low Risk,560
鳳山村集會所,瑞安街22巷2號,新竹縣湖口鄉,室內,24.8607,121.0218,新竹,39,良好,7.13,Low Risk,25
拔雅里-拔雅社區活動中心,頭城鎮拔雅里復興路12巷2號,宜蘭縣頭城鎮,室內,24.861,121.8169,文山,40,良好,28.57,Low Risk,122
福成里-福成社區活動中心,頭城鎮福成里宜三路二段378號,宜蘭縣頭城鎮,室內,24.8618,121.8051,文山,40,良好,27.5,Low Risk,48
武營里-頭城國小,頭城鎮武營里開蘭路282號,宜蘭縣頭城鎮,室內,24.863,121.8274,文山,40,良好,29.39,Low Risk,338
陸軍裝甲第542旅,,新竹縣竹北市,室內,24.863184,121.02716,新竹,39,良好,7.72,Low Risk,450
五寮市民活動中心,五寮93號,新北市三峽區,室內,24.863449,121.365455,桃園,47,良好,15.45,Low Risk,137
烏來國民中小學,啦卡路5號,新北市烏來區,室內,24.863755,121.553147,新店,41,良好,11.63,Low Risk,152
鳳岡國中,鳳岡路三段100號,新竹縣竹北市,室內,24.8639,120.9657,新竹,39,良好,4.92,Low Risk,585
龍潭里活動中心,南龍路13號,桃園市龍潭區,室內,24.863934,121.212839,桃園,47,良好,16.56,Low Risk,120
龍潭國小禮堂,南龍路13號,桃園市龍潭區,室內,24.864047,121.214346,桃園,47,良好,16.47,Low Risk,360
九龍社區活動中心,五福街330號,桃園市龍潭區,室內,24.864163,121.225512,桃園,47,良好,15.88,Low Risk,140
勝利村集會所,勝利路二段19巷10號,新竹縣湖口鄉,室內,24.865579,121.028447,新竹,39,良好,7.99,Low Risk,30
運動公園,公園路67號,桃園市龍潭區,室外,24.865755,121.219764,桃園,47,良好,16.02,Low Risk,5000
湖口鄉老人文康活動中心,新生路122號,新竹縣湖口鄉,室內,24.8661,121.026,新竹,39,良好,7.84,Low Risk,105
中興社區活動中心,工業一路85號,新竹縣湖口鄉,室內,24.8678,121.0277,新竹,39,良好,8.09,Low Risk,90
中山社區活動中心,華南路1號旁,桃園市龍潭區,室內,24.868209,121.214887,桃園,47,良好,16.05,Low Risk,60
瑞源社區活動中心,番子寮59號,桃園市大溪區,室內,24.868543,121.252624,桃園,47,良好,14.31,Low Risk,50
凌雲里集會所,干城路19巷28號,桃園市龍潭區,室內,24.868638,121.207739,桃園,47,良好,16.41,Low Risk,50
龍祥里集會所,干城路19巷26號,桃園市龍潭區,室內,24.868638,121.207739,桃園,47,良好,16.41,Low Risk,50
龍潭區婦幼館,干城路19巷30號,桃園市龍潭區,室內,24.868638,121.207739,桃園,47,良好,16.41,Low Risk,170
龍潭鄉婦幼館前廣場,干城路19巷30號前,桃園市龍潭區,室外,24.868638,121.207739,桃園,47,良好,16.41,Low Risk,200
松林國小,松林街33鄰99號,新竹縣新豐鄉,室內,24.869,120.9907,新竹,39,良好,5.96,Low Risk,765
武漢國小操場,武漢路100號,桃園市龍潭區,室內,24.870371,121.234685,桃園,47,良好,14.84,Low Risk,800
山崎國小,新興路291號,新竹縣新豐鄉,室內,24.8721,120.9988,新竹,39,良好,6.63,Low Risk,720
鳳凰社區活動中心,仁和路100號,新竹縣湖口鄉,室內,24.8728,121.0145,新竹,39,良好,7.57,Low Risk,55
八德里集會所,梅龍路2號,桃園市龍潭區,室內,24.873178,121.201718,桃園,47,良好,16.36,Low Risk,150
美華社區活動中心,美山路一段660號,桃園市大溪區,室內,24.874405,121.300457,桃園,47,良好,12.8,Low Risk,30
黃唐社區活動中心,成功路190巷10號,桃園市龍潭區,室內,24.875343,121.228034,桃園,47,良好,14.68,Low Risk,150
中興里活動中心,中興路240巷38號,桃園市龍潭區,室內,24.875467,121.234709,桃園,47,良好,14.34,Low Risk,130
松林社區活動中心,康樂路一段516號,新竹縣新豐鄉,室內,24.8756,120.5854,新竹,39,良好,39.05,Low Risk,60
港口里-港口社區活動中心,頭城鎮港口里（路）60-3號,宜蘭縣頭城鎮,室內,24.8762,121.8403,文山,40,良好,29.89,Low Risk,67
湖南村集會所,7鄰鐵騎路1巷11號,新竹縣湖口鄉,室內,24.877,121.0495,新竹,39,良好,10.44,Low Risk,135
湖鏡村集會所,八德路二段78巷36弄50號,新竹縣湖口鄉,室內,24.8775,121.0556,新竹,39,良好,10.97,Low Risk,675
一德社區活動中心,康莊路251號3樓,桃園市大溪區,室內,24.878311,121.287976,桃園,47,良好,12.43,Low Risk,30
員山綜合活動中心,忠一街216號,新竹縣新豐鄉,室內,24.8792,120.9977,新竹,39,良好,7.28,Low Risk,125
武漢國中操場,成功路190巷227號,桃園市龍潭區,室內,24.879482,121.231839,桃園,47,良好,14.09,Low Risk,1200
潛龍國小操場,中豐路401號,桃園市龍潭區,室內,24.880771,121.210569,桃園,47,良好,15.15,Low Risk,500
烏林社區活動中心,中豐路401號,桃園市龍潭區,室內,24.881096,121.209566,桃園,47,良好,15.18,Low Risk,100
下田心社區活動中心,民權東路94巷29號,桃園市大溪區,室內,24.881411,121.29121,桃園,47,良好,12.06,Low Risk,50
八德社區活動中心,聖亭路八德段451巷140號,桃園市龍潭區,室內,24.881998,121.195097,桃園,47,良好,16.04,Low Risk,100
三元社區活動中心,員林路2段450號,桃園市大溪區,室內,24.882515,121.265796,桃園,47,良好,12.42,Low Risk,50
德龍國小操場,聖亭路八德段451巷140號,桃園市龍潭區,室內,24.882832,121.195124,桃園,47,良好,15.96,Low Risk,800
長安社區活動中心,8鄰長安路381號,新竹縣湖口鄉,室內,24.8829,121.0996,新竹,39,良好,15.07,Low Risk,65
外澳里-外澳社區活動中心,頭城鎮外澳里濱海路二段212號,宜蘭縣頭城鎮,室內,24.8833,121.8458,文山,40,良好,30.07,Low Risk,49
信賢活動中心,信福路48號,新北市烏來區,室內,24.883684,121.548453,新店,41,良好,9.38,Low Risk,30
綜合活動中心,烏來街34號,新北市烏來區,室內,24.883684,121.548453,新店,41,良好,9.38,Low Risk,30
忠治活動中心,忠治14號,新北市烏來區,室內,24.883684,121.548453,新店,41,良好,9.38,Low Risk,30
福山活動中心,2鄰李茂岸51號,新北市烏來區,室內,24.883684,121.548453,新店,41,良好,9.38,Low Risk,50
烏來活動中心,13鄰環山路82巷45號,新北市烏來區,室內,24.883684,121.548453,新店,41,良好,9.38,Low Risk,50
福山國小,福山里李茂岸56號,新北市烏來區,室內,24.883684,121.548453,新店,41,良好,9.38,Low Risk,305
大溪國小,登龍路19號,桃園市大溪區,室內,24.884168,121.286797,桃園,47,良好,11.8,Low Risk,550
波羅村集會所,千禧路32號,新竹縣湖口鄉,室內,24.884806,121.027932,新竹,39,良好,9.47,Low Risk,47
興福社區活動中心,仁愛路11號,桃園市大溪區,室內,24.88515,121.285874,桃園,47,良好,11.7,Low Risk,45
愛勢村集會所,17鄰信義街59號,新竹縣湖口鄉,室內,24.886026,121.060153,新竹,39,良好,11.91,Low Risk,40
湖口村集會所,中美東路358巷27號,新竹縣湖口鄉,室內,24.886026,121.060153,新竹,39,良好,11.91,Low Risk,75
月眉社區活動中心,月眉105號,桃園市大溪區,室內,24.889615,121.287715,桃園,47,良好,11.19,Low Risk,350
新豐鄉中正堂,長春路89巷1號,新竹縣新豐鄉,室內,24.8898,120.9876,新竹,39,良好,8.05,Low Risk,100
上坑社區活動中心,坑子口398之1號,新竹縣新豐鄉,室內,24.8909,120.9741,新竹,39,良好,7.95,Low Risk,80
山子頂公園,自由街、湧光路136巷口,桃園市平鎮區,室外,24.8931,121.2044,桃園,47,良好,14.49,Low Risk,233
祥安國小,湧安路45號,桃園市平鎮區,室內,24.894,121.2032,桃園,47,良好,14.5,Low Risk,295
中正村集會所,中正二路70號,新竹縣湖口鄉,室內,24.894449,121.047063,新竹,39,良好,11.56,Low Risk,300
信義村集會所,中山二街72號,新竹縣湖口鄉,室內,24.895453,121.040252,新竹,39,良好,11.17,Low Risk,80
大東社區活動中心,甡甡路440號二樓,桃園市楊梅區,室內,24.895827,121.129569,新竹,39,良好,18.41,Low Risk,50
山豐國小,中豐路山頂段375巷45號,桃園市平鎮區,室內,24.8964,121.2131,桃園,47,良好,13.63,Low Risk,70
平鎮區幼兒園紹豐分班,湧光路110號,桃園市平鎮區,室內,24.8967,121.2094,桃園,47,良好,13.85,Low Risk,87
湧光里里民集會所,湧光里湧光路110號2樓,桃園市平鎮區,室內,24.8967,121.2094,桃園,47,良好,13.85,Low Risk,87
永揚社區活動中心,老莊路2-1號,桃園市楊梅區,室內,24.897372,121.15188,桃園,47,良好,18.2,Low Risk,20
仁和社區活動中心,仁和七街159號,桃園市大溪區,室內,24.897578,121.273886,桃園,47,良好,10.58,Low Risk,70
新豐鄉老人會館新豐鄉老人文康活動中心,新市路93號,新竹縣新豐鄉,室內,24.8992,120.985,新竹,39,良好,9.01,Low Risk,40
山峰社區活動中心,福林里山子頂6號,桃園市平鎮區,室內,24.8994,121.2126,桃園,47,良好,13.42,Low Risk,116
中崙社區活動中心,2鄰37號,新竹縣新豐鄉,室內,24.9002,120.9978,新竹,39,良好,9.46,Low Risk,30
湖口陸軍裝甲第542旅,湖口鄉勝利路二段350號湖口郵政90979號信箱,新竹縣新豐鄉,室內,24.9007,120.9888,新竹,39,良好,9.26,Low Risk,450
新豐鄉公所,建興路二段748巷15號,新竹縣新豐鄉,室內,24.9011,120.9851,新竹,39,良好,9.22,Low Risk,240
新豐國小,明德巷13號,新竹縣新豐鄉,室內,24.9011,120.9877,新竹,39,良好,9.28,Low Risk,660
中興停車場,達生路123號,新竹縣湖口鄉,室外,24.9016,121.0493,新竹,39,良好,12.29,Low Risk,315
大勇 大義活動中心,自強街60號,桃園市八德區,室內,24.9018,121.2864,桃園,47,良好,9.86,Low Risk,140
仁愛社區活動中心,埔頂街15巷仁和宮旁）,桃園市大溪區,室內,24.901989,121.275658,桃園,47,良好,10.06,Low Risk,60
龜山國小,新北市新店區新烏路三段99巷10號,新北市新店區,室內,24.9022,121.5532,新店,41,良好,7.4,Low Risk,75
更新里-更新漁民活動中心,頭城鎮濱海路三段93號,宜蘭縣頭城鎮,室內,24.9022,121.8634,文山,40,良好,30.99,Low Risk,34
廣興里辦公處,新北市新店區平廣路一段35巷3號,新北市新店區,室內,24.902531,121.533799,新店,41,良好,7.26,Low Risk,37
龜山市民活動中心,新北市新店區新烏路3段136號,新北市新店區,室內,24.9031,121.552,新店,41,良好,7.28,Low Risk,133
楊梅國中綜合活動中心,貴山街1號,桃園市楊梅區,室內,24.903472,121.150291,桃園,47,良好,17.96,Low Risk,500
莊敬公園,自強街、莊福路口,桃園市平鎮區,室外,24.904,121.2148,桃園,47,良好,12.89,Low Risk,42
莊敬里里民集會所,莊敬里自強街100號,桃園市平鎮區,室內,24.9044,121.2147,桃園,47,良好,12.86,Low Risk,67
南興社區活動中心,仁和路二段190巷79號（永昌宮旁）,桃園市大溪區,室內,24.90441,121.26517,桃園,47,良好,10.13,Low Risk,50
石里倉庫,石27之1號,新北市坪林區,室內,24.904686,121.745228,文山,40,良好,19.89,Low Risk,10
崎頂社區活動中心,公園路30號2樓,桃園市大溪區,室內,24.904809,121.28385,桃園,47,良好,9.58,Low Risk,50
鎮興里里民集會所,中興路平鎮段229號,桃園市平鎮區,室內,24.9057,121.1943,桃園,47,良好,14.24,Low Risk,81
大埔國小,大埔路130號,新北市三峽區,室內,24.9057,121.3665,桃園,47,良好,11.42,Low Risk,625
明德高中,中正路二段399號,新北市三峽區,室內,24.9069,121.3639,桃園,47,良好,11.16,Low Risk,1569
楊梅區公所大禮堂,大成路2號,桃園市楊梅區,室內,24.907477,121.14586,桃園,47,良好,18.11,Low Risk,100
德盛村集會所,德興路127巷13號,新竹縣湖口鄉,室內,24.9088,121.0445,新竹,39,良好,12.59,Low Risk,40
竹崙市民活動中心,竹崙里146號,新北市三峽區,室內,24.9088,121.4349,板橋,44,良好,12.31,Low Risk,113
青埔社區活動中心,6鄰80之2號,新竹縣新豐鄉,室內,24.9098,120.9764,新竹,39,良好,10.06,Low Risk,40
新豐社區活動中心,池府路149號,新竹縣新豐鄉,室內,24.9099,120.9765,新竹,39,良好,10.07,Low Risk,45
天津環保公園,天津街、漢口街121巷口,桃園市平鎮區,室外,24.91,121.2072,桃園,47,良好,12.95,Low Risk,47
漢口環保公園,漢口街、大興街口,桃園市平鎮區,室外,24.9101,121.205,桃園,47,良好,13.11,Low Risk,42
臺北榮家,白雞127號,新北市三峽區,室內,24.9102,121.3937,桃園,47,良好,12.84,Low Risk,339
長青文康中心,金星里64鄰開封街88號,桃園市平鎮區,室內,24.9103,121.2041,桃園,47,良好,13.16,Low Risk,59
平鎮區幼兒園東勢分班,金陵路5段57號,桃園市平鎮區,室內,24.9104,121.2313,桃園,47,良好,11.26,Low Risk,89
東勢社區活動中心,金陵路5段55號,桃園市平鎮區,室內,24.9105,121.2315,桃園,47,良好,11.24,Low Risk,107
楊明公園,中山北路一段390巷、金山街口,桃園市楊梅區,室外,24.910681,121.158918,桃園,47,良好,16.8,Low Risk,1000
康橋高級中學,新北市新店區華城路800號,新北市新店區,室內,24.9109,121.4978,新店,41,良好,7.57,Low Risk,250
大合社區活動中心,自立街2號,桃園市楊梅區,室內,24.910932,121.149137,桃園,47,良好,17.64,Low Risk,50
三湖社區活動中心,楊湖路二段491號,桃園市楊梅區,室內,24.911967,121.108509,新竹,39,良好,17.54,Low Risk,50
民義國小,白雞路40號,新北市三峽區,室內,24.912,121.3755,桃園,47,良好,11.42,Low Risk,975
上湖社區活動中心,楊湖路三段679之1號,桃園市楊梅區,室內,24.912185,121.082425,新竹,39,良好,15.5,Low Risk,100
長沙公園,開封街與長沙街口,桃園市平鎮區,室外,24.9122,121.2042,桃園,47,良好,13.01,Low Risk,93
民俗文化公園,上海路長沙街對面,桃園市平鎮區,室外,24.9122,121.2067,桃園,47,良好,12.82,Low Risk,361
屈尺國小廣興分校,新店市廣興路57號。,新北市新店區,室內,24.9125,121.5396,新店,41,良好,6.13,Low Risk,37
埔心公園,五守街旁,桃園市楊梅區,室外,24.913118,121.186092,桃園,47,良好,14.37,Low Risk,2300
瑞塘社區活動中心,四維路二段20號,桃園市楊梅區,室內,24.913774,121.179329,桃園,47,良好,14.89,Low Risk,100
仁善社區活動中心,仁德街19號,桃園市大溪區,室內,24.914076,121.281644,桃園,47,良好,8.61,Low Risk,70
金龍社區活動中心,中興路236之1號,桃園市楊梅區,室內,24.914501,121.186274,桃園,47,良好,14.27,Low Risk,100
平鎮區幼兒園南勢分班,南安路93號,桃園市平鎮區,室內,24.9149,121.2081,桃園,47,良好,12.52,Low Risk,205
東興村集會所,德和路6號,新竹縣湖口鄉,室內,24.9159,121.0502,新竹,39,良好,13.57,Low Risk,95
東安國中,平東路168號,桃園市平鎮區,室內,24.9166,121.2498,桃園,47,良好,9.62,Low Risk,136
霧峰國中行政大樓地下室,霧峰區北柳里國中路110號,臺中市霧峰區,室內,24.917,120.4141,新竹,39,良好,56.87,Low Risk,175
霧峰國小志文樓地下室,中正路736號,臺中市霧峰區,室內,24.917,120.41411,新竹,39,良好,56.87,Low Risk,800
霧峰國中行政大樓地下室,國中路110號,臺中市霧峰區,室內,24.917,120.41411,新竹,39,良好,56.87,Low Risk,1381
和興村集會所,德和路128號,新竹縣湖口鄉,室內,24.917,121.046,新竹,39,良好,13.41,Low Risk,20
水美社區活動中心,楊新路二段2之1號,桃園市楊梅區,室內,24.918994,121.137079,桃園,47,良好,18.3,Low Risk,100
瑞興社區活動中心,8鄰大鶯路936號,桃園市大溪區,室內,24.919559,121.3032,桃園,47,良好,7.78,Low Risk,45
屈尺國小,新北市新店區屈尺路五十五號,新北市新店區,室內,24.9225,121.5463,新店,41,良好,5.06,Low Risk,320
僑愛社區活動中心,僑愛1街,桃園市大溪區,室內,24.922855,121.293733,桃園,47,良好,7.45,Low Risk,50
屈尺市民活動中心,新北市新店區屈尺路125號,新北市新店區,室內,24.923518,121.544999,新店,41,良好,4.93,Low Risk,75
東社社區活動中心,圳南路50巷23號,桃園市平鎮區,室內,24.9241,121.2437,桃園,47,良好,9.29,Low Risk,116
大成國小,成福路215巷2號,新北市三峽區,室內,24.9243,121.4275,板橋,44,良好,10.85,Low Risk,187
龍岡公園,龍岡圓環旁,桃園市中壢區,室外,24.925946,121.244033,桃園,47,良好,9.11,Low Risk,274
中壢區龍岡里集會所,龍岡路三段742號,桃園市中壢區,室內,24.926071,121.243388,桃園,47,良好,9.14,Low Risk,50
龍岡公園新,龍岡路消防隊旁,桃園市中壢區,室外,24.926099,121.244013,桃園,47,良好,9.1,Low Risk,584
建安國小,建安路67號,新北市三峽區,室內,24.9264,121.4471,板橋,44,良好,10.15,Low Risk,292
安溪國中,大同路135號,新北市三峽區,室內,24.9266,121.3728,桃園,47,良好,10.06,Low Risk,1675
豐德公園,豐田一路地號︰豐田段1429-0000號,桃園市八德區,室外,24.9267,121.2876,桃園,47,良好,7.11,Low Risk,168
貿七公園,貿一路、貿中街口,桃園市平鎮區,室外,24.9269,121.2516,桃園,47,良好,8.56,Low Risk,42
龍友里集會所,龍宮街36巷1號,桃園市八德區,室內,24.9271,121.2582,桃園,47,良好,8.18,Low Risk,40
中園國小,弘園街22號,新北市三峽區,室內,24.9278,121.3672,桃園,47,良好,9.56,Low Risk,926
青埔社區老人會館,6鄰青埔子80-1號,新竹縣新豐鄉,室內,24.928,121.0133,新竹,39,良好,12.9,Low Risk,45
獅子林社區活動中心,北貴里大仁街46號,桃園市平鎮區,室內,24.9281,121.2256,桃園,47,良好,10.22,Low Risk,94
中興社區活動中心,大鶯路1450巷26號,桃園市大溪區,室內,24.928766,121.317064,桃園,47,良好,6.94,Low Risk,50
瑞原社區活動中心,民豐路506之1號,桃園市楊梅區,室內,24.929769,121.112014,新竹,39,良好,19.03,Low Risk,100
介壽國小,大同路1號,新北市三峽區,室內,24.9298,121.3785,桃園,47,良好,10.24,Low Risk,289
瑞祥里集會所,介壽路二段1233巷46-1號,桃園市八德區,室內,24.9303,121.2988,桃園,47,良好,6.59,Low Risk,128
安溪國小,中華路42號,新北市三峽區,室內,24.9304,121.3729,桃園,47,良好,9.78,Low Risk,435
青少年活動中心,興豐路2207號,桃園市八德區,室內,24.9308,121.2945,桃園,47,良好,6.56,Low Risk,175
陽光活力園區,興豐路2189巷地號︰大發段1219-0000號,桃園市八德區,室內,24.9308,121.2945,桃園,47,良好,6.56,Low Risk,251
興豐公園三,豐田路與豐田五街,桃園市八德區,室外,24.9311,121.2893,桃園,47,良好,6.6,Low Risk,200
大明活動中心,桃鶯路134號,桃園市八德區,室內,24.9316,121.2838,桃園,47,良好,6.67,Low Risk,67
竹霄活動中心,廟前2鄰1-1號,桃園市八德區,室內,24.9316,121.2838,桃園,47,良好,6.67,Low Risk,125
龍安公園,龍江路國軍副食品後,桃園市中壢區,室外,24.931644,121.257829,桃園,47,良好,7.77,Low Risk,208
振興公園,振興里龍陵路以西,桃園市中壢區,室外,24.931646,121.231332,桃園,47,良好,9.53,Low Risk,225
副食品公園,龍江路旁,桃園市中壢區,室外,24.931675,121.257805,桃園,47,良好,7.77,Low Risk,950
富岡社區活動中心,新明街347巷2弄1號二樓,桃園市楊梅區,室內,24.93201,121.075161,新竹,39,良好,16.55,Low Risk,100
興豐公園一,豐田七街地號︰豐田段1342-0000號,桃園市八德區,室外,24.9321,121.2885,桃園,47,良好,6.51,Low Risk,72
建德公園,長興路與建德路口地號︰福興段0973-0000號,桃園市八德區,室外,24.9327,121.2733,桃園,47,良好,6.91,Low Risk,148
龍岡萬坪公園,龍岡路三段,桃園市中壢區,室外,24.93283,121.251014,桃園,47,良好,8.07,Low Risk,3443
高山社區活動中心,幼獅路三段168號二樓,桃園市楊梅區,室內,24.932923,121.156662,桃園,47,良好,15.86,Low Risk,100
成福國小,溪東路213號,新北市三峽區,室內,24.9332,121.4057,板橋,44,良好,10.88,Low Risk,261
藝文廣場,興豐路825巷旁地號︰瑞豐段0975-0001號,桃園市八德區,室外,24.9334,121.2999,桃園,47,良好,6.24,Low Risk,47
里昂社區公園,竹興街地號︰霄裡段0618-0000號,桃園市八德區,室外,24.9339,121.2703,桃園,47,良好,6.92,Low Risk,32
龍岡森林公園,龍岡路三段與龍岡路262巷,桃園市中壢區,室外,24.933902,121.235785,桃園,47,良好,9.03,Low Risk,2500
三峽國小,中山路16號,新北市三峽區,室內,24.9345,121.3697,桃園,47,良好,9.23,Low Risk,581
長青市民活動中心,中山路65號,新北市三峽區,室內,24.93479,121.367,桃園,47,良好,9.01,Low Risk,166
楓樹腳休閒公園,介壽路二段946巷947號旁,桃園市八德區,室外,24.9348,121.2967,桃園,47,良好,6.1,Low Risk,468
南亞公園,龍福路與龍東路445巷,桃園市中壢區,室外,24.934965,121.25218,桃園,47,良好,7.82,Low Risk,856
溪濱公園,廣興五街,桃園市八德區,室外,24.9353,121.2825,桃園,47,良好,6.31,Low Risk,43
瑞泰社區公園,介壽路二段933巷瑞豐國小旁地號︰瑞豐段0966-0000號,桃園市八德區,室外,24.9356,121.2982,桃園,47,良好,6.0,Low Risk,20
新勢公園,延平路與中豐路口,桃園市平鎮區,室外,24.9357,121.2005,桃園,47,良好,11.77,Low Risk,1260
龍和公園,隆昌街以南,桃園市中壢區,室外,24.93578,121.249574,桃園,47,良好,7.92,Low Risk,203
北勢國小,金陵路二段330號,桃園市平鎮區,室內,24.9358,121.2238,桃園,47,良好,9.82,Low Risk,70
合興里-合興社區活動中心,頭城鎮合興里路94-1號,宜蘭縣頭城鎮,室內,24.9359,121.8859,文山,40,良好,32.25,Low Risk,44
瑞安公園,瑞安街底,桃園市八德區,室外,24.9361,121.2967,桃園,47,良好,5.95,Low Risk,49
新北市坪林區公所,坪林101號,新北市坪林區,室內,24.93614,121.711784,文山,40,良好,15.34,Low Risk,50
新北市坪林區坪林國民小學,坪林114號,新北市坪林區,室內,24.936238,121.71088,文山,40,良好,15.25,Low Risk,314
豐野社區活動中心,信義街83巷25弄23號,桃園市楊梅區,室內,24.936444,121.084322,新竹,39,良好,17.53,Low Risk,100
上田社區活動中心,和平路87號2樓,桃園市楊梅區,室內,24.937104,121.125912,桃園,47,良好,18.6,Low Risk,50
北興社區活動中心,金陵路2段433號,桃園市平鎮區,室內,24.9375,121.2248,桃園,47,良好,9.62,Low Risk,51
中壢區台貿社區活動中心,台貿一街100號,桃園市中壢區,室內,24.937684,121.255788,桃園,47,良好,7.35,Low Risk,125
高榮社區活動中心,幼獅路二段390之2號,桃園市楊梅區,室內,24.937725,121.16583,桃園,47,良好,14.8,Low Risk,50
龍德公園,龍興國中旁,桃園市中壢區,室外,24.937741,121.237951,桃園,47,良好,8.58,Low Risk,206
直潭國小,新北市新店區直潭路92號,新北市新店區,室內,24.9378,121.5313,新店,41,良好,3.41,Low Risk,1600
新北市立坪林國民中學,國中路4號,新北市坪林區,室內,24.938007,121.712825,文山,40,良好,15.35,Low Risk,1144
員本社區活動中心,2鄰員本路532之1號,桃園市楊梅區,室內,24.938356,121.106168,新竹,39,良好,19.23,Low Risk,100
興豐公園二,廣豐路與豐田路口,桃園市八德區,室外,24.9386,121.3083,桃園,47,良好,5.71,Low Risk,107
三峽國中,復興路238號,新北市三峽區,室內,24.9391,121.3693,桃園,47,良好,8.87,Low Risk,1149
鶯歌高職,中正三路154號,新北市鶯歌區,室內,24.9393,121.335,桃園,47,良好,6.54,Low Risk,1513
伯公岡公園,民生街、富豐北路口,桃園市楊梅區,室外,24.939416,121.084716,新竹,39,良好,17.8,Low Risk,2000
中壢區龍興社區活動中心,龍岡路三段37巷92弄102號,桃園市中壢區,室內,24.939461,121.23325,桃園,47,良好,8.82,Low Risk,60
黎明公園,榮民南路消防隊旁,桃園市中壢區,室外,24.939842,121.256073,桃園,47,良好,7.15,Low Risk,188
平鎮高中,南路三段100號,桃園市平鎮區,室內,24.9399,121.2189,桃園,47,良好,9.95,Low Risk,182
廣仁里里民集會所,新光路65巷50號,桃園市平鎮區,室內,24.94,121.2059,桃園,47,良好,11.06,Low Risk,104
新富公園,中豐路、環南路三段口,桃園市平鎮區,室外,24.94,121.2165,桃園,47,良好,10.15,Low Risk,255
廣仁公園,新光路65巷福壽5巷對面,桃園市平鎮區,室外,24.9402,121.2064,桃園,47,良好,11.01,Low Risk,269
仁福公園,中山東路3段429巷87弄旁,桃園市中壢區,室外,24.940545,121.253749,桃園,47,良好,7.24,Low Risk,213
大溪里-大溪社區活動中心,頭城鎮大溪里濱海路五段249號,宜蘭縣頭城鎮,室內,24.9406,121.8932,文山,40,良好,32.88,Low Risk,62
龍埔國小,大學路6號,新北市三峽區,室內,24.940679,121.377883,桃園,47,良好,9.45,Low Risk,855
二橋國小,鶯歌區中正三路106號,新北市鶯歌區,室內,24.9409,121.3376,桃園,47,良好,6.54,Low Risk,1284
兒四十公園,龍岡路2段306巷,桃園市中壢區,室外,24.941319,121.230266,桃園,47,良好,8.93,Low Risk,198
宋屋國小,延平路二段389號,桃園市平鎮區,室內,24.9419,121.2062,桃園,47,良好,10.93,Low Risk,42
後寮公園,後興路一段90巷,桃園市中壢區,室外,24.942039,121.247381,桃園,47,良好,7.56,Low Risk,59
瑞泰里集會所,介壽路二段583巷12號,桃園市八德區,室內,24.9422,121.2983,桃園,47,良好,5.27,Low Risk,70
八德埤塘生態公園,興豐路1315號,桃園市八德區,室外,24.9423,121.3112,桃園,47,良好,5.35,Low Risk,613
583綠地,介壽路二段583巷地號︰麻園段0844-0000號,桃園市八德區,室外,24.9426,121.2999,桃園,47,良好,5.22,Low Risk,17
龜山里-龜山社區活動中心,頭城鎮龜山里路221號,宜蘭縣頭城鎮,室內,24.9426,121.9002,文山,40,良好,33.54,Low Risk,28
大信里集會所,大興路992號,桃園市八德區,室內,24.9431,121.3008,桃園,47,良好,5.16,Low Risk,75
大竹里集會所,竹高厝11-2號,桃園市八德區,室內,24.9431,121.3152,桃園,47,良好,5.35,Low Risk,95
中壢區新振社區活動中心,龍岡路2段232號,桃園市中壢區,室內,24.943244,121.229589,桃園,47,良好,8.86,Low Risk,20
新北市立尖山國民中學,鶯歌區國中街1號,新北市鶯歌區,室內,24.9437,121.3422,桃園,47,良好,6.57,Low Risk,622
北勢社區活動中心,振平街153號,桃園市平鎮區,室內,24.9438,121.2196,桃園,47,良好,9.66,Low Risk,99
平鎮區幼兒園本園,振平街155號,桃園市平鎮區,室內,24.9438,121.2196,桃園,47,良好,9.66,Low Risk,100
中壢區後寮里集會所,龍興路107巷21號,桃園市中壢區,室內,24.944478,121.245972,桃園,47,良好,7.48,Low Risk,50
瑞泰鄰里公園,介壽路二段490巷地號︰ 大庄段2311-0000號,桃園市八德區,室外,24.9446,121.2959,桃園,47,良好,5.02,Low Risk,31
新興公園,林森國小旁,桃園市中壢區,室外,24.945306,121.225507,桃園,47,良好,9.07,Low Risk,904
桃園市南區老人文康活動中心,林森路90號,桃園市中壢區,室內,24.945355,121.225934,桃園,47,良好,9.03,Low Risk,100
平興暨宋屋里里民集會所,平興里廣泰路85號,桃園市平鎮區,室內,24.9454,121.2042,桃園,47,良好,10.93,Low Risk,92
建國公園,建國路與同和街交匯地號︰大和段0162-0000號,桃園市八德區,室外,24.9454,121.2887,桃園,47,良好,5.06,Low Risk,41
仁德公園,建國路與仁德路口,桃園市八德區,室外,24.9454,121.2887,桃園,47,良好,5.06,Low Risk,75
福興活動中心,廣興路53號,桃園市八德區,室內,24.9456,121.2837,桃園,47,良好,5.19,Low Risk,62
大竹埤塘公園,興豐路1810號,桃園市八德區,室外,24.9456,121.3163,桃園,47,良好,5.12,Low Risk,152
平鎮國中,振興路2號,桃園市平鎮區,室內,24.9457,121.216,桃園,47,良好,9.86,Low Risk,496
福興社區公園,廣興路,桃園市八德區,室外,24.9457,121.2832,桃園,47,良好,5.19,Low Risk,37
宋屋公園,平興里廣泰路壢新醫院旁,桃園市平鎮區,室外,24.9464,121.2051,桃園,47,良好,10.8,Low Risk,168
華勛公園,華勛街363巷,桃園市中壢區,室外,24.94666,121.261776,桃園,47,良好,6.2,Low Risk,981
廣興活動中心,雙連坡1-1號,桃園市八德區,室內,24.9468,121.2836,桃園,47,良好,5.07,Low Risk,120
客家文化廣場,大興路地號︰榮興段1405-0000號,桃園市八德區,室外,24.9471,121.3023,桃園,47,良好,4.72,Low Risk,40
義民公園,環南路、復旦路口,桃園市平鎮區,室外,24.9474,121.207,桃園,47,良好,10.58,Low Risk,125
大興活動中心,介壽路2段361巷96號,桃園市八德區,室內,24.9474,121.2993,桃園,47,良好,4.68,Low Risk,140
大昌鄰里公園,鴻昌街底地號︰大庄段1135-0000號,桃園市八德區,室外,24.9475,121.2969,桃園,47,良好,4.69,Low Risk,46
中壢區仁祥、華勛里集會所,華祥一街21號,桃園市中壢區,室內,24.948055,121.261425,桃園,47,良好,6.1,Low Risk,50
平鎮區幼兒園義民分班,復旦路2段115號,桃園市平鎮區,室內,24.9485,121.2037,桃園,47,良好,10.82,Low Risk,207
普慶公園,普慶路旁,桃園市中壢區,室外,24.948548,121.246511,桃園,47,良好,7.14,Low Risk,191
北大高中,大義路277號,新北市三峽區,室內,24.948608,121.376106,桃園,47,良好,8.82,Low Risk,1122
仁祥公園,華勛街,桃園市中壢區,室外,24.948742,121.260686,桃園,47,良好,6.09,Low Risk,208
桃子腳國民中小學,學勤路555號,新北市樹林區,室內,24.94923,121.382973,桃園,47,良好,9.39,Low Risk,3155
平興國中,環南路300號,桃園市平鎮區,室內,24.9497,121.2063,桃園,47,良好,10.53,Low Risk,21
義興里里民集會所,義興里25鄰義興街80號,桃園市平鎮區,室內,24.9497,121.2092,桃園,47,良好,10.27,Low Risk,99
南靖里活動中心,鶯歌區文化路395號,新北市鶯歌區,室內,24.950284,121.352776,桃園,47,良好,6.79,Low Risk,56
中壢區東興社區活動中心,中北路二段76巷10號,桃園市中壢區,室內,24.950351,121.225243,桃園,47,良好,8.8,Low Risk,100
義興公園,義興路義興國小對面,桃園市平鎮區,室外,24.9504,121.2096,桃園,47,良好,10.2,Low Risk,108
鶯歌國中,鶯歌區尖山埔路108號,新北市鶯歌區,室內,24.9504,121.3448,桃園,47,良好,6.19,Low Risk,1093
新勢國小,延平路一段181號,桃園市平鎮區,室內,24.9505,121.2168,桃園,47,良好,9.54,Low Risk,140
瑞聯社區公園,建安街底地號︰大發段1494-0000號,桃園市八德區,室外,24.9508,121.3198,桃園,47,良好,4.7,Low Risk,108
莒光環保公園,莒光路2側,桃園市中壢區,室外,24.951014,121.235903,桃園,47,良好,7.84,Low Risk,2032
新昇倉庫,大粗坑11之1號,新北市坪林區,室內,24.951077,121.725304,文山,40,良好,16.08,Low Risk,10
鶯歌國小,鶯歌區尖山埔路106號,新北市鶯歌區,室內,24.9512,121.3458,桃園,47,良好,6.2,Low Risk,1501
雙峰國小,新北市新店區北宜路三段66號,新北市新店區,室內,24.9515,121.5755,新店,41,良好,4.06,Low Risk,255
復興親子公園,育達路二段、文化街口,桃園市平鎮區,室外,24.952,121.2105,桃園,47,良好,10.04,Low Risk,305
景文科技大學,新北市新店區安忠路99號,新北市新店區,室內,24.952,121.5093,新店,41,良好,3.5,Low Risk,1855
雙城國小,台北縣新店市安康路三段322號,新北市新店區,室內,24.9521,121.4865,新店,41,良好,5.6,Low Risk,399
華愛公園,華愛街43號對面,桃園市中壢區,室外,24.952552,121.259728,桃園,47,良好,5.85,Low Risk,181
祖田市民活動中心,中央路4段285號2樓,新北市土城區,室內,24.952776,121.411937,板橋,44,良好,8.72,Low Risk,50
德和公園,清潔隊對面,桃園市中壢區,室外,24.952781,121.262532,桃園,47,良好,5.64,Low Risk,201
新榮國小,中原路88號,桃園市平鎮區,室內,24.9528,121.2184,桃園,47,良好,9.28,Low Risk,196
新店國小,新北市新店區新店路2號,新北市新店區,室內,24.9529,121.5402,新店,41,良好,1.64,Low Risk,1795
文化國小,文化街189號,桃園市平鎮區,室內,24.9531,121.2033,桃園,47,良好,10.66,Low Risk,35
麗盛公園,文昌街97巷大和段0535-0000號,桃園市八德區,室外,24.9531,121.2956,桃園,47,良好,4.09,Low Risk,51
青潭國小,新北市新店區北宜路二段80號,新北市新店區,室內,24.9531,121.5523,新店,41,良好,2.07,Low Risk,203
文昌休閒公園,文昌街與金和街交匯地號︰大和段0152-0000號,桃園市八德區,室外,24.9533,121.2947,桃園,47,良好,4.08,Low Risk,51
雲海國小,坑內1號,新北市石碇區,室內,24.9533,121.637,文山,40,良好,7.73,Low Risk,299
仁德公園,仁美新村旁,桃園市中壢區,室外,24.95342,121.266276,桃園,47,良好,5.33,Low Risk,205
中壢區仁美社區活動中心,榮民南路350巷內,桃園市中壢區,室內,24.953425,121.256945,桃園,47,良好,5.99,Low Risk,55
達觀國民中小學,僑信路1號,新北市新店區,室內,24.95362,121.49998,新店,41,良好,4.27,Low Risk,407
雙城活動中心,新北市新店區安康路3段2號5樓,新北市新店區,室內,24.9538,121.4937,新店,41,良好,4.86,Low Risk,132
舊社公園,舊明里義民路明德路口,桃園市中壢區,室外,24.953848,121.215935,桃園,47,良好,9.46,Low Risk,574
中壢區舊明里集會所,義民路70號,桃園市中壢區,室內,24.953916,121.216238,桃園,47,良好,9.42,Low Risk,50
復旦暨復興里里民集會所,復興街55號,桃園市平鎮區,室內,24.9544,121.2051,桃園,47,良好,10.43,Low Risk,84
和盛公園,大和路96號對面地號︰大和段0280-0000號,桃園市八德區,室外,24.9545,121.2964,桃園,47,良好,3.92,Low Risk,75
復旦國小,廣平街1號,桃園市平鎮區,室內,24.9547,121.2078,桃園,47,良好,10.17,Low Risk,140
柑園國中,柑園街二段125號,新北市樹林區,室內,24.95474,121.384115,桃園,47,良好,9.22,Low Risk,1238
同和公園,同和街與金和街交匯地號︰大和段0295-0000號,桃園市八德區,室外,24.9548,121.2951,桃園,47,良好,3.91,Low Risk,48
建國國小,鶯歌區育英街2號,新北市鶯歌區,室內,24.955,121.3461,桃園,47,良好,5.94,Low Risk,376
大安里集會所,長安街65號,桃園市八德區,室內,24.9551,121.216,桃園,47,良好,9.39,Low Risk,190
高雄市立立德國民中學,實踐路101號,高雄市左營區,室內,24.955186,121.241045,桃園,47,良好,7.16,Low Risk,100
高連社區活動中心,高雙里13鄰高雙路80號,桃園市平鎮區,室內,24.9552,121.1895,桃園,47,良好,11.88,Low Risk,356
樹梅嶺倉庫,樹梅嶺11號,新北市坪林區,室內,24.955382,121.696956,文山,40,良好,13.2,Low Risk,10
昌福國小,鶯歌區永明街22號,新北市鶯歌區,室內,24.9556,121.3392,桃園,47,良好,5.38,Low Risk,1391
平鎮區婦幼活動中心,廣達里廣成街10號,桃園市平鎮區,室內,24.9558,121.2084,桃園,47,良好,10.07,Low Risk,202
北鶯里活動中心,仁愛路55號,新北市鶯歌區,室內,24.955861,121.354434,桃園,47,良好,6.55,Low Risk,37
大和公園,銀和街又霸倫敦城對面地號︰大和段0264-0000號,桃園市八德區,室外,24.9559,121.297,桃園,47,良好,3.76,Low Risk,32
頂埔國小,中央路4段205號,新北市土城區,室內,24.95623,121.414403,板橋,44,良好,8.26,Low Risk,873
柑園國小,柑園街一段353號,新北市樹林區,室內,24.956328,121.389362,桃園,47,良好,9.63,Low Risk,467
廣達公園,環南路35巷、廣成街口,桃園市平鎮區,室外,24.9564,121.2076,桃園,47,良好,10.12,Low Risk,195
中央公園,中央里公七停車場上,桃園市中壢區,室外,24.956471,121.226786,桃園,47,良好,8.34,Low Risk,600
公七公園,領航南路3段與高鐵站前東路2段,桃園市中壢區,室外,24.956529,121.226641,桃園,47,良好,8.35,Low Risk,1294
大忠里集會所,建國路1199號5樓,桃園市八德區,室內,24.9567,121.2962,桃園,47,良好,3.68,Low Risk,105
大慶 大華里集會所,建國路1199號4樓,桃園市八德區,室內,24.9567,121.2962,桃園,47,良好,3.68,Low Risk,105
大成活動中心,建國路1199號,桃園市八德區,室內,24.9567,121.2962,桃園,47,良好,3.68,Low Risk,105
文山國中,新北市新店區文中路38號,新北市新店區,室內,24.9567,121.5392,新店,41,良好,1.21,Low Risk,703
能仁家商,新北市新店區文中路53巷10號,新北市新店區,室內,24.9569,121.5404,新店,41,良好,1.19,Low Risk,1373
西鶯里活動中心,中正一路203號,新北市鶯歌區,室內,24.9572,121.3536,桃園,47,良好,6.4,Low Risk,207
福僑公園大成社區公園,福僑街80巷地號︰福國段0404-0000號,桃園市八德區,室外,24.9573,121.295,桃園,47,良好,3.63,Low Risk,40
瑞發公園,瑞發街與興豐路825巷交匯地號︰瑞發段0973-0000號,桃園市八德區,室外,24.9576,121.2988,桃園,47,良好,3.55,Low Risk,117
大安活動中心,和平路548號,桃園市八德區,室內,24.9576,121.3042,桃園,47,良好,3.56,Low Risk,147
文中廣明活動中心,新北市新店區北宜路一段39巷32號,新北市新店區,室內,24.9577,121.5399,新店,41,良好,1.1,Low Risk,45
篤行公園,永福路以北,桃園市中壢區,室外,24.958407,121.263193,桃園,47,良好,5.15,Low Risk,153
同福公園,和義街底地號︰同福段0424-0000號,桃園市八德區,室外,24.9587,121.3077,桃園,47,良好,3.49,Low Risk,111
永吉國小,鶯歌區德昌二街2號,新北市鶯歌區,室內,24.9588,121.3329,桃園,47,良好,4.68,Low Risk,440
頂埔市民活動中心,中央路4段55-12號,新北市土城區,室內,24.958966,121.417311,板橋,44,良好,7.84,Low Risk,60
新街溪公園,溪州街旁,桃園市中壢區,室外,24.959085,121.230141,桃園,47,良好,7.91,Low Risk,300
五權兒童公園,正光街,桃園市中壢區,室外,24.959108,121.20439,桃園,47,良好,10.32,Low Risk,569
中壢區婦幼館,正大街55號,桃園市中壢區,室內,24.959254,121.204444,桃園,47,良好,10.31,Low Risk,100
中正公園,中央里中美路,桃園市中壢區,室外,24.959449,121.22659,桃園,47,良好,8.22,Low Risk,5000
新北市坪林區坪林國小漁光校區,大舌湖35號,新北市坪林區,室內,24.959584,121.746242,文山,40,良好,17.92,Low Risk,62
過嶺里兒一公園,民族路5段.文中一南側,桃園市中壢區,室外,24.95967,121.173807,桃園,47,良好,13.25,Low Risk,230
中壢區社福館,元化路159號,桃園市中壢區,室內,24.959848,121.228005,桃園,47,良好,8.07,Low Risk,100
中壢區過嶺社區活動中心,雙福路9號,桃園市中壢區,室內,24.959978,121.176781,桃園,47,良好,12.95,Low Risk,55
普忠公園,普忠里中原大學運動場旁,桃園市中壢區,室外,24.960062,121.243726,桃園,47,良好,6.65,Low Risk,137
中壢區聯合長壽俱樂部〈松鶴會館〉,元化路182-2號,桃園市中壢區,室內,24.960342,121.227251,桃園,47,良好,8.12,Low Risk,100
中壢區德義、仁義、忠義、普義里集會所,中華路二段369-1號,桃園市中壢區,室內,24.960534,121.237458,桃園,47,良好,7.18,Low Risk,50
大湳公園,福國北街與中路街交匯地號︰大智段0897-0000號,桃園市八德區,室外,24.9607,121.2951,桃園,47,良好,3.26,Low Risk,173
頂城市民活動中心,新北市新店區安康路一段9-1號,新北市新店區,室內,24.960733,121.532147,新店,41,良好,1.06,Low Risk,119
八德市綜合大樓三樓,大智里福國北街220號,桃園市八德區,室內,24.9608,121.295,桃園,47,良好,3.25,Low Risk,182
永寧市民活動中心,永寧路32巷10弄10號,新北市土城區,室內,24.961098,121.42864,板橋,44,良好,7.04,Low Risk,30
白馬公園,白馬街與王子二街,桃園市中壢區,室外,24.961274,121.21328,桃園,47,良好,9.39,Low Risk,217
安坑國小,新北市新店區安忠路36號,新北市新店區,室內,24.9613,121.5142,新店,41,良好,2.64,Low Risk,901
中壢區中正、中山里集會所,榮民路396號,桃園市中壢區,室內,24.96168,121.261501,桃園,47,良好,5.05,Low Risk,50
中路休閒公園,國豐街國際路88號旁,桃園市八德區,室外,24.9619,121.2897,桃園,47,良好,3.28,Low Risk,217
坤慶公園,忠孝里天晟醫院後方,桃園市中壢區,室外,24.961985,121.229855,桃園,47,良好,7.81,Low Risk,66
中壢區光明、新明、永光里集會所,新明路223號,桃園市中壢區,室內,24.962185,121.216903,桃園,47,良好,9.01,Low Risk,50
夢幻公園,榮民路以西,桃園市中壢區,室外,24.962219,121.261867,桃園,47,良好,4.98,Low Risk,1230
土城國中,永寧路18號,新北市土城區,室內,24.962522,121.430192,板橋,44,良好,6.82,Low Risk,1384
公十五公園,永福西街與福國北街交匯地號︰大智段0753-0000號,桃園市八德區,室外,24.963,121.2984,桃園,47,良好,2.96,Low Risk,49
公二公園,永福西街與福國北街交匯地號︰大智段0418-0000號,桃園市八德區,室外,24.963,121.2984,桃園,47,良好,2.96,Low Risk,65
地標公園,延平路普義路橋旁,桃園市中壢區,室外,24.963076,121.229788,桃園,47,良好,7.77,Low Risk,60
平鎮區幼兒園平鎮分班,新光路3段186號,桃園市平鎮區,室內,24.9633,121.2759,桃園,47,良好,3.87,Low Risk,40
大智里集會所,福國北街221號,桃園市八德區,室內,24.9634,121.2968,桃園,47,良好,2.93,Low Risk,23
六和兒童公園,六合路九合二路口,桃園市中壢區,室外,24.963452,121.225114,桃園,47,良好,8.19,Low Risk,370
光明公園,光明里中壢高商旁,桃園市中壢區,室外,24.963517,121.216424,桃園,47,良好,9.01,Low Risk,6329
沛陂市民活動中心,三民路23巷8弄9號,新北市土城區,室內,24.963872,121.419474,板橋,44,良好,7.27,Low Risk,50
大里里-大里社區活動中心,頭城鎮大里里濱海路六段251號,宜蘭縣頭城鎮,室內,24.9639,121.92,文山,40,良好,35.24,Low Risk,184
廣豐兒一公園,大智路明智段0030-0000號,桃園市八德區,室外,24.9641,121.2996,桃園,47,良好,2.83,Low Risk,42
茄苳埤塘公園,東泰街地號︰白鷺段0559-0000號,桃園市八德區,室外,24.9643,121.2759,桃園,47,良好,3.78,Low Risk,55
茄白活動中心,永豐路170號,桃園市八德區,室內,24.9649,121.2786,桃園,47,良好,3.55,Low Risk,136
桃園市中壢區公所,環北路380號,桃園市中壢區,室內,24.965503,121.224923,桃園,47,良好,8.13,Low Risk,200
高明公園,高城五街底地號︰高城段0818-0000號,桃園市八德區,室外,24.9656,121.3047,桃園,47,良好,2.68,Low Risk,34
大勇兒童公園,忠勇一街與忠勇六街地號︰同福段0551-0000號,桃園市八德區,室外,24.9656,121.3047,桃園,47,良好,2.68,Low Risk,52
君臨休閒廣場,忠勇一街與忠勇六街交匯地號︰同福段0620-0000號,桃園市八德區,室外,24.9656,121.3047,桃園,47,良好,2.68,Low Risk,88
大千公園,忠勇街與永福街交匯地號︰永福段0457-0000號,桃園市八德區,室外,24.9657,121.3036,桃園,47,良好,2.66,Low Risk,17
忠勇公園,忠勇街與東勇街一路交匯地號︰同福段0653-0000號,桃園市八德區,室外,24.9657,121.3036,桃園,47,良好,2.66,Low Risk,84
及人高中,新北市新店區安興路1號,新北市新店區,室內,24.9663,121.5149,新店,41,良好,2.47,Low Risk,2774
五峰國中,新北市新店區中興路一段253號,新北市新店區,室內,24.9664,121.544,新店,41,良好,0.48,Low Risk,1103
廣豐綠一公園,廣豐路地號︰大智段0630-0000號,桃園市八德區,室外,24.9665,121.2967,桃園,47,良好,2.6,Low Risk,34
廣豐公一公園,廣豐路地號︰明智段0025-0000號,桃園市八德區,室外,24.9665,121.2967,桃園,47,良好,2.6,Low Risk,95
鳳鳴國中,鶯歌區永和街33號,新北市鶯歌區,室內,24.9671,121.3318,桃園,47,良好,3.97,Low Risk,527
大明公園二,興隆街23巷底地號︰大明段1099-0000號,桃園市八德區,室外,24.9673,121.3264,桃園,47,良好,3.55,Low Risk,33
中壢區自強、自治里集會所,強國路46號,桃園市中壢區,室內,24.967453,121.259528,桃園,47,良好,4.85,Low Risk,50
永福環保公園,中園路114巷,桃園市中壢區,室外,24.967528,121.236409,桃園,47,良好,6.96,Low Risk,296
自強公園,自強國中旁，強國路以北,桃園市中壢區,室外,24.967876,121.259385,桃園,47,良好,4.84,Low Risk,516
中鑄公園,中華路2段,桃園市中壢區,室外,24.968046,121.249815,桃園,47,良好,5.69,Low Risk,434
廣豐生態綠地公園,介壽路一段與廣豐路交匯地號︰大智段0011-1002號,桃園市八德區,室外,24.9681,121.3014,桃園,47,良好,2.38,Low Risk,215
文化公園,文化街、復興街口,桃園市平鎮區,室外,24.9684,121.2484,桃園,47,良好,5.81,Low Risk,231
大明公園一,興隆街與13巷交匯地號︰大明段1096-0000號,桃園市八德區,室外,24.9687,121.3273,桃園,47,良好,3.51,Low Risk,41
安康高中,新北市新店區安興路25號,新北市新店區,室內,24.9688,121.5149,新店,41,良好,2.47,Low Risk,1119
圳邊公園,大明街大圳邊地號︰前埕段0564-0000號,桃園市八德區,室外,24.9691,121.2977,桃園,47,良好,2.29,Low Risk,51
鳳鳴國小,鶯歌區永和街120號,新北市鶯歌區,室內,24.9691,121.3351,桃園,47,良好,4.11,Low Risk,342
大仁里集會所,桃鶯路南僑巷76號,桃園市八德區,室內,24.9696,121.3264,桃園,47,良好,3.38,Low Risk,110
大仁休閒公園,和平路頂僑巷,桃園市八德區,室外,24.9704,121.3237,桃園,47,良好,3.11,Low Risk,6
中壢區水尾社區活動中心,新生路598巷22號,桃園市中壢區,室內,24.970735,121.224783,桃園,47,良好,7.97,Low Risk,40
育德國小,佳園路一段34號,新北市樹林區,室內,24.971116,121.392558,板橋,44,良好,8.64,Low Risk,484
大正休閒廣場,正福五街與正福二街口地號︰大福段0603-0000號,桃園市八德區,室外,24.9714,121.2979,桃園,47,良好,2.04,Low Risk,46
高明里集會所,永豐路572巷21號2樓,桃園市八德區,室內,24.9716,121.2759,桃園,47,良好,3.23,Low Risk,105
中正國小,新北市新店區三民路３６號,新北市新店區,室內,24.9717,121.5366,新店,41,良好,0.54,Low Risk,1001
崇光女中,新北市新店區三民路18號,新北市新店區,室內,24.9718,121.5391,新店,41,良好,0.47,Low Risk,522
土城國小,興城路17號,新北市土城區,室內,24.972383,121.441935,板橋,44,良好,5.33,Low Risk,958
土城區公所,金城路1段101號7樓,新北市土城區,室內,24.972533,121.442873,板橋,44,良好,5.28,Low Risk,162
泰平里活動中心,溪尾寮46號,新北市雙溪區,室內,24.9727,121.827,文山,40,良好,25.82,Low Risk,100
山佳市民活動中心,中山路三段40號2樓,新北市樹林區,室內,24.972721,121.39436,板橋,44,良好,8.39,Low Risk,80
中壢區永福、忠福、幸福里集會所,南園二路90號,桃園市中壢區,室內,24.972729,121.233494,桃園,47,良好,7.06,Low Risk,50
中湖里活動中心,中湖街25號,新北市鶯歌區,室內,24.973,121.3481,桃園,47,良好,5.08,Low Risk,119
中湖國小,中湖街25號,新北市鶯歌區,室內,24.973,121.3481,桃園,47,良好,5.08,Low Risk,465
復興公園,復華里內壢國中旁,桃園市中壢區,室外,24.973494,121.248762,桃園,47,良好,5.57,Low Risk,844
思源公園,思源街與正福里交匯地號︰大福段0583-0000號,桃園市八德區,室外,24.9735,121.2989,桃園,47,良好,1.79,Low Risk,69
北新國小　,新北市新店區寶橋路8號,新北市新店區,室內,24.9737,121.5439,新店,41,良好,0.82,Low Risk,1737
鴻撫宮,桃園市鴻撫街3號,桃園市桃園區,室內,24.9738,121.2645,桃園,47,良好,4.08,Low Risk,72
清化市民活動中心,青雲路368號4樓,新北市土城區,室內,24.973802,121.458661,板橋,44,良好,4.78,Low Risk,30
清和市民活動中心,青雲路368號1樓,新北市土城區,室內,24.973802,121.458661,板橋,44,良好,4.78,Low Risk,30
中園路環保公園,中園路,桃園市中壢區,室外,24.97388,121.235833,桃園,47,良好,6.8,Low Risk,1401
樂山市民活動中心,中和街38號3樓,新北市樹林區,室內,24.973944,121.389871,板橋,44,良好,8.69,Low Risk,61
元生公園,文化路,桃園市中壢區,室外,24.974152,121.253145,桃園,47,良好,5.13,Low Risk,1303
松柏會老人文康活動中心,2鄰29-5號,桃園市新屋區,室內,24.974502,121.026312,新竹,39,良好,18.21,Low Risk,0
中山社區活動中心,國際路一段575號,桃園市桃園區,室內,24.975,121.2892,桃園,47,良好,2.01,Low Risk,45
新店高中,新北市新店區中央路93號,新北市新店區,室內,24.9756,121.5318,新店,41,良好,1.17,Low Risk,1307
常樂公園,元化路元生國小旁,桃園市中壢區,室外,24.975768,121.250826,桃園,47,良好,5.29,Low Risk,885
山佳國小,中山路三段5號,新北市樹林區,室內,24.975774,121.401678,板橋,44,良好,7.59,Low Risk,654
福豐國中,延平路326號,桃園市桃園區,室內,24.976,121.3139,桃園,47,良好,1.98,Low Risk,105
耕莘健康管理專科學校,新北市新店區民族路112號,新北市新店區,室內,24.9761,121.5355,新店,41,良好,1.02,Low Risk,87
忠孝公園,忠孝路元生二街旁,桃園市中壢區,室外,24.976276,121.254187,桃園,47,良好,4.95,Low Risk,1015
指南國小,文山區指南路3段38巷5-2號,臺北市文山區,室內,24.9764,121.5836,文山,40,良好,1.9,Low Risk,20
中壢區中原、忠孝、和平里原住民集會所,元生二街126號,桃園市中壢區,室內,24.976697,121.209151,桃園,47,良好,9.38,Low Risk,50
大豐社福館,新北市新店區民族路110號,新北市新店區,室內,24.9769,121.5376,新店,41,良好,1.05,Low Risk,1540
中壢區復興、復華里集會所,長樂街55號,桃園市中壢區,室內,24.977376,121.249838,桃園,47,良好,5.34,Low Risk,50
建國國中,介新街20號,桃園市桃園區,室內,24.9774,121.3077,桃園,47,良好,1.5,Low Risk,70
大豐國小,新北市新店區23143民族路108號,新北市新店區,室內,24.9776,121.5382,新店,41,良好,1.12,Low Risk,5794
成功公園,福得里內壢高中旁,桃園市中壢區,室外,24.977663,121.257876,桃園,47,良好,4.55,Low Risk,547
大林社區活動中心,大原路31號,桃園市桃園區,室內,24.9778,121.3202,桃園,47,良好,2.32,Low Risk,89
甲蟲兒童公園（文化兒2）,文化路以東、元生一街以北,桃園市中壢區,室外,24.977813,121.252899,桃園,47,良好,5.03,Low Risk,535
中壢區內壢、成功、福德里集會所,光華三街10號,桃園市中壢區,室內,24.97792,121.258069,桃園,47,良好,4.52,Low Risk,50
員林市民活動中心,員林街15號1樓,新北市土城區,室內,24.978282,121.442984,板橋,44,良好,4.68,Low Risk,77
霖園兒童公園,介壽路一段16底地號︰力行段0029-0000號,桃園市八德區,室外,24.9784,121.3022,桃園,47,良好,1.24,Low Risk,71
高城公園,高城六街與48巷交匯地號︰高明段0146-0000號,桃園市八德區,室外,24.979,121.2754,桃園,47,良好,2.84,Low Risk,35
陽明社區活動中心,陽明三街33號,桃園市桃園區,室內,24.9794,121.3072,桃園,47,良好,1.28,Low Risk,65
中壢區文化里集會所,文化路383-20號,桃園市中壢區,室內,24.979431,121.250258,桃園,47,良好,5.25,Low Risk,50
竹林中學,中和區華新街143巷12號,新北市中和區,室內,24.9799,121.506,新店,41,良好,3.63,Low Risk,430
石城里-石城社區活動中心,頭城鎮石城里（路）40-8號,宜蘭縣頭城鎮,室內,24.9799,121.9498,文山,40,良好,38.14,Low Risk,67
開明工商,新北市新店區寶中路49號,新北市新店區,室內,24.98,121.5462,新店,41,良好,1.54,Low Risk,1945
華梵大學于藝館3樓,華梵路1號,新北市石碇區,室內,24.98,121.6921,文山,40,良好,12.2,Low Risk,100
文化公園,內壢文化路,桃園市中壢區,室外,24.980065,121.249202,桃園,47,良好,5.33,Low Risk,1700
青山市民活動中心,明德路1段74-1號1樓,新北市土城區,室內,24.98031,121.464447,板橋,44,良好,4.05,Low Risk,18
永富市民活動中心,明德路1段74-1號2樓,新北市土城區,室內,24.98031,121.464447,板橋,44,良好,4.05,Low Risk,25
景美女中,文山區木新路3段312號,臺北市文山區,室內,24.9807,121.5562,文山,40,良好,1.83,Low Risk,300
延平公園,桃園市延平路、大豐路口,桃園市桃園區,室外,24.9808,121.3186,桃園,47,良好,2.01,Low Risk,1400
廷寮市民活動中心,永豐路240-1號,新北市土城區,室內,24.980803,121.467199,板橋,44,良好,4.03,Low Risk,80
南強工商,新北市新店區文化路42號,新北市新店區,室內,24.9809,121.5448,新店,41,良好,1.58,Low Risk,1132
力行國小,文山區木新路3段155巷7號,臺北市文山區,室內,24.9809,121.561,文山,40,良好,1.43,Low Risk,30
三角公園,文化路,桃園市中壢區,室外,24.980978,121.249318,桃園,47,良好,5.3,Low Risk,2281
陽明公園,桃園市長沙街十一號,桃園市桃園區,室外,24.9811,121.3073,桃園,47,良好,1.12,Low Risk,4600
大同國小,大同街43號,新北市樹林區,室內,24.981493,121.417421,板橋,44,良好,5.96,Low Risk,450
東陽市民活動中心,鎮前街467號,新北市樹林區,室內,24.981593,121.410902,板橋,44,良好,6.46,Low Risk,78
彭福國小,忠孝街30號,新北市樹林區,室內,24.981755,121.42394,板橋,44,良好,5.46,Low Risk,1704
清水高中,明德路1段72號,新北市土城區,室內,24.982013,121.465311,板橋,44,良好,3.87,Low Risk,1033
福林、豐林、福安、大豐里聯合集會所（陽明公園管理中心）,介壽路199號,桃園市桃園區,室外,24.9821,121.3081,桃園,47,良好,1.08,Low Risk,131
華夏科技大學,中和區工專路111號,新北市中和區,室內,24.9822,121.5076,新店,41,良好,3.59,Low Risk,1447
"青雲,柑林市民活動中心",清水路141巷18號B1,新北市土城區,室內,24.98237,121.458501,板橋,44,良好,3.83,Low Risk,50
裕德高中,擺接堡路1號,新北市土城區,室內,24.982977,121.439585,板橋,44,良好,4.38,Low Risk,975
新北高工,學府路1段241號,新北市土城區,室內,24.983308,121.45038,板橋,44,良好,3.89,Low Risk,2785
建國國小,昆明路95號,桃園市桃園區,室內,24.9834,121.3144,桃園,47,良好,1.5,Low Risk,280
實踐國中,文山區辛亥路7段67號,臺北市文山區,室內,24.9834,121.5547,文山,40,良好,1.82,Low Risk,300
中正國中,金城路2段247號,新北市土城區,室內,24.983456,121.456842,板橋,44,良好,3.73,Low Risk,415
樹林高級中學,中華路8號,新北市樹林區,室內,24.983502,121.422804,板橋,44,良好,5.41,Low Risk,1404
實踐國小,文山區忠順街1段4號,臺北市文山區,室內,24.9836,121.5575,文山,40,良好,1.56,Low Risk,75
東昇市民活動中心,中山路二段80號2樓,新北市樹林區,室內,24.984222,121.415159,板橋,44,良好,5.94,Low Risk,214
清水國小,金城路2段356號,新北市土城區,室內,24.984402,121.461508,板橋,44,良好,3.59,Low Risk,597
吉林公園,忠工路341-1地號,桃園市中壢區,室外,24.984425,121.250192,桃園,47,良好,5.16,Low Risk,305
新和國小,新店市安和路三段100號,新北市新店區,室內,24.9846,121.5182,新店,41,良好,2.85,Low Risk,648
北政國中,臺北市文山區指南路3段2巷14號,臺北市文山區,室內,24.9849,121.5783,文山,40,良好,0.86,Low Risk,20
中山公園,內定里吉林北路以東,桃園市中壢區,室外,24.985413,121.251276,桃園,47,良好,5.04,Low Risk,3275
樂利國小,裕生路65號,新北市土城區,室內,24.985602,121.447559,板橋,44,良好,3.75,Low Risk,1168
莊敬工家,新北市新店區民生路45號,新北市新店區,室內,24.9858,121.5322,新店,41,良好,2.15,Low Risk,8362
西園路環保公園,永福里社區.新街溪綠地,桃園市中壢區,室外,24.985901,121.236845,桃園,47,良好,6.49,Low Risk,509
廣興市民活動中心,學府路一段99巷底2樓,新北市土城區,室內,24.985909,121.457766,板橋,44,良好,3.45,Low Risk,50
廣福市民活動中心,學府路一段99巷底1樓,新北市土城區,室內,24.985909,121.457766,板橋,44,良好,3.45,Low Risk,50
育林國小,復興路395號,新北市樹林區,室內,24.986051,121.415677,板橋,44,良好,5.78,Low Risk,135
育林國中,復興路395號,新北市樹林區,室內,24.986051,121.415677,板橋,44,良好,5.78,Low Risk,574
中和國中,中和區興南路2段3巷17號,新北市中和區,室內,24.9862,121.5085,新店,41,良好,3.74,Low Risk,2649
中山國小,國際路一段1070號,桃園市桃園區,室內,24.9864,121.2902,桃園,47,良好,1.15,Low Risk,212
中山、中平、中原、中泰、中聖五里聯合集會所,中平路118號,桃園市桃園區,室內,24.9867,121.2928,桃園,47,良好,0.89,Low Risk,339
興南國小,中和區興南路1段135巷24號,新北市中和區,室內,24.9867,121.5091,新店,41,良好,3.72,Low Risk,1278
廣福國小,學府路1段127號,新北市土城區,室內,24.986953,121.454896,板橋,44,良好,3.38,Low Risk,608
建國、雲林里聯合集會所建國公園管理中心,建成街88號一、二樓,桃園市桃園區,室外,24.987,121.3155,桃園,47,良好,1.48,Low Risk,191
市二簡易公園,桃園市泰昌三街、宏昌七街口,桃園市桃園區,室外,24.9871,121.2931,桃園,47,良好,0.85,Low Risk,250
溪洲國小,金門街289號,新北市板橋區,室內,24.9873,121.4309,板橋,44,良好,4.53,Low Risk,1021
明道國小,文山區木柵路2段138巷61號,臺北市文山區,室內,24.9874,121.5626,文山,40,良好,0.93,Low Risk,42
木柵國中,文山區木柵路3段102巷12號,臺北市文山區,室內,24.9875,121.5677,文山,40,良好,0.44,Low Risk,30
兔坑社區活動中心,大同路918號,桃園市龜山區,室內,24.987578,121.35073,桃園,47,良好,5.01,Low Risk,120
永建國小,文山區試院路2號,臺北市文山區,室內,24.9876,121.55,文山,40,良好,2.18,Low Risk,30
幸福社區活動中心,幸福一街38號1樓,桃園市龜山區,室內,24.988014,121.33609,桃園,47,良好,3.53,Low Risk,82
龍岡公園,桃園市國強七街、國豐二街口,桃園市桃園區,室外,24.9882,121.2782,桃園,47,良好,2.31,Low Risk,400
南門國小,復興路303號,桃園市桃園區,室內,24.9886,121.3044,桃園,47,良好,0.35,Low Risk,159
山福集會所,中興路152號,桃園市龜山區,室內,24.988719,121.331807,桃園,47,良好,3.1,Low Risk,120
建國公園,桃園市桃鶯路、大林路口,桃園市桃園區,室外,24.9888,121.3173,桃園,47,良好,1.63,Low Risk,1400
安和國小,延和路23號,新北市土城區,室內,24.988807,121.464774,板橋,44,良好,3.11,Low Risk,2293
龍祥公園,龍城五街邊,桃園市桃園區,室外,24.9889,121.3111,桃園,47,良好,1.01,Low Risk,100
汴洲社區活動中心,水汴一路112號,桃園市桃園區,室內,24.9889,121.3111,桃園,47,良好,1.01,Low Risk,178
溫州公園,桃園市溫洲街、蓮華街口,桃園市桃園區,室外,24.9889,121.3111,桃園,47,良好,1.01,Low Risk,800
景新國小,中和區景新街467巷37號,新北市中和區,室內,24.9893,121.515,古亭,38,良好,3.32,Low Risk,897
龍岡社區活動中心,國豐二街6號,桃園市桃園區,室內,24.9895,121.2805,桃園,47,良好,2.08,Low Risk,92
景美國小,文山區景文街108號,臺北市文山區,室內,24.9895,121.5408,新店,41,良好,2.44,Low Risk,74
復興國小,中和區復興路301巷6號,新北市中和區,室內,24.9896,121.5019,古亭,38,良好,4.0,Low Risk,946
行政中心大禮堂,臺北市木柵路3段220號10樓,臺北市文山區,室內,24.9896,121.5701,文山,40,良好,0.14,Low Risk,60
沙崙國小,篤行路二段132號,新北市板橋區,室內,24.9897,121.4305,板橋,44,良好,4.37,Low Risk,1692
復興大樓圖書館,南山路236號6樓,新北市中和區,室內,24.9897,121.5065,古亭,38,良好,3.7,Low Risk,25
大同社區活動中心,明德路203巷10號,桃園市龜山區,室內,24.989757,121.343269,桃園,47,良好,4.25,Low Risk,133
中壢區內厝活動中心,月眉路1段2號,桃園市中壢區,室內,24.989775,121.179172,桃園,47,良好,12.29,Low Risk,55
山德社區活動中心,頂興路2巷14號,桃園市龜山區,室內,24.989945,121.328351,桃園,47,良好,2.75,Low Risk,68
樹林區公所,鎮前街93號,新北市樹林區,室內,24.989981,121.424633,板橋,44,良好,4.8,Low Risk,215
樹林國小,育英街176號,新北市樹林區,室內,24.99003,121.418101,板橋,44,良好,5.33,Low Risk,304
錦和國小,中和區圓通路292號,新北市中和區,室內,24.9901,121.4893,板橋,44,良好,4.04,Low Risk,1173
木柵國小,文山區木柵路3段191號,臺北市文山區,室內,24.9903,121.5702,文山,40,良好,0.16,Low Risk,155
石碇國小,石碇西街15號,新北市石碇區,室內,24.9903,121.659,文山,40,良好,8.82,Low Risk,109
萬興國小,文山區秀明路2段114號,臺北市文山區,室內,24.9904,121.5766,文山,40,良好,0.52,Low Risk,125
信義國小,四川路二段245巷60號,新北市板橋區,室內,24.9917,121.4528,板橋,44,良好,2.93,Low Risk,1024
國強公園,國強一街、益壽一街口,桃園市桃園區,室外,24.992,121.2827,桃園,47,良好,1.88,Low Risk,100
桃園國小,民權路67號,桃園市桃園區,室內,24.9923,121.3102,桃園,47,良好,0.97,Low Risk,212
錦和中學,中和區錦和路163號,新北市中和區,室內,24.9925,121.4911,板橋,44,良好,3.98,Low Risk,2543
龜山區公所本所（三樓禮堂）,中山街26號,桃園市龜山區,室內,24.992506,121.337823,桃園,47,良好,3.72,Low Risk,200
民族公園,民族路與三民路三段口,桃園市桃園區,室外,24.9926,121.3086,桃園,47,良好,0.83,Low Risk,200
市中心區聯合里集會所文明、文昌、文化、南華里,民族路110號三、四樓,桃園市桃園區,室內,24.9926,121.3091,桃園,47,良好,0.88,Low Risk,129
景美國中,文山區景中街27號,臺北市文山區,室內,24.993,121.5429,新店,41,良好,2.85,Low Risk,80
長青學苑,民權路24號7樓,桃園市桃園區,室內,24.9934,121.3105,桃園,47,良好,1.04,Low Risk,42
桃園市公所禮堂,縣府路7號,桃園市桃園區,室內,24.9939,121.3015,桃園,47,良好,0.49,Low Risk,64
中和高中,中和區連城路460號,新北市中和區,室內,24.994,121.4783,板橋,44,良好,3.01,Low Risk,2072
溪口國小,文山區景福街225號,臺北市文山區,室內,24.9941,121.5387,古亭,38,良好,2.73,Low Risk,90
龜山社區活動中心,中興路一段50號,桃園市龜山區,室內,24.994116,121.338374,桃園,47,良好,3.79,Low Risk,70
秀山國小,中和區立人街2號,新北市中和區,室內,24.9942,121.5212,古亭,38,良好,2.59,Low Risk,4228
重慶國小,廣和街31號,新北市板橋區,室內,24.9945,121.4624,板橋,44,良好,2.47,Low Risk,2135
新路社區活動中心,永安街77號,桃園市龜山區,室內,24.994912,121.334421,桃園,47,良好,3.41,Low Risk,60
壽山高級中學,大同路23號,桃園市龜山區,室內,24.994986,121.341548,桃園,47,良好,4.12,Low Risk,796
東門國小,東國街14號,桃園市桃園區,室內,24.9952,121.3149,桃園,47,良好,1.53,Low Risk,550
景華公園,臺北市文山區景興路與景華街交叉口,臺北市文山區,室外,24.9956,121.5446,文山,40,良好,2.79,Low Risk,1350
智光商工,永和區智光里中正路100號,新北市永和區,室內,24.9957,121.5143,古亭,38,良好,2.71,Low Risk,722
中壢市芭里社區活動中心,啟文路175號,桃園市中壢區,室內,24.995705,121.203831,桃園,47,良好,9.83,Low Risk,50
桃園國中,莒光街2號,桃園市桃園區,室內,24.9958,121.3048,桃園,47,良好,0.79,Low Risk,70
木柵高工,文山區木柵路4段77號,臺北市文山區,室內,24.9959,121.5719,文山,40,良好,0.71,Low Risk,169
景興國小,文山區景華街150巷21號,臺北市文山區,室內,24.9961,121.5482,文山,40,良好,2.46,Low Risk,126
景興國中,文山區景興路46巷2號,臺北市文山區,室內,24.9962,121.5443,古亭,38,良好,2.81,Low Risk,100
臺北市文山運動中心,興隆路三段222號,臺北市文山區,室內,24.9962,121.5443,古亭,38,良好,2.81,Low Risk,189
嶺頂社區活動中心,西嶺頂24號,桃園市龜山區,室內,24.996761,121.342294,桃園,47,良好,4.23,Low Risk,68
自強國小,自強東路269號,桃園市龜山區,室內,24.997386,121.345413,桃園,47,良好,4.55,Low Risk,700
三民里集會所,中山東路128號,桃園市桃園區,室內,24.9976,121.3207,桃園,47,良好,2.17,Low Risk,36
文林國小,千歲街59號,新北市樹林區,室內,24.997757,121.426072,板橋,44,良好,4.19,Low Risk,1151
龜山國中,自強西路66號,桃園市龜山區,室內,24.997776,121.338533,桃園,47,良好,3.88,Low Risk,100
北門、朝陽二里聯合活動中心,朝陽街63號,桃園市桃園區,室內,24.9978,121.3129,桃園,47,良好,1.51,Low Risk,69
民權市民活動中心,永和區民族里民權路60號,新北市永和區,室內,24.998,121.5199,古亭,38,良好,2.23,Low Risk,125
青溪、成功、東門里集會所,鎮撫街41號,桃園市桃園區,室內,24.9981,121.3145,桃園,47,良好,1.65,Low Risk,88
重慶國中,國慶路221號,新北市板橋區,室內,24.9982,121.4632,板橋,44,良好,2.06,Low Risk,2826
中和區公所,中和區景平路634之2號,新北市中和區,室內,24.9982,121.5002,古亭,38,良好,3.48,Low Risk,65
成功國小,三民路3段22號,桃園市桃園區,室內,24.9983,121.3078,桃園,47,良好,1.19,Low Risk,212
阿柔市民活動中心,阿柔里阿柔洋62號,新北市深坑區,室內,24.9983,121.6072,文山,40,良好,3.73,Low Risk,57
溪崑國中,大觀路三段50巷30號,新北市板橋區,室內,24.9984,121.4313,板橋,44,良好,3.7,Low Risk,785
自強國小,中和區莒光路200號,新北市中和區,室內,24.9985,121.4719,板橋,44,良好,2.26,Low Risk,562
志清國小,文山區景福街21巷5號,臺北市文山區,室內,24.9987,121.5388,古亭,38,良好,2.28,Low Risk,35
自強國中,中和區莒光路191號,新北市中和區,室內,24.9988,121.4726,板橋,44,良好,2.26,Low Risk,936
興華國小,臺北市文山區興隆路3段125巷6號,臺北市文山區,室內,24.9988,121.5587,文山,40,良好,1.65,Low Risk,30
積穗國小,中和區員山路154號,新北市中和區,室內,24.9991,121.4814,板橋,44,良好,2.77,Low Risk,545
青溪國小,自強路80號,桃園市桃園區,室內,24.9997,121.3182,桃園,47,良好,2.06,Low Risk,210
秀朗國小,永和區民權里得和路202號,新北市永和區,室內,24.9997,121.5214,古亭,38,良好,2.0,Low Risk,2124
中和國小,中和區中和路100號,新北市中和區,室內,24.9999,121.5016,古亭,38,良好,3.25,Low Risk,2866
忠孝國小,辭修路200號,彰化縣彰化市,室內,25.0,120.0,新竹,39,良好,99.61,Low Risk,703
士東國小,中山北路六段392號,臺北市士林區,室內,25.0,121.0,新竹,39,良好,20.31,Low Risk,63
積穗國中,中和區民安街66號,新北市中和區,室內,25.0004,121.4798,板橋,44,良好,2.55,Low Risk,597
萬芳高中,文山區興隆路3段115巷1號,臺北市文山區,室內,25.0005,121.5588,文山,40,良好,1.77,Low Risk,131
萬順市民活動中心,萬順里北深路3段107巷26號,新北市深坑區,室內,25.0008,121.6041,文山,40,良好,3.52,Low Risk,22
公十五公園,領航南路一段與文德路,桃園市中壢區,室外,25.000969,121.207661,桃園,47,良好,9.5,Low Risk,1007
永安、長安、長德三里聯合活動中心（永康公園管理中心）,中正五街315號,桃園市桃園區,室外,25.001,121.3033,桃園,47,良好,1.3,Low Risk,196
三民公園、青溪公園,桃園市三民路、三元街、自強路口,桃園市桃園區,室外,25.0013,121.3171,桃園,47,良好,2.08,Low Risk,2800
鶴齡交誼中心,廟美街6巷3號2、4樓,新北市中和區,室內,25.0014,121.5011,古亭,38,良好,3.2,Low Risk,82
南山高中,中和區廣福路41號,新北市中和區,室內,25.0016,121.5034,古亭,38,良好,2.99,Low Risk,2130
興德國小,文山區興隆路2段235號,臺北市文山區,室內,25.0017,121.5508,文山,40,良好,2.49,Low Risk,30
深坑國中,深坑里文化路41號,新北市深坑區,室內,25.0017,121.6183,文山,40,良好,4.91,Low Risk,304
深坑國小,深坑里文化路45號,新北市深坑區,室內,25.0018,121.6169,文山,40,良好,4.78,Low Risk,632
萬芳國小,文山區萬和街1號,臺北市文山區,室內,25.0019,121.5673,文山,40,良好,1.44,Low Risk,135
武林國小,保安街二段151號,新北市樹林區,室內,25.002028,121.415438,板橋,44,良好,4.97,Low Risk,822
博嘉國小,文山區木柵路4段159巷14之1號,臺北市文山區,室內,25.0021,121.5758,文山,40,良好,1.47,Low Risk,30
精忠集會所,光峰路141號,桃園市龜山區,室內,25.002285,121.343353,桃園,47,良好,4.49,Low Risk,114
中山國小,大觀路二段59巷31號,新北市板橋區,室內,25.0023,121.4477,板橋,44,良好,2.15,Low Risk,1136
興隆國小,文山區福興路2號,臺北市文山區,室內,25.0024,121.5519,文山,40,良好,2.44,Low Risk,133
深坑市民活動中心,深坑里北深路2段166號,新北市深坑區,室內,25.0025,121.6147,文山,40,良好,4.59,Low Risk,36
深坑區公所,深坑里深坑街10號,新北市深坑區,室內,25.0025,121.616,文山,40,良好,4.71,Low Risk,100
漳和國中,中和區廣福路39號,新北市中和區,室內,25.0027,121.5055,古亭,38,良好,2.75,Low Risk,1067
興德里營區,興德路55號,臺北市文山區,室內,25.0029,121.5571,文山,40,良好,2.08,Low Risk,200
永康公園,桃園市中正五街、永康街口,桃園市桃園區,室外,25.0032,121.3018,桃園,47,良好,1.53,Low Risk,800
後埔國小,重慶路157號,新北市板橋區,室內,25.0033,121.4627,板橋,44,良好,1.49,Low Risk,703
復興商工,永和區得和里秀朗路一段201號,新北市永和區,室內,25.0035,121.5186,古亭,38,良好,1.75,Low Risk,827
永和國小,永和區潭墘里秀朗路一段120號,新北市永和區,室內,25.0036,121.517,古亭,38,良好,1.83,Low Risk,1329
武功國小,臺北市文山區興隆路1段68號,臺北市文山區,室內,25.0039,121.5405,古亭,38,良好,1.9,Low Risk,50
公十三公園及兒增二,高鐵南路二段與文德路,桃園市中壢區,室外,25.003951,121.205639,桃園,47,良好,9.75,Low Risk,3562
福和國中,永和區秀和里永利路71號,新北市永和區,室內,25.004,121.5209,古亭,38,良好,1.58,Low Risk,1401
公八公園,領航南路3段與青松路,桃園市中壢區,室外,25.004304,121.214921,桃園,47,良好,8.84,Low Risk,365
東南科技大學,萬福里北深路3段152號,新北市深坑區,室內,25.0044,121.6047,文山,40,良好,3.73,Low Risk,916
兒六兒童遊樂場,青埔六街與青埔十一街,桃園市中壢區,室外,25.004761,121.216768,桃園,47,良好,8.67,Low Risk,408
忠孝國中,成都街30號,新北市板橋區,室內,25.0048,121.4616,板橋,44,良好,1.32,Low Risk,191
萬福國小,文山區羅斯福路5段170巷32號,臺北市文山區,室內,25.0048,121.5367,古亭,38,良好,1.59,Low Risk,32
興福國中,文山區福興路80號,臺北市文山區,室內,25.0049,121.5497,大安,42,良好,2.46,Low Risk,300
昇高市民活動中心,昇高里旺耽路25號,新北市深坑區,室內,25.0049,121.6287,文山,40,良好,6.01,Low Risk,87
實踐國小,實踐路93巷51號,新北市板橋區,室內,25.005,121.4664,板橋,44,良好,1.37,Low Risk,1018
東勢市民活動中心,竿蓁林62-1號,新北市平溪區,室內,25.0052,121.7508,松山,48,良好,18.14,Low Risk,25
嶺腳市民活動中心,嶺腳寮14號,新北市平溪區,室內,25.0052,121.7508,松山,48,良好,18.14,Low Risk,47
兒十四兒童公園,高鐵南路二段與公園路一段,桃園市中壢區,室外,25.00591,121.20791,桃園,47,良好,9.57,Low Risk,427
直潭派出所,新北市新店區直潭十街2號,新北市新店區,室內,25.005939,121.456585,板橋,44,良好,1.32,Low Risk,75
山北市民活動中心,莊敬路49巷29弄2號,新北市中和區,室內,25.0061,121.5016,萬華,35,良好,2.77,Low Risk,92
德林寺停車場,龍安街985號,桃園市蘆竹區,室外,25.00618693,121.258501,桃園,47,良好,4.68,Low Risk,150
辛亥國小,文山區辛亥路4段103號,臺北市文山區,室內,25.0063,121.5585,文山,40,良好,2.28,Low Risk,30
三多國中,三多路101號,新北市樹林區,室內,25.006414,121.414672,板橋,44,良好,4.9,Low Risk,847
永和國中,永和區秀和里國中路111號,新北市永和區,室內,25.0067,121.5233,古亭,38,良好,1.21,Low Risk,1109
保生國民小學,觀音鄉保生村十四鄰五號,桃園市觀音區,室內,25.006913,121.07162,桃園,47,良好,23.21,Low Risk,100
育才國小,永和區永貞里福和路125巷20號,新北市永和區,室內,25.0071,121.5216,古亭,38,良好,1.25,Low Risk,207
北門國小,正康三街139號,桃園市桃園區,室內,25.0072,121.307,桃園,47,良好,2.06,Low Risk,64
大業國小,大業路一段135號,桃園市桃園區,室內,25.0074,121.3158,桃園,47,良好,2.48,Low Risk,106
永定國小,靜安路一段245號,新北市石碇區,室內,25.0078,121.688,文山,40,良好,11.92,Low Risk,330
永平國小,永和區保安里保生路25號,新北市永和區,室內,25.0081,121.5057,古亭,38,良好,2.44,Low Risk,943
大觀國小,大觀路一段30號,新北市板橋區,室內,25.0086,121.4493,板橋,44,良好,1.56,Low Risk,1784
三元、忠義里集會所,三元街289號,桃園市桃園區,室內,25.0087,121.3234,桃園,47,良好,3.1,Low Risk,122
中壢區洽溪社區活動中心,民權路4段546號,桃園市中壢區,室內,25.008748,121.202022,桃園,47,良好,10.21,Low Risk,30
公十一公園,洽溪路與永興路,桃園市中壢區,室外,25.008888,121.207384,桃園,47,良好,9.69,Low Risk,523
大有國小,大有路220號,桃園市桃園區,室內,25.0089,121.3205,桃園,47,良好,2.91,Low Risk,212
大有國中,大有路215號,桃園市桃園區,室內,25.0093,121.3196,桃園,47,良好,2.88,Low Risk,70
土庫第1市民活動中心,土庫里北深路1段83巷8弄36號,新北市深坑區,室內,25.01,121.6346,文山,40,良好,6.76,Low Risk,100
石碇綜合活動大樓,楓子林32-1號,新北市石碇區,室內,25.0101,121.6423,文山,40,良好,7.49,Low Risk,200
海山高中,漢生東路215號,新北市板橋區,室內,25.0102,121.4709,板橋,44,良好,1.15,Low Risk,2122
中壢區月眉社區活動中心,11鄰135-1號,桃園市中壢區,室內,25.01027,121.184493,桃園,47,良好,11.98,Low Risk,55
龍壽國小,龍校街30號,桃園市龜山區,室內,25.010772,121.387488,板橋,44,良好,7.54,Low Risk,100
板橋國小,文化路一段23號,新北市板橋區,室內,25.0108,121.4582,板橋,44,良好,0.76,Low Risk,641
永平高中,永和區保安里永平路205號,新北市永和區,室內,25.0108,121.5086,古亭,38,良好,2.06,Low Risk,5315
大觀國中,僑中一街1號,新北市板橋區,室內,25.0112,121.4485,板橋,44,良好,1.49,Low Risk,1611
民族國中,大安區羅斯福路4段113巷13號,臺北市大安區,室內,25.0112,121.5388,古亭,38,良好,1.25,Low Risk,139
臺北市大安運動中心,辛亥路三段55號,臺北市大安區,室內,25.0112,121.5388,古亭,38,良好,1.25,Low Risk,389
板橋高中,文化路一段25號,新北市板橋區,室內,25.0117,121.4591,板橋,44,良好,0.63,Low Risk,1136
會稽國小,春日路1080號,桃園市桃園區,室內,25.0118,121.3086,桃園,47,良好,2.59,Low Risk,70
大甲高中活動中心,大甲區南陽里中山路一段720號,臺中市大甲區,室內,25.012024,121.465467,板橋,44,良好,0.63,Low Risk,598
公館國小,臺北市大安區基隆路4段41巷68弄2號,臺北市大安區,室內,25.0124,121.5429,大安,42,良好,1.55,Low Risk,50
石碇高中,八分寮45號,新北市石碇區,室內,25.0127,121.6426,文山,40,良好,7.62,Low Risk,963
網溪國小,永和區上林里竹林路79號,新北市永和區,室內,25.0129,121.5193,古亭,38,良好,0.97,Low Risk,853
公十公園,永春路與永溪路,桃園市中壢區,室外,25.01304,121.20699,桃園,47,良好,9.84,Low Risk,523
民生公園市民活動中心,民生路一段30之1號,新北市板橋區,室外,25.0137,121.4768,板橋,44,良好,1.53,Low Risk,292
臺北市中正運動中心,信義路一段1號,臺北市中正區,室內,25.0137,121.535,古亭,38,良好,0.78,Low Risk,250
月眉環保公園,7鄰95號附近,桃園市中壢區,室外,25.014116,121.190069,桃園,47,良好,11.52,Low Risk,1200
會稽社區活動中心,興一街65巷50號,桃園市桃園區,室內,25.0142,121.3161,桃園,47,良好,3.14,Low Risk,52
銘傳國小,大安區羅斯福路4段21號,臺北市大安區,室內,25.0142,121.5352,古亭,38,良好,0.78,Low Risk,161
竹林小學,永和區勵行里竹林路34號,新北市永和區,室內,25.0145,121.5173,古亭,38,良好,1.11,Low Risk,58
光復國小,中和區光環路2段1號,新北市中和區,室內,25.0148,121.4829,板橋,44,良好,2.12,Low Risk,855
公六公園,領航南路4段與青昇路,桃園市中壢區,室外,25.015014,121.222287,桃園,47,良好,8.43,Low Risk,456
柑林國小,9鄰柑腳3號,新北市雙溪區,室內,25.01513,121.804558,松山,48,良好,23.21,Low Risk,133
虎子山,虎子山街,新北市貢寮區,室內,25.015188,121.944391,松山,48,良好,37.19,Low Risk,50
頂溪國小,永和區文化里文化路133號,新北市永和區,室內,25.0155,121.5116,古亭,38,良好,1.66,Low Risk,888
及人國小,永和區新?里文化路172號,新北市永和區,室內,25.0157,121.512,古亭,38,良好,1.62,Low Risk,1041
長源社區活動中心,柑腳19號,新北市雙溪區,室內,25.0157,121.8028,松山,48,良好,23.03,Low Risk,172
金甌女中,永和區復興里博愛街36號,新北市永和區,室內,25.0158,121.5193,古亭,38,良好,0.88,Low Risk,239
福連國小,福連街1號,新北市貢寮區,室內,25.0162,121.9888,內湖,46,良好,41.61,Low Risk,300
中壢區山東社區活動中心,山東一路39號,桃園市中壢區,室內,25.01621,121.173726,桃園,47,良好,13.18,Low Risk,100
貢寮國中,嵩陽路42號,新北市貢寮區,室內,25.0164,121.9071,松山,48,良好,33.44,Low Risk,661
三多國小,三福街52號,新北市樹林區,室內,25.016651,121.4059,板橋,44,良好,5.65,Low Risk,807
同安里集會所,新埔六街140號,桃園市桃園區,室內,25.0167,121.3018,桃園,47,良好,3.03,Low Risk,61
光復高中,光環路一段7號,新北市板橋區,室內,25.0168,121.4828,板橋,44,良好,2.1,Low Risk,416
忠孝市民活動中心,忠孝街26巷8號,新北市永和區,室內,25.0169,121.5153,古亭,38,良好,1.28,Low Risk,85
福隆國小,東興街35號,新北市貢寮區,室內,25.0171,121.9487,松山,48,良好,37.6,Low Risk,430
龍華社區活動中心,萬壽路一段422巷22弄43-1號,桃園市龜山區,室內,25.017485,121.400544,板橋,44,良好,6.19,Low Risk,150
丹鳳國小,新北大道七段437號,新北市新莊區,室內,25.0175,121.4257,板橋,44,良好,3.66,Low Risk,297
光復國小,中和區中原里光環路二段1號,新北市板橋區,室內,25.0177,121.484,萬華,35,良好,2.03,Low Risk,855
靈鷲山無生道場,香蘭街7-1號,新北市貢寮區,室內,25.0177,121.9729,內湖,46,良好,40.0,Low Risk,100
桃園縣多功能藝文園區,桃園市南平路、中正路,桃園市桃園區,室內,25.0179,121.2977,桃園,47,良好,3.18,Low Risk,3000
埔墘國小,永豐街42之8號,新北市板橋區,室內,25.0181,121.4741,板橋,44,良好,1.23,Low Risk,628
上興公園,上興路與大興八街交叉附近,桃園市蘆竹區,室外,25.01826193,121.262927,桃園,47,良好,5.0,Low Risk,150
同新公園,同安街慈文國小邊,桃園市桃園區,室外,25.0183,121.3014,桃園,47,良好,3.2,Low Risk,150
福隆青少年活動中心,福隆里福隆街60號,新北市貢寮區,室內,25.0184,121.9457,內湖,46,良好,37.28,Low Risk,403
迴龍社區活動中心,宏慶街34巷48-1號,桃園市龜山區,室內,25.018416,121.410691,板橋,44,良好,5.17,Low Risk,93
中山國中,文化路一段188巷56號,新北市板橋區,室內,25.0185,121.4676,板橋,44,良好,0.6,Low Risk,2280
外柑市民活動中心,外柑腳49號,新北市雙溪區,室內,25.018517,121.807814,松山,48,良好,23.48,Low Risk,72
快樂國小,大有路789號,桃園市桃園區,室內,25.0187,121.3154,桃園,47,良好,3.55,Low Risk,70
芳和國中,臺北市大安區臥龍街170號,臺北市大安區,室內,25.0187,121.5503,大安,42,良好,1.08,Low Risk,30
螢橋國中,中正區汀州路3段四號,臺北市中正區,室內,25.019,121.5265,古亭,38,良好,0.3,Low Risk,52
迴龍國中小學,萬壽路一段168號,桃園市龜山區,室內,25.019376,121.405433,板橋,44,良好,5.71,Low Risk,500
同德社區活動中心,永安北路500號,桃園市桃園區,室內,25.0194,121.2925,桃園,47,良好,3.44,Low Risk,111
國光國小,中正路325巷30號,新北市板橋區,室內,25.0194,121.4533,板橋,44,良好,0.93,Low Risk,1211
大安國小,臺北市大安區臥龍街129號,臺北市大安區,室內,25.0195,121.5496,大安,42,良好,0.96,Low Risk,60
和平高中,大安區臥龍街100號,臺北市大安區,室內,25.0196,121.5491,大安,42,良好,0.92,Low Risk,300
板橋莊敬市民活動中心,民生路二段120號,新北市板橋區,室內,25.0197,121.4708,板橋,44,良好,0.95,Low Risk,188
新埔里活動中心,南通路65號,桃園市桃園區,室內,25.0201,121.3056,桃園,47,良好,3.43,Low Risk,140
貢寮市民活動中心,長泰路18-2號,新北市貢寮區,室內,25.0206,121.9075,松山,48,良好,33.43,Low Risk,176
古亭國小,大安區羅斯福路3段,臺北市大安區,室內,25.0207,121.5285,古亭,38,良好,0.45,Low Risk,62
西埔里活動中心,富國路681巷19弄路口,桃園市桃園區,室內,25.0209,121.2805,桃園,47,良好,4.06,Low Risk,25
四維市民活動中心,四維路186巷2號,新北市新莊區,室內,25.021171,121.421825,板橋,44,良好,4.08,Low Risk,300
裕民行政大樓,裕民路136號,新北市新莊區,室內,25.0212,121.4162,板橋,44,良好,4.64,Low Risk,300
春日里活動中心,至善街133號,桃園市桃園區,室內,25.0216,121.3126,桃園,47,良好,3.75,Low Risk,28
中平國中,中平路385號,新北市新莊區,室內,25.0216,121.4278,板橋,44,良好,3.49,Low Risk,1384
莊敬社區活動中心,新埔七街169巷13號,桃園市桃園區,室內,25.0219,121.2999,桃園,47,良好,3.6,Low Risk,53
榮富國小,中和街193號,新北市新莊區,室內,25.0219,121.418,板橋,44,良好,4.47,Low Risk,2819
貢寮國小,學苑街7號,新北市貢寮區,室內,25.022,121.9151,內湖,46,良好,34.18,Low Risk,633
青年公園,臺北市萬華區水源路199號,臺北市萬華區,室外,25.0221,121.507,萬華,35,良好,1.33,Low Risk,33756
白石市民活動中心,9鄰靜安路2段241號,新北市平溪區,室內,25.0221,121.7247,松山,48,良好,15.15,Low Risk,49
文德國小,英士路179號,新北市板橋區,室內,25.0225,121.4585,板橋,44,良好,0.74,Low Risk,1207
薯榔市民活動中心,靜安路二段63號,新北市平溪區,室內,25.022689,121.728154,松山,48,良好,15.48,Low Risk,61
大竹國中,大竹路國中巷35號,桃園市蘆竹區,室內,25.02289,121.258528,桃園,47,良好,5.67,Low Risk,0
萬大國小,大同區萬大路346號,臺北市萬華區,室內,25.023,121.4993,萬華,35,良好,0.88,Low Risk,66
朝陽公園,桃園市三民路、朝陽街口,桃園市桃園區,室外,25.0231,121.3062,桃園,47,良好,3.77,Low Risk,3000
青年公園棒球場,水源路199號,臺北市萬華區,室外,25.0231,121.4978,萬華,35,良好,0.86,Low Risk,68
東園國小,臺北市萬華區東園街195號,臺北市萬華區,室內,25.0231,121.4978,萬華,35,良好,0.86,Low Risk,102
臺北市萬華運動中心,西寧南路6之1號,臺北市萬華區,室內,25.0231,121.4978,萬華,35,良好,0.86,Low Risk,226
河堤國小,中正區汀州路2段180號,臺北市中正區,室內,25.0232,121.5226,古亭,38,良好,0.9,Low Risk,30
長庚醫護社區活動文康中心,80號B1,桃園市龜山區,室內,25.023311,121.357412,桃園,47,良好,6.81,Low Risk,200
菁桐市民活動中心,菁桐街65-1號,新北市平溪區,室內,25.0235,121.7262,松山,48,良好,15.27,Low Risk,104
平溪國中,靜安路二段295號,新北市平溪區,室內,25.0235,121.7336,松山,48,良好,16.01,Low Risk,710
菁桐國小,菁桐街45號,新北市平溪區,室內,25.0236,121.7266,松山,48,良好,15.31,Low Risk,310
大崗社區活動中心,忠義路二段491號,桃園市龜山區,室內,25.023863,121.353653,桃園,47,良好,6.53,Low Risk,272
龍安國小,大安區新生南路3段33號,臺北市大安區,室內,25.0239,121.5348,大安,42,良好,0.94,Low Risk,120
五權社區活動中心,14鄰中正東路二段541號,桃園市大園區,室內,25.023949,121.230923,桃園,47,良好,8.04,Low Risk,100
板橋國中,中正路437號,新北市板橋區,室內,25.024,121.4542,板橋,44,良好,1.13,Low Risk,1628
中港國小,中港一街142號,新北市新莊區,室內,25.0242,121.4138,板橋,44,良好,4.93,Low Risk,695
長庚里345號地下一樓,345號B1,桃園市龜山區,室內,25.024279,121.356905,桃園,47,良好,6.82,Low Risk,200
昌平國小,昌平街200號,新北市新莊區,室內,25.0243,121.4238,板橋,44,良好,3.94,Low Risk,635
古亭國中,中正區中華路2段465號,臺北市中正區,室內,25.0246,121.5106,萬華,35,良好,1.44,Low Risk,66
平溪市民活動中心,公園街17號2樓,新北市平溪區,室內,25.0247,121.7371,松山,48,良好,16.33,Low Risk,106
大竹國小,大竹路556號,桃園市蘆竹區,室內,25.02483395,121.258678,桃園,47,良好,5.81,Low Risk,260
新埔國中,新海路181號,新北市板橋區,室內,25.0249,121.4597,板橋,44,良好,0.94,Low Risk,3276
螢橋國小,中正區詔安街29號,臺北市中正區,室內,25.0249,121.5144,古亭,38,良好,1.65,Low Risk,63
龍門國中,大安區建國南路2段269號,臺北市大安區,室內,25.0249,121.538,大安,42,良好,0.6,Low Risk,300
新莊國中,中正路211號,新北市新莊區,室內,25.0253,121.4225,板橋,44,良好,4.09,Low Risk,1370
平湖市民活動中心,大湖10號,新北市平溪區,室內,25.0256,121.7813,松山,48,良好,20.73,Low Risk,71
橫峰社區活動中心,中山南路二段435號,桃園市大園區,室內,25.025624,121.213508,桃園,47,良好,9.7,Low Risk,100
豐年市民活動中心,豐年街57號之5,新北市新莊區,室內,25.0258,121.4283,板橋,44,良好,3.54,Low Risk,100
新和國小,萬華區西藏路125巷31號,臺北市萬華區,室內,25.026,121.5033,萬華,35,良好,0.75,Low Risk,79
吳興國小,臺北市信義區松仁路226號,臺北市信義區,室內,25.026,121.5686,大安,42,良好,2.51,Low Risk,60
莒光國小,莒光路163號,新北市板橋區,室內,25.0261,121.4736,板橋,44,良好,1.57,Low Risk,428
汴洲里老人活動中心,桃園巿莊敬路1段71號,桃園市桃園區,室內,25.0263,121.3038,桃園,47,良好,4.1,Low Risk,178
舊路社區活動中心,振興路1278巷29號-振天宮,桃園市龜山區,室內,25.02646,121.36753,桃園,47,良好,7.86,Low Risk,60
西園國小,萬華區東園街73巷23號6樓,臺北市萬華區,室內,25.0266,121.4988,萬華,35,良好,0.47,Low Risk,30
平溪國小,平溪街56號,新北市平溪區,室內,25.0272,121.7376,松山,48,良好,16.34,Low Risk,525
昭惠廟,龍門街74-1號,新北市貢寮區,室內,25.0273,121.9316,內湖,46,良好,35.73,Low Risk,50
雙園國中,萬華區興義街2號,臺北市萬華區,室內,25.0276,121.4927,萬華,35,良好,0.64,Low Risk,30
華江高中,萬華區西藏路213號,臺北市萬華區,室內,25.0285,121.4962,萬華,35,良好,0.31,Low Risk,300
信義國中,信義區松仁路158巷1號,臺北市信義區,室內,25.0286,121.5679,松山,48,良好,2.32,Low Risk,361
中正公園,同安街、中正路口,桃園市桃園區,室外,25.0288,121.2925,桃園,47,良好,4.46,Low Risk,1500
江翠國中,松江街63號,新北市板橋區,室內,25.0289,121.4684,板橋,44,良好,1.5,Low Risk,2895
上林國小,內平林60號,新北市雙溪區,室內,25.029,121.832,松山,48,良好,25.77,Low Risk,1309
萬華國中,萬華區西藏路201號,臺北市萬華區,室內,25.0291,121.4987,萬華,35,良好,0.2,Low Risk,50
牡丹心市民活動中心,雙鳳路75號5樓,新北市新莊區,室內,25.0294,121.4431,板橋,44,良好,2.37,Low Risk,300
建安國小,大安區大安路2段99號,臺北市大安區,室內,25.0294,121.5461,大安,42,良好,0.42,Low Risk,30
文聖國小,文聖街86號,新北市板橋區,室內,25.0295,121.4772,板橋,44,良好,2.09,Low Risk,1023
忠義國小,中正區中華路2段307巷17號,臺北市中正區,室內,25.0296,121.5062,萬華,35,良好,0.84,Low Risk,100
中華區民活動中心,中華路2段291號地下室,臺北市中正區,室內,25.0297,121.5045,萬華,35,良好,0.67,Low Risk,35
三興國小,信義區基隆路2段99號,臺北市信義區,室內,25.0297,121.558,大安,42,良好,1.49,Low Risk,77
大安森林公園,臺北市大安區新生南路以東、信義路3段以南,臺北市大安區,室外,25.0301,121.5354,大安,42,良好,0.94,Low Risk,47436
新生國小,大安區新生南路2段36號,臺北市大安區,室內,25.0304,121.5335,大安,42,良好,1.12,Low Risk,35
瓊泰市民活動中心,瓊泰路85號,新北市新莊區,室內,25.0306,121.4467,板橋,44,良好,2.18,Low Risk,150
大安國中,大安區大安路2段63號,臺北市大安區,室內,25.0307,121.5462,大安,42,良好,0.55,Low Risk,274
大理高中,萬華區長順街2號,臺北市萬華區,室內,25.0308,121.4913,萬華,35,良好,0.68,Low Risk,300
思賢國小,自立街229號,新北市新莊區,室內,25.0309,121.4433,板橋,44,良好,2.46,Low Risk,285
雙園國小,萬華區莒光路315號,臺北市萬華區,室內,25.0309,121.4975,萬華,35,良好,0.05,Low Risk,109
國語實小,中正區南海路58號,臺北市中正區,室內,25.0309,121.511,萬華,35,良好,1.31,Low Risk,49
大理國小,萬華區艋舺大道389號,臺北市萬華區,室內,25.0312,121.4938,萬華,35,良好,0.43,Low Risk,84
建國中學,中正區南海路56號,臺北市中正區,室內,25.0312,121.5122,萬華,35,良好,1.43,Low Risk,300
金華國中,大安區新生南路2段32號,臺北市大安區,室內,25.0312,121.5331,大安,42,良好,1.2,Low Risk,300
信義國小,信義區松勤街60號,臺北市信義區,室內,25.0318,121.5632,大安,42,良好,2.06,Low Risk,150
共和社區活動中心,中山路41巷6號,新北市雙溪區,室內,25.0318,121.8661,內湖,46,良好,29.13,Low Risk,100
大安高工,大安區復興南路2段52號,臺北市大安區,室內,25.0319,121.5432,大安,42,良好,0.62,Low Risk,100
金華國小,大安區愛國東路79巷11號,臺北市大安區,室內,25.0322,121.5277,古亭,38,良好,1.72,Low Risk,56
中正國中,中正區愛國東路158號,臺北市中正區,室內,25.0323,121.5221,古亭,38,良好,1.83,Low Risk,300
江翠國小,文化路二段413號,新北市板橋區,室內,25.0324,121.4742,板橋,44,良好,2.14,Low Risk,784
永春高中,信義區松山路654號,臺北市信義區,室內,25.0327,121.5786,松山,48,良好,1.69,Low Risk,300
輔仁大學,中正路510號,新北市新莊區,室內,25.0329,121.4341,板橋,44,良好,3.34,Low Risk,705
台北世貿一館,台北市信義區信義路五段5號,基隆市中正區,室內,25.033152,121.56234,大安,42,良好,2.03,Low Risk,4245
雙溪國小,東榮街54號,新北市雙溪區,室內,25.0334,121.8672,內湖,46,良好,29.21,Low Risk,1013
華江國小,萬華區環河南路2段250巷42弄2號,臺北市萬華區,室內,25.0341,121.4912,萬華,35,良好,0.78,Low Risk,37
新莊國小,中正路86號,新北市新莊區,室內,25.0342,121.4417,板橋,44,良好,2.82,Low Risk,1029
松山家商,信義區松山路655號,臺北市信義區,室內,25.0348,121.5801,松山,48,良好,1.48,Low Risk,116
雙溪高中,梅竹蹊3號,新北市雙溪區,室內,25.0349,121.8632,內湖,46,良好,28.79,Low Risk,1376
南門國小,中正區廣州街6號,臺北市中正區,室內,25.0352,121.5091,萬華,35,良好,1.22,Low Risk,30
南門國中,中正區廣州街6號,臺北市中正區,室內,25.0352,121.5091,萬華,35,良好,1.22,Low Risk,151
平林市民活動中心,外平林52號,新北市雙溪區,室內,25.035598,121.849136,內湖,46,良好,27.38,Low Risk,79
龍山國小,萬華區和平西路3段235號,臺北市萬華區,室內,25.0356,121.4962,萬華,35,良好,0.56,Low Risk,50
臺北市信義運動中心,松勤路100號,臺北市信義區,室內,25.0356,121.5733,松山,48,良好,1.41,Low Risk,200
松德公園,臺北市信義區松德路180巷興雅國中西側,臺北市信義區,室外,25.0356,121.5733,松山,48,良好,1.41,Low Risk,1346
台北市世貿三館,台北市信義區松壽路6號,基隆市中正區,室內,25.035701,121.563833,松山,48,良好,1.89,Low Risk,1000
中信國小,中信街168號,新北市新莊區,室內,25.0358,121.4505,板橋,44,良好,2.42,Low Risk,1084
仁愛國小,大安區安和路1段60號,臺北市大安區,室內,25.0358,121.5524,大安,42,良好,1.37,Low Risk,53
新莊區公所,中正路176號,新北市新莊區,室內,25.035834,121.450558,板橋,44,良好,2.42,Low Risk,200
新莊高中,中平路135號,新北市新莊區,室內,25.0359,121.4525,板橋,44,良好,2.34,Low Risk,933
龍山國中,臺北市萬華區南寧路46號,臺北市萬華區,室內,25.036,121.5046,萬華,35,良好,0.88,Low Risk,367
博愛國小,信義區松仁路95巷20號,臺北市信義區,室內,25.0364,121.5711,松山,48,良好,1.4,Low Risk,80
興雅國中,信義區松德路168巷15號,臺北市信義區,室內,25.0364,121.5723,松山,48,良好,1.35,Low Risk,151
私立恆毅高級中學,中正路108號,新北市新莊區,室內,25.036593,121.453731,板橋,44,良好,2.36,Low Risk,604
新泰市民活動中心,建中街116巷3弄2號,新北市新莊區,室內,25.0369,121.4451,板橋,44,良好,2.82,Low Risk,250
頭前國中,思源路485號,新北市新莊區,室內,25.037,121.4564,板橋,44,良好,2.33,Low Risk,2352
?公國中,臺北市信義區福德街221巷15號,臺北市信義區,室內,25.0371,121.5853,松山,48,良好,1.45,Low Risk,30
弘道國中,中正區公園路21號,臺北市中正區,室內,25.0375,121.5153,萬華,35,良好,1.9,Low Risk,87
仁愛國中,大安區仁愛路4段130號,臺北市大安區,室內,25.0375,121.5507,大安,42,良好,1.43,Low Risk,125
幸安國小,大安區仁愛路3段22號,臺北市大安區,室內,25.0376,121.535,大安,42,良好,1.53,Low Risk,200
光華國小,龍安路452號,新北市新莊區,室內,25.0378,121.4438,板橋,44,良好,2.98,Low Risk,963
老松國小,臺北市萬華區桂林路64號,臺北市萬華區,室內,25.038,121.5027,萬華,35,良好,0.93,Low Risk,50
北一女中,臺北市中正區重慶南路1段 165 號,臺北市中正區,室內,25.0386,121.513,萬華,35,良好,1.74,Low Risk,60
東門國小,中正區仁愛路1段2-4號,臺北市中正區,室內,25.0387,121.5209,萬華,35,良好,2.47,Low Risk,100
福德國小,信義區福德街253號,臺北市信義區,室內,25.0389,121.5865,松山,48,良好,1.38,Low Risk,105
貴和市民活動中心,明志路三段365號,新北市泰山區,室內,25.0394,121.4266,板橋,44,良好,4.37,Low Risk,76
財團法人臺北市東和禪寺,仁愛路一段21-33號,臺北市中正區,室內,25.0394,121.5225,中山,45,良好,2.56,Low Risk,30
松山工農,臺北市信義區忠孝東路5段236巷15號,臺北市信義區,室內,25.0398,121.572,松山,48,良好,1.02,Low Risk,50
光復國小,臺北市信義區光復南路271號,臺北市信義區,室內,25.0402,121.5578,大安,42,良好,2.1,Low Risk,40
舊庄國小,舊莊街一段100號,臺北市南港區,室內,25.040245,121.61735,松山,48,良好,4.15,Low Risk,92
二二八和平公園,臺北市中正區-凱達格蘭大道3號,臺北市中正區,室外,25.0403,121.5156,萬華,35,良好,2.06,Low Risk,7909
懷生國中,大安區忠孝東路3段248巷30號,臺北市大安區,室內,25.0403,121.5412,大安,42,良好,1.58,Low Risk,300
南上社區活動中心,民生北路一段356巷386-1號,桃園市龜山區,室內,25.040457,121.300096,桃園,47,良好,5.67,Low Risk,60
南興公園,南順二街,桃園市蘆竹區,室外,25.04135998,121.287732,桃園,47,良好,5.92,Low Risk,0
明志科技大學,工專路84號,新北市泰山區,室內,25.0417,121.4206,板橋,44,良好,5.01,Low Risk,1803
中港第一市民活動中心,中港路172號,新北市新莊區,室內,25.041825,121.455157,板橋,44,良好,2.88,Low Risk,75
老人文康活動中心,十分街66巷1號,新北市平溪區,室內,25.04193,121.775807,內湖,46,良好,19.97,Low Risk,127
全安市民活動中心,新莊路527號,新北市新莊區,室內,25.0423,121.4565,板橋,44,良好,2.9,Low Risk,200
龍騰活動中心,4鄰外庄10號,苗栗縣三義鄉,室內,25.042385,121.533012,大安,42,良好,2.09,Low Risk,20
雙潭活動中心,2鄰雙連潭40-1號,苗栗縣三義鄉,室內,25.042385,121.533012,大安,42,良好,2.09,Low Risk,20
鯉魚潭活動中心室內,鯉魚口2鄰47-2號,苗栗縣三義鄉,室內,25.042385,121.533012,大安,42,良好,2.09,Low Risk,50
建中國民小學活動中心室內,6鄰廣盛80號,苗栗縣三義鄉,室內,25.042385,121.533012,大安,42,良好,2.09,Low Risk,50
西湖村活動中心室內,4鄰上湖64號,苗栗縣三義鄉,室內,25.042385,121.533012,大安,42,良好,2.09,Low Risk,50
上?里民眾活動中心,4鄰62-7號,苗栗縣苑裡鎮,室內,25.042385,121.533012,大安,42,良好,2.09,Low Risk,50
銅鏡社區活動中心,1鄰小銅鑼圈9之11號,苗栗縣三灣鄉,室內,25.042385,121.533012,大安,42,良好,2.09,Low Risk,50
西湖村活動中心室外,4鄰上湖64號,苗栗縣三義鄉,室外,25.042385,121.533012,大安,42,良好,2.09,Low Risk,150
鯉魚潭村活動中心室外,1鄰鯉魚口10-1號,苗栗縣三義鄉,室外,25.042385,121.533012,大安,42,良好,2.09,Low Risk,150
建中國民小學操場室外,6鄰廣盛80號,苗栗縣三義鄉,室外,25.042385,121.533012,大安,42,良好,2.09,Low Risk,300
苑裡鎮立托兒所,10鄰110-1號2樓,苗栗縣苑裡鎮,室內,25.042385,121.533012,大安,42,良好,2.09,Low Risk,300
苑裡鎮老人文康中心,13鄰興隆2-1號,苗栗縣苑裡鎮,室內,25.042385,121.533012,大安,42,良好,2.09,Low Risk,300
苑裡鎮苑東苑南苑北社區聯合活動中,13鄰中山路312號,苗栗縣苑裡鎮,室內,25.042385,121.533012,大安,42,良好,2.09,Low Risk,500
苗栗縣立苑裡高中操場,1鄰2號,苗栗縣苑裡鎮,室內,25.042385,121.533012,大安,42,良好,2.09,Low Risk,1000
山腳國小田徑場,10鄰47號,苗栗縣苑裡鎮,室外,25.042385,121.533012,大安,42,良好,2.09,Low Risk,1000
苑裡鎮中山國小操場,51-1號,苗栗縣苑裡鎮,室內,25.042385,121.533012,大安,42,良好,2.09,Low Risk,1000
苑裡鎮立體育場,中正路10鄰1段32號鎮立游泳池旁,苗栗縣苑裡鎮,室內,25.042385,121.533012,大安,42,良好,2.09,Low Risk,2000
綺湖社區活動中心,綺湖96號,雲林縣土庫鎮,室內,25.042385,121.533012,大安,42,良好,2.09,Low Risk,78
大有市民活動中心,插角25-1號,新北市三峽區,室內,25.042385,121.533012,大安,42,良好,2.09,Low Risk,148
豐珠國中小活動中心,雞母嶺街6-6號,新北市貢寮區,室內,25.042385,121.533012,大安,42,良好,2.09,Low Risk,369
大林鎮公所,中興路二段239號,嘉義縣大林鎮,室內,25.042385,121.533012,大安,42,良好,2.09,Low Risk,50
西興村活動中心前廣場,菜瓜坪4號之1,嘉義縣大埔鄉,室外,25.042385,121.533012,大安,42,良好,2.09,Low Risk,50
大埔鄉公所,54號,嘉義縣大埔鄉,室內,25.042385,121.533012,大安,42,良好,2.09,Low Risk,50
文光國際英語村[室內],外埔5號,嘉義縣竹崎鄉,室內,25.042385,121.533012,大安,42,良好,2.09,Low Risk,80
嘉義縣竹崎鄉灣橋村朴子埔收容所暨防災物資整備所,4鄰朴子埔32號之2,嘉義縣竹崎鄉,室內,25.042385,121.533012,大安,42,良好,2.09,Low Risk,90
溪口國中室外,中正東路103號,嘉義縣溪口鄉,室外,25.042385,121.533012,大安,42,良好,2.09,Low Risk,300
竹園國小室外,69號,嘉義縣鹿草鄉,室外,25.042385,121.533012,大安,42,良好,2.09,Low Risk,400
後塘國小室外,毛蟹行11號,嘉義縣鹿草鄉,室外,25.042385,121.533012,大安,42,良好,2.09,Low Risk,500
老人文康活動中心,彰化縣永靖鄉永社路266號,彰化縣永靖鄉,室內,25.042385,121.533012,大安,42,良好,2.09,Low Risk,50
永靖鄉立托兒所,彰化縣永靖鄉永社路267號,彰化縣永靖鄉,室內,25.042385,121.533012,大安,42,良好,2.09,Low Risk,200
梧棲國小活動中心,民生街15之89巷1號,臺中市梧棲區,室內,25.042385,121.533012,大安,42,良好,2.09,Low Risk,200
樟原社區活動中心,1鄰6號,臺東縣長濱鄉,室內,25.042385,121.533012,大安,42,良好,2.09,Low Risk,40
三間社區活動中心,7鄰11號,臺東縣長濱鄉,室內,25.042385,121.533012,大安,42,良好,2.09,Low Risk,80
三間村南溪國小,南溪16鄰5-7號,臺東縣長濱鄉,室內,25.042385,121.533012,大安,42,良好,2.09,Low Risk,180
同義宮,口埤7號,臺南市新化區,室內,25.042385,121.533012,大安,42,良好,2.09,Low Risk,150
新化區聯合活動中心,民生路269號,臺南市新化區,室內,25.042385,121.533012,大安,42,良好,2.09,Low Risk,490
成功高中,臺北市中正區濟南路1段71號,臺北市中正區,室內,25.0424,121.5238,中山,45,良好,2.22,Low Risk,30
胡適國小,南港區舊莊街1段1號,臺北市南港區,室內,25.0424,121.6172,松山,48,良好,4.09,Low Risk,30
丹鳳高中,龍安路72號,新北市新莊區,室內,25.0426,121.4444,板橋,44,良好,3.38,Low Risk,1337
忠孝國小,中正區忠孝東路2段101號,臺北市中正區,室內,25.0428,121.5317,大安,42,良好,2.2,Low Risk,30
明志國小,新生路2號,新北市泰山區,室內,25.043,121.4317,板橋,44,良好,4.23,Low Risk,1024
永吉國小,信義區松山路287巷5號,臺北市信義區,室內,25.043,121.5791,松山,48,良好,0.57,Low Risk,53
私立金陵女中,三重區忠孝路三段93巷12號,新北市三重區,室內,25.0431,121.467,板橋,44,良好,2.98,Low Risk,913
西門國小,萬華區成都路98號,臺北市萬華區,室內,25.0432,121.5035,萬華,35,良好,1.49,Low Risk,95
第一河濱公園,忠孝西路忠孝西橋旁,桃園市蘆竹區,室外,25.04345895,121.287732,桃園,47,良好,6.15,Low Risk,100
松山高中,信義區基隆路1段156號,臺北市信義區,室內,25.0439,121.5658,松山,48,良好,1.21,Low Risk,300
十分國小,十分街157號,新北市平溪區,室內,25.0439,121.7774,內湖,46,良好,20.09,Low Risk,175
光明國中操場,光明路一段123號,桃園市蘆竹區,室內,25.04435395,121.288977,桃園,47,良好,6.22,Low Risk,200
永春國小,信義區松山路225巷48號,臺北市信義區,室內,25.0447,121.5789,松山,48,良好,0.39,Low Risk,115
臺北田徑場,臺北市松山區敦化北路3號,臺北市松山區,室外,25.0449,121.5509,大安,42,良好,2.19,Low Risk,440
成德國中,臺北市南港區東新街108巷23號,臺北市南港區,室內,25.045069,121.587751,松山,48,良好,1.12,Low Risk,300
國泰國小,中正路386號,新北市新莊區,室內,25.0451,121.4472,板橋,44,良好,3.49,Low Risk,1036
懷生國小,中山區安東街16巷2號,臺北市中山區,室內,25.0453,121.5417,大安,42,良好,2.12,Low Risk,30
光明河濱公園,光明路二段,桃園市蘆竹區,室外,25.04544138,121.287217,桃園,47,良好,6.38,Low Risk,0
修德國小,東新街118巷86號,臺北市南港區,室內,25.0455,121.5896,松山,48,良好,1.29,Low Risk,95
頭前國小,化成路231號,新北市新莊區,室內,25.0456,121.4566,板橋,44,良好,3.26,Low Risk,610
南港公園,東新街170-1號,臺北市南港區,室外,25.0458,121.5912,松山,48,良好,1.45,Low Risk,8661
高雄市林園區汕尾國民小學,北汕路58巷2號,高雄市林園區,室內,25.046238,121.517414,中山,45,良好,1.96,Low Risk,400
福星國小,萬華區中華路1段66號,臺北市萬華區,室內,25.0463,121.5089,萬華,35,良好,2.04,Low Risk,50
臺北市南港運動中心,臺北市南港區玉成街69號,臺北市南港區,室內,25.0466,121.5822,松山,48,良好,0.54,Low Risk,240
興雅國小,信義區基隆路1段83巷9號,臺北市信義區,室內,25.0467,121.5701,松山,48,良好,0.71,Low Risk,198
成德國小,南港區東新街65號,臺北市南港區,室內,25.0469,121.5869,松山,48,良好,1.0,Low Risk,200
蘆竹區公所三樓禮堂,南崁路150號,桃園市蘆竹區,室內,25.046998,121.295049,桃園,47,良好,6.42,Low Risk,0
義學國中,民生路30號,新北市泰山區,室內,25.0472,121.4347,板橋,44,良好,4.37,Low Risk,606
義學國小,民生路33號,新北市泰山區,室內,25.0472,121.4347,板橋,44,良好,4.37,Low Risk,952
白雲國小,民權街2段90號,新北市汐止區,室內,25.047641,121.618882,松山,48,良好,4.22,Low Risk,96
南美國小,南上路99號,桃園市龜山區,室內,25.047711,121.297367,桃園,47,良好,6.48,Low Risk,60
福營行政大樓,四維路9號,新北市新莊區,室內,25.0482,121.4447,板橋,44,良好,3.91,Low Risk,200
永吉國中,信義區松隆路161號,臺北市信義區,室內,25.0483,121.5741,松山,48,良好,0.3,Low Risk,97
中山女中,中山區長安東路2段141號,臺北市中山區,室內,25.0485,121.5371,中山,45,良好,1.93,Low Risk,135
義仁市民活動中心,明志路二段185號,新北市泰山區,室內,25.0487,121.4273,板橋,44,良好,4.99,Low Risk,55
中崙高中,松山區八德路4段101號,臺北市松山區,室內,25.0487,121.5611,松山,48,良好,1.6,Low Risk,300
臺北市松山運動中心,臺北市松山區敦化北路1號,臺北市松山區,室內,25.049,121.5501,大安,42,良好,2.61,Low Risk,180
敦化國小,松山區敦化北路2號,臺北市松山區,室內,25.0491,121.5485,大安,42,良好,2.58,Low Risk,56
長安國中,中山區松江路70巷11號,臺北市中山區,室內,25.0494,121.5319,中山,45,良好,1.58,Low Risk,41
長安國小,中山區吉林路15號,臺北市中山區,室內,25.0497,121.5302,中山,45,良好,1.48,Low Risk,300
玉泉公園,臺北市大同區西寧北路28號,臺北市大同區,室外,25.0498,121.5077,中山,45,良好,2.26,Low Risk,2183
興穀國民小學,三重區五谷王北街46號,新北市三重區,室內,25.0502,121.4755,萬華,35,良好,3.13,Low Risk,299
建成國中,臺北市大同區長安西路37之1號,臺北市大同區,室內,25.0503,121.5197,中山,45,良好,1.45,Low Risk,55
橫科里活動中心,橫科路119號,新北市汐止區,室內,25.05045,121.620181,松山,48,良好,4.36,Low Risk,74
中正國小,中山區龍江路62號,臺北市中山區,室內,25.0506,121.5402,中山,45,良好,1.98,Low Risk,76
南崁國小,吉林路160號,桃園市蘆竹區,室內,25.05063298,121.300993,桃園,47,良好,6.8,Low Risk,0
龜山婦幼公園,忠義路二段438號,桃園市龜山區,室外,25.050908,121.359767,桃園,47,良好,9.03,Low Risk,500
文華國小,文化七路116號,桃園市龜山區,室內,25.050955,121.365307,桃園,47,良好,9.41,Low Risk,50
忠孝國中,大同區西寧北路32號,臺北市大同區,室內,25.0512,121.5082,中山,45,良好,2.13,Low Risk,131
松山國小,松山區八德路4段746號,臺北市松山區,室內,25.0512,121.5793,松山,48,良好,0.44,Low Risk,95
五福游泳池停車場及旁空地,仁愛路一段油管路交叉口,桃園市蘆竹區,室外,25.05120598,121.294652,桃園,47,良好,6.89,Low Risk,0
蘆竹區婦幼館,仁愛路一段2號,桃園市蘆竹區,室內,25.051391,121.29348,桃園,47,良好,6.92,Low Risk,0
豐年國小,瓊泰路116號,新北市新莊區,室內,25.0514,121.4474,板橋,44,良好,4.13,Low Risk,1128
新泰國小,公園一路91號,新北市新莊區,室內,25.0514,121.4554,板橋,44,良好,3.92,Low Risk,106
仁和宮,仁和路11號,新北市貢寮區,室內,25.051427,121.92262,內湖,46,良好,34.57,Low Risk,125
敦化國中,松山區南京東路3段300號,臺北市松山區,室內,25.0515,121.5468,中山,45,良好,2.47,Low Risk,389
臺北體育館,臺北市松山區南京東路4段10號,臺北市松山區,室內,25.0517,121.5446,中山,45,良好,2.26,Low Risk,1000
大崗國中,文化二路168號,桃園市龜山區,室內,25.051707,121.370832,桃園,47,良好,9.86,Low Risk,700
臺北市極限運動訓練中心,臺北市南港區忠孝東路七段382號,臺北市南港區,室內,25.0519,121.6073,松山,48,良好,3.09,Low Risk,50
私立清傳商職,三重區五谷王北街141巷1號,新北市三重區,室內,25.052,121.4769,萬華,35,良好,3.17,Low Risk,294
樂善社區活動中心,樂安街7-1號,桃園市龜山區,室內,25.052012,121.382177,板橋,44,良好,8.95,Low Risk,60
福壽市民活動中心,昌明街1號,新北市新莊區,室內,25.0522,121.4576,板橋,44,良好,3.97,Low Risk,120
西松國小,臺北市松山區三民路5號,臺北市松山區,室內,25.0522,121.5636,松山,48,良好,1.44,Low Risk,50
大坑社區活動中心,大坑路1段1003巷18號,桃園市龜山區,室內,25.05223,121.328662,桃園,47,良好,7.51,Low Risk,33
南崁高中,仁愛路二段1號,桃園市蘆竹區,室內,25.052285,121.297216,桃園,47,良好,6.99,Low Risk,400
埔心社區活動中心,埔心街82-4號2樓,桃園市大園區,室內,25.052378,121.225524,桃園,47,良好,10.34,Low Risk,280
南港高中,南港區向陽路21號,臺北市南港區,室內,25.0525,121.595,松山,48,良好,1.89,Low Risk,435
民安國小,民安路261號,新北市新莊區,室內,25.0529,121.4661,萬華,35,良好,4.05,Low Risk,1184
三港集會所,三港7號,新北市雙溪區,室內,25.053,121.878,內湖,46,良好,30.08,Low Risk,63
玉成國小,向陽路31號,臺北市南港區,室內,25.05364,121.594769,松山,48,良好,1.9,Low Risk,30
福營國中,富國路105號,新北市新莊區,室內,25.0538,121.4445,板橋,44,良好,4.49,Low Risk,319
誠正國中,南港區富康街1巷42號,臺北市南港區,室內,25.0541,121.6187,松山,48,良好,4.26,Low Risk,143
同榮國小,公園路33號,新北市泰山區,室內,25.0546,121.4282,板橋,44,良好,5.42,Low Risk,931
新北市立三重高中,集美街212號,新北市三重區,室內,25.0547,121.4915,萬華,35,良好,2.74,Low Risk,897
吉林國小,中山區長春路116號,臺北市中山區,室內,25.0547,121.5296,中山,45,良好,0.95,Low Risk,117
澳底圖書館,仁愛路79號3樓,新北市貢寮區,室內,25.054775,121.926916,內湖,46,良好,34.98,Low Risk,157
南崁國中,五福六路1號,桃園市蘆竹區,室內,25.054812,121.298375,桃園,47,良好,7.27,Low Risk,370
長春國小,中山區長春路165號,臺北市中山區,室內,25.0549,121.5339,中山,45,良好,1.19,Low Risk,47
澳底國小大禮堂,延平街10號,新北市貢寮區,室內,25.0549,121.9246,內湖,46,良好,34.75,Low Risk,479
慶安宮,延平街13號,新北市貢寮區,室內,25.054921,121.923804,內湖,46,良好,34.67,Low Risk,12
大同高中,中山區長春路167號,臺北市中山區,室內,25.055,121.5351,中山,45,良好,1.27,Low Risk,300
新泰國中,新泰路359號,新北市新莊區,室內,25.0551,121.4594,板橋,44,良好,4.28,Low Risk,743
日新國小,大同區太原路151號,臺北市大同區,室內,25.0553,121.5167,中山,45,良好,1.17,Low Risk,137
白雲里活動中心,水源路2段112、114號,新北市汐止區,室內,25.05542,121.656768,內湖,46,良好,7.9,Low Risk,37
泰山體育館,公園路54號,新北市泰山區,室內,25.0556,121.4263,板橋,44,良好,5.63,Low Risk,1280
西松高中,松山區健康路325巷7號,臺北市松山區,室內,25.0556,121.5671,松山,48,良好,1.32,Low Risk,255
三光國民小學,三重區大同南路157號,新北市三重區,室內,25.0561,121.4968,萬華,35,良好,2.82,Low Risk,1502
東新國小,南港區興南街62號,臺北市南港區,室內,25.0562,121.602,松山,48,良好,2.69,Low Risk,30
昌隆國小,昌隆街63號,新北市新莊區,室內,25.0563,121.448,板橋,44,良好,4.62,Low Risk,509
南港高工,南港區興中路29號,臺北市南港區,室內,25.0563,121.6072,內湖,46,良好,3.13,Low Risk,160
南港展覽館,臺北市南港區經貿二路1號,基隆市中正區,室內,25.056376,121.617345,內湖,46,良好,4.05,Low Risk,7370
興化國小,五工二路50巷2號,新北市新莊區,室內,25.0564,121.4556,板橋,44,良好,4.46,Low Risk,599
介壽國中,松山區延壽街401號,臺北市松山區,室內,25.0564,121.5565,松山,48,良好,2.28,Low Risk,70
集美國民小學,三重區集美街10號,新北市三重區,室內,25.0565,121.4879,萬華,35,良好,3.03,Low Risk,104
蓬萊國小,大同區寧夏路35號,臺北市大同區,室內,25.0565,121.5155,中山,45,良好,1.19,Low Risk,104
民生國小,松山區敦化北路199巷18號,臺北市松山區,室內,25.0565,121.552,松山,48,良好,2.7,Low Risk,70
健康國小,松山區延壽街168號,臺北市松山區,室內,25.0566,121.5629,松山,48,良好,1.72,Low Risk,84
泰山高中,辭修路7號,新北市泰山區,室內,25.0573,121.4285,板橋,44,良好,5.64,Low Risk,650
南港國小,臺北市南港區惠民街67號,臺北市南港區,室內,25.0575,121.6104,內湖,46,良好,3.36,Low Risk,50
明志市民活動中心,明志路二段426號,新北市泰山區,室內,25.0577,121.4299,板橋,44,良好,5.59,Low Risk,20
菜寮市民活動中心,三重區中寮街57巷18號,新北市三重區,室內,25.0578,121.4928,萬華,35,良好,3.05,Low Risk,100
潮音國小,16鄰17號,桃園市大園區,室內,25.057905,121.168175,桃園,47,良好,15.4,Low Risk,180
育成高中,重陽路366號,臺北市南港區,室內,25.0587,121.6092,內湖,46,良好,3.19,Low Risk,375
光興國民小學,三重區正義南路62號,新北市三重區,室內,25.0589,121.4988,中山,45,良好,2.71,Low Risk,600
民族國小,臺北市松山區民生東路4段97巷7號,臺北市松山區,室內,25.0589,121.5519,中山,45,良好,2.7,Low Risk,40
北峰國小,環河街1號,新北市汐止區,室內,25.058956,121.629106,內湖,46,良好,5.09,Low Risk,1067
大園國小學生活動中心,11鄰中正東路160號,桃園市大園區,室內,25.059085,121.202671,桃園,47,良好,12.58,Low Risk,1200
泰山區公所,明志路1段322號,新北市泰山區,室內,25.0592,121.4314,板橋,44,良好,5.64,Low Risk,53
東山國小,汐平路二段76號,新北市汐止區,室內,25.059723,121.699553,內湖,46,良好,12.09,Low Risk,118
民生國中,松山區新東街30巷1號,臺北市松山區,室內,25.0598,121.5673,松山,48,良好,1.65,Low Risk,100
過圳市民活動中心,三重區過圳街19號,新北市三重區,室內,25.0601,121.4881,萬華,35,良好,3.41,Low Risk,50
雙蓮國小,大同區錦西街51號,臺北市大同區,室內,25.0601,121.5167,中山,45,良好,0.91,Low Risk,300
東方科學園區,汐止區新台五路一段90號,新北市汐止區,室內,25.060367,121.64793,內湖,46,良好,6.92,Low Risk,500
中山國中,松山區復興北路361巷7號,臺北市松山區,室內,25.0605,121.5455,中山,45,良好,2.03,Low Risk,111
潭美國小,內湖區新明路22號,臺北市內湖區,室內,25.0609,121.5908,內湖,46,良好,1.48,Low Risk,81
中正社區活動中心,中正路64號,新北市雙溪區,室內,25.061,121.8515,內湖,46,良好,27.36,Low Risk,76
三重區公所,三重區新北大道1段11號,新北市三重區,室內,25.0611,121.4885,萬華,35,良好,3.5,Low Risk,136
青山國中小,莊敬街33號,新北市汐止區,室內,25.061158,121.656653,內湖,46,良好,7.78,Low Risk,970
成淵高中,大同區承德路2段235號,臺北市大同區,室內,25.0613,121.5185,中山,45,良好,0.7,Low Risk,75
太平國小,大同區延平北路2段239號,臺北市大同區,室內,25.0614,121.5114,中山,45,良好,1.41,Low Risk,50
永樂國小,臺北市大同區延平北路2段266號,臺北市大同區,室內,25.0617,121.5111,中山,45,良好,1.44,Low Risk,50
民權公園,臺北市松山區民權國小旁,臺北市松山區,室外,25.0619,121.5575,內湖,46,良好,2.43,Low Risk,2786
楓樹福泰市民活動中心,楓江路26巷26號,新北市泰山區,室內,25.062,121.4345,板橋,44,良好,5.75,Low Risk,201
新生公園棒球場,新生北路三段105號,臺北市中山區,室外,25.062,121.5258,中山,45,良好,0.05,Low Risk,60
新興國中,中山區林森北路511號,臺北市中山區,室內,25.062,121.5258,中山,45,良好,0.05,Low Risk,175
臺北市中山運動中心,中山北路二段44巷2號,臺北市中山區,室內,25.062,121.5258,中山,45,良好,0.05,Low Risk,184
公西社區活動中心,復興街250巷1-1號,桃園市龜山區,室內,25.062299,121.36028,桃園,47,良好,10.05,Low Risk,100
泰山國小,泰林路2段255號,新北市泰山區,室內,25.0623,121.4313,板橋,44,良好,5.94,Low Risk,1283
民權國小,臺北市松山區民權東路4段200號,臺北市松山區,室內,25.0625,121.5623,內湖,46,良好,1.96,Low Risk,80
碧華國民中學,自強路5段66號,新北市三重區,室內,25.0626,121.4903,中山,45,良好,3.54,Low Risk,969
榮星花園公園,臺北市中山區民權東路3段1號,臺北市中山區,室外,25.0626,121.5402,中山,45,良好,1.49,Low Risk,2432
大園社區活動中心,和平東路89號1樓,桃園市大園區,室內,25.062655,121.200297,桃園,47,良好,13.01,Low Risk,140
黎明市民活動中心,黎明路23號,新北市泰山區,室內,25.0627,121.421,板橋,44,良好,6.57,Low Risk,21
牡丹國小,政光路3號,新北市雙溪區,室內,25.0627,121.8517,內湖,46,良好,27.38,Low Risk,320
秀峰國小,仁愛路90號,新北市汐止區,室內,25.062874,121.661377,內湖,46,良好,8.23,Low Risk,1185
中山國小,臺北市中山區民權東路1段69號,臺北市中山區,室內,25.0629,121.5263,中山,45,良好,0.11,Low Risk,290
三重區綜合運動場,中正北路特2號,新北市三重區,室外,25.063033,121.489253,中山,45,良好,3.64,Low Risk,2200
三民國小,松山區民權東路5段1號,臺北市松山區,室內,25.0633,121.5643,內湖,46,良好,1.74,Low Risk,100
明志國民中學,三重區中正北路107號,新北市三重區,室內,25.0634,121.4892,中山,45,良好,3.65,Low Risk,437
民權國中,大同區重慶北路3段1號,臺北市大同區,室內,25.0635,121.5139,中山,45,良好,1.17,Low Risk,30
五常國中,中山區復興北路430巷1號,臺北市中山區,室內,25.0635,121.5431,中山,45,良好,1.79,Low Risk,250
汐止區公所行政中心,汐止區新台五路一段268號,新北市汐止區,室內,25.063774,121.658894,內湖,46,良好,7.98,Low Risk,158
五常國小,中山區五常街16號,臺北市中山區,室內,25.0642,121.5422,中山,45,良好,1.71,Low Risk,97
大橋國小,大同區重慶北路3段2號,臺北市大同區,室內,25.0643,121.5134,中山,45,良好,1.23,Low Risk,86
正義國民小學,三重區信義西街31號,新北市三重區,室內,25.0644,121.4961,中山,45,良好,2.96,Low Risk,929
行政區民活動中心,松江路367號9樓,臺北市中山區,室內,25.0644,121.5335,中山,45,良好,0.85,Low Risk,72
私立東海高中,三重區集美街212號,新北市三重區,室內,25.0648,121.4787,萬華,35,良好,4.25,Low Risk,408
大同國小,大同區大龍街51號,臺北市大同區,室內,25.0648,121.5161,中山,45,良好,0.98,Low Risk,183
長興社區活動中心,長興路四段325之1號,桃園市蘆竹區,室內,25.06484198,121.267905,桃園,47,良好,9.02,Low Risk,250
內厝河濱公園,內溪路底,桃園市蘆竹區,室外,25.06511398,121.278033,桃園,47,良好,8.72,Low Risk,0
泰山國中,泰林路2段498號,新北市泰山區,室內,25.0652,121.426,板橋,44,良好,6.5,Low Risk,1388
二重國民小學,三重區大有街10號,新北市三重區,室內,25.0652,121.478,萬華,35,良好,4.32,Low Risk,4404
福安廟,雞母嶺街7號,新北市貢寮區,室內,25.0655,121.8952,內湖,46,良好,31.75,Low Risk,40
二重國民中學,三重區忠孝路三段89號,新北市三重區,室內,25.0657,121.4805,萬華,35,良好,4.26,Low Risk,845
黎明技術學院,黎專路2之2號,新北市泰山區,室內,25.0658,121.4199,板橋,44,良好,6.91,Low Risk,1081
裕民國小,裕民街123號,新北市新莊區,室內,25.0659,121.4616,萬華,35,良好,5.36,Low Risk,1127
樟樹國中,樟樹二路135號,新北市汐止區,室內,25.06594,121.639893,內湖,46,良好,6.05,Low Risk,2481
延平國小,大同區昌吉街97號,臺北市大同區,室內,25.066,121.5124,中山,45,良好,1.37,Low Risk,88
修德國民小學,三重區重陽路三段3號,新北市三重區,室內,25.0661,121.489,中山,45,良好,3.69,Low Risk,962
大園區老人文康活動中心,大觀路118號,桃園市大園區,室內,25.066173,121.193358,桃園,47,良好,13.8,Low Risk,700
重陽國民小學,三重區中正北路113號,新北市三重區,室內,25.0663,121.4845,中山,45,良好,4.14,Low Risk,608
秀峰高中,忠孝東路201號,新北市汐止區,室內,25.066456,121.661912,內湖,46,良好,8.26,Low Risk,1190
樟樹國小,樟樹一路141巷2號,新北市汐止區,室內,25.066498,121.641767,內湖,46,良好,6.23,Low Risk,1292
汐止國小,大同路二段313號,新北市汐止區,室內,25.066688,121.654876,內湖,46,良好,7.55,Low Risk,810
南湖高中,內湖區康寧路3段220號,臺北市內湖區,室內,25.0669,121.6111,內湖,46,良好,3.15,Low Risk,300
汐止國中,大同路二段394號,新北市汐止區,室內,25.066957,121.658337,內湖,46,良好,7.9,Low Risk,1384
師範大學林口校區體育館,仁愛路一段2號,新北市林口區,室內,25.067902,121.397844,板橋,44,良好,8.61,Low Risk,4587
林口市民活動中心,中正路100號3樓,新北市林口區,室內,25.068,121.3717,板橋,44,良好,10.74,Low Risk,63
崇林國中,文化一路一段20號,新北市林口區,室內,25.0681,121.3703,板橋,44,良好,10.86,Low Risk,1312
正義市民活動中心,三重區雙園街1號,新北市三重區,室內,25.0682,121.4975,中山,45,良好,2.89,Low Risk,100
東湖國小,內湖區東湖路115號,臺北市內湖區,室內,25.0685,121.6158,內湖,46,良好,3.61,Low Risk,155
麗園國小,忠孝路591號,新北市林口區,室內,25.0686,121.3762,板橋,44,良好,10.39,Low Risk,945
麗林國小,公園路46號,新北市林口區,室內,25.0687,121.3679,桃園,47,良好,11.08,Low Risk,1790
東勢市民活動中心,麗園一街35號3樓,新北市林口區,室內,25.068777,121.377252,板橋,44,良好,10.32,Low Risk,247
新湖國小,臺北市內湖區民權東路6段138號,臺北市內湖區,室內,25.0688,121.5887,內湖,46,良好,0.88,Low Risk,40
金龍國小,明峰街201號,新北市汐止區,室內,25.068806,121.627046,內湖,46,良好,4.74,Low Risk,600
麗園市民活動中心,忠孝路569巷17號,新北市林口區,室內,25.068979,121.373756,板橋,44,良好,10.62,Low Risk,75
三民國中,內湖區民權東路6段45號,臺北市內湖區,室內,25.0691,121.5862,內湖,46,良好,0.63,Low Risk,300
茄苳里活動中心,茄苳路225巷35號,新北市汐止區,室內,25.069255,121.672058,內湖,46,良好,9.27,Low Risk,53
蘭州國中,大同區大龍街187巷1號,臺北市大同區,室內,25.0693,121.5167,中山,45,良好,1.17,Low Risk,30
內湖區行政大樓,民權東路6段99號8樓,臺北市內湖區,室內,25.069324,121.586898,內湖,46,良好,0.7,Low Risk,170
崇德國小,茄苳路158號,新北市汐止區,室內,25.069578,121.669187,內湖,46,良好,8.98,Low Risk,1275
新北市立三重商工,三重區中正北路163號,新北市三重區,室內,25.0696,121.4801,中山,45,良好,4.63,Low Risk,1586
私立穀保家商,三重區中正北路560巷38號,新北市三重區,室內,25.0697,121.4711,萬華,35,良好,5.1,Low Risk,1674
更寮國民小學,四維路2號,新北市五股區,室內,25.0698,121.4677,萬華,35,良好,5.3,Low Risk,453
六張市民活動中心,三重區六張街66號,新北市三重區,室內,25.0702,121.4938,中山,45,良好,3.3,Low Risk,100
三重國民小學,三重區三和路三段1號,新北市三重區,室內,25.0704,121.4973,中山,45,良好,2.97,Low Risk,709
光榮國民中學,三重區介壽路26號,新北市三重區,室內,25.0705,121.4999,中山,45,良好,2.73,Low Risk,1031
崇德橋東市民活動中心,茄苳路82號,新北市汐止區,室內,25.070551,121.666953,內湖,46,良好,8.76,Low Risk,100
南湖國小,臺北市內湖區康寧路3段200號,臺北市內湖區,室內,25.0706,121.6107,內湖,46,良好,3.09,Low Risk,50
明湖國中,內湖區康寧路3段60號,臺北市內湖區,室內,25.0706,121.6107,內湖,46,良好,3.09,Low Risk,251
大園國中學生活動中心,4鄰中華路298號,桃園市大園區,室內,25.070687,121.205022,桃園,47,良好,13.24,Low Risk,1300
和平市民活動中心,三重區自強路二段90號,新北市三重區,室內,25.0707,121.4874,中山,45,良好,3.94,Low Risk,100
厚德國民小學,三重區中孝路一段70號,新北市三重區,室內,25.0707,121.4874,中山,45,良好,3.94,Low Risk,505
老人文康活動中心禮堂,三重區自強路二段93號B1,新北市三重區,室內,25.0707,121.4884,中山,45,良好,3.84,Low Risk,100
光榮國民小學,三重區介壽路32號,新北市三重區,室內,25.0709,121.5013,中山,45,良好,2.61,Low Risk,195
明湖國小,內湖區康寧路3段105號,臺北市內湖區,室內,25.0711,121.6106,內湖,46,良好,3.08,Low Risk,137
更寮國小-室內,更寮村19號,嘉義縣六腳鄉,室內,25.071216,121.467216,萬華,35,良好,5.46,Low Risk,20
保長坑訓練中心,大同路三段469號,新北市汐止區,室內,25.071337,121.679316,內湖,46,良好,10.0,Low Risk,1075
德音國民小學,明德路2號,新北市五股區,室內,25.0714,121.4345,板橋,44,良好,6.68,Low Risk,146
山鼻內厝聯合里民活動中心,南山路二段349巷67號,桃園市蘆竹區,室內,25.071722,121.287518,桃園,47,良好,9.24,Low Risk,0
保長國小,大同路三段553號,新北市汐止區,室內,25.071773,121.680851,內湖,46,良好,10.16,Low Risk,470
仁愛市民活動中心,文化一路1段137號,新北市林口區,室內,25.071966,121.37391,板橋,44,良好,10.79,Low Risk,194
東湖國中,內湖區康樂街131號,臺北市內湖區,室內,25.0723,121.6195,內湖,46,良好,3.99,Low Risk,138
大園區北港社區活動中心,9鄰海墘10-2號,桃園市大園區,室內,25.072941,121.164351,桃園,47,良好,16.61,Low Risk,400
三石社區活動中心,9鄰三和路5號,桃園市大園區,室內,25.073,121.25823,桃園,47,良好,10.24,Low Risk,380
麗湖國小,內湖區金湖路363巷8號,臺北市內湖區,室內,25.0731,121.6013,內湖,46,良好,2.17,Low Risk,315
大佳國小,中山區濱江街107號,臺北市中山區,室內,25.0733,121.5359,中山,45,良好,1.62,Low Risk,30
大龍國小,大同區哈密街47號,臺北市大同區,室內,25.0734,121.5167,中山,45,良好,1.51,Low Risk,30
林口高中,仁愛路二段173號,新北市林口區,室內,25.0736,121.381,板橋,44,良好,10.33,Low Risk,3099
格致高級中學,三重區大智街260號,新北市三重區,室內,25.0738,121.4887,士林,43,良好,3.88,Low Risk,1000
南勢市民活動中心,南勢二街154號,新北市林口區,室內,25.073835,121.359019,桃園,47,良好,11.04,Low Risk,106
南勢國小,南勢街215號,新北市林口區,室內,25.075,121.3588,桃園,47,良好,11.14,Low Risk,534
明倫高中,臺北市大同區承德路3段336號,臺北市大同區,室內,25.0755,121.5199,士林,43,良好,1.42,Low Risk,70
憲訓中心,成泰路一段175號,新北市五股區,室內,25.0758,121.4349,板橋,44,良好,7.12,Low Risk,686
后厝社區活動中心,12鄰中華路595號,桃園市大園區,室內,25.075842,121.211571,桃園,47,良好,13.17,Low Risk,100
重慶國中,大同區敦煌路19號,臺北市大同區,室內,25.0759,121.5179,士林,43,良好,1.45,Low Risk,0
臺北市大同運動中心,大龍街51號,臺北市大同區,室內,25.0759,121.5179,士林,43,良好,1.45,Low Risk,300
永盛市民活動中心,三重區車路頭街133號,新北市三重區,室內,25.0764,121.4846,士林,43,良好,4.16,Low Risk,100
三和國民中學,三重區三和路四段216號,新北市三重區,室內,25.0766,121.4865,士林,43,良好,3.97,Low Risk,653
林口區公所,仁愛路一段378號,新北市林口區,室內,25.0767,121.3885,板橋,44,良好,9.97,Low Risk,120
得仁市民活動中心,中山一路415號6樓,新北市蘆洲區,室內,25.0767,121.469,士林,43,良好,5.67,Low Risk,52
林口國中活動中心,民治路25號,新北市林口區,室內,25.0769,121.3769,板橋,44,良好,10.88,Low Risk,1736
永福國民小學,三重區永福街66號,新北市三重區,室內,25.077,121.4806,士林,43,良好,4.53,Low Risk,706
內湖國中,內湖區陽光街1號,臺北市內湖區,室內,25.077,121.5887,內湖,46,良好,1.18,Low Risk,233
長安里民活動中心,長安街31號,基隆市七堵區,室內,25.0771,121.6928,內湖,46,良好,11.39,Low Risk,60
濱江國小,中山區樂群2路266巷99號,臺北市中山區,室內,25.0773,121.5617,內湖,46,良好,2.02,Low Risk,114
麗林市民活動中心,公園路59號3樓,新北市林口區,室內,25.0774,121.394,板橋,44,良好,9.62,Low Risk,236
北安國中,中山區明水路325號,臺北市中山區,室內,25.0778,121.5416,士林,43,良好,2.09,Low Risk,30
內湖高中,內湖區文德路218號,臺北市內湖區,室內,25.0784,121.5865,內湖,46,良好,1.15,Low Risk,110
臺北市內湖運動中心,洲子街12號,臺北市內湖區,室內,25.0784,121.5865,內湖,46,良好,1.15,Low Risk,219
新北特殊教育學校,文化北路1段425號,新北市林口區,室內,25.078446,121.365938,桃園,47,良好,11.85,Low Risk,1383
民生市民活動中心,民生街129巷14號,新北市蘆洲區,室內,25.0785,121.4728,士林,43,良好,5.26,Low Risk,20
永安國小,臺北市中山區明水路397巷19弄1號,臺北市中山區,室內,25.0787,121.5494,士林,43,良好,2.75,Low Risk,60
長安市民活動中心,長興街一段50號,新北市汐止區,室內,25.079073,121.670529,內湖,46,良好,9.17,Low Risk,89
內湖國小,內湖區內湖路2段41號,臺北市內湖區,室內,25.0791,121.5802,內湖,46,良好,1.02,Low Risk,150
長安國小,長興街一段80號,新北市汐止區,室內,25.079315,121.670789,內湖,46,良好,9.2,Low Risk,807
更新市民活動中心,更洲路47號,新北市五股區,室內,25.0794,121.4573,士林,43,良好,6.78,Low Risk,65
大直高中,中山區北安路420號,臺北市中山區,室內,25.0794,121.5428,士林,43,良好,2.11,Low Risk,300
醒吾高中,粉寮路一段75巷80號,新北市林口區,室內,25.07957,121.395779,板橋,44,良好,9.66,Low Risk,1243
溪墘湧蓮市民活動中心,信義路65號,新北市蘆洲區,室內,25.079572,121.476051,士林,43,良好,4.91,Low Risk,50
竹林山觀音寺活動中心,竹林路325號,新北市林口區,室內,25.0796,121.3958,板橋,44,良好,9.66,Low Risk,500
濱江國中,中山區樂群二路262號,臺北市中山區,室內,25.0796,121.5607,內湖,46,良好,2.22,Low Risk,86
內湖高工,內湖路1段520號,臺北市內湖區,室內,25.0797,121.5754,內湖,46,良好,1.18,Low Risk,245
劍潭國小,士林區通河街16號,臺北市士林區,室內,25.0799,121.5229,士林,43,良好,0.87,Low Risk,30
康寧國小,內湖區星雲街121號,臺北市內湖區,室內,25.08,121.5949,內湖,46,良好,1.87,Low Risk,247
佳林國中,中山路268號,新北市林口區,室內,25.0803,121.3842,板橋,44,良好,10.56,Low Risk,747
徐匯中學,中山一路1號,新北市蘆洲區,室內,25.0803,121.48,士林,43,良好,4.51,Low Risk,784
大直國小,中山區大直街2號,臺北市中山區,室內,25.0805,121.5464,士林,43,良好,2.39,Low Risk,104
內海貴文宮,2鄰內海墘19號,桃園市大園區,室內,25.080507,121.185356,桃園,47,良好,15.44,Low Risk,300
長安市民活動中心,長安街96號4樓,新北市蘆洲區,室內,25.0807,121.4619,士林,43,良好,6.3,Low Risk,123
林口國小,林口路76號,新北市林口區,室內,25.0808,121.3899,板橋,44,良好,10.18,Low Risk,1009
實踐里民活動中心,百一街52-1號,基隆市七堵區,室內,25.081,121.7004,內湖,46,良好,12.19,Low Risk,60
永安兒童公園市民活動中心,永安北路二段42之6號,新北市蘆洲區,室外,25.081635,121.481944,士林,43,良好,4.29,Low Risk,87
麗山國中,內湖區內湖路1段629巷42號,臺北市內湖區,室內,25.0817,121.5752,內湖,46,良好,1.4,Low Risk,82
中路市民活動中心,光華路107巷11號,新北市蘆洲區,室內,25.0821,121.4675,士林,43,良好,5.72,Low Risk,27
頭湖國小,民權路101號,新北市林口區,室內,25.0827,121.3729,板橋,44,良好,11.59,Low Risk,819
堵南里民活動中心,堵南街20之8號,基隆市七堵區,室內,25.0827,121.6877,內湖,46,良好,10.94,Low Risk,40
大湖公園,成功路五段31號旁,臺北市內湖區,室外,25.082835,121.603982,內湖,46,良好,2.81,Low Risk,4950
立體停車場,工商路3號,新北市五股區,室外,25.083,121.4393,板橋,44,良好,7.72,Low Risk,550
堵南國小活動中心,大德路120號,基隆市七堵區,室內,25.0832,121.6922,內湖,46,良好,11.4,Low Risk,120
五股國民中學,成泰路二段49巷15號,新北市五股區,室內,25.0833,121.4357,板橋,44,良好,7.87,Low Risk,230
暖東里民活動中心,東勢街54號,基隆市暖暖區,室內,25.0833,121.7481,內湖,46,良好,17.0,Low Risk,40
五股國民小學,成泰路2段49號,新北市五股區,室內,25.0834,121.4377,板橋,44,良好,7.81,Low Risk,2532
堵北里民活動中心,福一街136號二樓,基隆市七堵區,室內,25.0834,121.6953,內湖,46,良好,11.71,Low Risk,86
財團法人臺灣省臺北縣基督教徒蘆洲,三民路26巷71弄2號B1地下室,新北市蘆洲區,室內,25.0835,121.4786,士林,43,良好,4.6,Low Risk,75
麗山國小,臺北市內湖區港華街100號,臺北市內湖區,室內,25.0836,121.5725,內湖,46,良好,1.7,Low Risk,193
葫蘆國小,士林區環河北路3段95號,臺北市士林區,室內,25.0837,121.507,士林,43,良好,1.77,Low Risk,35
百福國中活動中心,福五街1號,基隆市七堵區,室內,25.0837,121.6987,內湖,46,良好,12.05,Low Risk,191
西湖國小,內湖區環山路1段25號,臺北市內湖區,室內,25.0838,121.5657,內湖,46,良好,2.11,Low Risk,76
蘆洲國小,中正路100號,新北市蘆洲區,室內,25.0841,121.47,士林,43,良好,5.45,Low Risk,2139
麗山高中,臺北市內湖區環山路2段100號,臺北市內湖區,室內,25.0841,121.5779,內湖,46,良好,1.59,Low Risk,60
湖南市民活動中心,民權路165號,新北市林口區,室內,25.0844,121.3742,板橋,44,良好,11.61,Low Risk,86
蘆洲區公所,三民路95號,新北市蘆洲區,室內,25.0847,121.4739,士林,43,良好,5.06,Low Risk,185
碧華國民小學,五華街160號,新北市三重區,室內,25.085115,121.490369,士林,43,良好,3.4,Low Risk,0
鷺江國小,民族路7號,新北市蘆洲區,室內,25.0853,121.4769,士林,43,良好,4.75,Low Risk,1002
碧湖國小,臺北市內湖區金龍路100號,臺北市內湖區,室內,25.0853,121.5911,內湖,46,良好,2.05,Low Risk,134
成功國小,長安街311號,新北市蘆洲區,室內,25.0857,121.4575,士林,43,良好,6.7,Low Risk,495
重陽市民活動中心,集賢路221巷11號,新北市蘆洲區,室內,25.0857,121.4837,士林,43,良好,4.06,Low Risk,58
文湖國小,內湖區文湖街15號,臺北市內湖區,室內,25.0858,121.5601,內湖,46,良好,2.67,Low Risk,30
西湖國中,內湖區環山路1段27號,臺北市內湖區,室內,25.0858,121.5657,內湖,46,良好,2.28,Low Risk,106
百齡國小,士林區福港街205號,臺北市士林區,室內,25.0862,121.5178,士林,43,良好,0.65,Low Risk,137
泰安里民活動中心,泰和街57號,基隆市七堵區,室內,25.0864,121.7114,內湖,46,良好,13.36,Low Risk,42
五華國民小學,三重區集賢路89號,新北市三重區,室內,25.0865,121.4931,士林,43,良好,3.11,Low Risk,327
三民高中,三民路96號,新北市蘆洲區,室內,25.0866,121.4723,士林,43,良好,5.21,Low Risk,5011
百齡高中,士林區承德路4段177號,臺北市士林區,室內,25.087,121.523,士林,43,良好,0.13,Low Risk,300
蘆洲國中,中正路265號,新北市蘆洲區,室內,25.0871,121.4664,士林,43,良好,5.8,Low Risk,2520
新北市立新北高中,三重區重新路五段656號,新北市三重區,室內,25.0874,121.4899,士林,43,良好,3.43,Low Risk,4475
山腳國中,海山路319號,桃園市蘆竹區,室內,25.088009,121.278634,桃園,47,良好,11.19,Low Risk,500
大湖國小,內湖區大湖山莊街170號,臺北市內湖區,室內,25.0881,121.6003,內湖,46,良好,2.88,Low Risk,175
百福里民活動中心,實踐路263號,基隆市七堵區,室內,25.0881,121.695,內湖,46,良好,11.76,Low Risk,40
猴硐國小,瑞芳區九芎橋路69-1號,新北市瑞芳區,室內,25.0889,121.8296,內湖,46,良好,25.23,Low Risk,101
忠義國小,光榮路99號,新北市蘆洲區,室內,25.0893,121.4639,士林,43,良好,6.05,Low Risk,1106
北港國小,汐萬路二段279號,新北市汐止區,室內,25.089404,121.645595,內湖,46,良好,6.95,Low Risk,1307
天母棒球場,忠誠路二段77號,臺北市士林區,室外,25.0898,121.5029,士林,43,良好,2.14,Low Risk,150
臺北市士林運動中心,士商路1號,臺北市士林區,室內,25.0898,121.5029,士林,43,良好,2.14,Low Risk,171
社子國小,臺北市士林區延平北路6段308號,臺北市士林區,室內,25.0898,121.5029,士林,43,良好,2.14,Low Risk,192
鷺江國中,長樂路235號,新北市蘆洲區,室內,25.0903,121.4618,士林,43,良好,6.27,Low Risk,659
公民會館,御史路1巷59號,新北市五股區,室內,25.090383,121.440224,士林,43,良好,8.44,Low Risk,182
永平市民活動中心,永平街1號4樓,新北市蘆洲區,室內,25.0904,121.4592,士林,43,良好,6.53,Low Risk,151
六堵里民活動中心,工建路104巷17-1號-2號,基隆市七堵區,室內,25.0908,121.7015,內湖,46,良好,12.46,Low Risk,48
仁愛國小,民族路488號,新北市蘆洲區,室內,25.0915,121.471,士林,43,良好,5.35,Low Risk,584
陽明高中,士林區中正路510號,臺北市士林區,室內,25.0918,121.5172,士林,43,良好,0.82,Low Risk,110
友一里民活動中心,華新一路59-1號,基隆市七堵區,室內,25.0921,121.6688,內湖,46,良好,9.28,Low Risk,40
水湳市民活動中心,民族路426巷17號,新北市蘆洲區,室內,25.0927,121.4731,士林,43,良好,5.16,Low Risk,34
士林國小,臺北市士林區大東路165號,臺北市士林區,室內,25.0928,121.5251,士林,43,良好,0.58,Low Risk,225
士林國中,士林區中正路345號,臺北市士林區,室內,25.0943,121.5226,士林,43,良好,0.75,Low Risk,39
成功市民活動中心,西雲路163號,新北市五股區,室內,25.0944,121.4461,士林,43,良好,7.88,Low Risk,100
大古山停車場,大古山廣場,桃園市蘆竹區,室外,25.09457695,121.28829,桃園,47,良好,11.76,Low Risk,200
基隆高級商工職業學校,東新街22號,基隆市七堵區,室內,25.0949,121.7173,內湖,46,良好,14.1,Low Risk,146
士林高商,士林區士商路150號,臺北市士林區,室內,25.095,121.5163,士林,43,良好,1.12,Low Risk,54
長興里民活動中心,東新街25號,基隆市七堵區,室內,25.095,121.718,內湖,46,良好,14.18,Low Risk,52
士林官邸公園,臺北市士林區福林路60號,臺北市士林區,室外,25.0951,121.5303,士林,43,良好,1.04,Low Risk,1362
暖西里民活動中心,東勢街26巷69號,基隆市暖暖區,室內,25.0951,121.738,內湖,46,良好,16.16,Low Risk,96
碇祥里民活動中心,碇內街100號,基隆市暖暖區,室內,25.0955,121.7538,內湖,46,良好,17.73,Low Risk,85
碇內里民活動中心,暖碇路15巷136號,基隆市暖暖區,室內,25.0958,121.7538,內湖,46,良好,17.74,Low Risk,32
碇內國中,源遠路152巷75號,基隆市暖暖區,室內,25.0961,121.7495,內湖,46,良好,17.32,Low Risk,229
暖暖里民活動中心,暖暖街281巷58號,基隆市暖暖區,室內,25.0971,121.7354,內湖,46,良好,15.94,Low Risk,60
七堵國小活動中心,明德一路184號2-4樓,基隆市七堵區,室內,25.0978,121.7136,內湖,46,良好,13.81,Low Risk,150
成州市民活動中心,西雲路267號,新北市五股區,室內,25.0981,121.4494,士林,43,良好,7.6,Low Risk,75
七堵行政大樓6樓,光明路21號6樓,基隆市七堵區,室內,25.0983,121.7166,內湖,46,良好,14.11,Low Risk,200
福林國小,士林區福志路75號,臺北市士林區,室內,25.0987,121.5297,士林,43,良好,1.35,Low Risk,142
永平里民活動中心,崇智街13-1號,基隆市七堵區,室內,25.0995,121.7134,內湖,46,良好,13.83,Low Risk,90
文昌國小,士林區文林路615巷20號,臺北市士林區,室內,25.0996,121.5209,士林,43,良好,1.36,Low Risk,75
地藏禪寺,延平北路7段189號,臺北市士林區,室內,25.099607,121.491108,士林,43,良好,3.57,Low Risk,100
成州國民小學,成泰路3段493號,新北市五股區,室內,25.0998,121.4505,士林,43,良好,7.52,Low Risk,398
碇安里民活動中心,源遠路277巷23號,基隆市暖暖區,室內,25.0998,121.7555,內湖,46,良好,17.98,Low Risk,64
沙崙社區活動中心,12鄰41-3號,桃園市大園區,室內,25.101094,121.222571,桃園,47,良好,14.72,Low Risk,250
八德土地公廟,大華一路57巷43-4號,基隆市七堵區,室內,25.1011,121.7166,內湖,46,良好,14.19,Low Risk,12
湖北市民活動中心,林口區湖北里後湖17之6號,新北市林口區,室內,25.1013,121.3847,板橋,44,良好,12.21,Low Risk,73
暖同里民活動中心,暖暖街16巷41號,基隆市暖暖區,室內,25.1015,121.7373,內湖,46,良好,16.23,Low Risk,64
自強里民活動中心,自強路1號,基隆市七堵區,室內,25.1022,121.7122,內湖,46,良好,13.79,Low Risk,44
海湖國小,海湖東路191巷15號,桃園市蘆竹區,室內,25.10233,121.26754,桃園,47,良好,12.99,Low Risk,450
雨聲國小,士林區至誠路1段62巷70號,臺北市士林區,室內,25.1027,121.5352,士林,43,良好,2.01,Low Risk,46
福安國中,士林區延平北路7段250號,臺北市士林區,室內,25.1033,121.4874,士林,43,良好,4.07,Low Risk,30
至善國中,臺北市士林區至善路2段360號,臺北市士林區,室內,25.1035,121.5555,士林,43,良好,3.63,Low Risk,170
竹圍國小,2鄰竹圍街3號,桃園市大園區,室內,25.103671,121.244253,桃園,47,良好,13.93,Low Risk,700
吉慶國小,瑞芳區大埔路95號,新北市瑞芳區,室內,25.1037,121.7628,內湖,46,良好,18.79,Low Risk,403
中正高中,北投區文林北路77號,臺北市北投區,室內,25.1045,121.5165,士林,43,良好,2.01,Low Risk,109
竹圍社區活動中心,8鄰竹圍街90-6號,桃園市大園區,室內,25.104511,121.241682,桃園,47,良好,14.12,Low Risk,160
過港里民活動中心,過港路54號,基隆市暖暖區,室內,25.1049,121.7383,內湖,46,良好,16.41,Low Risk,60
佛祖廟西靈岩寺,佛祖廟西靈岩寺,新北市貢寮區,室內,25.105105,121.921149,內湖,46,良好,34.58,Low Risk,62
雨農國小,士林區忠義街1號,臺北市士林區,室內,25.1053,121.5299,士林,43,良好,2.05,Low Risk,124
爪峰里活動中心,三爪子坑路279-2號,新北市瑞芳區,室內,25.1056,121.8135,內湖,46,良好,23.85,Low Risk,162
富安國小,臺北市士林區延平北路8段135號,臺北市士林區,室內,25.1058,121.4824,士林,43,良好,4.65,Low Risk,50
文林國小,北投區文林北路155號,臺北市北投區,室內,25.1059,121.5147,士林,43,良好,2.23,Low Risk,300
雙溪國小,士林區中社路2段66號,臺北市士林區,室內,25.1061,121.5638,內湖,46,良好,4.34,Low Risk,30
傑魚市民活動中心,傑魚坑路245巷2-1號2樓,新北市瑞芳區,室內,25.1065,121.788,內湖,46,良好,21.34,Low Risk,231
福住市民活動中心,佛堂巷7號,新北市瑞芳區,室內,25.106736,121.841768,內湖,46,良好,26.68,Low Risk,53
新山里活動中心,金光路241號之1,新北市瑞芳區,室內,25.107,121.8515,內湖,46,良好,27.65,Low Risk,41
九份國小,瑞芳區崙頂路145號,新北市瑞芳區,室內,25.1071,121.8434,內湖,46,良好,26.85,Low Risk,172
復興國小,華新二路21號,基隆市七堵區,室內,25.1073,121.6655,內湖,46,良好,9.56,Low Risk,35
明德國中,北投區明德路50號,臺北市北投區,室內,25.1075,121.5183,士林,43,良好,2.28,Low Risk,88
瑞芳國中,瑞芳區三爪子坑路1號,新北市瑞芳區,室內,25.1075,121.8145,內湖,46,良好,23.98,Low Risk,1826
瑞龍市民活動中心,明燈路3段2號,新北市瑞芳區,室內,25.107577,121.809092,內湖,46,良好,23.45,Low Risk,580
基隆高中,源遠路20號,基隆市暖暖區,室內,25.1077,121.7329,內湖,46,良好,15.96,Low Risk,347
觀音市民活動中心,凌雲路三段17之2號,新北市五股區,室內,25.107778,121.43072,士林,43,良好,9.65,Low Risk,149
瑞芳國小,瑞芳區中山路2號,新北市瑞芳區,室內,25.1079,121.8039,內湖,46,良好,22.94,Low Risk,447
嘉寶國小,22號,新北市林口區,室內,25.1083,121.3393,桃園,47,良好,13.76,Low Risk,425
蘭雅國小,士林區磺溪57號,臺北市士林區,室內,25.1084,121.5231,士林,43,良好,2.3,Low Risk,30
八南里民活動中心,源遠路27號,基隆市暖暖區,室內,25.1086,121.7324,內湖,46,良好,15.94,Low Risk,66
海口社區活動中心,4鄰87-1號2樓,桃園市大園區,室內,25.108652,121.241381,桃園,47,良好,14.55,Low Risk,350
瑞芳區公所,瑞芳區逢甲路82號,新北市瑞芳區,室內,25.1088,121.8095,內湖,46,良好,23.51,Low Risk,115
八中里民活動中心,金華街204號,基隆市暖暖區,室內,25.1096,121.7296,內湖,46,良好,15.7,Low Risk,42
瑪陵國小活動中心,大成街1號,基隆市七堵區,室內,25.1099,121.6899,內湖,46,良好,11.93,Low Risk,46
芝山國小,臺北市士林區德行東路285號,臺北市士林區,室內,25.1104,121.5364,士林,43,良好,2.82,Low Risk,40
瑞芳高工,瑞芳區瑞芳街60號,新北市瑞芳區,室內,25.1104,121.8036,內湖,46,良好,22.96,Low Risk,1360
蘭雅國中,士林區忠誠路2段51號,臺北市士林區,室內,25.1106,121.531,士林,43,良好,2.64,Low Risk,130
八西里民活動中心,八堵路35-2號,基隆市暖暖區,室內,25.1106,121.7361,內湖,46,良好,16.36,Low Risk,10
勸濟堂,瑞芳區祈堂路53號,新北市瑞芳區,室內,25.1107,121.86,內湖,46,良好,28.56,Low Risk,50
瓜山國小,瑞芳區五號路306號,新北市瑞芳區,室內,25.1111,121.8569,內湖,46,良好,28.26,Low Risk,232
明德國小,北投區明德路190號,臺北市北投區,室內,25.1121,121.5218,士林,43,良好,2.72,Low Risk,109
和美國小,龍洞街1-9號,新北市貢寮區,室內,25.1123,121.9193,內湖,46,良好,34.49,Low Risk,117
佛祖廟西側高地,佛祖廟西側高地,新北市貢寮區,室內,25.112326,121.919336,內湖,46,良好,34.5,Low Risk,62
興福國小,下福10之1號,新北市林口區,室內,25.1124,121.3126,桃園,47,良好,13.71,Low Risk,735
翠柏新村安養中心-服務大樓,永春一路5號,新北市汐止區,室內,25.112499,121.603216,內湖,46,良好,5.28,Low Risk,203
八德里民活動中心,八德路70號,基隆市七堵區,室內,25.1129,121.7279,內湖,46,良好,15.64,Low Risk,14
石牌國中,臺北市北投區石牌路1段139號,臺北市北投區,室內,25.1149,121.5142,士林,43,良好,3.18,Low Risk,100
石牌國小,北投區致遠2路80號,臺北市北投區,室內,25.1157,121.5117,士林,43,良好,3.35,Low Risk,112
三玉國小,士林區天母東路116號,臺北市士林區,室內,25.118,121.5373,士林,43,良好,3.63,Low Risk,30
天母國中,士林區天母東路120號,臺北市士林區,室內,25.118,121.5381,士林,43,良好,3.66,Low Risk,99
南榮國小,南榮路321號,基隆市仁愛區,室內,25.1194,121.7439,內湖,46,良好,17.4,Low Risk,165
立農國小,北投區立農街1段250號,臺北市北投區,室內,25.1195,121.5053,士林,43,良好,4.01,Low Risk,30
天母國小,士林區天玉街12號,臺北市士林區,室內,25.1197,121.5274,士林,43,良好,3.57,Low Risk,100
陽明山國小,臺北市士林區新安里仰德大道3段 61 號,臺北市士林區,室內,25.1198,121.5529,士林,43,良好,4.61,Low Risk,50
溪山國小,臺北市士林區至善路三段199號,臺北市士林區,室內,25.1198,121.5796,內湖,46,良好,5.55,Low Risk,50
關渡國中,北投區知行路212號,臺北市北投區,室內,25.1199,121.4673,士林,43,良好,6.74,Low Risk,30
育仁里民活動中心,南榮路269巷28之1號,基隆市仁愛區,室內,25.1204,121.744,內湖,46,良好,17.44,Low Risk,25
東和市民活動中心,中山路20號,新北市瑞芳區,室內,25.1204,121.8879,內湖,46,良好,31.51,Low Risk,95
威遠廟,明里路7-1號,新北市瑞芳區,室內,25.120447,121.868114,內湖,46,良好,29.55,Low Risk,82
瑞濱國小,瑞濱路34號,新北市瑞芳區,室內,25.120495,121.820317,內湖,46,良好,24.84,Low Risk,877
鼻頭國小,瑞芳區鼻頭路99號,新北市瑞芳區,室內,25.1208,121.9194,內湖,46,良好,34.64,Low Risk,251
鶯歌里民活動中心,基隆市安樂區安樂路二段一六四號九樓,基隆市安樂區,室內,25.121,121.7232,內湖,46,良好,15.5,Low Risk,127
安樂區公所二樓禮堂,基隆市安樂區安樂路二段一六四號二樓,基隆市安樂區,室內,25.1211,121.7232,內湖,46,良好,15.5,Low Risk,76
瑞濱市民活動中心,瑞芳區建基路1段4之2號,新北市瑞芳區,室內,25.1212,121.8205,內湖,46,良好,24.88,Low Risk,115
壯觀里民活動中心,基隆市安樂區樂利二街62巷282號地下層,基隆市安樂區,室內,25.1213,121.7155,內湖,46,良好,14.79,Low Risk,30
普宜苑,溪山里至善路3段181巷5弄7號,臺北市士林區,室內,25.1214,121.5773,內湖,46,良好,5.73,Low Risk,0
瑪東里民活動中心,大同街29-3號,基隆市七堵區,室內,25.1219,121.6984,內湖,46,良好,13.25,Low Risk,56
濂洞國小,瑞芳區凍頂路101巷80號,新北市瑞芳區,室內,25.1223,121.8598,內湖,46,良好,28.77,Low Risk,228
七賢里民活動中心,基隆市安樂區安和一街十號,基隆市安樂區,室內,25.1228,121.7231,內湖,46,良好,15.56,Low Risk,54
吉仁里民活動中心,南新街29之6號,基隆市仁愛區,室內,25.1233,121.7442,內湖,46,良好,17.57,Low Risk,40
孝岡里民活動中心,深澳坑路256-1號,基隆市信義區,室內,25.1236,121.7913,內湖,46,良好,22.1,Low Risk,43
新安里臨時聚會場所,新安路85號,臺北市士林區,室內,25.124093,121.553582,士林,43,良好,5.02,Low Risk,45
獅球書院聯合里民活動中心,獅球路50號,基隆市仁愛區,室內,25.1241,121.7367,內湖,46,良好,16.89,Low Risk,42
長樂國小餐廳旁空間,基隆市安樂區樂利三街34巷52號,基隆市安樂區,室內,25.1249,121.7136,內湖,46,良好,14.78,Low Risk,101
仁愛區公所,光一路28號6樓,基隆市仁愛區,室內,25.1252,121.7367,內湖,46,良好,16.93,Low Risk,67
光華里民活動中心,光一路28號5樓,基隆市仁愛區,室內,25.1252,121.7367,內湖,46,良好,16.93,Low Risk,70
兆連里民活動中心,獅球路25巷8號,基隆市仁愛區,室內,25.1253,121.7389,內湖,46,良好,17.15,Low Risk,49
林泉里民活動中心,復興街60巷2號,基隆市仁愛區,室內,25.1254,121.7525,內湖,46,良好,18.43,Low Risk,60
長坑市民活動中心,下罟子臨8-3號,新北市八里區,室內,25.1257,121.3883,板橋,44,良好,14.21,Low Risk,100
長坑國小,長坑里25號,新北市八里區,室內,25.1257,121.3905,士林,43,良好,14.09,Low Risk,224
竹圍國小自強分校,自強路33號,新北市淡水區,室內,25.1257,121.464,士林,43,良好,7.37,Low Risk,207
四維里民活動中心,基隆市安樂區安和一街一二八之一號,基隆市安樂區,室內,25.1258,121.7239,內湖,46,良好,15.77,Low Risk,60
福仁里民活動中心,南榮路117巷31弄1號,基隆市仁愛區,室內,25.1258,121.7438,內湖,46,良好,17.63,Low Risk,34
長樂國小活動中心,基隆市安樂區樂利三街30巷123號,基隆市安樂區,室內,25.1261,121.7116,內湖,46,良好,14.65,Low Risk,212
三民里民活動中心,基隆市安樂區麥金路439巷2號,基隆市安樂區,室內,25.1261,121.719,內湖,46,良好,15.33,Low Risk,89
和明里民活動中心,仁二路137巷2弄1之3號,基隆市仁愛區,室內,25.1261,121.7459,內湖,46,良好,17.84,Low Risk,74
禮儀里民活動中心,東明路77巷68號,基隆市信義區,室內,25.1262,121.7617,內湖,46,良好,19.34,Low Risk,15
關渡國小,北投區中央北路4段581號,臺北市北投區,室內,25.1268,121.4668,士林,43,良好,7.22,Low Risk,110
清江國小,北投區公?路220號,臺北市北投區,室內,25.1269,121.5076,士林,43,良好,4.66,Low Risk,30
孝深里民活動中心,深澳坑路75號,基隆市信義區,室內,25.1269,121.7854,內湖,46,良好,21.63,Low Risk,52
禮東里民活動中心,東明路67巷7號,基隆市信義區,室內,25.127,121.7624,內湖,46,良好,19.43,Low Risk,24
東明里民活動中心,東信路35巷47號1樓,基隆市信義區,室內,25.127,121.767,內湖,46,良好,19.87,Low Risk,27
文安里民活動中心,仁五路20號2樓,基隆市仁愛區,室內,25.1271,121.7411,內湖,46,良好,17.42,Low Risk,20
玉田里民活動中心,愛四路2巷22之1號,基隆市仁愛區,室內,25.1271,121.7438,內湖,46,良好,17.68,Low Risk,30
智仁里民活動中心,延平街7號,基隆市仁愛區,室內,25.1272,121.7486,內湖,46,良好,18.13,Low Risk,74
花崗里活動中心,劉銘傳路11巷24弄3號,基隆市仁愛區,室內,25.1272,121.7518,內湖,46,良好,18.44,Low Risk,26
新忠勇里民活動中心,仁三路3巷2弄1-1號,基隆市仁愛區,室內,25.1274,121.7445,內湖,46,良好,17.76,Low Risk,30
忠勇里民活動中心,愛五路6巷32號,基隆市仁愛區,室內,25.1274,121.745,內湖,46,良好,17.8,Low Risk,30
智慧里民活動中心,仁一路7巷61號,基隆市信義區,室內,25.1275,121.7544,內湖,46,良好,18.69,Low Risk,54
明德里民活動中心,自來街13巷5之2號,基隆市仁愛區,室內,25.1276,121.739,內湖,46,良好,17.25,Low Risk,29
仁愛國小,仁二路139號,基隆市仁愛區,室內,25.128,121.746,內湖,46,良好,17.92,Low Risk,171
博愛里民活動中心,愛一路8號3樓之7,基隆市仁愛區,室內,25.1282,121.7408,內湖,46,良好,17.44,Low Risk,53
虹橋水錦聯合里民活動中心,仁二路53號,基隆市仁愛區,室內,25.1282,121.7498,內湖,46,良好,18.29,Low Risk,62
朝棟里民活動中心,成功一路133巷5號,基隆市仁愛區,室內,25.1283,121.7362,內湖,46,良好,17.02,Low Risk,85
瑞平國小,後坑路34之1號,新北市林口區,室內,25.1284,121.3493,桃園,47,良好,16.19,Low Risk,219
義民里民活動中心,信一路6號4樓,基隆市信義區,室內,25.1285,121.7553,內湖,46,良好,18.82,Low Risk,71
瑪西里民活動中心,大華三路75之1號,基隆市七堵區,室內,25.1286,121.6774,內湖,46,良好,11.78,Low Risk,73
東安里民活動中心,東信路10-2號,基隆市信義區,室內,25.1286,121.7681,內湖,46,良好,20.03,Low Risk,78
新店里民活動中心,孝一路100之1號2樓旁通道,基隆市仁愛區,室內,25.1287,121.7406,內湖,46,良好,17.44,Low Risk,34
義和里民活動中心,信一路6號3樓,基隆市信義區,室內,25.1287,121.7575,內湖,46,良好,19.03,Low Risk,71
同風里民活動中心,孝二路39號七樓12室（忠孝大樓）,基隆市仁愛區,室內,25.1289,121.7394,內湖,46,良好,17.34,Low Risk,13
平等國小,士林區平等里平菁街101號,臺北市士林區,室內,25.1291,121.5763,內湖,46,良好,6.59,Low Risk,20
市立體育館,信二路40-1號,基隆市信義區,室內,25.1293,121.7569,內湖,46,良好,19.0,Low Risk,817
義昭里民活動中心,信二路157號,基隆市信義區,室內,25.1294,121.7526,內湖,46,良好,18.6,Low Risk,118
新建里民活動中心,成功二路2之1號,基隆市中山區,室內,25.1295,121.7373,內湖,46,良好,17.17,Low Risk,20
基隆市信義區公所,信二路179號,基隆市信義區,室內,25.1295,121.7513,內湖,46,良好,18.48,Low Risk,117
深澳里市民活動中心,深澳路67 之1號,新北市瑞芳區,室內,25.129623,121.817974,內湖,46,良好,24.87,Low Risk,113
仁德里民活動中心,孝一路82之1號2樓旁通道,基隆市仁愛區,室內,25.1297,121.7412,內湖,46,良好,17.54,Low Risk,36
東信里民活動中心,東信路258巷54號,基隆市信義區,室內,25.1298,121.7627,內湖,46,良好,19.57,Low Risk,36
安樂國小活動中心,基隆市安樂區安一路177巷23號,基隆市安樂區,室內,25.1302,121.7302,內湖,46,良好,16.54,Low Risk,274
孝德里民活動中心,東峰街154號,基隆市信義區,室內,25.1305,121.7767,內湖,46,良好,20.92,Low Risk,57
文昌里民活動中心,孝四路10之1號（陸橋下）,基隆市仁愛區,室內,25.1307,121.7385,內湖,46,良好,17.33,Low Risk,36
仁義里民活動中心,信二路246巷32號,基隆市信義區,室內,25.1307,121.7508,內湖,46,良好,18.48,Low Risk,37
安民里民活動中心,安一路94號,基隆市中山區,室內,25.1309,121.7361,內湖,46,良好,17.12,Low Risk,50
格致國中,士林區仰德大道4段75號,臺北市士林區,室內,25.1311,121.5468,士林,43,良好,5.34,Low Risk,47
西華里民活動中心,西定路102號,基隆市中山區,室內,25.1317,121.7354,內湖,46,良好,17.09,Low Risk,20
安和及慈仁里民活動中心,基隆市安樂區安一路一七七巷廿三之1號,基隆市安樂區,室內,25.1318,121.7319,內湖,46,良好,16.77,Low Risk,140
安平里民活動中心,中山一路91號,基隆市中山區,室內,25.1319,121.7377,內湖,46,良好,17.31,Low Risk,25
龍米市民活動中心,龍源里龍米路1段223號,新北市八里區,室內,25.132,121.4511,士林,43,良好,8.84,Low Risk,125
東信國小,正信路26號,基隆市信義區,室內,25.1321,121.7605,內湖,46,良好,19.45,Low Risk,160
干城里民活動中心,基隆市安樂區安一路278巷31之1號,基隆市安樂區,室內,25.1324,121.7296,內湖,46,良好,16.59,Low Risk,200
北投區區民活動中心,臺北市新市街30號6樓,臺北市北投區,室內,25.1325,121.5024,士林,43,良好,5.44,Low Risk,90
西榮里民活動中心,西定路80巷48號,基隆市中山區,室內,25.1332,121.7363,內湖,46,良好,17.24,Low Risk,50
安樂高中活動中心,基隆市安樂區安一路360號,基隆市安樂區,室內,25.1336,121.7333,內湖,46,良好,16.98,Low Risk,175
北投國小,臺北市北投區中央北路1段173號,臺北市北投區,室內,25.1342,121.5003,士林,43,良好,5.69,Low Risk,195
北投國中,北投區溫泉路62號,臺北市北投區,室內,25.1345,121.5042,士林,43,良好,5.57,Low Risk,30
中山里民活動中心,中山一路219號二樓,基隆市中山區,室內,25.1345,121.7394,內湖,46,良好,17.58,Low Risk,40
民治里民活動中心,中山一路219號一樓,基隆市中山區,室內,25.1345,121.7395,內湖,46,良好,17.59,Low Risk,40
東光里民活動中心,崇法街133號地下室,基隆市信義區,室內,25.1345,121.7683,內湖,46,良好,20.28,Low Risk,107
桃源國中,北投區中央北路4段48號,臺北市北投區,室內,25.1347,121.4773,士林,43,良好,7.03,Low Risk,55
港通及正義里民活動中心,義一路87號7樓之1,基隆市中正區,室內,25.1347,121.7467,內湖,46,良好,18.27,Low Risk,26
私立聖心女中,龍米路一段263號,新北市八里區,室內,25.1348,121.4496,士林,43,良好,9.14,Low Risk,902
信義里民活動中心,信六路21號2樓,基隆市中正區,室內,25.135,121.7477,內湖,46,良好,18.37,Low Risk,61
太平市民活動中心,汕頭32號,新北市林口區,室內,25.135255,121.366375,板橋,44,良好,16.33,Low Risk,82
新豐里民活動中心,新豐街482號3樓,基隆市中正區,室內,25.1356,121.7852,內湖,46,良好,21.92,Low Risk,23
中正國小活動中心,中船路36巷4號,基隆市中正區,室內,25.1357,121.7511,內湖,46,良好,18.72,Low Risk,270
興寮里民活動中心,基隆市安樂區基金一路41號,基隆市安樂區,室內,25.136,121.7203,內湖,46,良好,15.92,Low Risk,74
西川里民活動中心,基隆市安樂區新西街一號,基隆市安樂區,室內,25.1365,121.7322,內湖,46,良好,17.02,Low Risk,70
文化國小,北投區文化3路1號,臺北市北投區,室內,25.1371,121.4967,士林,43,良好,6.14,Low Risk,30
西定里民活動中心,西定路230號三樓,基隆市中山區,室內,25.1371,121.7323,內湖,46,良好,17.06,Low Risk,100
中興里民活動中心,中山二路11號,基隆市中山區,室內,25.1371,121.7407,內湖,46,良好,17.82,Low Risk,40
三砂灣聯合里民活動中心,中船路11號2樓,基隆市中正區,室內,25.1374,121.7503,內湖,46,良好,18.72,Low Risk,40
外寮里民活動中心,基隆市安樂區基金一路129巷6-1號,基隆市安樂區,室內,25.1375,121.7111,內湖,46,良好,15.19,Low Risk,70
民生活動中心,民生路27號,新北市淡水區,室內,25.138,121.4613,士林,43,良好,8.43,Low Risk,72
復興崗營區,中央北路二段70號,臺北市北投區,室內,25.1381,121.4929,士林,43,良好,6.42,Low Risk,200
復興崗營區,台北市北投區中央北路二段70號,基隆市中正區,室內,25.138105,121.492879,士林,43,良好,6.42,Low Risk,361
逸仙國小,臺北市北投區新民路2號,臺北市北投區,室內,25.1383,121.5052,士林,43,良好,5.94,Low Risk,164
新民國中,臺北市北投區新民路10號,臺北市北投區,室內,25.1389,121.5065,士林,43,良好,5.96,Low Risk,207
臺北市北投運動中心,石牌路一段39巷100號,臺北市北投區,室內,25.1389,121.5065,士林,43,良好,5.96,Low Risk,384
復興公園,臺北市北投區中和街200號,臺北市北投區,室外,25.139,121.5024,士林,43,良好,6.1,Low Risk,3623
砂子里民活動中心,調和街3號3樓,基隆市中正區,室內,25.1391,121.7965,內湖,46,良好,23.12,Low Risk,72
桃源國小,北投區中央北路3段40巷45號,臺北市北投區,室內,25.1396,121.4845,士林,43,良好,7.01,Low Risk,30
八里國中,荖阡坑路15號,新北市八里區,室內,25.1399,121.4013,士林,43,良好,13.65,Low Risk,2360
新西里民活動中心,基隆市安樂區新西街106-1號,基隆市安樂區,室內,25.14,121.7271,內湖,46,良好,16.74,Low Risk,74
八斗高中活動中心,新豐街100號,基隆市中正區,室內,25.1401,121.7885,內湖,46,良好,22.4,Low Risk,84
中山高中分部活動中心,中山二路105巷144號,基隆市中山區,室內,25.1405,121.735,內湖,46,良好,17.47,Low Risk,200
仁正里民活動中心,中山二路109巷13號,基隆市中山區,室內,25.1407,121.7387,內湖,46,良好,17.81,Low Risk,50
中砂里民活動中心,豐稔街50號,基隆市中正區,室內,25.1408,121.7608,內湖,46,良好,19.84,Low Risk,22
碧砂里民活動中心,環港街84號2樓,基隆市中正區,室內,25.141,121.7926,內湖,46,良好,22.82,Low Risk,60
西康里民活動中心,復興路24號,基隆市中山區,室內,25.1416,121.727,內湖,46,良好,16.81,Low Risk,30
中和里民活動中心,中平街95號,基隆市中山區,室內,25.1418,121.7225,內湖,46,良好,16.43,Low Risk,70
義方國小,北投區珠海路155號,臺北市北投區,室內,25.142,121.5093,士林,43,良好,6.22,Low Risk,120
正砂里民活動中心,中正路211號,基隆市中正區,室內,25.142,121.7604,內湖,46,良好,19.86,Low Risk,60
砂灣里民活動中心,祥豐街66號3樓,基隆市中正區,室內,25.142,121.7639,內湖,46,良好,20.18,Low Risk,58
健民里民活動中心,健民街5號,基隆市中山區,室內,25.1423,121.7376,內湖,46,良好,17.79,Low Risk,50
和平里民活動中心,中山三路103巷82之2號,基隆市中山區,室內,25.1427,121.7444,內湖,46,良好,18.43,Low Risk,20
中崙里民活動中心,基隆市安樂區基金二路三巷三號,基隆市安樂區,室內,25.143,121.7023,內湖,46,良好,14.76,Low Risk,131
八斗里民活動中心,八斗街57號,基隆市中正區,室內,25.1432,121.7967,內湖,46,良好,23.29,Low Risk,41
復興高中,北投區復興四路70號,臺北市北投區,室內,25.1437,121.5018,士林,43,良好,6.62,Low Risk,300
居仁里民活動中心,通仁街162號,基隆市中山區,室內,25.1438,121.7341,內湖,46,良好,17.56,Low Risk,55
八斗子環保公園,北寧路369巷,基隆市中正區,室外,25.144127,121.803422,內湖,46,良好,23.96,Low Risk,500
通化里民活動中心,復旦路10號,基隆市中山區,室內,25.1455,121.7393,內湖,46,良好,18.11,Low Risk,90
中山國小,通仁街28號,基隆市中山區,室內,25.14597,121.735939,內湖,46,良好,17.83,Low Risk,86
竹圍高中,竹林路35號,新北市淡水區,室內,25.146,121.4617,士林,43,良好,9.02,Low Risk,612
建國里民活動中心,祥豐街467號2樓,基隆市中正區,室內,25.146,121.7696,內湖,46,良好,20.88,Low Risk,54
中和國小,中和路64號,基隆市中山區,室內,25.1462,121.7204,內湖,46,良好,16.49,Low Risk,50
德和里民活動中心,復興路206號,基隆市中山區,室內,25.1464,121.7268,內湖,46,良好,17.05,Low Risk,50
米倉國小,龍米路2段129巷1號,新北市八里區,室內,25.1468,121.4454,士林,43,良好,10.29,Low Risk,688
仙洞國小,仁安街141號,基隆市中山區,室內,25.147188,121.747111,內湖,46,良好,18.89,Low Risk,76
竹圍國小,中正東路2段145號,新北市淡水區,室內,25.1475,121.4602,士林,43,良好,9.25,Low Risk,580
仙洞里民活動中心,太白街2之3號,基隆市中山區,室內,25.1477,121.7464,內湖,46,良好,18.86,Low Risk,60
通明里休閒活動中心,中華路42號,基隆市中山區,室內,25.1479,121.7382,內湖,46,良好,18.14,Low Risk,60
基隆海事活動中心,祥豐街246號,基隆市中正區,室內,25.148,121.7715,內湖,46,良好,21.15,Low Risk,148
通明里民活動中心,中華路46巷2號,基隆市中山區,室內,25.1483,121.7382,內湖,46,良好,18.16,Low Risk,60
中濱里民活動中心,武昌街70巷23號,基隆市中正區,室內,25.1485,121.7642,內湖,46,良好,20.5,Low Risk,40
文化活動中心,中山路2段251號1樓,新北市八里區,室內,25.1487,121.4029,士林,43,良好,13.95,Low Risk,50
泉源國小,臺北市北投區東昇路34號,臺北市北投區,室內,25.1492,121.5243,士林,43,良好,6.84,Low Risk,30
八里國小,中山路二段338號,新北市八里區,室內,25.1495,121.403,士林,43,良好,13.99,Low Risk,1243
中正里民活動中心,中正路656巷146號,基隆市中正區,室內,25.1495,121.7672,內湖,46,良好,20.82,Low Risk,60
德安里民活動中心,復興路259巷1之1號,基隆市中山區,室內,25.1499,121.7264,內湖,46,良好,17.22,Low Risk,45
湖山國小,臺北市北投區湖底路11號,臺北市北投區,室內,25.15,121.5355,士林,43,良好,7.02,Low Risk,20
國立臺灣海洋大學,北寧路2號,基隆市中正區,室內,25.150069,121.776731,內湖,46,良好,21.72,Low Risk,629
大慶活動中心,中和路168巷10弄37號,基隆市中山區,室內,25.151,121.7153,內湖,46,良好,16.34,Low Risk,120
中正區公所,中正路674號7樓,基隆市中正區,室內,25.1515,121.7678,內湖,46,良好,20.97,Low Risk,25
太白里民活動中心,光華路7號2樓,基隆市中山區,室內,25.1518,121.743,內湖,46,良好,18.77,Low Risk,40
基隆市中山區公所,文化路168號五樓,基隆市中山區,室內,25.1526,121.7295,內湖,46,良好,17.64,Low Risk,50
文化里民活動中心,文化路161巷44之5號,基隆市中山區,室內,25.1535,121.7317,內湖,46,良好,17.88,Low Risk,60
中山高中活動中心,文化路162號,基隆市中山區,室內,25.1542,121.7307,內湖,46,良好,17.84,Low Risk,160
和平島聯合里民活動中心,和一路155巷14號,基隆市中正區,室內,25.1546,121.7643,內湖,46,良好,20.81,Low Risk,55
大屯國小,北投區復興三路312號,臺北市北投區,室內,25.1547,121.5043,士林,43,良好,7.71,Low Risk,20
平寮里民活動中心,和一路186號,基隆市中正區,室內,25.1551,121.7638,內湖,46,良好,20.79,Low Risk,21
和平國小活動中心,和一路84巷26號,基隆市中正區,室內,25.15565,121.766067,內湖,46,良好,21.02,Low Risk,100
內寮里民活動中心,基隆市安樂區武聖街九號,基隆市安樂區,室內,25.1569,121.6965,內湖,46,良好,15.2,Low Risk,127
協和里民活動中心,協和路150號,基隆市中山區,室內,25.1573,121.7345,內湖,46,良好,18.34,Low Risk,50
坪頂國小,小坪頂18號,新北市淡水區,室內,25.1583,121.4839,士林,43,良好,8.83,Low Risk,395
大崁老人活動中心,中山路1段21號,新北市八里區,室內,25.1589,121.4221,士林,43,良好,12.96,Low Risk,100
渡船頭市民活動中心,渡船頭街11巷8號,新北市八里區,室內,25.1589,121.4344,士林,43,良好,12.0,Low Risk,50
大埤頂市民活動中心,中山路1段95號,新北市八里區,室內,25.1591,121.4152,士林,43,良好,13.53,Low Risk,70
崁腳國小,崁腳里崁腳路59號,新北市萬里區,室內,25.1599,121.6486,內湖,46,良好,12.16,Low Risk,251
大崁國小,忠八街2號,新北市八里區,室內,25.1603,121.4194,士林,43,良好,13.27,Low Risk,1193
崁腳活動中心,崁腳里崁腳路55-1號,新北市萬里區,室內,25.1605,121.6497,內湖,46,良好,12.28,Low Risk,30
竿蓁活動中心,中正東路一段3巷6號,新北市淡水區,室內,25.163513,121.451437,士林,43,良好,11.15,Low Risk,193
興音寺,興福寮1-6號,新北市淡水區,室內,25.163997,121.48835,士林,43,良好,9.21,Low Risk,150
大坪國小,萬里區雙興里大坪路19號,新北市萬里區,室內,25.1642,121.6364,內湖,46,良好,11.92,Low Risk,240
真聖宮,興福寮6之1號,新北市淡水區,室內,25.165487,121.492159,士林,43,良好,9.22,Low Risk,50
湖田國小,北投區竹子湖路17-2號,臺北市北投區,室內,25.1684,121.5387,士林,43,良好,9.09,Low Risk,20
樹興里活動中心,樹林口14-2號,新北市淡水區,室內,25.168467,121.476943,士林,43,良好,10.15,Low Risk,30
長青醫院,糞箕湖1-5號,新北市淡水區,室內,25.171075,121.482713,士林,43,良好,10.16,Low Risk,100
長庚活動中心,中山路72巷1弄10號,新北市淡水區,室內,25.1711,121.4432,士林,43,良好,12.34,Low Risk,74
鄧公國小,學府路99號,新北市淡水區,室內,25.1713,121.4493,士林,43,良好,11.96,Low Risk,1066
中興活動中心,水源街一段29號,新北市淡水區,室內,25.1723,121.4432,士林,43,良好,12.44,Low Risk,57
淡水國小,中山路160號,新北市淡水區,室內,25.1734,121.4414,士林,43,良好,12.65,Low Risk,665
文化國小,真理街6號,新北市淡水區,室內,25.174,121.4374,士林,43,良好,12.96,Low Risk,436
淡水國中,真理街10號,新北市淡水區,室內,25.1747,121.4367,士林,43,良好,13.07,Low Risk,1608
萬里國小,萬里里瑪鋉路18號,新北市萬里區,室內,25.176187,121.689132,內湖,46,良好,16.14,Low Risk,897
萬里國中,獅頭路24號,新北市萬里區,室內,25.177791,121.694414,內湖,46,良好,16.63,Low Risk,475
萬里區行政大樓,萬里里瑪鋉路123號6樓,新北市萬里區,室內,25.1778,121.6854,內湖,46,良好,16.02,Low Risk,214
中華商業海事職業學校,瑪鋉路15號,新北市萬里區,室內,25.177827,121.685353,內湖,46,良好,16.02,Low Risk,125
獅頭路瑪鋉公園,中萬里加投瑪鋉港口小段269-20地號,新北市萬里區,室外,25.177832,121.691926,內湖,46,良好,16.46,Low Risk,225
水碓活動中心,中山北路158號,新北市淡水區,室內,25.178,121.4442,士林,43,良好,12.86,Low Risk,102
萬里區行政大樓,萬里里瑪鋉路123號6樓,新北市萬里區,室內,25.178167,121.689623,內湖,46,良好,16.33,Low Risk,214
新興活動中心,大義街18號,新北市淡水區,室內,25.178396,121.443054,士林,43,良好,12.97,Low Risk,446
正德國中,北新路109號,新北市淡水區,室內,25.179,121.4476,士林,43,良好,12.74,Low Risk,2005
新興國小,新興街123號,新北市淡水區,室內,25.1797,121.44,士林,43,良好,13.27,Low Risk,663
天生國小,淡海路72巷26號,新北市淡水區,室內,25.1816,121.4243,士林,43,良好,14.48,Low Risk,798
淡海活動中心,淡海路111號,新北市淡水區,室內,25.181789,121.422969,士林,43,良好,14.59,Low Risk,148
鎮北宮,玉田路4-2號,新北市萬里區,室內,25.183902,121.680262,內湖,46,良好,16.2,Low Risk,175
水源國小,北新路二段15號,新北市淡水區,室內,25.1858,121.4765,士林,43,良好,11.91,Low Risk,614
水源里活動中心,北新路二段15號2樓,新北市淡水區,室內,25.185817,121.476527,士林,43,良好,11.91,Low Risk,85
新市國小,中山北路二段200號,新北市淡水區,室內,25.186023,121.44451,士林,43,良好,13.55,Low Risk,1490
淡水商工,商工路307號,新北市淡水區,室內,25.1868,121.454,士林,43,良好,13.08,Low Risk,1264
基督教芥菜種營地,玉田路25號,新北市萬里區,室內,25.191878,121.678967,內湖,46,良好,16.83,Low Risk,200
育英國小,埤島里14號,新北市淡水區,室內,25.197,121.4449,士林,43,良好,14.53,Low Risk,261
仁愛之家,龜吼里玉田路61號,新北市萬里區,室內,25.1978,121.6841,內湖,46,良好,17.67,Low Risk,269
忠山國小,行忠路899號,新北市淡水區,室內,25.2011,121.48,士林,43,良好,13.36,Low Risk,213
磺潭社區親水公園,員潭路,新北市萬里區,室外,25.202226,121.646291,內湖,46,良好,16.16,Low Risk,225
野柳活動中心,野柳里港東路1-5號,新北市萬里區,室內,25.2029,121.6861,內湖,46,良好,18.24,Low Risk,216
新北市三芝區興華國民小學,田心子5號,新北市三芝區,室內,25.203711,121.501531,士林,43,良好,13.1,Low Risk,408
野柳國小,港東路167號,新北市萬里區,室內,25.205606,121.689442,內湖,46,良好,18.68,Low Risk,658
大鵬國小,萬里加投14號,新北市萬里區,室內,25.208821,121.650866,內湖,46,良好,17.01,Low Risk,1306
頂寮活動中心,頂社路18號之6,新北市萬里區,室內,25.210529,121.655728,內湖,46,良好,17.4,Low Risk,69
公館崙公園,月眉路,新北市金山區,室外,25.213216,121.631809,內湖,46,良好,16.77,Low Risk,500
興仁國小,興仁路101巷10號,新北市淡水區,室內,25.2175,121.4511,士林,43,良好,16.19,Low Risk,450
金山朝天宮,六股林口38-3號,新北市金山區,室內,25.218034,121.602476,士林,43,良好,16.51,Low Risk,75
三和國小,金山區重和里六股林口38號,新北市金山區,室內,25.2189,121.6029,士林,43,良好,16.61,Low Risk,156
金山區運動休閒廣場,金山區五湖里南勢53號,新北市金山區,室外,25.221,121.6283,內湖,46,良好,17.49,Low Risk,702
新北市三芝區圓山里活動中心,木屐寮32號,新北市三芝區,室內,25.221698,121.5295,士林,43,良好,14.91,Low Risk,24
金美國小,金山區美田里忠孝一路111號,新北市金山區,室內,25.2217,121.6327,內湖,46,良好,17.69,Low Risk,892
中山堂〈1樓禮堂〉,金山區大同里溫泉路2巷10號,新北市金山區,室內,25.2217,121.6408,內湖,46,良好,17.95,Low Risk,501
金山國小,金山區大同里金包里街180號,新北市金山區,室內,25.2237,121.6367,內湖,46,良好,18.03,Low Risk,503
中泰國小,中和里北勢子5號,新北市淡水區,室內,25.2241,121.4847,士林,43,良好,15.67,Low Risk,915
金山高中,金山區美田里文化路2號,新北市金山區,室內,25.2246,121.6372,內湖,46,良好,18.14,Low Risk,520
金山青年活動中心,金山區磺港里青年路1號,新北市金山區,室內,25.2259,121.6411,內湖,46,良好,18.4,Low Risk,23369
六三社區活動中心,三界壇路101-1號,新北市金山區,室內,25.230093,121.620711,內湖,46,良好,18.28,Low Risk,45
金山區獅頭山公園,溫泉路,新北市金山區,室外,25.231103,121.649304,內湖,46,良好,19.23,Low Risk,500
聖德宮,三界壇路72號,新北市金山區,室內,25.231106,121.619908,內湖,46,良好,18.37,Low Risk,187
新北市三芝區八賢里活動中心,八連溪41號,新北市三芝區,室內,25.237065,121.513105,士林,43,良好,16.64,Low Risk,45
屯山國小,淡金路五段111號,新北市淡水區,室內,25.2373,121.4564,士林,43,良好,17.97,Low Risk,251
中角國小,金山區萬壽里海興路49號,新北市金山區,室內,25.2398,121.6306,內湖,46,良好,19.57,Low Risk,249
萬壽活動中心,海興路69號之1,新北市金山區,室內,25.2405,121.631354,內湖,46,良好,19.66,Low Risk,73
妙濟寺,4鄰內阿里磅1號,新北市石門區,室內,25.254077,121.592343,士林,43,良好,19.74,Low Risk,62
新北市三芝區公有市場,新北區三芝區民生街31號,新北市三芝區,室內,25.2564,121.5036,士林,43,良好,18.87,Low Risk,90
三芝區公所,新北區三芝區中山路一段32號,新北市三芝區,室內,25.2578,121.5011,士林,43,良好,19.05,Low Risk,60
新北市三芝區三芝國民小學,新北區三芝區育英街22號,新北市三芝區,室內,25.2579,121.5016,士林,43,良好,19.06,Low Risk,956
三芝農會,新北區三芝區中山路一段6號,新北市三芝區,室內,25.2585,121.5011,士林,43,良好,19.13,Low Risk,63
新北市三芝區橫山國民小學,大坑86號,新北市三芝區,室內,25.258894,121.529765,士林,43,良好,19.04,Low Risk,319
新北市立三芝國民中學,新北區三芝區淡金路一段38號,新北市三芝區,室內,25.26,121.5028,士林,43,良好,19.28,Low Risk,1182
乾華國小禮堂,石門區茂林社區74號,新北市石門區,室內,25.2693,121.5923,士林,43,良好,21.33,Low Risk,671
茂林里活動中心,茂林社區1-1號,新北市石門區,室內,25.27188,121.591831,士林,43,良好,21.59,Low Risk,110
草里里活動中心,草里里阿里荖33號之1,新北市石門區,室內,25.28074,121.606719,士林,43,良好,23.02,Low Risk,78
北海岸風景管理處德茂里活動中心,德茂里下員坑 33-6號,新北市石門區,室內,25.283263,121.519157,士林,43,良好,21.75,Low Risk,25
老梅國小教室,石門區老梅老梅路10號,新北市石門區,室內,25.2889,121.545,士林,43,良好,22.47,Low Risk,426
富基里活動中心,富基里楓林37-6號,新北市石門區,室內,25.289023,121.540628,士林,43,良好,22.45,Low Risk,69
老梅里活動中心,老梅里老梅路43號3樓,新北市石門區,室內,25.289433,121.545195,士林,43,良好,22.53,Low Risk,54
山溪里活動中心,山溪里老崩山6-5號,新北市石門區,室內,25.290889,121.55172,士林,43,良好,22.77,Low Risk,275
石門里活動中心,石門街一號,新北市石門區,室內,25.291194,121.565885,士林,43,良好,23.02,Low Risk,52
石門區體育館,石門區石門里中央路1-9號,新北市石門區,室內,25.2912,121.5645,士林,43,良好,22.99,Low Risk,325
石門區公所,石門區尖鹿里中山路66號,新北市石門區,室內,25.2912,121.5679,士林,43,良好,23.06,Low Risk,312
石門國民中學,石門區尖鹿里中央路1--9號,新北市石門區,室內,25.2913,121.5646,士林,43,良好,23.0,Low Risk,435
石門國小,中央路9號,新北市石門區,室內,25.291855,121.56704,士林,43,良好,23.11,Low Risk,695
尖鹿里活動中心,尖鹿里中央路9之3號1樓,新北市石門區,室內,25.292022,121.566842,士林,43,良好,23.12,Low Risk,25
