<?xml version="1.0" encoding="UTF-8"?>
<kml xmlns="http://www.opengis.net/kml/2.2">
<Document>
<name>20240802新生崩塌地 - ARDSWC event landslide inventory</name>
<Placemark>
<name>SWCB_3558_1</name>
<ExtendedData>
<Data name="events"><value>凱米颱風</value></Data>
<Data name="area_ha"><value>0.120002440613</value></Data>
<Data name="source"><value>民國113年農村水保署災後衛星影像判釋</value></Data>
</ExtendedData>
<Polygon><outerBoundaryIs><LinearRing>
<coordinates>121.43123031,24.20547562,0 121.43123031,24.20574472,0 121.43162191,24.20583768,0 121.43162191,24.20565665,0 121.43142879,24.20547562,0 121.43123031,24.20547562,0</coordinates>
</LinearRing></outerBoundaryIs></Polygon>
</Placemark>
<Placemark>
<name>SWCB_4904_1</name>
<ExtendedData>
<Data name="events"><value>康芮颱風</value></Data>
<Data name="area_ha"><value>0.311320623855</value></Data>
<Data name="source"><value>民國113年農村水保署災後衛星影像判釋</value></Data>
</ExtendedData>
<Polygon><outerBoundaryIs><LinearRing>
<coordinates>121.44046783,24.18843781,0 121.44066095,24.18811484,0 121.44071460,24.18749826,0 121.44032836,24.18804633,0 121.44016743,24.18804633,0 121.44017816,24.18855525,0 121.44046783,24.18843781,0</coordinates>
</LinearRing></outerBoundaryIs></Polygon>
</Placemark>
<Placemark>
<name>SWCB_4905_1</name>
<ExtendedData>
<Data name="events"><value>康芮颱風</value></Data>
<Data name="area_ha"><value>0.44570089561</value></Data>
<Data name="source"><value>民國113年農村水保署災後衛星影像判釋</value></Data>
</ExtendedData>
<Polygon><outerBoundaryIs><LinearRing>
<coordinates>121.44174457,24.19012114,0 121.44198060,24.19012114,0 121.44193769,24.19040495,0 121.44212008,24.19037559,0 121.44239902,24.18987647,0 121.44237757,24.18947521,0 121.44205570,24.18954372,0 121.44193769,24.18988625,0 121.44151926,24.18960244,0 121.44174457,24.19012114,0</coordinates>
</LinearRing></outerBoundaryIs></Polygon>
</Placemark>
<Placemark>
<name>SWCB_4906_1</name>
<ExtendedData>
<Data name="events"><value>康芮颱風</value></Data>
<Data name="area_ha"><value>0.126058912641</value></Data>
<Data name="source"><value>民國113年農村水保署災後衛星影像判釋</value></Data>
</ExtendedData>
<Polygon><outerBoundaryIs><LinearRing>
<coordinates>121.44187331,24.19085514,0 121.44174457,24.19065941,0 121.44161582,24.19081599,0 121.44187331,24.19159893,0 121.44187331,24.19085514,0</coordinates>
</LinearRing></outerBoundaryIs></Polygon>
</Placemark>
<Placemark>
<name>SWCB_5507_1</name>
<ExtendedData>
<Data name="events"><value>康芮颱風</value></Data>
<Data name="area_ha"><value>0.11500251095</value></Data>
<Data name="source"><value>民國113年農村水保署災後衛星影像判釋</value></Data>
</ExtendedData>
<Polygon><outerBoundaryIs><LinearRing>
<coordinates>121.43136978,24.20438941,0 121.43156826,24.20438941,0 121.43167019,24.20393927,0 121.43137515,24.20393927,0 121.43136978,24.20420838,0 121.43136978,24.20438941,0</coordinates>
</LinearRing></outerBoundaryIs></Polygon>
</Placemark>
<Placemark>
<name>SWCB_5559_1</name>
<ExtendedData>
<Data name="events"><value>康芮颱風</value></Data>
<Data name="area_ha"><value>0.105003156587</value></Data>
<Data name="source"><value>民國113年農村水保署災後衛星影像判釋</value></Data>
</ExtendedData>
<Polygon><outerBoundaryIs><LinearRing>
<coordinates>121.43999040,24.19996133,0 121.44018352,24.19996622,0 121.44018888,24.19960414,0 121.43989384,24.19959925,0 121.43989384,24.19978029,0 121.43999040,24.19996133,0</coordinates>
</LinearRing></outerBoundaryIs></Polygon>
</Placemark>
<Placemark>
<name>SWCB_5172_1</name>
<ExtendedData>
<Data name="events"><value>康芮颱風</value></Data>
<Data name="area_ha"><value>0.305006433004</value></Data>
<Data name="source"><value>民國113年農村水保署災後衛星影像判釋</value></Data>
</ExtendedData>
<Polygon><outerBoundaryIs><LinearRing>
<coordinates>121.43126249,24.21314727,0 121.43146098,24.21315216,0 121.43146634,24.21279012,0 121.43097281,24.21251124,0 121.43107474,24.21224216,0 121.43077970,24.21224216,0 121.43077970,24.21251124,0 121.43097281,24.21260420,0 121.43097281,24.21287329,0 121.43116593,24.21296625,0 121.43126249,24.21314727,0</coordinates>
</LinearRing></outerBoundaryIs></Polygon>
</Placemark>
<Placemark>
<name>SWCB_5480_1</name>
<ExtendedData>
<Data name="events"><value>康芮颱風</value></Data>
<Data name="area_ha"><value>0.110001445706</value></Data>
<Data name="source"><value>民國113年農村水保署災後衛星影像判釋</value></Data>
</ExtendedData>
<Polygon><outerBoundaryIs><LinearRing>
<coordinates>121.42391324,24.21054444,0 121.42391860,24.21009432,0 121.42371476,24.21027045,0 121.42361820,24.21017749,0 121.42352164,24.21027045,0 121.42361820,24.21045148,0 121.42381132,24.21045148,0 121.42391324,24.21054444,0</coordinates>
</LinearRing></outerBoundaryIs></Polygon>
</Placemark>
<Placemark>
<name>SWCB_5501_1</name>
<ExtendedData>
<Data name="events"><value>康芮颱風</value></Data>
<Data name="area_ha"><value>0.120001915723</value></Data>
<Data name="source"><value>民國113年農村水保署災後衛星影像判釋</value></Data>
</ExtendedData>
<Polygon><outerBoundaryIs><LinearRing>
<coordinates>121.42783463,24.21961498,0 121.42803311,24.21961498,0 121.42833352,24.21934590,0 121.42773807,24.21943396,0 121.42783463,24.21961498,0</coordinates>
</LinearRing></outerBoundaryIs></Polygon>
</Placemark>
<Placemark>
<name>SWCB_3557_1</name>
<ExtendedData>
<Data name="events"><value>凱米颱風</value></Data>
<Data name="area_ha"><value>0.219999783846</value></Data>
<Data name="source"><value>民國113年農村水保署災後衛星影像判釋</value></Data>
</ExtendedData>
<Polygon><outerBoundaryIs><LinearRing>
<coordinates>121.41014278,24.20696791,0 121.41023934,24.20732997,0 121.41043782,24.20733486,0 121.41063631,24.20715383,0 121.41053975,24.20679177,0 121.41034663,24.20679177,0 121.41014278,24.20696791,0</coordinates>
</LinearRing></outerBoundaryIs></Polygon>
</Placemark>
<Placemark>
<name>SWCB_5111_1</name>
<ExtendedData>
<Data name="events"><value>康芮颱風</value></Data>
<Data name="area_ha"><value>0.484994942613</value></Data>
<Data name="source"><value>民國113年農村水保署災後衛星影像判釋</value></Data>
</ExtendedData>
<Polygon><outerBoundaryIs><LinearRing>
<coordinates>121.40114129,24.18881460,0 121.40133977,24.18881949,0 121.40144169,24.18872652,0 121.40134513,24.18863844,0 121.40154362,24.18845738,0 121.40183866,24.18846227,0 121.40174210,24.18810016,0 121.40125394,24.18800229,0 121.40115201,24.18818335,0 121.40095353,24.18818335,0 121.40105009,24.18863354,0 121.40114129,24.18881460,0</coordinates>
</LinearRing></outerBoundaryIs></Polygon>
</Placemark>
<Placemark>
<name>SWCB_4870_1</name>
<ExtendedData>
<Data name="events"><value>康芮颱風</value></Data>
<Data name="area_ha"><value>0.126599055605</value></Data>
<Data name="source"><value>民國113年農村水保署災後衛星影像判釋</value></Data>
</ExtendedData>
<Polygon><outerBoundaryIs><LinearRing>
<coordinates>121.40146852,24.12551227,0 121.40186548,24.12567873,0 121.40202641,24.12556123,0 121.40166163,24.12525769,0 121.40146852,24.12551227,0</coordinates>
</LinearRing></outerBoundaryIs></Polygon>
</Placemark>
<Placemark>
<name>SWCB_4872_1</name>
<ExtendedData>
<Data name="events"><value>康芮颱風</value></Data>
<Data name="area_ha"><value>0.479876254869</value></Data>
<Data name="source"><value>民國113年農村水保署災後衛星影像判釋</value></Data>
</ExtendedData>
<Polygon><outerBoundaryIs><LinearRing>
<coordinates>121.40695095,24.12134094,0 121.40632868,24.12146824,0 121.40581369,24.12188929,0 121.40595317,24.12201659,0 121.40648961,24.12205576,0 121.40694022,24.12234952,0 121.40696168,24.12212430,0 121.40632868,24.12190888,0 121.40631795,24.12170325,0 121.40645742,24.12155637,0 121.40700459,24.12151720,0 121.40725136,24.12162491,0 121.40710115,24.12114510,0 121.40695095,24.12134094,0</coordinates>
</LinearRing></outerBoundaryIs></Polygon>
</Placemark>
<Placemark>
<name>SWCB_4864_1</name>
<ExtendedData>
<Data name="events"><value>康芮颱風</value></Data>
<Data name="area_ha"><value>1.14629056312</value></Data>
<Data name="source"><value>民國113年農村水保署災後衛星影像判釋</value></Data>
</ExtendedData>
<Polygon><outerBoundaryIs><LinearRing>
<coordinates>121.42108083,24.15499167,0 121.42205715,24.15398336,0 121.42243266,24.15311209,0 121.42267942,24.15339598,0 121.42310858,24.15348409,0 121.42237902,24.15283798,0 121.42186403,24.15302398,0 121.42177820,24.15319040,0 121.42141342,24.15332746,0 121.42142415,24.15357220,0 121.42208934,24.15327851,0 121.42192841,24.15370925,0 121.42148852,24.15382672,0 121.42137051,24.15440431,0 121.42094135,24.15476652,0 121.42108083,24.15499167,0</coordinates>
</LinearRing></outerBoundaryIs></Polygon>
</Placemark>
<Placemark>
<name>SWCB_4865_1</name>
<ExtendedData>
<Data name="events"><value>康芮颱風</value></Data>
<Data name="area_ha"><value>4.26838750088</value></Data>
<Data name="source"><value>民國113年農村水保署災後衛星影像判釋</value></Data>
</ExtendedData>
<Polygon><outerBoundaryIs><LinearRing>
<coordinates>121.42765760,24.15218207,0 121.42845154,24.15243660,0 121.42914891,24.15236808,0 121.42928839,24.15186880,0 121.42954588,24.15162406,0 121.42974973,24.15162406,0 121.42968535,24.15146743,0 121.42996430,24.15103668,0 121.42955661,24.15097794,0 121.42933130,24.15054719,0 121.42902017,24.15028287,0 121.42885923,24.15056677,0 121.42832279,24.15060593,0 121.42827988,24.15024371,0 121.42868757,24.15005770,0 121.42851591,24.14984232,0 121.42807603,24.15024371,0 121.42807603,24.15062551,0 121.42702460,24.15181986,0 121.42765760,24.15218207,0</coordinates>
</LinearRing></outerBoundaryIs></Polygon>
</Placemark>
<Placemark>
<name>SWCB_4866_1</name>
<ExtendedData>
<Data name="events"><value>康芮颱風</value></Data>
<Data name="area_ha"><value>0.325970679271</value></Data>
<Data name="source"><value>民國113年農村水保署災後衛星影像判釋</value></Data>
</ExtendedData>
<Polygon><outerBoundaryIs><LinearRing>
<coordinates>121.42686903,24.15275966,0 121.42712116,24.15321488,0 121.42721236,24.15300440,0 121.42699778,24.15286735,0 121.42705142,24.15276456,0 121.42738402,24.15284287,0 121.42738402,24.15315125,0 121.42763615,24.15300930,0 121.42752349,24.15279393,0 121.42687976,24.15248066,0 121.42683148,24.15266666,0 121.42617702,24.15227997,0 121.42612338,24.15236808,0 121.42686903,24.15275966,0</coordinates>
</LinearRing></outerBoundaryIs></Polygon>
</Placemark>
<Placemark>
<name>SWCB_5275_1</name>
<ExtendedData>
<Data name="events"><value>康芮颱風</value></Data>
<Data name="area_ha"><value>0.185001733801</value></Data>
<Data name="source"><value>民國113年農村水保署災後衛星影像判釋</value></Data>
</ExtendedData>
<Polygon><outerBoundaryIs><LinearRing>
<coordinates>121.42172992,24.16383613,0 121.42212152,24.16384102,0 121.42232001,24.16366482,0 121.42212689,24.16357183,0 121.42203033,24.16320964,0 121.42183185,24.16329774,0 121.42183185,24.16347883,0 121.42202497,24.16356693,0 121.42172992,24.16365503,0 121.42172992,24.16383613,0</coordinates>
</LinearRing></outerBoundaryIs></Polygon>
</Placemark>
<Placemark>
<name>SWCB_1612_1</name>
<ExtendedData>
<Data name="events"><value>0403花蓮地震</value></Data>
<Data name="area_ha"><value>0.870628729109</value></Data>
<Data name="source"><value>民國113年農村水保署災後衛星影像判釋</value></Data>
</ExtendedData>
<Polygon><outerBoundaryIs><LinearRing>
<coordinates>121.43020570,24.18289342,0 121.43239975,24.18274172,0 121.43227637,24.18252150,0 121.43209398,24.18246278,0 121.42941177,24.18286406,0 121.42935812,24.18305491,0 121.42975509,24.18318215,0 121.43020570,24.18289342,0</coordinates>
</LinearRing></outerBoundaryIs></Polygon>
</Placemark>
<Placemark>
<name>SWCB_3550_1</name>
<ExtendedData>
<Data name="events"><value>凱米颱風</value></Data>
<Data name="area_ha"><value>0.130002973333</value></Data>
<Data name="source"><value>民國113年農村水保署災後衛星影像判釋</value></Data>
</ExtendedData>
<Polygon><outerBoundaryIs><LinearRing>
<coordinates>121.43386960,24.17479907,0 121.43396616,24.17507313,0 121.43426120,24.17507313,0 121.43417001,24.17471098,0 121.43386960,24.17479907,0</coordinates>
</LinearRing></outerBoundaryIs></Polygon>
</Placemark>
<Placemark>
<name>SWCB_3559_1</name>
<ExtendedData>
<Data name="events"><value>凱米颱風</value></Data>
<Data name="area_ha"><value>0.190003554737</value></Data>
<Data name="source"><value>民國113年農村水保署災後衛星影像判釋</value></Data>
</ExtendedData>
<Polygon><outerBoundaryIs><LinearRing>
<coordinates>121.42877340,24.18106808,0 121.42867148,24.18133723,0 121.42916501,24.18134212,0 121.42926693,24.18098488,0 121.42877340,24.18106808,0</coordinates>
</LinearRing></outerBoundaryIs></Polygon>
</Placemark>
<Placemark>
<name>SWCB_3561_1</name>
<ExtendedData>
<Data name="events"><value>凱米颱風</value></Data>
<Data name="area_ha"><value>0.270004530361</value></Data>
<Data name="source"><value>民國113年農村水保署災後衛星影像判釋</value></Data>
</ExtendedData>
<Polygon><outerBoundaryIs><LinearRing>
<coordinates>121.42741084,24.17202416,0 121.42740548,24.17229333,0 121.42759860,24.17247931,0 121.42799556,24.17239122,0 121.42800093,24.17212204,0 121.42780244,24.17193607,0 121.42741084,24.17202416,0</coordinates>
</LinearRing></outerBoundaryIs></Polygon>
</Placemark>
<Placemark>
<name>SWCB_4925_1</name>
<ExtendedData>
<Data name="events"><value>康芮颱風</value></Data>
<Data name="area_ha"><value>0.386199818504</value></Data>
<Data name="source"><value>民國113年農村水保署災後衛星影像判釋</value></Data>
</ExtendedData>
<Polygon><outerBoundaryIs><LinearRing>
<coordinates>121.42656326,24.17272401,0 121.42641306,24.17321341,0 121.42667055,24.17323299,0 121.42671347,24.17290020,0 121.42727137,24.17225418,0 121.42712116,24.17194096,0 121.42656326,24.17272401,0</coordinates>
</LinearRing></outerBoundaryIs></Polygon>
</Placemark>
<Placemark>
<name>SWCB_4926_1</name>
<ExtendedData>
<Data name="events"><value>康芮颱風</value></Data>
<Data name="area_ha"><value>0.205152540749</value></Data>
<Data name="source"><value>民國113年農村水保署災後衛星影像判釋</value></Data>
</ExtendedData>
<Polygon><outerBoundaryIs><LinearRing>
<coordinates>121.42774343,24.17321341,0 121.42797947,24.17301765,0 121.42789364,24.17256740,0 121.42737865,24.17317426,0 121.42774343,24.17321341,0</coordinates>
</LinearRing></outerBoundaryIs></Polygon>
</Placemark>
<Placemark>
<name>SWCB_4927_1</name>
<ExtendedData>
<Data name="events"><value>康芮颱風</value></Data>
<Data name="area_ha"><value>0.176949496568</value></Data>
<Data name="source"><value>民國113年農村水保署災後衛星影像判釋</value></Data>
</ExtendedData>
<Polygon><outerBoundaryIs><LinearRing>
<coordinates>121.42464280,24.17928675,0 121.42446041,24.17900291,0 121.42447114,24.17984464,0 121.42466426,24.18012848,0 121.42464280,24.17928675,0</coordinates>
</LinearRing></outerBoundaryIs></Polygon>
</Placemark>
<Placemark>
<name>SWCB_5517_1</name>
<ExtendedData>
<Data name="events"><value>康芮颱風</value></Data>
<Data name="area_ha"><value>0.115001065302</value></Data>
<Data name="source"><value>民國113年農村水保署災後衛星影像判釋</value></Data>
</ExtendedData>
<Polygon><outerBoundaryIs><LinearRing>
<coordinates>121.42104328,24.17936016,0 121.42134368,24.17936505,0 121.42144561,24.17909589,0 121.42104864,24.17909100,0 121.42104864,24.17917909,0 121.42104328,24.17936016,0</coordinates>
</LinearRing></outerBoundaryIs></Polygon>
</Placemark>
<Placemark>
<name>SWCB_3562_1</name>
<ExtendedData>
<Data name="events"><value>凱米颱風</value></Data>
<Data name="area_ha"><value>0.100330155436</value></Data>
<Data name="source"><value>民國113年農村水保署災後衛星影像判釋</value></Data>
</ExtendedData>
<Polygon><outerBoundaryIs><LinearRing>
<coordinates>121.41380131,24.14269065,0 121.41377985,24.14251442,0 121.41347945,24.14253400,0 121.41357601,24.14280814,0 121.41380131,24.14269065,0</coordinates>
</LinearRing></outerBoundaryIs></Polygon>
</Placemark>
<Placemark>
<name>SWCB_4869_1</name>
<ExtendedData>
<Data name="events"><value>康芮颱風</value></Data>
<Data name="area_ha"><value>0.19689484482</value></Data>
<Data name="source"><value>民國113年農村水保署災後衛星影像判釋</value></Data>
</ExtendedData>
<Polygon><outerBoundaryIs><LinearRing>
<coordinates>121.40012741,24.12958555,0 121.40023470,24.12948764,0 121.40006304,24.12935056,0 121.40006304,24.12888057,0 121.40000000,24.12888633,0 121.40000000,24.12949419,0 121.40012741,24.12958555,0</coordinates>
</LinearRing></outerBoundaryIs></Polygon>
</Placemark>
<Placemark>
<name>SWCB_4871_1</name>
<ExtendedData>
<Data name="events"><value>康芮颱風</value></Data>
<Data name="area_ha"><value>0.398764186965</value></Data>
<Data name="source"><value>民國113年農村水保署災後衛星影像判釋</value></Data>
</ExtendedData>
<Polygon><outerBoundaryIs><LinearRing>
<coordinates>121.40267015,24.12759789,0 121.40270233,24.12815600,0 121.40316367,24.12816580,0 121.40337825,24.12778393,0 121.40288472,24.12777413,0 121.40255213,24.12707893,0 121.40246630,24.12759789,0 121.40267015,24.12759789,0</coordinates>
</LinearRing></outerBoundaryIs></Polygon>
</Placemark>
<Placemark>
<name>SWCB_5166_1</name>
<ExtendedData>
<Data name="events"><value>康芮颱風</value></Data>
<Data name="area_ha"><value>0.335002498045</value></Data>
<Data name="source"><value>民國113年農村水保署災後衛星影像判釋</value></Data>
</ExtendedData>
<Polygon><outerBoundaryIs><LinearRing>
<coordinates>121.41885996,24.14123188,0 121.41934812,24.14123677,0 121.41955197,24.14078641,0 121.41916037,24.14069340,0 121.41906381,24.14051227,0 121.41885996,24.14105075,0 121.41885996,24.14123188,0</coordinates>
</LinearRing></outerBoundaryIs></Polygon>
</Placemark>
<Placemark>
<name>SWCB_5239_1</name>
<ExtendedData>
<Data name="events"><value>康芮颱風</value></Data>
<Data name="area_ha"><value>0.225001433122</value></Data>
<Data name="source"><value>民國113年農村水保署災後衛星影像判釋</value></Data>
</ExtendedData>
<Polygon><outerBoundaryIs><LinearRing>
<coordinates>121.41752422,24.14546130,0 121.41772270,24.14546619,0 121.41783535,24.14456060,0 121.41754031,24.14456060,0 121.41752958,24.14528018,0 121.41752422,24.14546130,0</coordinates>
</LinearRing></outerBoundaryIs></Polygon>
</Placemark>
<Placemark>
<name>SWCB_5317_1</name>
<ExtendedData>
<Data name="events"><value>康芮颱風</value></Data>
<Data name="area_ha"><value>0.190001002086</value></Data>
<Data name="source"><value>民國113年農村水保署災後衛星影像判釋</value></Data>
</ExtendedData>
<Polygon><outerBoundaryIs><LinearRing>
<coordinates>121.41741693,24.14636689,0 121.41771197,24.14627878,0 121.41781926,24.14573542,0 121.41752422,24.14582353,0 121.41741693,24.14618577,0 121.41741693,24.14636689,0</coordinates>
</LinearRing></outerBoundaryIs></Polygon>
</Placemark>
<Placemark>
<name>SWCB_1678_1</name>
<ExtendedData>
<Data name="events"><value>0403花蓮地震</value></Data>
<Data name="area_ha"><value>0.161199215322</value></Data>
<Data name="source"><value>民國113年農村水保署災後衛星影像判釋</value></Data>
</ExtendedData>
<Polygon><outerBoundaryIs><LinearRing>
<coordinates>121.41865075,24.21140553,0 121.41861320,24.21170887,0 121.41901016,24.21148870,0 121.41896188,24.21115601,0 121.41887605,24.21121961,0 121.41865075,24.21140553,0</coordinates>
</LinearRing></outerBoundaryIs></Polygon>
</Placemark>
<Placemark>
<name>SWCB_3556_1</name>
<ExtendedData>
<Data name="events"><value>凱米颱風</value></Data>
<Data name="area_ha"><value>0.410000807619</value></Data>
<Data name="source"><value>民國113年農村水保署災後衛星影像判釋</value></Data>
</ExtendedData>
<Polygon><outerBoundaryIs><LinearRing>
<coordinates>121.41244411,24.21195839,0 121.41244411,24.21232044,0 121.41254067,24.21232533,0 121.41263723,24.21259442,0 121.41312540,24.21269227,0 121.41322732,24.21233022,0 121.41283572,24.21223726,0 121.41273916,24.21196328,0 121.41244411,24.21195839,0</coordinates>
</LinearRing></outerBoundaryIs></Polygon>
</Placemark>
<Placemark>
<name>SWCB_5065_1</name>
<ExtendedData>
<Data name="events"><value>康芮颱風</value></Data>
<Data name="area_ha"><value>0.765002303936</value></Data>
<Data name="source"><value>民國113年農村水保署災後衛星影像判釋</value></Data>
</ExtendedData>
<Polygon><outerBoundaryIs><LinearRing>
<coordinates>121.41356528,24.21097988,0 121.41426265,24.21035363,0 121.41465962,24.21026556,0 121.41545355,24.20955124,0 121.41515851,24.20955124,0 121.41486347,24.20981544,0 121.41417146,24.20999157,0 121.41396761,24.21044169,0 121.41287863,24.21088203,0 121.41327560,24.21088203,0 121.41356528,24.21097988,0</coordinates>
</LinearRing></outerBoundaryIs></Polygon>
</Placemark>
<Placemark>
<name>SWCB_5238_1</name>
<ExtendedData>
<Data name="events"><value>康芮颱風</value></Data>
<Data name="area_ha"><value>0.220001293715</value></Data>
<Data name="source"><value>民國113年農村水保署災後衛星影像判釋</value></Data>
</ExtendedData>
<Polygon><outerBoundaryIs><LinearRing>
<coordinates>121.41514778,24.21045148,0 121.41564131,24.21054933,0 121.41603291,24.21082332,0 121.41593635,24.21054933,0 121.41564131,24.21045637,0 121.41555011,24.21009432,0 121.41534626,24.21027535,0 121.41514778,24.21045148,0</coordinates>
</LinearRing></outerBoundaryIs></Polygon>
</Placemark>
<Placemark>
<name>SWCB_5384_1</name>
<ExtendedData>
<Data name="events"><value>康芮颱風</value></Data>
<Data name="area_ha"><value>0.155000176977</value></Data>
<Data name="source"><value>民國113年農村水保署災後衛星影像判釋</value></Data>
</ExtendedData>
<Polygon><outerBoundaryIs><LinearRing>
<coordinates>121.41099572,24.21194371,0 121.41109228,24.21212474,0 121.41148925,24.21186054,0 121.41149461,24.21158656,0 121.41129613,24.21158656,0 121.41119421,24.21176758,0 121.41099572,24.21194371,0</coordinates>
</LinearRing></outerBoundaryIs></Polygon>
</Placemark>
<Placemark>
<name>SWCB_5387_1</name>
<ExtendedData>
<Data name="events"><value>康芮颱風</value></Data>
<Data name="area_ha"><value>0.124999432743</value></Data>
<Data name="source"><value>民國113年農村水保署災後衛星影像判釋</value></Data>
</ExtendedData>
<Polygon><outerBoundaryIs><LinearRing>
<coordinates>121.40584052,24.21468839,0 121.40633404,24.21460522,0 121.40663981,24.21397410,0 121.40603900,24.21460033,0 121.40584052,24.21468839,0</coordinates>
</LinearRing></outerBoundaryIs></Polygon>
</Placemark>
<Placemark>
<name>SWCB_5566_1</name>
<ExtendedData>
<Data name="events"><value>康芮颱風</value></Data>
<Data name="area_ha"><value>0.100000549362</value></Data>
<Data name="source"><value>民國113年農村水保署災後衛星影像判釋</value></Data>
</ExtendedData>
<Polygon><outerBoundaryIs><LinearRing>
<coordinates>121.41660690,24.21191436,0 121.41690731,24.21182629,0 121.41670883,24.21164037,0 121.41631722,24.21164037,0 121.41631722,24.21172844,0 121.41651034,24.21173333,0 121.41660690,24.21191436,0</coordinates>
</LinearRing></outerBoundaryIs></Polygon>
</Placemark>
<Placemark>
<name>SWCB_1641_1</name>
<ExtendedData>
<Data name="events"><value>0403花蓮地震</value></Data>
<Data name="area_ha"><value>0.139608318736</value></Data>
<Data name="source"><value>民國113年農村水保署災後衛星影像判釋</value></Data>
</ExtendedData>
<Polygon><outerBoundaryIs><LinearRing>
<coordinates>121.41010523,24.15933322,0 121.41016424,24.15850114,0 121.40994430,24.15858924,0 121.41001403,24.15945558,0 121.41010523,24.15933322,0</coordinates>
</LinearRing></outerBoundaryIs></Polygon>
</Placemark>
<Placemark>
<name>SWCB_4862_1</name>
<ExtendedData>
<Data name="events"><value>康芮颱風</value></Data>
<Data name="area_ha"><value>1.61316661579</value></Data>
<Data name="source"><value>民國113年農村水保署災後衛星影像判釋</value></Data>
</ExtendedData>
<Polygon><outerBoundaryIs><LinearRing>
<coordinates>121.41401052,24.15075767,0 121.41420364,24.15099262,0 121.41594172,24.15095347,0 121.41489029,24.15058145,0 121.41652107,24.15046398,0 121.41289473,24.15028776,0 121.41265869,24.15071851,0 121.41401052,24.15075767,0</coordinates>
</LinearRing></outerBoundaryIs></Polygon>
</Placemark>
<Placemark>
<name>SWCB_4863_1</name>
<ExtendedData>
<Data name="events"><value>康芮颱風</value></Data>
<Data name="area_ha"><value>0.564377013831</value></Data>
<Data name="source"><value>民國113年農村水保署災後衛星影像判釋</value></Data>
</ExtendedData>
<Polygon><outerBoundaryIs><LinearRing>
<coordinates>121.41682148,24.14925004,0 121.41645670,24.14872138,0 121.41559839,24.14928920,0 121.41725063,24.14940668,0 121.41682148,24.14925004,0</coordinates>
</LinearRing></outerBoundaryIs></Polygon>
</Placemark>
<Placemark>
<name>SWCB_5179_1</name>
<ExtendedData>
<Data name="events"><value>康芮颱風</value></Data>
<Data name="area_ha"><value>0.304996700052</value></Data>
<Data name="source"><value>民國113年農村水保署災後衛星影像判釋</value></Data>
</ExtendedData>
<Polygon><outerBoundaryIs><LinearRing>
<coordinates>121.40285790,24.15389036,0 121.40285790,24.15370925,0 121.40315831,24.15362114,0 121.40286863,24.15298482,0 121.40267015,24.15298482,0 121.40267015,24.15316593,0 121.40237510,24.15324914,0 121.40276670,24.15352814,0 121.40276134,24.15370925,0 121.40285790,24.15389036,0</coordinates>
</LinearRing></outerBoundaryIs></Polygon>
</Placemark>
<Placemark>
<name>SWCB_5194_1</name>
<ExtendedData>
<Data name="events"><value>康芮颱風</value></Data>
<Data name="area_ha"><value>0.270001979146</value></Data>
<Data name="source"><value>民國113年農村水保署災後衛星影像判釋</value></Data>
</ExtendedData>
<Polygon><outerBoundaryIs><LinearRing>
<coordinates>121.41768515,24.14844237,0 121.41788363,24.14844727,0 121.41770124,24.14727247,0 121.41750276,24.14726757,0 121.41749740,24.14771791,0 121.41769052,24.14826126,0 121.41768515,24.14844237,0</coordinates>
</LinearRing></outerBoundaryIs></Polygon>
</Placemark>
<Placemark>
<name>SWCB_5442_1</name>
<ExtendedData>
<Data name="events"><value>康芮颱風</value></Data>
<Data name="area_ha"><value>0.145001098136</value></Data>
<Data name="source"><value>民國113年農村水保署災後衛星影像判釋</value></Data>
</ExtendedData>
<Polygon><outerBoundaryIs><LinearRing>
<coordinates>121.41945004,24.15722365,0 121.41974509,24.15722365,0 121.41975045,24.15686144,0 121.41925693,24.15694955,0 121.41935349,24.15703765,0 121.41945004,24.15722365,0</coordinates>
</LinearRing></outerBoundaryIs></Polygon>
</Placemark>
<Placemark>
<name>SWCB_3560_1</name>
<ExtendedData>
<Data name="events"><value>凱米颱風</value></Data>
<Data name="area_ha"><value>0.439998676</value></Data>
<Data name="source"><value>民國113年農村水保署災後衛星影像判釋</value></Data>
</ExtendedData>
<Polygon><outerBoundaryIs><LinearRing>
<coordinates>121.40831351,24.17218567,0 121.40811503,24.17245484,0 121.40781462,24.17254293,0 121.40781462,24.17272401,0 121.40761614,24.17281210,0 121.40761077,24.17308128,0 121.40780926,24.17308617,0 121.40800774,24.17281700,0 121.40850663,24.17264081,0 121.40850663,24.17245973,0 121.40860319,24.17245973,0 121.40851200,24.17219056,0 121.40831351,24.17218567,0</coordinates>
</LinearRing></outerBoundaryIs></Polygon>
</Placemark>
<Placemark>
<name>SWCB_3548_1</name>
<ExtendedData>
<Data name="events"><value>凱米颱風</value></Data>
<Data name="area_ha"><value>0.0600017749808</value></Data>
<Data name="source"><value>民國113年農村水保署災後衛星影像判釋</value></Data>
</ExtendedData>
<Polygon><outerBoundaryIs><LinearRing>
<coordinates>121.43999040,24.23825305,0 121.43998504,24.23843403,0 121.44028008,24.23843403,0 121.44028544,24.23825305,0 121.43999040,24.23825305,0</coordinates>
</LinearRing></outerBoundaryIs></Polygon>
</Placemark>
<Placemark>
<name>SWCB_1510_1</name>
<ExtendedData>
<Data name="events"><value>0403花蓮地震</value></Data>
<Data name="area_ha"><value>0.298387759421</value></Data>
<Data name="source"><value>民國113年農村水保署災後衛星影像判釋</value></Data>
</ExtendedData>
<Polygon><outerBoundaryIs><LinearRing>
<coordinates>121.45653427,24.24657326,0 121.45530045,24.24617707,0 121.45535409,24.24638739,0 121.45563841,24.24638250,0 121.45633578,24.24681293,0 121.45653427,24.24657326,0</coordinates>
</LinearRing></outerBoundaryIs></Polygon>
</Placemark>
<Placemark>
<name>SWCB_5082_1</name>
<ExtendedData>
<Data name="events"><value>康芮颱風</value></Data>
<Data name="area_ha"><value>0.665036526711</value></Data>
<Data name="source"><value>民國113年農村水保署災後衛星影像判釋</value></Data>
</ExtendedData>
<Polygon><outerBoundaryIs><LinearRing>
<coordinates>121.46548748,24.24076727,0 121.46539629,24.24031236,0 121.46480620,24.24040041,0 121.46460235,24.24075748,0 121.46460235,24.24093847,0 121.46479547,24.24111945,0 121.46518707,24.24121728,0 121.46538556,24.24139826,0 121.46548748,24.24076727,0</coordinates>
</LinearRing></outerBoundaryIs></Polygon>
</Placemark>
<Placemark>
<name>SWCB_5748_1</name>
<ExtendedData>
<Data name="events"><value>康芮颱風</value></Data>
<Data name="area_ha"><value>0.33001516795</value></Data>
<Data name="source"><value>民國113年農村水保署災後衛星影像判釋</value></Data>
</ExtendedData>
<Polygon><outerBoundaryIs><LinearRing>
<coordinates>121.45590663,24.23498058,0 121.45620704,24.23480448,0 121.45600855,24.23479958,0 121.45571887,24.23452565,0 121.45532191,24.23452565,0 121.45512879,24.23425172,0 121.45512342,24.23461370,0 121.45551503,24.23488763,0 121.45590663,24.23498058,0</coordinates>
</LinearRing></outerBoundaryIs></Polygon>
</Placemark>
<Placemark>
<name>SWCB_5815_1</name>
<ExtendedData>
<Data name="events"><value>康芮颱風</value></Data>
<Data name="area_ha"><value>0.130006341853</value></Data>
<Data name="source"><value>民國113年農村水保署災後衛星影像判釋</value></Data>
</ExtendedData>
<Polygon><outerBoundaryIs><LinearRing>
<coordinates>121.46185040,24.23206023,0 121.46185577,24.23187923,0 121.46126568,24.23169334,0 121.46126568,24.23187434,0 121.46145880,24.23205534,0 121.46175385,24.23197218,0 121.46185040,24.23206023,0</coordinates>
</LinearRing></outerBoundaryIs></Polygon>
</Placemark>
<Placemark>
<name>SWCB_5825_1</name>
<ExtendedData>
<Data name="events"><value>康芮颱風</value></Data>
<Data name="area_ha"><value>0.125006510748</value></Data>
<Data name="source"><value>民國113年農村水保署災後衛星影像判釋</value></Data>
</ExtendedData>
<Polygon><outerBoundaryIs><LinearRing>
<coordinates>121.46088481,24.23060737,0 121.46108329,24.23060737,0 121.46108866,24.23024537,0 121.46089017,24.23024537,0 121.46079361,24.23006437,0 121.46069169,24.23033342,0 121.46088481,24.23051442,0 121.46088481,24.23060737,0</coordinates>
</LinearRing></outerBoundaryIs></Polygon>
</Placemark>
<Placemark>
<name>SWCB_3429_1</name>
<ExtendedData>
<Data name="events"><value>凱米颱風</value></Data>
<Data name="area_ha"><value>0.0800042111834</value></Data>
<Data name="source"><value>民國113年農村水保署災後衛星影像判釋</value></Data>
</ExtendedData>
<Polygon><outerBoundaryIs><LinearRing>
<coordinates>121.46315932,24.21943396,0 121.46315396,24.21970304,0 121.46344900,24.21970793,0 121.46335781,24.21943396,0 121.46315932,24.21943396,0</coordinates>
</LinearRing></outerBoundaryIs></Polygon>
</Placemark>
<Placemark>
<name>SWCB_5319_1</name>
<ExtendedData>
<Data name="events"><value>康芮颱風</value></Data>
<Data name="area_ha"><value>0.140007528871</value></Data>
<Data name="source"><value>民國113年農村水保署災後衛星影像判釋</value></Data>
</ExtendedData>
<Polygon><outerBoundaryIs><LinearRing>
<coordinates>121.46425903,24.22007485,0 121.46425903,24.22025586,0 121.46465063,24.22052982,0 121.46494567,24.22053471,0 121.46494567,24.22035370,0 121.46475255,24.22026075,0 121.46445751,24.22034881,0 121.46436095,24.22016780,0 121.46445751,24.21998679,0 121.46425903,24.22007485,0</coordinates>
</LinearRing></outerBoundaryIs></Polygon>
</Placemark>
<Placemark>
<name>SWCB_1677_1</name>
<ExtendedData>
<Data name="events"><value>0403花蓮地震</value></Data>
<Data name="area_ha"><value>0.0940831900815</value></Data>
<Data name="source"><value>民國113年農村水保署災後衛星影像判釋</value></Data>
</ExtendedData>
<Polygon><outerBoundaryIs><LinearRing>
<coordinates>121.46486521,24.15635240,0 121.46430194,24.15640624,0 121.46398008,24.15659224,0 121.46476865,24.15645519,0 121.46486521,24.15635240,0</coordinates>
</LinearRing></outerBoundaryIs></Polygon>
</Placemark>
<Placemark>
<name>SWCB_1585_1</name>
<ExtendedData>
<Data name="events"><value>0403花蓮地震</value></Data>
<Data name="area_ha"><value>1.29838984989</value></Data>
<Data name="source"><value>民國113年農村水保署災後衛星影像判釋</value></Data>
</ExtendedData>
<Polygon><outerBoundaryIs><LinearRing>
<coordinates>121.46713436,24.17455926,0 121.46806240,24.17451522,0 121.46787465,24.17435861,0 121.46698415,24.17425094,0 121.46659255,24.17403071,0 121.46597564,24.17398177,0 121.46517098,24.17372729,0 121.46475255,24.17380070,0 121.46454334,24.17397198,0 121.46451116,24.17410902,0 121.46464527,24.17417264,0 121.46583617,24.17422647,0 121.46713436,24.17455926,0</coordinates>
</LinearRing></outerBoundaryIs></Polygon>
</Placemark>
<Placemark>
<name>SWCB_1626_1</name>
<ExtendedData>
<Data name="events"><value>0403花蓮地震</value></Data>
<Data name="area_ha"><value>0.57873887428</value></Data>
<Data name="source"><value>民國113年農村水保署災後衛星影像判釋</value></Data>
</ExtendedData>
<Polygon><outerBoundaryIs><LinearRing>
<coordinates>121.45341754,24.18044657,0 121.45454943,24.18090169,0 121.45456553,24.18081360,0 121.45440996,24.18049062,0 121.45344973,24.18028997,0 121.45221591,24.18026550,0 121.45214081,24.18030955,0 121.45230174,24.18038295,0 121.45221591,24.18047104,0 121.45341754,24.18044657,0</coordinates>
</LinearRing></outerBoundaryIs></Polygon>
</Placemark>
<Placemark>
<name>SWCB_3549_1</name>
<ExtendedData>
<Data name="events"><value>凱米颱風</value></Data>
<Data name="area_ha"><value>0.163772517336</value></Data>
<Data name="source"><value>民國113年農村水保署災後衛星影像判釋</value></Data>
</ExtendedData>
<Polygon><outerBoundaryIs><LinearRing>
<coordinates>121.44348264,24.17597361,0 121.44367039,24.17598829,0 121.44370794,24.17580232,0 121.44334853,24.17540592,0 121.44318223,24.17550869,0 121.44348264,24.17597361,0</coordinates>
</LinearRing></outerBoundaryIs></Polygon>
</Placemark>
<Placemark>
<name>SWCB_5152_1</name>
<ExtendedData>
<Data name="events"><value>康芮颱風</value></Data>
<Data name="area_ha"><value>0.320011983984</value></Data>
<Data name="source"><value>民國113年農村水保署災後衛星影像判釋</value></Data>
</ExtendedData>
<Polygon><outerBoundaryIs><LinearRing>
<coordinates>121.44891679,24.16989522,0 121.44911528,24.16980713,0 121.44912064,24.16944496,0 121.44942105,24.16908769,0 121.44942641,24.16863742,0 121.44922793,24.16845144,0 121.44932449,24.16881361,0 121.44912601,24.16890171,0 121.44892216,24.16935197,0 121.44892216,24.16971414,0 121.44891679,24.16989522,0</coordinates>
</LinearRing></outerBoundaryIs></Polygon>
</Placemark>
<Placemark>
<name>SWCB_4894_1</name>
<ExtendedData>
<Data name="events"><value>康芮颱風</value></Data>
<Data name="area_ha"><value>0.105084160606</value></Data>
<Data name="source"><value>民國113年農村水保署災後衛星影像判釋</value></Data>
</ExtendedData>
<Polygon><outerBoundaryIs><LinearRing>
<coordinates>121.45005941,24.19360517,0 121.45027399,24.19331158,0 121.44976974,24.19344859,0 121.45001650,24.19390855,0 121.45005941,24.19360517,0</coordinates>
</LinearRing></outerBoundaryIs></Polygon>
</Placemark>
<Placemark>
<name>SWCB_4895_1</name>
<ExtendedData>
<Data name="events"><value>康芮颱風</value></Data>
<Data name="area_ha"><value>0.1775741837</value></Data>
<Data name="source"><value>民國113年農村水保署災後衛星影像判釋</value></Data>
</ExtendedData>
<Polygon><outerBoundaryIs><LinearRing>
<coordinates>121.45383060,24.18963669,0 121.45379305,24.18894672,0 121.45353019,24.18889779,0 121.45344973,24.18902502,0 121.45373940,24.18967095,0 121.45383060,24.18963669,0</coordinates>
</LinearRing></outerBoundaryIs></Polygon>
</Placemark>
<Placemark>
<name>SWCB_4907_1</name>
<ExtendedData>
<Data name="events"><value>康芮颱風</value></Data>
<Data name="area_ha"><value>1.70482779076</value></Data>
<Data name="source"><value>民國113年農村水保署災後衛星影像判釋</value></Data>
</ExtendedData>
<Polygon><outerBoundaryIs><LinearRing>
<coordinates>121.44365430,24.19262652,0 121.44333243,24.19349752,0 121.44335389,24.19418257,0 121.44303203,24.19440766,0 121.44315004,24.19451531,0 121.44350410,24.19417279,0 121.44345045,24.19400642,0 121.44369721,24.19357581,0 121.44366503,24.19338008,0 121.44399762,24.19320392,0 121.44400835,24.19265588,0 121.44430876,24.19220570,0 121.44399762,24.19192189,0 121.44402981,24.19112917,0 121.44437313,24.19085514,0 121.44390106,24.19081599,0 121.44393325,24.19046367,0 121.44356847,24.19071813,0 121.44355774,24.19102151,0 121.44365430,24.19262652,0</coordinates>
</LinearRing></outerBoundaryIs></Polygon>
</Placemark>
<Placemark>
<name>SWCB_5571_1</name>
<ExtendedData>
<Data name="events"><value>康芮颱風</value></Data>
<Data name="area_ha"><value>0.10000506032</value></Data>
<Data name="source"><value>民國113年農村水保署災後衛星影像判釋</value></Data>
</ExtendedData>
<Polygon><outerBoundaryIs><LinearRing>
<coordinates>121.46317005,24.18773804,0 121.46336854,24.18773804,0 121.46347046,24.18738082,0 121.46327734,24.18737593,0 121.46317542,24.18755698,0 121.46317005,24.18773804,0</coordinates>
</LinearRing></outerBoundaryIs></Polygon>
</Placemark>
<Placemark>
<name>SWCB_1651_1</name>
<ExtendedData>
<Data name="events"><value>0403花蓮地震</value></Data>
<Data name="area_ha"><value>0.1243077169</value></Data>
<Data name="source"><value>民國113年農村水保署災後衛星影像判釋</value></Data>
</ExtendedData>
<Polygon><outerBoundaryIs><LinearRing>
<coordinates>121.48228884,24.20306345,0 121.48240685,24.20289709,0 121.48198843,24.20277477,0 121.48161829,24.20290199,0 121.48228884,24.20306345,0</coordinates>
</LinearRing></outerBoundaryIs></Polygon>
</Placemark>
<Placemark>
<name>SWCB_3461_1</name>
<ExtendedData>
<Data name="events"><value>凱米颱風</value></Data>
<Data name="area_ha"><value>0.100006160955</value></Data>
<Data name="source"><value>民國113年農村水保署災後衛星影像判釋</value></Data>
</ExtendedData>
<Polygon><outerBoundaryIs><LinearRing>
<coordinates>121.47082508,24.18754720,0 121.47092164,24.18790931,0 121.47111475,24.18790931,0 121.47102356,24.18754720,0 121.47082508,24.18754720,0</coordinates>
</LinearRing></outerBoundaryIs></Polygon>
</Placemark>
<Placemark>
<name>SWCB_5054_1</name>
<ExtendedData>
<Data name="events"><value>康芮颱風</value></Data>
<Data name="area_ha"><value>0.930070652162</value></Data>
<Data name="source"><value>民國113年農村水保署災後衛星影像判釋</value></Data>
</ExtendedData>
<Polygon><outerBoundaryIs><LinearRing>
<coordinates>121.48544848,24.20204573,0 121.48584008,24.20205062,0 121.48584545,24.20178151,0 121.48634434,24.20124329,0 121.48634434,24.20106225,0 121.48614585,24.20106225,0 121.48574889,24.20132647,0 121.48556113,24.20078335,0 121.48526609,24.20078335,0 121.48516953,24.20050934,0 121.48477793,24.20050445,0 121.48467064,24.20095460,0 121.48526073,24.20105246,0 121.48535728,24.20123350,0 121.48565233,24.20132647,0 121.48564696,24.20160047,0 121.48545384,24.20168855,0 121.48544848,24.20186469,0 121.48544848,24.20204573,0</coordinates>
</LinearRing></outerBoundaryIs></Polygon>
</Placemark>
<Placemark>
<name>SWCB_5281_1</name>
<ExtendedData>
<Data name="events"><value>康芮颱風</value></Data>
<Data name="area_ha"><value>0.220016239521</value></Data>
<Data name="source"><value>民國113年農村水保署災後衛星影像判釋</value></Data>
</ExtendedData>
<Polygon><outerBoundaryIs><LinearRing>
<coordinates>121.48445070,24.19490187,0 121.48464382,24.19490677,0 121.48484230,24.19472572,0 121.48484766,24.19445659,0 121.48445606,24.19436362,0 121.48435414,24.19472082,0 121.48445070,24.19490187,0</coordinates>
</LinearRing></outerBoundaryIs></Polygon>
</Placemark>
<Placemark>
<name>SWCB_5316_1</name>
<ExtendedData>
<Data name="events"><value>康芮颱風</value></Data>
<Data name="area_ha"><value>0.200014493216</value></Data>
<Data name="source"><value>民國113年農村水保署災後衛星影像判釋</value></Data>
</ExtendedData>
<Polygon><outerBoundaryIs><LinearRing>
<coordinates>121.48427904,24.19264609,0 121.48467064,24.19265099,0 121.48467600,24.19246993,0 121.48447752,24.19228399,0 121.48408592,24.19228399,0 121.48408592,24.19246015,0 121.48427904,24.19264609,0</coordinates>
</LinearRing></outerBoundaryIs></Polygon>
</Placemark>
<Placemark>
<name>SWCB_5320_1</name>
<ExtendedData>
<Data name="events"><value>康芮颱風</value></Data>
<Data name="area_ha"><value>0.185013893662</value></Data>
<Data name="source"><value>民國113年農村水保署災後衛星影像判釋</value></Data>
</ExtendedData>
<Polygon><outerBoundaryIs><LinearRing>
<coordinates>121.48494959,24.20231484,0 121.48505688,24.20195276,0 121.48446143,24.20203594,0 121.48446143,24.20221698,0 121.48455799,24.20221698,0 121.48494959,24.20231484,0</coordinates>
</LinearRing></outerBoundaryIs></Polygon>
</Placemark>
<Placemark>
<name>SWCB_5406_1</name>
<ExtendedData>
<Data name="events"><value>康芮颱風</value></Data>
<Data name="area_ha"><value>0.150011357736</value></Data>
<Data name="source"><value>民國113年農村水保署災後衛星影像判釋</value></Data>
</ExtendedData>
<Polygon><outerBoundaryIs><LinearRing>
<coordinates>121.48623168,24.19410917,0 121.48652673,24.19411407,0 121.48653209,24.19365900,0 121.48623705,24.19365900,0 121.48623168,24.19392812,0 121.48623168,24.19410917,0</coordinates>
</LinearRing></outerBoundaryIs></Polygon>
</Placemark>
<Placemark>
<name>SWCB_5469_1</name>
<ExtendedData>
<Data name="events"><value>康芮颱風</value></Data>
<Data name="area_ha"><value>0.13501039604</value></Data>
<Data name="source"><value>民國113年農村水保署災後衛星影像判釋</value></Data>
</ExtendedData>
<Polygon><outerBoundaryIs><LinearRing>
<coordinates>121.48636580,24.19916866,0 121.48637116,24.19889465,0 121.48587763,24.19888976,0 121.48587763,24.19907080,0 121.48636580,24.19916866,0</coordinates>
</LinearRing></outerBoundaryIs></Polygon>
</Placemark>
<Placemark>
<name>SWCB_5838_1</name>
<ExtendedData>
<Data name="events"><value>康芮颱風</value></Data>
<Data name="area_ha"><value>0.100007528029</value></Data>
<Data name="source"><value>民國113年農村水保署災後衛星影像判釋</value></Data>
</ExtendedData>
<Polygon><outerBoundaryIs><LinearRing>
<coordinates>121.48519099,24.19852278,0 121.48538947,24.19879679,0 121.48558259,24.19879679,0 121.48558795,24.19852767,0 121.48538947,24.19843471,0 121.48529291,24.19852278,0 121.48519099,24.19852278,0</coordinates>
</LinearRing></outerBoundaryIs></Polygon>
</Placemark>
<Placemark>
<name>SWCB_1402_1</name>
<ExtendedData>
<Data name="events"><value>0403花蓮地震</value></Data>
<Data name="area_ha"><value>1.4193515725</value></Data>
<Data name="source"><value>民國113年農村水保署災後衛星影像判釋</value></Data>
</ExtendedData>
<Polygon><outerBoundaryIs><LinearRing>
<coordinates>121.48523390,24.16869615,0 121.48547530,24.16935197,0 121.48577034,24.16954774,0 121.48586690,24.16984628,0 121.48619413,24.17002247,0 121.48615658,24.16979245,0 121.48549676,24.16900449,0 121.48538947,24.16830462,0 121.48558259,24.16801586,0 121.48512661,24.16778093,0 121.48491740,24.16732088,0 121.48555040,24.16677272,0 121.48630142,24.16675804,0 121.48619413,24.16658674,0 121.48528755,24.16665526,0 121.48464382,24.16714468,0 121.48457408,24.16759006,0 121.48489058,24.16770752,0 121.48474038,24.16796202,0 121.48498178,24.16799628,0 121.48515344,24.16835845,0 121.48475647,24.16850038,0 121.48481548,24.16861295,0 121.48523390,24.16869615,0</coordinates>
</LinearRing></outerBoundaryIs></Polygon>
</Placemark>
<Placemark>
<name>SWCB_1416_1</name>
<ExtendedData>
<Data name="events"><value>0403花蓮地震</value></Data>
<Data name="area_ha"><value>0.306095019667</value></Data>
<Data name="source"><value>民國113年農村水保署災後衛星影像判釋</value></Data>
</ExtendedData>
<Polygon><outerBoundaryIs><LinearRing>
<coordinates>121.46577179,24.16992948,0 121.46605074,24.16982671,0 121.46620631,24.16994417,0 121.46653891,24.16979734,0 121.46638870,24.16965052,0 121.46590054,24.16965541,0 121.46526754,24.16973372,0 121.46512270,24.16983160,0 121.46517098,24.16990012,0 121.46577179,24.16992948,0</coordinates>
</LinearRing></outerBoundaryIs></Polygon>
</Placemark>
<Placemark>
<name>SWCB_1452_1</name>
<ExtendedData>
<Data name="events"><value>0403花蓮地震</value></Data>
<Data name="area_ha"><value>0.736530488702</value></Data>
<Data name="source"><value>民國113年農村水保署災後衛星影像判釋</value></Data>
</ExtendedData>
<Polygon><outerBoundaryIs><LinearRing>
<coordinates>121.47202671,24.16918068,0 121.47256851,24.16933729,0 121.47293866,24.16919047,0 121.47385061,24.16930793,0 121.47393644,24.16911705,0 121.47392035,24.16890660,0 121.47366822,24.16880872,0 121.47264898,24.16889192,0 121.47219300,24.16911216,0 121.47202671,24.16918068,0</coordinates>
</LinearRing></outerBoundaryIs></Polygon>
</Placemark>
<Placemark>
<name>SWCB_1479_1</name>
<ExtendedData>
<Data name="events"><value>0403花蓮地震</value></Data>
<Data name="area_ha"><value>0.185933005092</value></Data>
<Data name="source"><value>民國113年農村水保署災後衛星影像判釋</value></Data>
</ExtendedData>
<Polygon><outerBoundaryIs><LinearRing>
<coordinates>121.46784246,24.16843676,0 121.46799803,24.16860806,0 121.46806240,24.16846123,0 121.46748841,24.16815290,0 121.46717191,24.16842697,0 121.46784246,24.16843676,0</coordinates>
</LinearRing></outerBoundaryIs></Polygon>
</Placemark>
<Placemark>
<name>SWCB_1568_1</name>
<ExtendedData>
<Data name="events"><value>0403花蓮地震</value></Data>
<Data name="area_ha"><value>0.717340230968</value></Data>
<Data name="source"><value>民國113年農村水保署災後衛星影像判釋</value></Data>
</ExtendedData>
<Polygon><outerBoundaryIs><LinearRing>
<coordinates>121.47710145,24.17993273,0 121.47720873,24.18004039,0 121.47739649,24.17994252,0 121.47749305,24.17932590,0 121.47776663,24.17902248,0 121.47748232,24.17859672,0 121.47732675,24.17857715,0 121.47704780,24.17864077,0 121.47707462,24.17909100,0 121.47710145,24.17993273,0</coordinates>
</LinearRing></outerBoundaryIs></Polygon>
</Placemark>
<Placemark>
<name>SWCB_1663_1</name>
<ExtendedData>
<Data name="events"><value>0403花蓮地震</value></Data>
<Data name="area_ha"><value>0.724736870476</value></Data>
<Data name="source"><value>民國113年農村水保署災後衛星影像判釋</value></Data>
</ExtendedData>
<Polygon><outerBoundaryIs><LinearRing>
<coordinates>121.46741867,24.17650215,0 121.46732748,24.17594914,0 121.46705925,24.17582679,0 121.46704316,24.17560657,0 121.46646917,24.17529825,0 121.46622241,24.17532272,0 121.46613657,24.17569466,0 121.46686077,24.17572892,0 121.46689296,24.17583658,0 121.46666765,24.17579254,0 121.46653354,24.17596872,0 121.46711290,24.17633087,0 121.46731138,24.17662450,0 121.46741867,24.17650215,0</coordinates>
</LinearRing></outerBoundaryIs></Polygon>
</Placemark>
<Placemark>
<name>SWCB_3462_1</name>
<ExtendedData>
<Data name="events"><value>凱米颱風</value></Data>
<Data name="area_ha"><value>0.0600037747065</value></Data>
<Data name="source"><value>民國113年農村水保署災後衛星影像判釋</value></Data>
</ExtendedData>
<Polygon><outerBoundaryIs><LinearRing>
<coordinates>121.47350729,24.18540384,0 121.47350729,24.18567788,0 121.47370577,24.18567788,0 121.47370577,24.18540873,0 121.47350729,24.18540384,0</coordinates>
</LinearRing></outerBoundaryIs></Polygon>
</Placemark>
<Placemark>
<name>SWCB_3489_1</name>
<ExtendedData>
<Data name="events"><value>凱米颱風</value></Data>
<Data name="area_ha"><value>0.0800056459774</value></Data>
<Data name="source"><value>民國113年農村水保署災後衛星影像判釋</value></Data>
</ExtendedData>
<Polygon><outerBoundaryIs><LinearRing>
<coordinates>121.48384988,24.16835356,0 121.48384452,24.16862274,0 121.48414493,24.16853464,0 121.48414493,24.16835356,0 121.48384988,24.16835356,0</coordinates>
</LinearRing></outerBoundaryIs></Polygon>
</Placemark>
<Placemark>
<name>SWCB_3490_1</name>
<ExtendedData>
<Data name="events"><value>凱米颱風</value></Data>
<Data name="area_ha"><value>0.210012706102</value></Data>
<Data name="source"><value>民國113年農村水保署災後衛星影像判釋</value></Data>
</ExtendedData>
<Polygon><outerBoundaryIs><LinearRing>
<coordinates>121.47047639,24.16731598,0 121.47037446,24.16758517,0 121.47106647,24.16750196,0 121.47106647,24.16722789,0 121.47047639,24.16731598,0</coordinates>
</LinearRing></outerBoundaryIs></Polygon>
</Placemark>
<Placemark>
<name>SWCB_5327_1</name>
<ExtendedData>
<Data name="events"><value>康芮颱風</value></Data>
<Data name="area_ha"><value>0.135009853874</value></Data>
<Data name="source"><value>民國113年農村水保署災後衛星影像判釋</value></Data>
</ExtendedData>
<Polygon><outerBoundaryIs><LinearRing>
<coordinates>121.48423076,24.17982017,0 121.48453116,24.17964400,0 121.48463309,24.17910568,0 121.48433805,24.17918887,0 121.48423612,24.17973208,0 121.48423076,24.17982017,0</coordinates>
</LinearRing></outerBoundaryIs></Polygon>
</Placemark>
<Placemark>
<name>SWCB_5448_1</name>
<ExtendedData>
<Data name="events"><value>康芮颱風</value></Data>
<Data name="area_ha"><value>0.12000794438</value></Data>
<Data name="source"><value>民國113年農村水保署災後衛星影像判釋</value></Data>
</ExtendedData>
<Polygon><outerBoundaryIs><LinearRing>
<coordinates>121.47837818,24.18364704,0 121.47867322,24.18364704,0 121.47867858,24.18337789,0 121.47838354,24.18319683,0 121.47838354,24.18355406,0 121.47837818,24.18364704,0</coordinates>
</LinearRing></outerBoundaryIs></Polygon>
</Placemark>
<Placemark>
<name>SWCB_5563_1</name>
<ExtendedData>
<Data name="events"><value>康芮颱風</value></Data>
<Data name="area_ha"><value>0.105006300551</value></Data>
<Data name="source"><value>民國113年農村水保署災後衛星影像判釋</value></Data>
</ExtendedData>
<Polygon><outerBoundaryIs><LinearRing>
<coordinates>121.47326052,24.16715937,0 121.47365212,24.16716426,0 121.47365749,24.16689508,0 121.47326052,24.16697828,0 121.47326052,24.16715937,0</coordinates>
</LinearRing></outerBoundaryIs></Polygon>
</Placemark>
<Placemark>
<name>SWCB_5356_1</name>
<ExtendedData>
<Data name="events"><value>康芮颱風</value></Data>
<Data name="area_ha"><value>0.150008222535</value></Data>
<Data name="source"><value>民國113年農村水保署災後衛星影像判釋</value></Data>
</ExtendedData>
<Polygon><outerBoundaryIs><LinearRing>
<coordinates>121.46550357,24.23986235,0 121.46560550,24.23941233,0 121.46550894,24.23923135,0 121.46531045,24.23923135,0 121.46520853,24.23958843,0 121.46550357,24.23968136,0 121.46550357,24.23986235,0</coordinates>
</LinearRing></outerBoundaryIs></Polygon>
</Placemark>
<Placemark>
<name>SWCB_5716_1</name>
<ExtendedData>
<Data name="events"><value>康芮颱風</value></Data>
<Data name="area_ha"><value>0.76004793764</value></Data>
<Data name="source"><value>民國113年農村水保署災後衛星影像判釋</value></Data>
</ExtendedData>
<Polygon><outerBoundaryIs><LinearRing>
<coordinates>121.47352874,24.23543061,0 121.47392571,24.23543550,0 121.47383451,24.23479958,0 121.47353947,24.23488763,0 121.47344291,24.23452565,0 121.47324443,24.23461370,0 121.47305131,24.23443271,0 121.47265434,24.23442782,0 121.47265434,24.23460881,0 121.47225738,24.23478491,0 121.47235394,24.23505884,0 121.47255242,24.23505884,0 121.47264898,24.23487785,0 121.47294402,24.23497079,0 121.47334099,24.23488763,0 121.47353411,24.23506863,0 121.47353411,24.23533767,0 121.47352874,24.23543061,0</coordinates>
</LinearRing></outerBoundaryIs></Polygon>
</Placemark>
<Placemark>
<name>SWCB_3392_1</name>
<ExtendedData>
<Data name="events"><value>凱米颱風</value></Data>
<Data name="area_ha"><value>0.210012492863</value></Data>
<Data name="source"><value>民國113年農村水保署災後衛星影像判釋</value></Data>
</ExtendedData>
<Polygon><outerBoundaryIs><LinearRing>
<coordinates>121.46930695,24.22410108,0 121.46930158,24.22437014,0 121.46979511,24.22455604,0 121.46979511,24.22428698,0 121.46969855,24.22428698,0 121.46960199,24.22401302,0 121.46930695,24.22410108,0</coordinates>
</LinearRing></outerBoundaryIs></Polygon>
</Placemark>
<Placemark>
<name>SWCB_5186_1</name>
<ExtendedData>
<Data name="events"><value>康芮颱風</value></Data>
<Data name="area_ha"><value>0.290021149436</value></Data>
<Data name="source"><value>民國113年農村水保署災後衛星影像判釋</value></Data>
</ExtendedData>
<Polygon><outerBoundaryIs><LinearRing>
<coordinates>121.48166120,24.22241820,0 121.48225129,24.22233503,0 121.48264825,24.22206596,0 121.48265362,24.22188495,0 121.48225665,24.22197301,0 121.48215473,24.22215402,0 121.48156464,24.22214424,0 121.48156464,24.22223719,0 121.48166120,24.22241820,0</coordinates>
</LinearRing></outerBoundaryIs></Polygon>
</Placemark>
<Placemark>
<name>SWCB_5410_1</name>
<ExtendedData>
<Data name="events"><value>康芮颱風</value></Data>
<Data name="area_ha"><value>0.140010445012</value></Data>
<Data name="source"><value>民國113年農村水保署災後衛星影像判釋</value></Data>
</ExtendedData>
<Polygon><outerBoundaryIs><LinearRing>
<coordinates>121.48533046,24.21197796,0 121.48523390,24.21161591,0 121.48464382,24.21152295,0 121.48513198,24.21188500,0 121.48533046,24.21197796,0</coordinates>
</LinearRing></outerBoundaryIs></Polygon>
</Placemark>
<Placemark>
<name>SWCB_5502_1</name>
<ExtendedData>
<Data name="events"><value>康芮颱風</value></Data>
<Data name="area_ha"><value>0.120008951554</value></Data>
<Data name="source"><value>民國113年農村水保署災後衛星影像判釋</value></Data>
</ExtendedData>
<Polygon><outerBoundaryIs><LinearRing>
<coordinates>121.48353875,24.21349464,0 121.48373723,24.21349953,0 121.48383915,24.21304942,0 121.48354411,24.21313748,0 121.48354411,24.21331851,0 121.48353875,24.21349464,0</coordinates>
</LinearRing></outerBoundaryIs></Polygon>
</Placemark>
<Placemark>
<name>SWCB_5570_1</name>
<ExtendedData>
<Data name="events"><value>康芮颱風</value></Data>
<Data name="area_ha"><value>0.100007524567</value></Data>
<Data name="source"><value>民國113年農村水保署災後衛星影像判釋</value></Data>
</ExtendedData>
<Polygon><outerBoundaryIs><LinearRing>
<coordinates>121.48371041,24.22397389,0 121.48390889,24.22397389,0 121.48410738,24.22388583,0 121.48410738,24.22370482,0 121.48371041,24.22379288,0 121.48371041,24.22397389,0</coordinates>
</LinearRing></outerBoundaryIs></Polygon>
</Placemark>
<Placemark>
<name>SWCB_1701_1</name>
<ExtendedData>
<Data name="events"><value>0403花蓮地震</value></Data>
<Data name="area_ha"><value>0.365174988453</value></Data>
<Data name="source"><value>民國113年農村水保署災後衛星影像判釋</value></Data>
</ExtendedData>
<Polygon><outerBoundaryIs><LinearRing>
<coordinates>121.47724092,24.10745021,0 121.47710681,24.10755794,0 121.47722483,24.10788111,0 121.47713900,24.10802311,0 121.47741258,24.10837076,0 121.47776127,24.10853724,0 121.47779882,24.10833648,0 121.47741258,24.10780276,0 121.47724092,24.10745021,0</coordinates>
</LinearRing></outerBoundaryIs></Polygon>
</Placemark>
<Placemark>
<name>SWCB_1755_1</name>
<ExtendedData>
<Data name="events"><value>0403花蓮地震</value></Data>
<Data name="area_ha"><value>0.344439795178</value></Data>
<Data name="source"><value>民國113年農村水保署災後衛星影像判釋</value></Data>
</ExtendedData>
<Polygon><outerBoundaryIs><LinearRing>
<coordinates>121.47896290,24.10744042,0 121.47867322,24.10733759,0 121.47872150,24.10725925,0 121.47839963,24.10704870,0 121.47772372,24.10697035,0 121.47784173,24.10718090,0 121.47852302,24.10748939,0 121.47896290,24.10744042,0</coordinates>
</LinearRing></outerBoundaryIs></Polygon>
</Placemark>
<Placemark>
<name>SWCB_3514_1</name>
<ExtendedData>
<Data name="events"><value>凱米颱風</value></Data>
<Data name="area_ha"><value>2.02014206824</value></Data>
<Data name="source"><value>民國113年農村水保署災後衛星影像判釋</value></Data>
</ExtendedData>
<Polygon><outerBoundaryIs><LinearRing>
<coordinates>121.48004651,24.10699973,0 121.47984803,24.10717601,0 121.47974610,24.10771952,0 121.48023427,24.10781256,0 121.48042738,24.10799863,0 121.48062050,24.10854214,0 121.48091555,24.10854214,0 121.48111403,24.10836586,0 121.48160756,24.10827773,0 121.48160756,24.10818959,0 121.48219764,24.10810635,0 121.48220301,24.10792518,0 121.48171484,24.10755794,0 121.48112476,24.10755304,0 121.48112476,24.10746001,0 121.48063660,24.10736697,0 121.48053467,24.10763628,0 121.48043275,24.10763628,0 121.48033619,24.10754325,0 121.48034155,24.10736208,0 121.48043811,24.10736697,0 121.48034155,24.10700463,0 121.48004651,24.10699973,0</coordinates>
</LinearRing></outerBoundaryIs></Polygon>
</Placemark>
<Placemark>
<name>SWCB_1718_1</name>
<ExtendedData>
<Data name="events"><value>0403花蓮地震</value></Data>
<Data name="area_ha"><value>0.115924945572</value></Data>
<Data name="source"><value>民國113年農村水保署災後衛星影像判釋</value></Data>
</ExtendedData>
<Polygon><outerBoundaryIs><LinearRing>
<coordinates>121.47013843,24.11106381,0 121.46972537,24.11097567,0 121.46994531,24.11131842,0 121.47018135,24.11122049,0 121.47013843,24.11106381,0</coordinates>
</LinearRing></outerBoundaryIs></Polygon>
</Placemark>
<Placemark>
<name>SWCB_1732_1</name>
<ExtendedData>
<Data name="events"><value>0403花蓮地震</value></Data>
<Data name="area_ha"><value>0.205138078466</value></Data>
<Data name="source"><value>民國113年農村水保署災後衛星影像判釋</value></Data>
</ExtendedData>
<Polygon><outerBoundaryIs><LinearRing>
<coordinates>121.47148490,24.10898282,0 121.47240222,24.10888979,0 121.47208035,24.10874289,0 121.47213936,24.10857641,0 121.47163510,24.10880165,0 121.47148490,24.10898282,0</coordinates>
</LinearRing></outerBoundaryIs></Polygon>
</Placemark>
<Placemark>
<name>SWCB_1473_1</name>
<ExtendedData>
<Data name="events"><value>0403花蓮地震</value></Data>
<Data name="area_ha"><value>1.1514459023</value></Data>
<Data name="source"><value>民國113年農村水保署災後衛星影像判釋</value></Data>
</ExtendedData>
<Polygon><outerBoundaryIs><LinearRing>
<coordinates>121.47556186,24.15854519,0 121.47549212,24.15880950,0 121.47571206,24.15912275,0 121.47576571,24.15953879,0 121.47547066,24.15976883,0 121.47567451,24.15999398,0 121.47599101,24.15980309,0 121.47603929,24.15960731,0 121.47595882,24.15886823,0 121.47608757,24.15830536,0 121.47648990,24.15821236,0 121.47673666,24.15831514,0 121.47688150,24.15858924,0 121.47707999,24.15862840,0 121.47727311,24.15857945,0 121.47727311,24.15847177,0 121.47664547,24.15793337,0 121.47617877,24.15772290,0 121.47581398,24.15855987,0 121.47556186,24.15854519,0</coordinates>
</LinearRing></outerBoundaryIs></Polygon>
</Placemark>
<Placemark>
<name>SWCB_1488_1</name>
<ExtendedData>
<Data name="events"><value>0403花蓮地震</value></Data>
<Data name="area_ha"><value>0.542608190715</value></Data>
<Data name="source"><value>民國113年農村水保署災後衛星影像判釋</value></Data>
</ExtendedData>
<Polygon><outerBoundaryIs><LinearRing>
<coordinates>121.48614049,24.16402701,0 121.48600101,24.16430598,0 121.48746550,24.16472690,0 121.48787856,24.16477584,0 121.48806095,24.16465838,0 121.48789465,24.16454581,0 121.48735821,24.16452134,0 121.48631215,24.16401722,0 121.48614049,24.16402701,0</coordinates>
</LinearRing></outerBoundaryIs></Polygon>
</Placemark>
<Placemark>
<name>SWCB_1525_1</name>
<ExtendedData>
<Data name="events"><value>0403花蓮地震</value></Data>
<Data name="area_ha"><value>1.23066282297</value></Data>
<Data name="source"><value>民國113年農村水保署災後衛星影像判釋</value></Data>
</ExtendedData>
<Polygon><outerBoundaryIs><LinearRing>
<coordinates>121.47189796,24.14997938,0 121.47133470,24.14976401,0 121.47132933,24.14951436,0 121.47155464,24.14935283,0 121.47145808,24.14925004,0 121.47116303,24.14938220,0 121.47118986,24.14977869,0 121.47086263,24.14984722,0 121.47084653,24.14996470,0 121.47158682,24.15007728,0 121.47197306,24.15031224,0 121.47268116,24.15039545,0 121.47361994,24.15014091,0 121.47387207,24.14984232,0 121.47408664,24.14993043,0 121.47444069,24.14959758,0 121.47351801,24.14992554,0 121.47246659,24.14995980,0 121.47189796,24.14997938,0</coordinates>
</LinearRing></outerBoundaryIs></Polygon>
</Placemark>
<Placemark>
<name>SWCB_1554_1</name>
<ExtendedData>
<Data name="events"><value>0403花蓮地震</value></Data>
<Data name="area_ha"><value>0.609790871381</value></Data>
<Data name="source"><value>民國113年農村水保署災後衛星影像判釋</value></Data>
</ExtendedData>
<Polygon><outerBoundaryIs><LinearRing>
<coordinates>121.47146344,24.15539304,0 121.47112548,24.15528046,0 121.47043884,24.15543220,0 121.47038519,24.15571609,0 121.47188723,24.15558883,0 121.47201061,24.15528536,0 121.47194088,24.15514830,0 121.47174239,24.15522662,0 121.47146344,24.15539304,0</coordinates>
</LinearRing></outerBoundaryIs></Polygon>
</Placemark>
<Placemark>
<name>SWCB_1599_1</name>
<ExtendedData>
<Data name="events"><value>0403花蓮地震</value></Data>
<Data name="area_ha"><value>5.42209804953</value></Data>
<Data name="source"><value>民國113年農村水保署災後衛星影像判釋</value></Data>
</ExtendedData>
<Polygon><outerBoundaryIs><LinearRing>
<coordinates>121.47765398,24.16270552,0 121.47740722,24.16294045,0 121.47687078,24.16294045,0 121.47659719,24.16238738,0 121.47611976,24.16196156,0 121.47576034,24.16208392,0 121.47590518,24.16274957,0 121.47639334,24.16305302,0 121.47620022,24.16323901,0 121.47666156,24.16364035,0 121.47570133,24.16504993,0 121.47489667,24.16536806,0 121.47484839,24.16557851,0 121.47532046,24.16558830,0 121.47667229,24.16462412,0 121.47710145,24.16451155,0 121.47829235,24.16469264,0 121.48008406,24.16383613,0 121.47963345,24.16363056,0 121.47896826,24.16410042,0 121.47857666,24.16423257,0 121.47802949,24.16408574,0 121.47790611,24.16310197,0 121.47809923,24.16281809,0 121.47793829,24.16266636,0 121.47765398,24.16270552,0</coordinates>
</LinearRing></outerBoundaryIs></Polygon>
</Placemark>
<Placemark>
<name>SWCB_1620_1</name>
<ExtendedData>
<Data name="events"><value>0403花蓮地震</value></Data>
<Data name="area_ha"><value>0.829554150888</value></Data>
<Data name="source"><value>民國113年農村水保署災後衛星影像判釋</value></Data>
</ExtendedData>
<Polygon><outerBoundaryIs><LinearRing>
<coordinates>121.47895217,24.15558883,0 121.47876978,24.15532451,0 121.47896826,24.15519236,0 121.48039520,24.15509446,0 121.48042202,24.15498678,0 121.47983730,24.15485462,0 121.47806704,24.15500636,0 121.47798657,24.15517278,0 121.47838354,24.15553009,0 121.47895217,24.15558883,0</coordinates>
</LinearRing></outerBoundaryIs></Polygon>
</Placemark>
<Placemark>
<name>SWCB_1668_1</name>
<ExtendedData>
<Data name="events"><value>0403花蓮地震</value></Data>
<Data name="area_ha"><value>0.141684898834</value></Data>
<Data name="source"><value>民國113年農村水保署災後衛星影像判釋</value></Data>
</ExtendedData>
<Polygon><outerBoundaryIs><LinearRing>
<coordinates>121.46911383,24.15755159,0 121.46993995,24.15739006,0 121.46971464,24.15730685,0 121.46874905,24.15750753,0 121.46911383,24.15755159,0</coordinates>
</LinearRing></outerBoundaryIs></Polygon>
</Placemark>
<Placemark>
<name>SWCB_1691_1</name>
<ExtendedData>
<Data name="events"><value>0403花蓮地震</value></Data>
<Data name="area_ha"><value>0.816305693624</value></Data>
<Data name="source"><value>民國113年農村水保署災後衛星影像判釋</value></Data>
</ExtendedData>
<Polygon><outerBoundaryIs><LinearRing>
<coordinates>121.46990240,24.16306281,0 121.46998286,24.16318028,0 121.47049785,24.16304813,0 121.47082508,24.16319985,0 121.47114158,24.16318028,0 121.47133470,24.16342010,0 121.47108793,24.16350331,0 121.47053540,24.16342989,0 121.47040129,24.16352288,0 121.47046030,24.16361098,0 121.47066414,24.16353267,0 121.47171021,24.16363546,0 121.47188723,24.16351799,0 121.47160292,24.16316070,0 121.47111475,24.16308728,0 121.47109866,24.16291108,0 121.47063732,24.16271531,0 121.47036374,24.16282788,0 121.47036910,24.16293556,0 121.46982729,24.16298450,0 121.46970928,24.16328306,0 121.46990240,24.16306281,0</coordinates>
</LinearRing></outerBoundaryIs></Polygon>
</Placemark>
<Placemark>
<name>SWCB_3491_1</name>
<ExtendedData>
<Data name="events"><value>凱米颱風</value></Data>
<Data name="area_ha"><value>0.170009572056</value></Data>
<Data name="source"><value>民國113年農村水保署災後衛星影像判釋</value></Data>
</ExtendedData>
<Polygon><outerBoundaryIs><LinearRing>
<coordinates>121.46706998,24.16393891,0 121.46706998,24.16420810,0 121.46746159,24.16430598,0 121.46756351,24.16421299,0 121.46746695,24.16394380,0 121.46706998,24.16393891,0</coordinates>
</LinearRing></outerBoundaryIs></Polygon>
</Placemark>
<Placemark>
<name>SWCB_3492_1</name>
<ExtendedData>
<Data name="events"><value>凱米颱風</value></Data>
<Data name="area_ha"><value>0.0800049710148</value></Data>
<Data name="source"><value>民國113年農村水保署災後衛星影像判釋</value></Data>
</ExtendedData>
<Polygon><outerBoundaryIs><LinearRing>
<coordinates>121.47432268,24.15001365,0 121.47432268,24.15028776,0 121.47461772,24.15019965,0 121.47461772,24.15001854,0 121.47432268,24.15001365,0</coordinates>
</LinearRing></outerBoundaryIs></Polygon>
</Placemark>
<Placemark>
<name>SWCB_5440_1</name>
<ExtendedData>
<Data name="events"><value>康芮颱風</value></Data>
<Data name="area_ha"><value>0.140008292164</value></Data>
<Data name="source"><value>民國113年農村水保署災後衛星影像判釋</value></Data>
</ExtendedData>
<Polygon><outerBoundaryIs><LinearRing>
<coordinates>121.46749377,24.16403190,0 121.46739721,24.16358162,0 121.46700561,24.16357672,0 121.46700025,24.16375782,0 121.46729529,24.16393891,0 121.46749377,24.16403190,0</coordinates>
</LinearRing></outerBoundaryIs></Polygon>
</Placemark>
<Placemark>
<name>SWCB_3499_1</name>
<ExtendedData>
<Data name="events"><value>凱米颱風</value></Data>
<Data name="area_ha"><value>0.0600033225857</value></Data>
<Data name="source"><value>民國113年農村水保署災後衛星影像判釋</value></Data>
</ExtendedData>
<Polygon><outerBoundaryIs><LinearRing>
<coordinates>121.46790147,24.12737758,0 121.46790147,24.12764685,0 121.46809459,24.12764685,0 121.46809995,24.12737758,0 121.46790147,24.12737758,0</coordinates>
</LinearRing></outerBoundaryIs></Polygon>
</Placemark>
<Placemark>
<name>SWCB_3498_1</name>
<ExtendedData>
<Data name="events"><value>凱米颱風</value></Data>
<Data name="area_ha"><value>0.0800048967477</value></Data>
<Data name="source"><value>民國113年農村水保署災後衛星影像判釋</value></Data>
</ExtendedData>
<Polygon><outerBoundaryIs><LinearRing>
<coordinates>121.47112012,24.12975690,0 121.47101820,24.13002617,0 121.47131324,24.13003106,0 121.47131860,24.12975690,0 121.47112012,24.12975690,0</coordinates>
</LinearRing></outerBoundaryIs></Polygon>
</Placemark>
<Placemark>
<name>SWCB_1700_1</name>
<ExtendedData>
<Data name="events"><value>0403花蓮地震</value></Data>
<Data name="area_ha"><value>1.00789403593</value></Data>
<Data name="source"><value>民國113年農村水保署災後衛星影像判釋</value></Data>
</ExtendedData>
<Polygon><outerBoundaryIs><LinearRing>
<coordinates>121.47185504,24.10316077,0 121.47203207,24.10295511,0 121.47238612,24.10299429,0 121.47254169,24.10303836,0 121.47254169,24.10336154,0 121.47366285,24.10362596,0 121.47337854,24.10335664,0 121.47294402,24.10323422,0 121.47271872,24.10295511,0 121.47221446,24.10292573,0 121.47173166,24.10262214,0 121.47139370,24.10257806,0 121.47126496,24.10274455,0 121.47076070,24.10283759,0 121.47062123,24.10297470,0 121.47068024,24.10317546,0 121.47156537,24.10314608,0 121.47185504,24.10316077,0</coordinates>
</LinearRing></outerBoundaryIs></Polygon>
</Placemark>
<Placemark>
<name>SWCB_1373_1</name>
<ExtendedData>
<Data name="events"><value>0403花蓮地震</value></Data>
<Data name="area_ha"><value>0.612381485103</value></Data>
<Data name="source"><value>民國113年農村水保署災後衛星影像判釋</value></Data>
</ExtendedData>
<Polygon><outerBoundaryIs><LinearRing>
<coordinates>121.49912775,24.17619384,0 121.49956763,24.17603723,0 121.49960518,24.17584637,0 121.49854839,24.17537655,0 121.49829090,24.17559678,0 121.49834991,24.17576317,0 121.49896681,24.17613022,0 121.49912775,24.17619384,0</coordinates>
</LinearRing></outerBoundaryIs></Polygon>
</Placemark>
<Placemark>
<name>SWCB_1547_1</name>
<ExtendedData>
<Data name="events"><value>0403花蓮地震</value></Data>
<Data name="area_ha"><value>0.462568845128</value></Data>
<Data name="source"><value>民國113年農村水保署災後衛星影像判釋</value></Data>
</ExtendedData>
<Polygon><outerBoundaryIs><LinearRing>
<coordinates>121.50143445,24.16614625,0 121.50189579,24.16581344,0 121.50209963,24.16542679,0 121.50206745,24.16515760,0 121.50190651,24.16520165,0 121.50168657,24.16571066,0 121.50121987,24.16607773,0 121.50123060,24.16686082,0 121.50141299,24.16680698,0 121.50143445,24.16614625,0</coordinates>
</LinearRing></outerBoundaryIs></Polygon>
</Placemark>
<Placemark>
<name>SWCB_1566_1</name>
<ExtendedData>
<Data name="events"><value>0403花蓮地震</value></Data>
<Data name="area_ha"><value>0.908786618313</value></Data>
<Data name="source"><value>民國113年農村水保署災後衛星影像判釋</value></Data>
</ExtendedData>
<Polygon><outerBoundaryIs><LinearRing>
<coordinates>121.50783956,24.16628329,0 121.50823116,24.16614625,0 121.50829017,24.16691955,0 121.50841892,24.16711532,0 121.50855303,24.16707616,0 121.50835454,24.16657695,0 121.50849402,24.16622456,0 121.50841892,24.16592111,0 121.50858521,24.16570087,0 121.50868177,24.16518207,0 121.50834918,24.16531422,0 121.50803268,24.16601900,0 121.50719047,24.16647417,0 121.50715292,24.16703212,0 121.50740504,24.16761453,0 121.50751770,24.16740897,0 121.50727630,24.16699786,0 121.50731921,24.16667973,0 121.50783956,24.16628329,0</coordinates>
</LinearRing></outerBoundaryIs></Polygon>
</Placemark>
<Placemark>
<name>SWCB_1631_1</name>
<ExtendedData>
<Data name="events"><value>0403花蓮地震</value></Data>
<Data name="area_ha"><value>0.168945427986</value></Data>
<Data name="source"><value>民國113年農村水保署災後衛星影像判釋</value></Data>
</ExtendedData>
<Polygon><outerBoundaryIs><LinearRing>
<coordinates>121.49752378,24.16901917,0 121.49796367,24.16921494,0 121.49793148,24.16907790,0 121.49736285,24.16843187,0 121.49752378,24.16901917,0</coordinates>
</LinearRing></outerBoundaryIs></Polygon>
</Placemark>
<Placemark>
<name>SWCB_5035_1</name>
<ExtendedData>
<Data name="events"><value>康芮颱風</value></Data>
<Data name="area_ha"><value>1.9251893807</value></Data>
<Data name="source"><value>民國113年農村水保署災後衛星影像判釋</value></Data>
</ExtendedData>
<Polygon><outerBoundaryIs><LinearRing>
<coordinates>121.50896609,24.17753966,0 121.50897145,24.17708453,0 121.50867641,24.17690345,0 121.50868177,24.17645321,0 121.50858521,24.17636023,0 121.50908947,24.17537166,0 121.50909483,24.17510249,0 121.50889635,24.17509760,0 121.50870323,24.17491652,0 121.50870860,24.17419221,0 121.50841355,24.17419221,0 121.50830626,24.17482354,0 121.50840819,24.17491163,0 121.50839746,24.17554295,0 121.50780201,24.17599319,0 121.50779665,24.17644343,0 121.50829017,24.17662940,0 121.50867641,24.17699154,0 121.50876760,24.17744667,0 121.50886416,24.17762774,0 121.50896609,24.17753966,0</coordinates>
</LinearRing></outerBoundaryIs></Polygon>
</Placemark>
<Placemark>
<name>SWCB_5478_1</name>
<ExtendedData>
<Data name="events"><value>康芮颱風</value></Data>
<Data name="area_ha"><value>0.120012123393</value></Data>
<Data name="source"><value>民國113年農村水保署災後衛星影像判釋</value></Data>
</ExtendedData>
<Polygon><outerBoundaryIs><LinearRing>
<coordinates>121.50842965,24.17265549,0 121.50862813,24.17265549,0 121.50863349,24.17211715,0 121.50844038,24.17211225,0 121.50843501,24.17247441,0 121.50842965,24.17265549,0</coordinates>
</LinearRing></outerBoundaryIs></Polygon>
</Placemark>
<Placemark>
<name>SWCB_5532_1</name>
<ExtendedData>
<Data name="events"><value>康芮颱風</value></Data>
<Data name="area_ha"><value>0.110009547141</value></Data>
<Data name="source"><value>民國113年農村水保署災後衛星影像判釋</value></Data>
</ExtendedData>
<Polygon><outerBoundaryIs><LinearRing>
<coordinates>121.49743795,24.17859672,0 121.49763644,24.17860162,0 121.49773836,24.17815139,0 121.49753988,24.17814649,0 121.49743795,24.17841565,0 121.49743795,24.17859672,0</coordinates>
</LinearRing></outerBoundaryIs></Polygon>
</Placemark>
<Placemark>
<name>SWCB_1496_1</name>
<ExtendedData>
<Data name="events"><value>0403花蓮地震</value></Data>
<Data name="area_ha"><value>0.153213828245</value></Data>
<Data name="source"><value>民國113年農村水保署災後衛星影像判釋</value></Data>
</ExtendedData>
<Polygon><outerBoundaryIs><LinearRing>
<coordinates>121.49652064,24.15591188,0 121.49679422,24.15579930,0 121.49677277,24.15570141,0 121.49624705,24.15563288,0 121.49619341,24.15578462,0 121.49652064,24.15591188,0</coordinates>
</LinearRing></outerBoundaryIs></Polygon>
</Placemark>
<Placemark>
<name>SWCB_1446_1</name>
<ExtendedData>
<Data name="events"><value>0403花蓮地震</value></Data>
<Data name="area_ha"><value>0.22105486844</value></Data>
<Data name="source"><value>民國113年農村水保署災後衛星影像判釋</value></Data>
</ExtendedData>
<Polygon><outerBoundaryIs><LinearRing>
<coordinates>121.48926795,24.15914722,0 121.48930013,24.15900528,0 121.48966491,24.15901507,0 121.49000823,24.15843751,0 121.48959517,24.15884865,0 121.48906946,24.15890739,0 121.48918748,24.15906401,0 121.48926795,24.15914722,0</coordinates>
</LinearRing></outerBoundaryIs></Polygon>
</Placemark>
<Placemark>
<name>SWCB_1334_1</name>
<ExtendedData>
<Data name="events"><value>0403花蓮地震</value></Data>
<Data name="area_ha"><value>0.629481098755</value></Data>
<Data name="source"><value>民國113年農村水保署災後衛星影像判釋</value></Data>
</ExtendedData>
<Polygon><outerBoundaryIs><LinearRing>
<coordinates>121.49721265,24.15325893,0 121.49822116,24.15392462,0 121.49859667,24.15458052,0 121.49932623,24.15495252,0 121.49994850,24.15506999,0 121.49927258,24.15483504,0 121.49855375,24.15432599,0 121.49822116,24.15372883,0 121.49736285,24.15318061,0 121.49714828,24.15249534,0 121.49696589,24.15245618,0 121.49721265,24.15325893,0</coordinates>
</LinearRing></outerBoundaryIs></Polygon>
</Placemark>
<Placemark>
<name>SWCB_1412_1</name>
<ExtendedData>
<Data name="events"><value>0403花蓮地震</value></Data>
<Data name="area_ha"><value>0.368093116958</value></Data>
<Data name="source"><value>民國113年農村水保署災後衛星影像判釋</value></Data>
</ExtendedData>
<Polygon><outerBoundaryIs><LinearRing>
<coordinates>121.48825407,24.15693976,0 121.48820043,24.15724322,0 121.48858666,24.15774248,0 121.48865104,24.15812426,0 121.48875833,24.15789910,0 121.48866177,24.15718449,0 121.48835063,24.15682229,0 121.48813605,24.15679292,0 121.48825407,24.15693976,0</coordinates>
</LinearRing></outerBoundaryIs></Polygon>
</Placemark>
<Placemark>
<name>SWCB_1418_1</name>
<ExtendedData>
<Data name="events"><value>0403花蓮地震</value></Data>
<Data name="area_ha"><value>0.227323760579</value></Data>
<Data name="source"><value>民國113年農村水保署災後衛星影像判釋</value></Data>
</ExtendedData>
<Polygon><outerBoundaryIs><LinearRing>
<coordinates>121.50779128,24.14698856,0 121.50795758,24.14715009,0 121.50811851,24.14715499,0 121.50830626,24.14696408,0 121.50907338,24.14712072,0 121.50839210,24.14685639,0 121.50783420,24.14688576,0 121.50779128,24.14698856,0</coordinates>
</LinearRing></outerBoundaryIs></Polygon>
</Placemark>
<Placemark>
<name>SWCB_1423_1</name>
<ExtendedData>
<Data name="events"><value>0403花蓮地震</value></Data>
<Data name="area_ha"><value>1.04200470114</value></Data>
<Data name="source"><value>民國113年農村水保署災後衛星影像判釋</value></Data>
</ExtendedData>
<Polygon><outerBoundaryIs><LinearRing>
<coordinates>121.50218010,24.15447283,0 121.50266290,24.15459031,0 121.50277555,24.15439452,0 121.50290430,24.15439452,0 121.50315642,24.15501615,0 121.50358021,24.15496720,0 121.50361240,24.15484483,0 121.50319397,24.15435536,0 121.50319397,24.15352814,0 121.50299013,24.15360157,0 121.50285602,24.15394909,0 121.50234103,24.15391483,0 121.50221765,24.15400783,0 121.50218010,24.15447283,0</coordinates>
</LinearRing></outerBoundaryIs></Polygon>
</Placemark>
<Placemark>
<name>SWCB_1499_1</name>
<ExtendedData>
<Data name="events"><value>0403花蓮地震</value></Data>
<Data name="area_ha"><value>1.88086242302</value></Data>
<Data name="source"><value>民國113年農村水保署災後衛星影像判釋</value></Data>
</ExtendedData>
<Polygon><outerBoundaryIs><LinearRing>
<coordinates>121.49155319,24.16057643,0 121.49221838,24.16048832,0 121.49302304,24.16071347,0 121.49329662,24.16040022,0 121.49354875,24.15938706,0 121.49350047,24.15885844,0 121.49325371,24.15825151,0 121.49276018,24.15880460,0 121.49298012,24.15924511,0 121.49332881,24.15930385,0 121.49328589,24.15971499,0 121.49302304,24.15990098,0 121.49259388,24.15976883,0 121.49155319,24.16057643,0</coordinates>
</LinearRing></outerBoundaryIs></Polygon>
</Placemark>
<Placemark>
<name>SWCB_1602_1</name>
<ExtendedData>
<Data name="events"><value>0403花蓮地震</value></Data>
<Data name="area_ha"><value>0.90898443514</value></Data>
<Data name="source"><value>民國113年農村水保署災後衛星影像判釋</value></Data>
</ExtendedData>
<Polygon><outerBoundaryIs><LinearRing>
<coordinates>121.50308132,24.15285756,0 121.50315642,24.15297993,0 121.50356412,24.15305335,0 121.50427759,24.15352814,0 121.50456727,24.15341556,0 121.50467455,24.15299951,0 121.50434732,24.15158001,0 121.50419712,24.15155064,0 121.50411129,24.15171706,0 121.50442779,24.15263240,0 121.50440097,24.15323446,0 121.50426149,24.15330788,0 121.50389671,24.15284287,0 121.50325835,24.15260303,0 121.50308132,24.15285756,0</coordinates>
</LinearRing></outerBoundaryIs></Polygon>
</Placemark>
<Placemark>
<name>SWCB_1685_1</name>
<ExtendedData>
<Data name="events"><value>0403花蓮地震</value></Data>
<Data name="area_ha"><value>0.0835133160669</value></Data>
<Data name="source"><value>民國113年農村水保署災後衛星影像判釋</value></Data>
</ExtendedData>
<Polygon><outerBoundaryIs><LinearRing>
<coordinates>121.49120450,24.15688102,0 121.49149418,24.15686144,0 121.49129033,24.15665587,0 121.49100065,24.15667545,0 121.49120450,24.15688102,0</coordinates>
</LinearRing></outerBoundaryIs></Polygon>
</Placemark>
<Placemark>
<name>SWCB_1461_1</name>
<ExtendedData>
<Data name="events"><value>0403花蓮地震</value></Data>
<Data name="area_ha"><value>0.155113198565</value></Data>
<Data name="source"><value>民國113年農村水保署災後衛星影像判釋</value></Data>
</ExtendedData>
<Polygon><outerBoundaryIs><LinearRing>
<coordinates>121.50802195,24.14652842,0 121.50790930,24.14627388,0 121.50827944,24.14611234,0 121.50757670,24.14627878,0 121.50773227,24.14650395,0 121.50802195,24.14652842,0</coordinates>
</LinearRing></outerBoundaryIs></Polygon>
</Placemark>
<Placemark>
<name>SWCB_3460_1</name>
<ExtendedData>
<Data name="events"><value>凱米颱風</value></Data>
<Data name="area_ha"><value>0.230018794365</value></Data>
<Data name="source"><value>民國113年農村水保署災後衛星影像判釋</value></Data>
</ExtendedData>
<Polygon><outerBoundaryIs><LinearRing>
<coordinates>121.49119914,24.19605666,0 121.49119914,24.19623771,0 121.49139225,24.19641875,0 121.49139225,24.19659980,0 121.49168730,24.19669277,0 121.49169266,24.19624260,0 121.49149418,24.19605666,0 121.49119914,24.19605666,0</coordinates>
</LinearRing></outerBoundaryIs></Polygon>
</Placemark>
<Placemark>
<name>SWCB_5108_1</name>
<ExtendedData>
<Data name="events"><value>康芮颱風</value></Data>
<Data name="area_ha"><value>0.440034413175</value></Data>
<Data name="source"><value>民國113年農村水保署災後衛星影像判釋</value></Data>
</ExtendedData>
<Polygon><outerBoundaryIs><LinearRing>
<coordinates>121.48860276,24.19340944,0 121.48879588,24.19341433,0 121.48919821,24.19305713,0 121.48930013,24.19260205,0 121.48910165,24.19251397,0 121.48901045,24.19223995,0 121.48911238,24.19197082,0 121.48881197,24.19205890,0 121.48880661,24.19259716,0 121.48910165,24.19278310,0 121.48899972,24.19305223,0 121.48860276,24.19322839,0 121.48860276,24.19340944,0</coordinates>
</LinearRing></outerBoundaryIs></Polygon>
</Placemark>
<Placemark>
<name>SWCB_5137_1</name>
<ExtendedData>
<Data name="events"><value>康芮颱風</value></Data>
<Data name="area_ha"><value>0.380029085003</value></Data>
<Data name="source"><value>民國113年農村水保署災後衛星影像判釋</value></Data>
</ExtendedData>
<Polygon><outerBoundaryIs><LinearRing>
<coordinates>121.48712218,24.19375686,0 121.48722410,24.19348773,0 121.48751378,24.19358070,0 121.48761570,24.19349263,0 121.48742259,24.19294947,0 121.48722947,24.19294458,0 121.48683250,24.19330179,0 121.48682714,24.19357092,0 121.48692369,24.19357581,0 121.48712218,24.19375686,0</coordinates>
</LinearRing></outerBoundaryIs></Polygon>
</Placemark>
<Placemark>
<name>SWCB_5178_1</name>
<ExtendedData>
<Data name="events"><value>康芮颱風</value></Data>
<Data name="area_ha"><value>0.305023627177</value></Data>
<Data name="source"><value>民國113年農村水保署災後衛星影像判釋</value></Data>
</ExtendedData>
<Polygon><outerBoundaryIs><LinearRing>
<coordinates>121.48901582,24.19178977,0 121.48960590,24.19170658,0 121.48960590,24.19143255,0 121.48990631,24.19107534,0 121.48901582,24.19142766,0 121.48901582,24.19160871,0 121.48901582,24.19178977,0</coordinates>
</LinearRing></outerBoundaryIs></Polygon>
</Placemark>
<Placemark>
<name>SWCB_5191_1</name>
<ExtendedData>
<Data name="events"><value>康芮颱風</value></Data>
<Data name="area_ha"><value>0.300025642481</value></Data>
<Data name="source"><value>民國113年農村水保署災後衛星影像判釋</value></Data>
</ExtendedData>
<Polygon><outerBoundaryIs><LinearRing>
<coordinates>121.49414420,24.19906591,0 121.49444461,24.19879679,0 121.49425149,24.19852278,0 121.49405301,24.19852278,0 121.49385452,24.19869893,0 121.49365604,24.19860596,0 121.49365604,24.19896805,0 121.49375260,24.19896805,0 121.49414420,24.19906591,0</coordinates>
</LinearRing></outerBoundaryIs></Polygon>
</Placemark>
<Placemark>
<name>SWCB_5524_1</name>
<ExtendedData>
<Data name="events"><value>康芮颱風</value></Data>
<Data name="area_ha"><value>0.115009248267</value></Data>
<Data name="source"><value>民國113年農村水保署災後衛星影像判釋</value></Data>
</ExtendedData>
<Polygon><outerBoundaryIs><LinearRing>
<coordinates>121.49199843,24.19741695,0 121.49229348,24.19732887,0 121.49200380,24.19696678,0 121.49190187,24.19723590,0 121.49199843,24.19741695,0</coordinates>
</LinearRing></outerBoundaryIs></Polygon>
</Placemark>
<Placemark>
<name>SWCB_5572_1</name>
<ExtendedData>
<Data name="events"><value>康芮颱風</value></Data>
<Data name="area_ha"><value>0.10000962862</value></Data>
<Data name="source"><value>民國113年農村水保署災後衛星影像判釋</value></Data>
</ExtendedData>
<Polygon><outerBoundaryIs><LinearRing>
<coordinates>121.50469065,24.19808241,0 121.50498569,24.19808730,0 121.50498569,24.19790626,0 121.50479257,24.19781329,0 121.50459409,24.19781329,0 121.50459409,24.19790136,0 121.50469065,24.19808241,0</coordinates>
</LinearRing></outerBoundaryIs></Polygon>
</Placemark>
<Placemark>
<name>SWCB_5574_1</name>
<ExtendedData>
<Data name="events"><value>康芮颱風</value></Data>
<Data name="area_ha"><value>0.100007928717</value></Data>
<Data name="source"><value>民國113年農村水保署災後衛星影像判釋</value></Data>
</ExtendedData>
<Polygon><outerBoundaryIs><LinearRing>
<coordinates>121.49002969,24.19757842,0 121.49022281,24.19757842,0 121.49013162,24.19721633,0 121.48993313,24.19721633,0 121.48993313,24.19739737,0 121.49002969,24.19757842,0</coordinates>
</LinearRing></outerBoundaryIs></Polygon>
</Placemark>
<Placemark>
<name>SWCB_1747_1</name>
<ExtendedData>
<Data name="events"><value>0403花蓮地震</value></Data>
<Data name="area_ha"><value>0.123654003851</value></Data>
<Data name="source"><value>民國113年農村水保署災後衛星影像判釋</value></Data>
</ExtendedData>
<Polygon><outerBoundaryIs><LinearRing>
<coordinates>121.49377942,24.12087582,0 121.49360776,24.12124302,0 121.49410665,24.12107166,0 121.49404764,24.12090030,0 121.49377942,24.12087582,0</coordinates>
</LinearRing></outerBoundaryIs></Polygon>
</Placemark>
<Placemark>
<name>SWCB_1749_1</name>
<ExtendedData>
<Data name="events"><value>0403花蓮地震</value></Data>
<Data name="area_ha"><value>0.348328864054</value></Data>
<Data name="source"><value>民國113年農村水保署災後衛星影像判釋</value></Data>
</ExtendedData>
<Polygon><outerBoundaryIs><LinearRing>
<coordinates>121.49513662,24.12629561,0 121.49542093,24.12601654,0 121.49537802,24.12589904,0 121.49491668,24.12564446,0 121.49486840,24.12589415,0 121.49506152,24.12653061,0 121.49527609,24.12661873,0 121.49542630,24.12651592,0 121.49531364,24.12650613,0 121.49513662,24.12629561,0</coordinates>
</LinearRing></outerBoundaryIs></Polygon>
</Placemark>
<Placemark>
<name>SWCB_3500_1</name>
<ExtendedData>
<Data name="events"><value>凱米颱風</value></Data>
<Data name="area_ha"><value>0.155843544366</value></Data>
<Data name="source"><value>民國113年農村水保署災後衛星影像判釋</value></Data>
</ExtendedData>
<Polygon><outerBoundaryIs><LinearRing>
<coordinates>121.49559259,24.12376934,0 121.49588764,24.12376934,0 121.49591982,24.12341194,0 121.49579108,24.12313776,0 121.49570525,24.12312308,0 121.49559259,24.12358819,0 121.49559259,24.12376934,0</coordinates>
</LinearRing></outerBoundaryIs></Polygon>
</Placemark>
<Placemark>
<name>SWCB_5240_1</name>
<ExtendedData>
<Data name="events"><value>康芮颱風</value></Data>
<Data name="area_ha"><value>0.220019434408</value></Data>
<Data name="source"><value>民國113年農村水保署災後衛星影像判釋</value></Data>
</ExtendedData>
<Polygon><outerBoundaryIs><LinearRing>
<coordinates>121.49719119,24.20785349,0 121.49738967,24.20785349,0 121.49749696,24.20731529,0 121.49779201,24.20713426,0 121.49779201,24.20695323,0 121.49749696,24.20695323,0 121.49719656,24.20767246,0 121.49719119,24.20785349,0</coordinates>
</LinearRing></outerBoundaryIs></Polygon>
</Placemark>
<Placemark>
<name>SWCB_1745_1</name>
<ExtendedData>
<Data name="events"><value>0403花蓮地震</value></Data>
<Data name="area_ha"><value>0.122713435902</value></Data>
<Data name="source"><value>民國113年農村水保署災後衛星影像判釋</value></Data>
</ExtendedData>
<Polygon><outerBoundaryIs><LinearRing>
<coordinates>121.49065197,24.10202963,0 121.49079144,24.10200515,0 121.49017990,24.10174562,0 121.49013162,24.10203942,0 121.49035156,24.10199535,0 121.49065197,24.10202963,0</coordinates>
</LinearRing></outerBoundaryIs></Polygon>
</Placemark>
<Placemark>
<name>SWCB_1767_1</name>
<ExtendedData>
<Data name="events"><value>0403花蓮地震</value></Data>
<Data name="area_ha"><value>0.0841013670443</value></Data>
<Data name="source"><value>民國113年農村水保署災後衛星影像判釋</value></Data>
</ExtendedData>
<Polygon><outerBoundaryIs><LinearRing>
<coordinates>121.48907483,24.10195618,0 121.48858130,24.10165258,0 121.48816824,24.10154975,0 121.48888707,24.10194149,0 121.48907483,24.10195618,0</coordinates>
</LinearRing></outerBoundaryIs></Polygon>
</Placemark>
<Placemark>
<name>SWCB_1768_1</name>
<ExtendedData>
<Data name="events"><value>0403花蓮地震</value></Data>
<Data name="area_ha"><value>0.250943920271</value></Data>
<Data name="source"><value>民國113年農村水保署災後衛星影像判釋</value></Data>
</ExtendedData>
<Polygon><outerBoundaryIs><LinearRing>
<coordinates>121.49119377,24.10213736,0 121.49033010,24.10233323,0 121.48994923,24.10254379,0 121.49002969,24.10267600,0 121.49064124,24.10246544,0 121.49119377,24.10213736,0</coordinates>
</LinearRing></outerBoundaryIs></Polygon>
</Placemark>
<Placemark>
<name>SWCB_1346_1</name>
<ExtendedData>
<Data name="events"><value>0403花蓮地震</value></Data>
<Data name="area_ha"><value>0.372508728849</value></Data>
<Data name="source"><value>民國113年農村水保署災後衛星影像判釋</value></Data>
</ExtendedData>
<Polygon><outerBoundaryIs><LinearRing>
<coordinates>121.53011262,24.16644480,0 121.53009117,24.16665526,0 121.53035402,24.16682166,0 121.53082609,24.16626861,0 121.53071880,24.16603858,0 121.53011262,24.16644480,0</coordinates>
</LinearRing></outerBoundaryIs></Polygon>
</Placemark>
<Placemark>
<name>SWCB_1357_1</name>
<ExtendedData>
<Data name="events"><value>0403花蓮地震</value></Data>
<Data name="area_ha"><value>0.153212185286</value></Data>
<Data name="source"><value>民國113年農村水保署災後衛星影像判釋</value></Data>
</ExtendedData>
<Polygon><outerBoundaryIs><LinearRing>
<coordinates>121.52233422,24.17749561,0 121.52255416,24.17726071,0 121.52217865,24.17730964,0 121.52181387,24.17754944,0 121.52185678,24.17762285,0 121.52233422,24.17749561,0</coordinates>
</LinearRing></outerBoundaryIs></Polygon>
</Placemark>
<Placemark>
<name>SWCB_1403_1</name>
<ExtendedData>
<Data name="events"><value>0403花蓮地震</value></Data>
<Data name="area_ha"><value>0.09411240577</value></Data>
<Data name="source"><value>民國113年農村水保署災後衛星影像判釋</value></Data>
</ExtendedData>
<Polygon><outerBoundaryIs><LinearRing>
<coordinates>121.51465237,24.17300297,0 121.51469529,24.17265549,0 121.51444316,24.17273869,0 121.51455581,24.17309106,0 121.51465237,24.17300297,0</coordinates>
</LinearRing></outerBoundaryIs></Polygon>
</Placemark>
<Placemark>
<name>SWCB_1428_1</name>
<ExtendedData>
<Data name="events"><value>0403花蓮地震</value></Data>
<Data name="area_ha"><value>0.118614253387</value></Data>
<Data name="source"><value>民國113年農村水保署災後衛星影像判釋</value></Data>
</ExtendedData>
<Polygon><outerBoundaryIs><LinearRing>
<coordinates>121.51451826,24.17017908,0 121.51457191,24.17013014,0 121.51431978,24.16998821,0 121.51386917,24.17014972,0 121.51451826,24.17017908,0</coordinates>
</LinearRing></outerBoundaryIs></Polygon>
</Placemark>
<Placemark>
<name>SWCB_1433_1</name>
<ExtendedData>
<Data name="events"><value>0403花蓮地震</value></Data>
<Data name="area_ha"><value>0.0650449009825</value></Data>
<Data name="source"><value>民國113年農村水保署災後衛星影像判釋</value></Data>
</ExtendedData>
<Polygon><outerBoundaryIs><LinearRing>
<coordinates>121.51994705,24.18670552,0 121.51981831,24.18648531,0 121.51975930,24.18692572,0 121.51989341,24.18693062,0 121.51983976,24.18674956,0 121.51994705,24.18670552,0</coordinates>
</LinearRing></outerBoundaryIs></Polygon>
</Placemark>
<Placemark>
<name>SWCB_1453_1</name>
<ExtendedData>
<Data name="events"><value>0403花蓮地震</value></Data>
<Data name="area_ha"><value>0.189522567452</value></Data>
<Data name="source"><value>民國113年農村水保署災後衛星影像判釋</value></Data>
</ExtendedData>
<Polygon><outerBoundaryIs><LinearRing>
<coordinates>121.51476502,24.17134878,0 121.51516199,24.17141730,0 121.51553214,24.17102087,0 121.51519954,24.17093767,0 121.51506543,24.17116770,0 121.51474893,24.17125090,0 121.51476502,24.17134878,0</coordinates>
</LinearRing></outerBoundaryIs></Polygon>
</Placemark>
<Placemark>
<name>SWCB_1456_1</name>
<ExtendedData>
<Data name="events"><value>0403花蓮地震</value></Data>
<Data name="area_ha"><value>0.912893963412</value></Data>
<Data name="source"><value>民國113年農村水保署災後衛星影像判釋</value></Data>
</ExtendedData>
<Polygon><outerBoundaryIs><LinearRing>
<coordinates>121.52572453,24.17316447,0 121.52563334,24.17351684,0 121.52624488,24.17370282,0 121.52706027,24.17370282,0 121.52733386,24.17346790,0 121.52740896,24.17308128,0 121.52622879,24.17321341,0 121.52572453,24.17316447,0</coordinates>
</LinearRing></outerBoundaryIs></Polygon>
</Placemark>
<Placemark>
<name>SWCB_1470_1</name>
<ExtendedData>
<Data name="events"><value>0403花蓮地震</value></Data>
<Data name="area_ha"><value>0.77817980609</value></Data>
<Data name="source"><value>民國113年農村水保署災後衛星影像判釋</value></Data>
</ExtendedData>
<Polygon><outerBoundaryIs><LinearRing>
<coordinates>121.52103066,24.18625531,0 121.52115941,24.18597149,0 121.52202308,24.18558490,0 121.52218401,24.18538426,0 121.52213037,24.18517873,0 121.52116477,24.18568766,0 121.52064979,24.18630425,0 121.52040839,24.18639233,0 121.52052641,24.18669573,0 121.52137399,24.18641191,0 121.52144909,24.18625531,0 121.52127743,24.18626999,0 121.52103066,24.18625531,0</coordinates>
</LinearRing></outerBoundaryIs></Polygon>
</Placemark>
<Placemark>
<name>SWCB_1497_1</name>
<ExtendedData>
<Data name="events"><value>0403花蓮地震</value></Data>
<Data name="area_ha"><value>1.24618572674</value></Data>
<Data name="source"><value>民國113年農村水保署災後衛星影像判釋</value></Data>
</ExtendedData>
<Polygon><outerBoundaryIs><LinearRing>
<coordinates>121.51383162,24.18286406,0 121.51375651,24.18279555,0 121.51391745,24.18267321,0 121.51451290,24.18097020,0 121.51543558,24.17973698,0 121.51553214,24.17955591,0 121.51544631,24.17947761,0 121.51523173,24.17976634,0 121.51506007,24.17966357,0 121.51484549,24.17972719,0 121.51459873,24.18053466,0 121.51409984,24.18094573,0 121.51351511,24.18286895,0 121.51383162,24.18286406,0</coordinates>
</LinearRing></outerBoundaryIs></Polygon>
</Placemark>
<Placemark>
<name>SWCB_1501_1</name>
<ExtendedData>
<Data name="events"><value>0403花蓮地震</value></Data>
<Data name="area_ha"><value>0.36936775143</value></Data>
<Data name="source"><value>民國113年農村水保署災後衛星影像判釋</value></Data>
</ExtendedData>
<Polygon><outerBoundaryIs><LinearRing>
<coordinates>121.52848721,24.17166689,0 121.52839601,24.17132920,0 121.52822971,24.17124600,0 121.52809560,24.17140751,0 121.52813315,24.17174031,0 121.52790248,24.17210736,0 121.52809024,24.17254293,0 121.52809024,24.17216609,0 121.52820826,24.17201927,0 121.52848721,24.17166689,0</coordinates>
</LinearRing></outerBoundaryIs></Polygon>
</Placemark>
<Placemark>
<name>SWCB_1502_1</name>
<ExtendedData>
<Data name="events"><value>0403花蓮地震</value></Data>
<Data name="area_ha"><value>1.54199127576</value></Data>
<Data name="source"><value>民國113年農村水保署災後衛星影像判釋</value></Data>
</ExtendedData>
<Polygon><outerBoundaryIs><LinearRing>
<coordinates>121.52266145,24.17131452,0 121.52276874,24.17164732,0 121.52303696,24.17183819,0 121.52308524,24.17202416,0 121.52327299,24.17200459,0 121.52353048,24.17134388,0 121.52367532,24.17146134,0 121.52356803,24.17173052,0 121.52365923,24.17177946,0 121.52370214,24.17158859,0 121.52390599,24.17166200,0 121.52436197,24.17117259,0 121.52417958,24.17046784,0 121.52357876,24.17075170,0 121.52266145,24.17131452,0</coordinates>
</LinearRing></outerBoundaryIs></Polygon>
</Placemark>
<Placemark>
<name>SWCB_1579_1</name>
<ExtendedData>
<Data name="events"><value>0403花蓮地震</value></Data>
<Data name="area_ha"><value>0.195703235431</value></Data>
<Data name="source"><value>民國113年農村水保署災後衛星影像判釋</value></Data>
</ExtendedData>
<Polygon><outerBoundaryIs><LinearRing>
<coordinates>121.51813388,24.17782350,0 121.51805341,24.17764243,0 121.51783347,24.17764243,0 121.51754379,24.17791159,0 121.51775837,24.17809266,0 121.51795149,24.17798010,0 121.51794076,24.17810734,0 121.51804805,24.17794584,0 121.51813388,24.17782350,0</coordinates>
</LinearRing></outerBoundaryIs></Polygon>
</Placemark>
<Placemark>
<name>SWCB_1591_1</name>
<ExtendedData>
<Data name="events"><value>0403花蓮地震</value></Data>
<Data name="area_ha"><value>0.807393904075</value></Data>
<Data name="source"><value>民國113年農村水保署災後衛星影像判釋</value></Data>
</ExtendedData>
<Polygon><outerBoundaryIs><LinearRing>
<coordinates>121.52429223,24.17026718,0 121.52467847,24.16990501,0 121.52502716,24.16985118,0 121.52567089,24.17013014,0 121.52572453,24.16996374,0 121.52552068,24.16958200,0 121.52556360,24.16930793,0 121.52504861,24.16920025,0 121.52418494,24.17015461,0 121.52429223,24.17026718,0</coordinates>
</LinearRing></outerBoundaryIs></Polygon>
</Placemark>
<Placemark>
<name>SWCB_1597_1</name>
<ExtendedData>
<Data name="events"><value>0403花蓮地震</value></Data>
<Data name="area_ha"><value>0.250966401271</value></Data>
<Data name="source"><value>民國113年農村水保署災後衛星影像判釋</value></Data>
</ExtendedData>
<Polygon><outerBoundaryIs><LinearRing>
<coordinates>121.52136862,24.18203214,0 121.52150810,24.18168468,0 121.52175486,24.18152809,0 121.52172804,24.18132255,0 121.52149737,24.18133723,0 121.52111113,24.18205660,0 121.52136862,24.18203214,0</coordinates>
</LinearRing></outerBoundaryIs></Polygon>
</Placemark>
<Placemark>
<name>SWCB_1615_1</name>
<ExtendedData>
<Data name="events"><value>0403花蓮地震</value></Data>
<Data name="area_ha"><value>0.255012778255</value></Data>
<Data name="source"><value>民國113年農村水保署災後衛星影像判釋</value></Data>
</ExtendedData>
<Polygon><outerBoundaryIs><LinearRing>
<coordinates>121.52246833,24.17893440,0 121.52246296,24.17862609,0 121.52296185,24.17855757,0 121.52269900,24.17875822,0 121.52274728,24.17890014,0 121.52314961,24.17852332,0 121.52261853,24.17845970,0 121.52220547,24.17868481,0 121.52223766,24.17892461,0 121.52246833,24.17893440,0</coordinates>
</LinearRing></outerBoundaryIs></Polygon>
</Placemark>
<Placemark>
<name>SWCB_1634_1</name>
<ExtendedData>
<Data name="events"><value>0403花蓮地震</value></Data>
<Data name="area_ha"><value>2.0455691348</value></Data>
<Data name="source"><value>民國113年農村水保署災後衛星影像判釋</value></Data>
</ExtendedData>
<Polygon><outerBoundaryIs><LinearRing>
<coordinates>121.52436197,24.17560657,0 121.52500033,24.17524931,0 121.52497351,24.17475992,0 121.52465701,24.17426073,0 121.52438343,24.17415306,0 121.52397573,24.17426073,0 121.52387917,24.17521505,0 121.52332664,24.17549401,0 121.52333200,24.17562614,0 121.52353048,24.17568487,0 121.52332127,24.17631129,0 121.52360022,24.17624767,0 121.52436197,24.17560657,0</coordinates>
</LinearRing></outerBoundaryIs></Polygon>
</Placemark>
<Placemark>
<name>SWCB_1687_1</name>
<ExtendedData>
<Data name="events"><value>0403花蓮地震</value></Data>
<Data name="area_ha"><value>0.679835356672</value></Data>
<Data name="source"><value>民國113年農村水保署災後衛星影像判釋</value></Data>
</ExtendedData>
<Polygon><outerBoundaryIs><LinearRing>
<coordinates>121.50995314,24.17163753,0 121.50977075,24.17209268,0 121.50996387,24.17268975,0 121.50987267,24.17292956,0 121.50993168,24.17347280,0 121.50974393,24.17366856,0 121.50988877,24.17387900,0 121.51012480,24.17301765,0 121.51010871,24.17264081,0 121.51034474,24.17243037,0 121.51030719,24.17203395,0 121.51020527,24.17204374,0 121.51011407,24.17170115,0 121.50995314,24.17163753,0</coordinates>
</LinearRing></outerBoundaryIs></Polygon>
</Placemark>
<Placemark>
<name>SWCB_5203_1</name>
<ExtendedData>
<Data name="events"><value>康芮颱風</value></Data>
<Data name="area_ha"><value>0.255028491924</value></Data>
<Data name="source"><value>民國113年農村水保署災後衛星影像判釋</value></Data>
</ExtendedData>
<Polygon><outerBoundaryIs><LinearRing>
<coordinates>121.52045667,24.17990826,0 121.52075171,24.18000124,0 121.52084827,24.17982017,0 121.52134180,24.17973698,0 121.52134717,24.17955591,0 121.52095556,24.17918887,0 121.52084827,24.17973208,0 121.52064979,24.17990826,0 121.52045667,24.17990826,0</coordinates>
</LinearRing></outerBoundaryIs></Polygon>
</Placemark>
<Placemark>
<name>SWCB_5519_1</name>
<ExtendedData>
<Data name="events"><value>康芮颱風</value></Data>
<Data name="area_ha"><value>0.110013221933</value></Data>
<Data name="source"><value>民國113年農村水保署災後衛星影像判釋</value></Data>
</ExtendedData>
<Polygon><outerBoundaryIs><LinearRing>
<coordinates>121.52993560,24.16852975,0 121.53023064,24.16853464,0 121.53023601,24.16835356,0 121.53003752,24.16816758,0 121.52984440,24.16816758,0 121.52983904,24.16834866,0 121.52993560,24.16852975,0</coordinates>
</LinearRing></outerBoundaryIs></Polygon>
</Placemark>
<Placemark>
<name>SWCB_1467_1</name>
<ExtendedData>
<Data name="events"><value>0403花蓮地震</value></Data>
<Data name="area_ha"><value>0.435826506415</value></Data>
<Data name="source"><value>民國113年農村水保署災後衛星影像判釋</value></Data>
</ExtendedData>
<Polygon><outerBoundaryIs><LinearRing>
<coordinates>121.52245760,24.18781144,0 121.52382016,24.18769400,0 121.52424932,24.18747869,0 121.52242005,24.18775762,0 121.52230203,24.18766464,0 121.52156711,24.18798272,0 121.52191043,24.18798761,0 121.52245760,24.18781144,0</coordinates>
</LinearRing></outerBoundaryIs></Polygon>
</Placemark>
<Placemark>
<name>SWCB_1594_1</name>
<ExtendedData>
<Data name="events"><value>0403花蓮地震</value></Data>
<Data name="area_ha"><value>0.130045495443</value></Data>
<Data name="source"><value>民國113年農村水保署災後衛星影像判釋</value></Data>
</ExtendedData>
<Polygon><outerBoundaryIs><LinearRing>
<coordinates>121.52280092,24.20030873,0 121.52319252,24.19999069,0 121.52267218,24.20006408,0 121.52258098,24.20036745,0 121.52280092,24.20030873,0</coordinates>
</LinearRing></outerBoundaryIs></Polygon>
</Placemark>
<Placemark>
<name>SWCB_3428_1</name>
<ExtendedData>
<Data name="events"><value>凱米颱風</value></Data>
<Data name="area_ha"><value>0.68007935622</value></Data>
<Data name="source"><value>民國113年農村水保署災後衛星影像判釋</value></Data>
</ExtendedData>
<Polygon><outerBoundaryIs><LinearRing>
<coordinates>121.52544022,24.19801880,0 121.52543485,24.19819495,0 121.52572989,24.19829281,0 121.52562797,24.19846896,0 121.52572989,24.19846896,0 121.52562797,24.19874297,0 121.52542949,24.19883104,0 121.52542412,24.19910016,0 121.52591765,24.19928609,0 121.52601957,24.19892401,0 121.52621806,24.19874786,0 121.52621806,24.19847385,0 121.52612150,24.19847385,0 121.52602494,24.19820473,0 121.52572989,24.19819984,0 121.52573526,24.19801880,0 121.52544022,24.19801880,0</coordinates>
</LinearRing></outerBoundaryIs></Polygon>
</Placemark>
<Placemark>
<name>SWCB_5045_1</name>
<ExtendedData>
<Data name="events"><value>康芮颱風</value></Data>
<Data name="area_ha"><value>1.09012943229</value></Data>
<Data name="source"><value>民國113年農村水保署災後衛星影像判釋</value></Data>
</ExtendedData>
<Polygon><outerBoundaryIs><LinearRing>
<coordinates>121.52605176,24.19811176,0 121.52634144,24.19856682,0 121.52633607,24.19910995,0 121.52663112,24.19929099,0 121.52672768,24.19929099,0 121.52673304,24.19902187,0 121.52703345,24.19857171,0 121.52762353,24.19875765,0 121.52761817,24.19893869,0 121.52732313,24.19911484,0 121.52741969,24.19920781,0 121.52800977,24.19903166,0 121.52801514,24.19858150,0 121.52732849,24.19848364,0 121.52703881,24.19820963,0 121.52625024,24.19820473,0 121.52605176,24.19811176,0</coordinates>
</LinearRing></outerBoundaryIs></Polygon>
</Placemark>
<Placemark>
<name>SWCB_5118_1</name>
<ExtendedData>
<Data name="events"><value>康芮颱風</value></Data>
<Data name="area_ha"><value>0.425050139943</value></Data>
<Data name="source"><value>民國113年農村水保署災後衛星影像判釋</value></Data>
</ExtendedData>
<Polygon><outerBoundaryIs><LinearRing>
<coordinates>121.52566552,24.19774478,0 121.52596056,24.19774968,0 121.52605712,24.19756863,0 121.52665257,24.19757353,0 121.52665257,24.19721633,0 121.52636290,24.19703039,0 121.52626097,24.19739248,0 121.52537048,24.19738270,0 121.52546704,24.19756374,0 121.52566552,24.19774478,0</coordinates>
</LinearRing></outerBoundaryIs></Polygon>
</Placemark>
<Placemark>
<name>SWCB_5162_1</name>
<ExtendedData>
<Data name="events"><value>康芮颱風</value></Data>
<Data name="area_ha"><value>0.325035864413</value></Data>
<Data name="source"><value>民國113年農村水保署災後衛星影像判釋</value></Data>
</ExtendedData>
<Polygon><outerBoundaryIs><LinearRing>
<coordinates>121.52100384,24.20059252,0 121.52120233,24.20059252,0 121.52130425,24.20032341,0 121.52101457,24.19986836,0 121.52101457,24.19950628,0 121.52071953,24.19950628,0 121.52100384,24.20041148,0 121.52100384,24.20059252,0</coordinates>
</LinearRing></outerBoundaryIs></Polygon>
</Placemark>
<Placemark>
<name>SWCB_5338_1</name>
<ExtendedData>
<Data name="events"><value>康芮颱風</value></Data>
<Data name="area_ha"><value>0.125014454418</value></Data>
<Data name="source"><value>民國113年農村水保署災後衛星影像判釋</value></Data>
</ExtendedData>
<Polygon><outerBoundaryIs><LinearRing>
<coordinates>121.52390599,24.19637471,0 121.52391136,24.19619367,0 121.52420640,24.19610559,0 121.52430832,24.19583647,0 121.52391136,24.19592454,0 121.52380943,24.19628174,0 121.52390599,24.19637471,0</coordinates>
</LinearRing></outerBoundaryIs></Polygon>
</Placemark>
<Placemark>
<name>SWCB_1364_1</name>
<ExtendedData>
<Data name="events"><value>0403花蓮地震</value></Data>
<Data name="area_ha"><value>0.134029102</value></Data>
<Data name="source"><value>民國113年農村水保署災後衛星影像判釋</value></Data>
</ExtendedData>
<Polygon><outerBoundaryIs><LinearRing>
<coordinates>121.52836382,24.13057448,0 121.52819216,24.13048636,0 121.52803659,24.13135289,0 121.52813315,24.13139205,0 121.52836382,24.13057448,0</coordinates>
</LinearRing></outerBoundaryIs></Polygon>
</Placemark>
<Placemark>
<name>SWCB_1503_1</name>
<ExtendedData>
<Data name="events"><value>0403花蓮地震</value></Data>
<Data name="area_ha"><value>0.345392871181</value></Data>
<Data name="source"><value>民國113年農村水保署災後衛星影像判釋</value></Data>
</ExtendedData>
<Polygon><outerBoundaryIs><LinearRing>
<coordinates>121.52400792,24.12980096,0 121.52406693,24.12970305,0 121.52397573,24.12944358,0 121.52328372,24.12915963,0 121.52314961,24.12920859,0 121.52320325,24.12956597,0 121.52400792,24.12980096,0</coordinates>
</LinearRing></outerBoundaryIs></Polygon>
</Placemark>
<Placemark>
<name>SWCB_1595_1</name>
<ExtendedData>
<Data name="events"><value>0403花蓮地震</value></Data>
<Data name="area_ha"><value>0.0844252161728</value></Data>
<Data name="source"><value>民國113年農村水保署災後衛星影像判釋</value></Data>
</ExtendedData>
<Polygon><outerBoundaryIs><LinearRing>
<coordinates>121.52892172,24.13136757,0 121.52881980,24.13118154,0 121.52851939,24.13170048,0 121.52866423,24.13161725,0 121.52892172,24.13136757,0</coordinates>
</LinearRing></outerBoundaryIs></Polygon>
</Placemark>
<Placemark>
<name>SWCB_1643_1</name>
<ExtendedData>
<Data name="events"><value>0403花蓮地震</value></Data>
<Data name="area_ha"><value>0.204963680073</value></Data>
<Data name="source"><value>民國113年農村水保署災後衛星影像判釋</value></Data>
</ExtendedData>
<Polygon><outerBoundaryIs><LinearRing>
<coordinates>121.50985658,24.14598997,0 121.51174486,24.14673401,0 121.51142836,24.14644521,0 121.51035547,24.14613192,0 121.50982440,24.14577458,0 121.50967956,24.14582843,0 121.50985658,24.14598997,0</coordinates>
</LinearRing></outerBoundaryIs></Polygon>
</Placemark>
<Placemark>
<name>SWCB_1657_1</name>
<ExtendedData>
<Data name="events"><value>0403花蓮地震</value></Data>
<Data name="area_ha"><value>0.0495281424059</value></Data>
<Data name="source"><value>民國113年農村水保署災後衛星影像判釋</value></Data>
</ExtendedData>
<Polygon><outerBoundaryIs><LinearRing>
<coordinates>121.52924895,24.13094655,0 121.52903974,24.13078989,0 121.52901292,24.13103467,0 121.52906656,24.13105425,0 121.52924895,24.13094655,0</coordinates>
</LinearRing></outerBoundaryIs></Polygon>
</Placemark>
<Placemark>
<name>SWCB_1671_1</name>
<ExtendedData>
<Data name="events"><value>0403花蓮地震</value></Data>
<Data name="area_ha"><value>0.463456237624</value></Data>
<Data name="source"><value>民國113年農村水保署災後衛星影像判釋</value></Data>
</ExtendedData>
<Polygon><outerBoundaryIs><LinearRing>
<coordinates>121.52278483,24.12963451,0 121.52267218,24.12972263,0 121.52280629,24.12994783,0 121.52226448,24.12983034,0 121.52260244,24.13008491,0 121.52225912,24.13013387,0 121.52231812,24.13026116,0 121.52263463,24.13025626,0 121.52274728,24.13039334,0 121.52273655,24.13025137,0 121.52285993,24.13022199,0 121.52336419,24.13055979,0 121.52340174,24.13045209,0 121.52322471,24.13026116,0 121.52278483,24.12963451,0</coordinates>
</LinearRing></outerBoundaryIs></Polygon>
</Placemark>
<Placemark>
<name>SWCB_3497_1</name>
<ExtendedData>
<Data name="events"><value>凱米颱風</value></Data>
<Data name="area_ha"><value>0.259557682459</value></Data>
<Data name="source"><value>民國113年農村水保署災後衛星影像判釋</value></Data>
</ExtendedData>
<Polygon><outerBoundaryIs><LinearRing>
<coordinates>121.51851475,24.13412868,0 121.51880980,24.13421190,0 121.51919067,24.13454969,0 121.51926577,24.13478957,0 121.51941061,24.13480915,0 121.51933551,24.13444199,0 121.51866496,24.13395733,0 121.51851475,24.13412868,0</coordinates>
</LinearRing></outerBoundaryIs></Polygon>
</Placemark>
<Placemark>
<name>SWCB_1336_1</name>
<ExtendedData>
<Data name="events"><value>0403花蓮地震</value></Data>
<Data name="area_ha"><value>0.0705407446721</value></Data>
<Data name="source"><value>民國113年農村水保署災後衛星影像判釋</value></Data>
</ExtendedData>
<Polygon><outerBoundaryIs><LinearRing>
<coordinates>121.51257634,24.14970527,0 121.51258707,24.14982274,0 121.51269436,24.14987169,0 121.51301622,24.14962205,0 121.51275873,24.14961716,0 121.51257634,24.14970527,0</coordinates>
</LinearRing></outerBoundaryIs></Polygon>
</Placemark>
<Placemark>
<name>SWCB_1337_1</name>
<ExtendedData>
<Data name="events"><value>0403花蓮地震</value></Data>
<Data name="area_ha"><value>0.372718654557</value></Data>
<Data name="source"><value>民國113年農村水保署災後衛星影像判釋</value></Data>
</ExtendedData>
<Polygon><outerBoundaryIs><LinearRing>
<coordinates>121.52920067,24.15599998,0 121.52887344,24.15557904,0 121.52870178,24.15580909,0 121.52868032,24.15639156,0 121.52878761,24.15655308,0 121.52920067,24.15599998,0</coordinates>
</LinearRing></outerBoundaryIs></Polygon>
</Placemark>
<Placemark>
<name>SWCB_1370_1</name>
<ExtendedData>
<Data name="events"><value>0403花蓮地震</value></Data>
<Data name="area_ha"><value>0.0953690907766</value></Data>
<Data name="source"><value>民國113年農村水保署災後衛星影像判釋</value></Data>
</ExtendedData>
<Polygon><outerBoundaryIs><LinearRing>
<coordinates>121.50980830,24.15356241,0 121.51060224,24.15331767,0 121.51046813,24.15325893,0 121.50965810,24.15347920,0 121.50980830,24.15356241,0</coordinates>
</LinearRing></outerBoundaryIs></Polygon>
</Placemark>
<Placemark>
<name>SWCB_1376_1</name>
<ExtendedData>
<Data name="events"><value>0403花蓮地震</value></Data>
<Data name="area_ha"><value>0.276375127047</value></Data>
<Data name="source"><value>民國113年農村水保署災後衛星影像判釋</value></Data>
</ExtendedData>
<Polygon><outerBoundaryIs><LinearRing>
<coordinates>121.51243150,24.15560841,0 121.51036620,24.15536367,0 121.51051641,24.15549093,0 121.51047349,24.15571609,0 121.51126206,24.15554478,0 121.51249051,24.15572588,0 121.51243150,24.15560841,0</coordinates>
</LinearRing></outerBoundaryIs></Polygon>
</Placemark>
<Placemark>
<name>SWCB_1390_1</name>
<ExtendedData>
<Data name="events"><value>0403花蓮地震</value></Data>
<Data name="area_ha"><value>0.095169460459</value></Data>
<Data name="source"><value>民國113年農村水保署災後衛星影像判釋</value></Data>
</ExtendedData>
<Polygon><outerBoundaryIs><LinearRing>
<coordinates>121.50981903,24.14835426,0 121.50959373,24.14820252,0 121.50943816,24.14834937,0 121.50958836,24.14857453,0 121.50981903,24.14835426,0</coordinates>
</LinearRing></outerBoundaryIs></Polygon>
</Placemark>
<Placemark>
<name>SWCB_1405_1</name>
<ExtendedData>
<Data name="events"><value>0403花蓮地震</value></Data>
<Data name="area_ha"><value>0.421800503086</value></Data>
<Data name="source"><value>民國113年農村水保署災後衛星影像判釋</value></Data>
</ExtendedData>
<Polygon><outerBoundaryIs><LinearRing>
<coordinates>121.50973320,24.15201565,0 121.51007652,24.15187859,0 121.51031256,24.15147722,0 121.51079535,24.15102689,0 121.51139617,24.15095836,0 121.51127815,24.15069404,0 121.51085973,24.15082130,0 121.51030183,24.15120310,0 121.51004434,24.15166322,0 121.50963664,24.15192754,0 121.50973320,24.15201565,0</coordinates>
</LinearRing></outerBoundaryIs></Polygon>
</Placemark>
<Placemark>
<name>SWCB_1548_1</name>
<ExtendedData>
<Data name="events"><value>0403花蓮地震</value></Data>
<Data name="area_ha"><value>0.0330827198264</value></Data>
<Data name="source"><value>民國113年農村水保署災後衛星影像判釋</value></Data>
</ExtendedData>
<Polygon><outerBoundaryIs><LinearRing>
<coordinates>121.51265144,24.15070383,0 121.51274800,24.15061082,0 121.51256561,24.15056677,0 121.51241541,24.15064019,0 121.51265144,24.15070383,0</coordinates>
</LinearRing></outerBoundaryIs></Polygon>
</Placemark>
<Placemark>
<name>SWCB_1621_1</name>
<ExtendedData>
<Data name="events"><value>0403花蓮地震</value></Data>
<Data name="area_ha"><value>0.122057727161</value></Data>
<Data name="source"><value>民國113年農村水保署災後衛星影像判釋</value></Data>
</ExtendedData>
<Polygon><outerBoundaryIs><LinearRing>
<coordinates>121.51197553,24.14890250,0 121.51207745,24.14882907,0 121.51183069,24.14862838,0 121.51161075,24.14863817,0 121.51157856,24.14878502,0 121.51197553,24.14890250,0</coordinates>
</LinearRing></outerBoundaryIs></Polygon>
</Placemark>
<Placemark>
<name>SWCB_1673_1</name>
<ExtendedData>
<Data name="events"><value>0403花蓮地震</value></Data>
<Data name="area_ha"><value>2.82691903426</value></Data>
<Data name="source"><value>民國113年農村水保署災後衛星影像判釋</value></Data>
</ExtendedData>
<Polygon><outerBoundaryIs><LinearRing>
<coordinates>121.53069735,24.15415957,0 121.53049350,24.15403230,0 121.53026283,24.15406167,0 121.52967274,24.15515320,0 121.52956009,24.15563288,0 121.52962446,24.15630835,0 121.52926505,24.15723833,0 121.52943134,24.15736559,0 121.52969956,24.15723344,0 121.53031111,24.15637198,0 121.53064907,24.15614193,0 121.53075635,24.15558883,0 121.53057933,24.15483994,0 121.53052568,24.15444836,0 121.53069735,24.15415957,0</coordinates>
</LinearRing></outerBoundaryIs></Polygon>
</Placemark>
<Placemark>
<name>SWCB_1339_1</name>
<ExtendedData>
<Data name="events"><value>0403花蓮地震</value></Data>
<Data name="area_ha"><value>1.48415597984</value></Data>
<Data name="source"><value>民國113年農村水保署災後衛星影像判釋</value></Data>
</ExtendedData>
<Polygon><outerBoundaryIs><LinearRing>
<coordinates>121.51437342,24.12323079,0 121.51458800,24.12325527,0 121.51451826,24.12289786,0 121.51471674,24.12239848,0 121.51472747,24.12191377,0 121.51506543,24.12177669,0 121.51518345,24.12146334,0 121.51560187,24.12176200,0 121.51553750,24.12117937,0 121.51532292,24.12114021,0 121.51518881,24.12075342,0 121.51477575,24.12080238,0 121.51479721,24.12102760,0 121.51455581,24.12117937,0 121.51440561,24.12184523,0 121.51416957,24.12218305,0 121.51422322,24.12260411,0 121.51437342,24.12323079,0</coordinates>
</LinearRing></outerBoundaryIs></Polygon>
</Placemark>
<Placemark>
<name>SWCB_3513_1</name>
<ExtendedData>
<Data name="events"><value>凱米颱風</value></Data>
<Data name="area_ha"><value>0.0799327092161</value></Data>
<Data name="source"><value>民國113年農村水保署災後衛星影像判釋</value></Data>
</ExtendedData>
<Polygon><outerBoundaryIs><LinearRing>
<coordinates>121.51524782,24.12062123,0 121.51513517,24.12032257,0 121.51499569,24.12037643,0 121.51486695,24.12062612,0 121.51524782,24.12062123,0</coordinates>
</LinearRing></outerBoundaryIs></Polygon>
</Placemark>
<Placemark>
<name>SWCB_1533_1</name>
<ExtendedData>
<Data name="events"><value>0403花蓮地震</value></Data>
<Data name="area_ha"><value>0.0143524009702</value></Data>
<Data name="source"><value>民國113年農村水保署災後衛星影像判釋</value></Data>
</ExtendedData>
<Polygon><outerBoundaryIs><LinearRing>
<coordinates>121.55220866,24.18783102,0 121.55217111,24.18765975,0 121.55212283,24.18782612,0 121.55217648,24.18789463,0 121.55220866,24.18783102,0</coordinates>
</LinearRing></outerBoundaryIs></Polygon>
</Placemark>
<Placemark>
<name>SWCB_1386_1</name>
<ExtendedData>
<Data name="events"><value>0403花蓮地震</value></Data>
<Data name="area_ha"><value>0.11909303159</value></Data>
<Data name="source"><value>民國113年農村水保署災後衛星影像判釋</value></Data>
</ExtendedData>
<Polygon><outerBoundaryIs><LinearRing>
<coordinates>121.55302405,24.18793867,0 121.55325472,24.18740039,0 121.55300260,24.18784080,0 121.55255198,24.18784080,0 121.55293822,24.18758634,0 121.55278802,24.18751784,0 121.55240178,24.18785059,0 121.55260563,24.18795335,0 121.55293822,24.18790442,0 121.55303478,24.18811484,0 121.55306697,24.18806101,0 121.55302405,24.18793867,0</coordinates>
</LinearRing></outerBoundaryIs></Polygon>
</Placemark>
<Placemark>
<name>SWCB_1472_1</name>
<ExtendedData>
<Data name="events"><value>0403花蓮地震</value></Data>
<Data name="area_ha"><value>0.081501460428</value></Data>
<Data name="source"><value>民國113年農村水保署災後衛星影像判釋</value></Data>
</ExtendedData>
<Polygon><outerBoundaryIs><LinearRing>
<coordinates>121.55214429,24.18930883,0 121.55187607,24.18943117,0 121.55189753,24.18950946,0 121.55174732,24.18964648,0 121.55153811,24.19009667,0 121.55185461,24.18959265,0 121.55177414,24.19003795,0 121.55183852,24.19014560,0 121.55188680,24.18963180,0 121.55214429,24.18930883,0</coordinates>
</LinearRing></outerBoundaryIs></Polygon>
</Placemark>
<Placemark>
<name>SWCB_1529_1</name>
<ExtendedData>
<Data name="events"><value>0403花蓮地震</value></Data>
<Data name="area_ha"><value>0.0124319283992</value></Data>
<Data name="source"><value>民國113年農村水保署災後衛星影像判釋</value></Data>
</ExtendedData>
<Polygon><outerBoundaryIs><LinearRing>
<coordinates>121.55238032,24.18777719,0 121.55236959,24.18757656,0 121.55232668,24.18768911,0 121.55233741,24.18782612,0 121.55238032,24.18777719,0</coordinates>
</LinearRing></outerBoundaryIs></Polygon>
</Placemark>
<Placemark>
<name>SWCB_1593_1</name>
<ExtendedData>
<Data name="events"><value>0403花蓮地震</value></Data>
<Data name="area_ha"><value>0.0964616674353</value></Data>
<Data name="source"><value>民國113年農村水保署災後衛星影像判釋</value></Data>
</ExtendedData>
<Polygon><outerBoundaryIs><LinearRing>
<coordinates>121.54024065,24.19505845,0 121.54028356,24.19510739,0 121.54053569,24.19473061,0 121.54074490,24.19466700,0 121.54050350,24.19449084,0 121.54024065,24.19505845,0</coordinates>
</LinearRing></outerBoundaryIs></Polygon>
</Placemark>
<Placemark>
<name>SWCB_1653_1</name>
<ExtendedData>
<Data name="events"><value>0403花蓮地震</value></Data>
<Data name="area_ha"><value>0.472101327173</value></Data>
<Data name="source"><value>民國113年農村水保署災後衛星影像判釋</value></Data>
</ExtendedData>
<Polygon><outerBoundaryIs><LinearRing>
<coordinates>121.54113114,24.19152063,0 121.54128671,24.19159893,0 121.54118478,24.19127597,0 121.54126525,24.19063494,0 121.54161930,24.18967584,0 121.54112577,24.19021900,0 121.54107213,24.19102151,0 121.54089510,24.19161361,0 121.54095948,24.19173105,0 121.54113114,24.19152063,0</coordinates>
</LinearRing></outerBoundaryIs></Polygon>
</Placemark>
<Placemark>
<name>SWCB_3458_1</name>
<ExtendedData>
<Data name="events"><value>凱米颱風</value></Data>
<Data name="area_ha"><value>0.270036063418</value></Data>
<Data name="source"><value>民國113年農村水保署災後衛星影像判釋</value></Data>
</ExtendedData>
<Polygon><outerBoundaryIs><LinearRing>
<coordinates>121.54195189,24.19158425,0 121.54184997,24.19203443,0 121.54233813,24.19203932,0 121.54244542,24.19158914,0 121.54195189,24.19158425,0</coordinates>
</LinearRing></outerBoundaryIs></Polygon>
</Placemark>
<Placemark>
<name>SWCB_1353_1</name>
<ExtendedData>
<Data name="events"><value>0403花蓮地震</value></Data>
<Data name="area_ha"><value>0.0195776519824</value></Data>
<Data name="source"><value>民國113年農村水保署災後衛星影像判釋</value></Data>
</ExtendedData>
<Polygon><outerBoundaryIs><LinearRing>
<coordinates>121.53951645,24.23729920,0 121.53965056,24.23734322,0 121.53969347,24.23724539,0 121.53960228,24.23721604,0 121.53951645,24.23729920,0</coordinates>
</LinearRing></outerBoundaryIs></Polygon>
</Placemark>
<Placemark>
<name>SWCB_1523_1</name>
<ExtendedData>
<Data name="events"><value>0403花蓮地震</value></Data>
<Data name="area_ha"><value>0.508094018807</value></Data>
<Data name="source"><value>民國113年農村水保署災後衛星影像判釋</value></Data>
</ExtendedData>
<Polygon><outerBoundaryIs><LinearRing>
<coordinates>121.53798223,24.17382027,0 121.53838456,24.17325746,0 121.53850794,24.17283657,0 121.53830409,24.17281700,0 121.53791249,24.17302255,0 121.53758526,24.17359515,0 121.53798223,24.17382027,0</coordinates>
</LinearRing></outerBoundaryIs></Polygon>
</Placemark>
<Placemark>
<name>SWCB_1335_1</name>
<ExtendedData>
<Data name="events"><value>0403花蓮地震</value></Data>
<Data name="area_ha"><value>0.285849487017</value></Data>
<Data name="source"><value>民國113年農村水保署災後衛星影像判釋</value></Data>
</ExtendedData>
<Polygon><outerBoundaryIs><LinearRing>
<coordinates>121.53343320,24.17444181,0 121.53372288,24.17445160,0 121.53337419,24.17404539,0 121.53305769,24.17403561,0 121.53285384,24.17387900,0 121.53272510,24.17404050,0 121.53343320,24.17444181,0</coordinates>
</LinearRing></outerBoundaryIs></Polygon>
</Placemark>
<Placemark>
<name>SWCB_1354_1</name>
<ExtendedData>
<Data name="events"><value>0403花蓮地震</value></Data>
<Data name="area_ha"><value>1.80335971818</value></Data>
<Data name="source"><value>民國113年農村水保署災後衛星影像判釋</value></Data>
</ExtendedData>
<Polygon><outerBoundaryIs><LinearRing>
<coordinates>121.55316889,24.17180882,0 121.55295432,24.17172562,0 121.55221939,24.17183329,0 121.55154884,24.17209757,0 121.55100167,24.17263102,0 121.55092657,24.17288551,0 121.55125916,24.17322810,0 121.55166149,24.17256740,0 121.55216575,24.17235696,0 121.55238569,24.17239611,0 121.55242324,24.17264081,0 121.55323863,24.17264081,0 121.55343175,24.17264081,0 121.55316889,24.17180882,0</coordinates>
</LinearRing></outerBoundaryIs></Polygon>
</Placemark>
<Placemark>
<name>SWCB_1365_1</name>
<ExtendedData>
<Data name="events"><value>0403花蓮地震</value></Data>
<Data name="area_ha"><value>0.339962985663</value></Data>
<Data name="source"><value>民國113年農村水保署災後衛星影像判釋</value></Data>
</ExtendedData>
<Polygon><outerBoundaryIs><LinearRing>
<coordinates>121.54958010,24.18561915,0 121.55072808,24.18569256,0 121.55000389,24.18594213,0 121.55007362,24.18611830,0 121.55073881,24.18575128,0 121.55136108,24.18571213,0 121.55181706,24.18557022,0 121.55139327,24.18565830,0 121.54994488,24.18555064,0 121.54996097,24.18546745,0 121.55056715,24.18545277,0 121.55019701,24.18533044,0 121.54975176,24.18554086,0 121.54958010,24.18561915,0</coordinates>
</LinearRing></outerBoundaryIs></Polygon>
</Placemark>
<Placemark>
<name>SWCB_1369_1</name>
<ExtendedData>
<Data name="events"><value>0403花蓮地震</value></Data>
<Data name="area_ha"><value>0.836827317307</value></Data>
<Data name="source"><value>民國113年農村水保署災後衛星影像判釋</value></Data>
</ExtendedData>
<Polygon><outerBoundaryIs><LinearRing>
<coordinates>121.55046523,24.16718873,0 121.55123234,24.16652801,0 121.55093729,24.16653290,0 121.55036330,24.16700275,0 121.54959619,24.16723278,0 121.54841602,24.16725725,0 121.54791713,24.16698807,0 121.54772401,24.16711042,0 121.54821754,24.16742855,0 121.54880226,24.16755091,0 121.54919922,24.16735514,0 121.54977322,24.16731109,0 121.54996097,24.16737471,0 121.55046523,24.16718873,0</coordinates>
</LinearRing></outerBoundaryIs></Polygon>
</Placemark>
<Placemark>
<name>SWCB_1384_1</name>
<ExtendedData>
<Data name="events"><value>0403花蓮地震</value></Data>
<Data name="area_ha"><value>1.25313961603</value></Data>
<Data name="source"><value>民國113年農村水保署災後衛星影像判釋</value></Data>
</ExtendedData>
<Polygon><outerBoundaryIs><LinearRing>
<coordinates>121.53420568,24.17287573,0 121.53484404,24.17333576,0 121.53539121,24.17343854,0 121.53551459,24.17299808,0 121.53520346,24.17228355,0 121.53483868,24.17214651,0 121.53459728,24.17237653,0 121.53420568,24.17287573,0</coordinates>
</LinearRing></outerBoundaryIs></Polygon>
</Placemark>
<Placemark>
<name>SWCB_1429_1</name>
<ExtendedData>
<Data name="events"><value>0403花蓮地震</value></Data>
<Data name="area_ha"><value>0.718670903541</value></Data>
<Data name="source"><value>民國113年農村水保署災後衛星影像判釋</value></Data>
</ExtendedData>
<Polygon><outerBoundaryIs><LinearRing>
<coordinates>121.54544950,24.18233554,0 121.54559433,24.18208107,0 121.54577672,24.18201745,0 121.54623806,24.18202235,0 121.54644728,24.18217895,0 121.54661894,24.18212022,0 121.54645264,24.18183639,0 121.54576600,24.18132255,0 121.54547632,24.18083318,0 121.54539585,24.18104361,0 121.54563189,24.18176298,0 121.54545486,24.18185107,0 121.54532611,24.18221810,0 121.54524028,24.18217405,0 121.54529929,24.18234533,0 121.54544950,24.18233554,0</coordinates>
</LinearRing></outerBoundaryIs></Polygon>
</Placemark>
<Placemark>
<name>SWCB_1431_1</name>
<ExtendedData>
<Data name="events"><value>0403花蓮地震</value></Data>
<Data name="area_ha"><value>0.0422380568739</value></Data>
<Data name="source"><value>民國113年農村水保署災後衛星影像判釋</value></Data>
</ExtendedData>
<Polygon><outerBoundaryIs><LinearRing>
<coordinates>121.54624343,24.17801436,0 121.54629707,24.17783329,0 121.54618442,24.17781860,0 121.54609323,24.17810734,0 121.54624343,24.17801436,0</coordinates>
</LinearRing></outerBoundaryIs></Polygon>
</Placemark>
<Placemark>
<name>SWCB_1443_1</name>
<ExtendedData>
<Data name="events"><value>0403花蓮地震</value></Data>
<Data name="area_ha"><value>0.464264477206</value></Data>
<Data name="source"><value>民國113年農村水保署災後衛星影像判釋</value></Data>
</ExtendedData>
<Polygon><outerBoundaryIs><LinearRing>
<coordinates>121.53370678,24.17219545,0 121.53354585,24.17212204,0 121.53330982,24.17236675,0 121.53310061,24.17230802,0 121.53289139,24.17248420,0 121.53302014,24.17279742,0 121.53325617,24.17292467,0 121.53369606,24.17278763,0 121.53370678,24.17219545,0</coordinates>
</LinearRing></outerBoundaryIs></Polygon>
</Placemark>
<Placemark>
<name>SWCB_1462_1</name>
<ExtendedData>
<Data name="events"><value>0403花蓮地震</value></Data>
<Data name="area_ha"><value>2.22152167413</value></Data>
<Data name="source"><value>民國113年農村水保署災後衛星影像判釋</value></Data>
</ExtendedData>
<Polygon><outerBoundaryIs><LinearRing>
<coordinates>121.55107677,24.17085447,0 121.55138791,24.17058530,0 121.55151665,24.16991480,0 121.55088365,24.16960158,0 121.55055106,24.17002737,0 121.55023992,24.16975329,0 121.54984295,24.16993927,0 121.54973567,24.17032591,0 121.54916167,24.17037974,0 121.54915094,24.17084469,0 121.54936016,24.17126068,0 121.54954791,24.17135857,0 121.54960692,24.17113344,0 121.54930115,24.17081043,0 121.54934943,24.17057062,0 121.54961765,24.17074191,0 121.55107677,24.17085447,0</coordinates>
</LinearRing></outerBoundaryIs></Polygon>
</Placemark>
<Placemark>
<name>SWCB_1468_1</name>
<ExtendedData>
<Data name="events"><value>0403花蓮地震</value></Data>
<Data name="area_ha"><value>0.0955390293939</value></Data>
<Data name="source"><value>民國113年農村水保署災後衛星影像判釋</value></Data>
</ExtendedData>
<Polygon><outerBoundaryIs><LinearRing>
<coordinates>121.53722584,24.17700133,0 121.53743505,24.17676153,0 121.53722584,24.17676153,0 121.53682888,24.17702091,0 121.53695226,24.17710900,0 121.53722584,24.17700133,0</coordinates>
</LinearRing></outerBoundaryIs></Polygon>
</Placemark>
<Placemark>
<name>SWCB_1480_1</name>
<ExtendedData>
<Data name="events"><value>0403花蓮地震</value></Data>
<Data name="area_ha"><value>1.0113556699</value></Data>
<Data name="source"><value>民國113年農村水保署災後衛星影像判釋</value></Data>
</ExtendedData>
<Polygon><outerBoundaryIs><LinearRing>
<coordinates>121.54145300,24.17184308,0 121.54139936,24.17203395,0 121.54184997,24.17208289,0 121.54201627,24.17197522,0 121.54243469,24.17207800,0 121.54293358,24.17175988,0 121.54314280,24.17137325,0 121.54271364,24.17105513,0 121.54222548,24.17152497,0 121.54176414,24.17168158,0 121.54145300,24.17184308,0</coordinates>
</LinearRing></outerBoundaryIs></Polygon>
</Placemark>
<Placemark>
<name>SWCB_1486_1</name>
<ExtendedData>
<Data name="events"><value>0403花蓮地震</value></Data>
<Data name="area_ha"><value>0.107457466218</value></Data>
<Data name="source"><value>民國113年農村水保署災後衛星影像判釋</value></Data>
</ExtendedData>
<Polygon><outerBoundaryIs><LinearRing>
<coordinates>121.55257344,24.17581701,0 121.55252516,24.17593935,0 121.55281484,24.17622320,0 121.55292213,24.17596872,0 121.55257344,24.17581701,0</coordinates>
</LinearRing></outerBoundaryIs></Polygon>
</Placemark>
<Placemark>
<name>SWCB_1549_1</name>
<ExtendedData>
<Data name="events"><value>0403花蓮地震</value></Data>
<Data name="area_ha"><value>0.968418548326</value></Data>
<Data name="source"><value>民國113年農村水保署災後衛星影像判釋</value></Data>
</ExtendedData>
<Polygon><outerBoundaryIs><LinearRing>
<coordinates>121.54610395,24.17640917,0 121.54574990,24.17592467,0 121.54593229,24.17545486,0 121.54588401,24.17516611,0 121.54534757,24.17594914,0 121.54527247,24.17624278,0 121.54489696,24.17646300,0 121.54484868,24.17676153,0 121.54551387,24.17674685,0 121.54588938,24.17651684,0 121.54610395,24.17640917,0</coordinates>
</LinearRing></outerBoundaryIs></Polygon>
</Placemark>
<Placemark>
<name>SWCB_1561_1</name>
<ExtendedData>
<Data name="events"><value>0403花蓮地震</value></Data>
<Data name="area_ha"><value>2.00416250675</value></Data>
<Data name="source"><value>民國113年農村水保署災後衛星影像判釋</value></Data>
</ExtendedData>
<Polygon><outerBoundaryIs><LinearRing>
<coordinates>121.54705346,24.17020845,0 121.54740751,24.17012036,0 121.54770792,24.17044337,0 121.54785812,24.17043358,0 121.54784739,24.17017908,0 121.54734313,24.16959668,0 121.54745579,24.16946454,0 121.54697835,24.16910237,0 121.54718220,24.16860806,0 121.54770792,24.16900449,0 121.54784739,24.16936176,0 121.54808342,24.16954285,0 121.54814243,24.16969946,0 121.54800296,24.17003226,0 121.54812634,24.17006652,0 121.54830337,24.16968478,0 121.54785812,24.16892129,0 121.54712319,24.16826057,0 121.54702663,24.16827036,0 121.54708028,24.16853464,0 121.54661357,24.16908769,0 121.54637218,24.16892129,0 121.54628098,24.16898002,0 121.54607177,24.16945964,0 121.54623270,24.16967499,0 121.54705346,24.17020845,0</coordinates>
</LinearRing></outerBoundaryIs></Polygon>
</Placemark>
<Placemark>
<name>SWCB_1562_1</name>
<ExtendedData>
<Data name="events"><value>0403花蓮地震</value></Data>
<Data name="area_ha"><value>0.209862832857</value></Data>
<Data name="source"><value>民國113年農村水保署災後衛星影像判釋</value></Data>
</ExtendedData>
<Polygon><outerBoundaryIs><LinearRing>
<coordinates>121.55168295,24.17709921,0 121.55168831,24.17676642,0 121.55157030,24.17662940,0 121.55129135,24.17681536,0 121.55136108,24.17717262,0 121.55168295,24.17709921,0</coordinates>
</LinearRing></outerBoundaryIs></Polygon>
</Placemark>
<Placemark>
<name>SWCB_1565_1</name>
<ExtendedData>
<Data name="events"><value>0403花蓮地震</value></Data>
<Data name="area_ha"><value>0.725323808244</value></Data>
<Data name="source"><value>民國113年農村水保署災後衛星影像判釋</value></Data>
</ExtendedData>
<Polygon><outerBoundaryIs><LinearRing>
<coordinates>121.54684424,24.17465714,0 121.54693544,24.17508781,0 121.54747188,24.17507802,0 121.54758453,24.17522973,0 121.54831946,24.17449564,0 121.54828191,24.17439776,0 121.54805124,24.17438797,0 121.54750407,24.17465225,0 121.54740751,24.17446628,0 121.54727876,24.17462288,0 121.54684424,24.17465714,0</coordinates>
</LinearRing></outerBoundaryIs></Polygon>
</Placemark>
<Placemark>
<name>SWCB_1583_1</name>
<ExtendedData>
<Data name="events"><value>0403花蓮地震</value></Data>
<Data name="area_ha"><value>1.24463074647</value></Data>
<Data name="source"><value>民國113年農村水保署災後衛星影像判釋</value></Data>
</ExtendedData>
<Polygon><outerBoundaryIs><LinearRing>
<coordinates>121.53670549,24.17447607,0 121.53650165,24.17431946,0 121.53642118,24.17472566,0 121.53600276,24.17487248,0 121.53580427,24.17509760,0 121.53573990,24.17549890,0 121.53675377,24.17578275,0 121.53737068,24.17567019,0 121.53736532,24.17545486,0 121.53710783,24.17530804,0 121.53681815,24.17537655,0 121.53668940,24.17504866,0 121.53670549,24.17447607,0</coordinates>
</LinearRing></outerBoundaryIs></Polygon>
</Placemark>
<Placemark>
<name>SWCB_1592_1</name>
<ExtendedData>
<Data name="events"><value>0403花蓮地震</value></Data>
<Data name="area_ha"><value>1.10841088825</value></Data>
<Data name="source"><value>民國113年農村水保署災後衛星影像判釋</value></Data>
</ExtendedData>
<Polygon><outerBoundaryIs><LinearRing>
<coordinates>121.53535903,24.17453969,0 121.53520346,24.17487737,0 121.53501034,24.17486269,0 121.53504789,24.17452990,0 121.53517127,24.17449075,0 121.53502107,24.17435861,0 121.53422177,24.17533251,0 121.53483868,24.17549890,0 121.53497279,24.17578764,0 121.53534830,24.17590020,0 121.53554142,24.17557720,0 121.53527319,24.17521505,0 121.53551996,24.17459841,0 121.53535903,24.17453969,0</coordinates>
</LinearRing></outerBoundaryIs></Polygon>
</Placemark>
<Placemark>
<name>SWCB_1618_1</name>
<ExtendedData>
<Data name="events"><value>0403花蓮地震</value></Data>
<Data name="area_ha"><value>1.04453004102</value></Data>
<Data name="source"><value>民國113年農村水保署災後衛星影像判釋</value></Data>
</ExtendedData>
<Polygon><outerBoundaryIs><LinearRing>
<coordinates>121.54719293,24.17915462,0 121.54750943,24.17898333,0 121.54738069,24.17686920,0 121.54708028,24.17615469,0 121.54703200,24.17870928,0 121.54683352,24.17892461,0 121.54696226,24.17902248,0 121.54719293,24.17915462,0</coordinates>
</LinearRing></outerBoundaryIs></Polygon>
</Placemark>
<Placemark>
<name>SWCB_1632_1</name>
<ExtendedData>
<Data name="events"><value>0403花蓮地震</value></Data>
<Data name="area_ha"><value>0.369150571117</value></Data>
<Data name="source"><value>民國113年農村水保署災後衛星影像判釋</value></Data>
</ExtendedData>
<Polygon><outerBoundaryIs><LinearRing>
<coordinates>121.53805196,24.17644832,0 121.53850794,24.17646790,0 121.53816462,24.17634066,0 121.53816998,24.17618405,0 121.53875470,24.17610085,0 121.53882980,24.17594914,0 121.53919458,24.17586105,0 121.53933406,24.17570445,0 121.53913021,24.17562614,0 121.53873861,24.17574360,0 121.53848112,24.17588552,0 121.53854549,24.17600787,0 121.53833091,24.17591978,0 121.53832018,24.17604213,0 121.53803587,24.17615958,0 121.53805196,24.17644832,0</coordinates>
</LinearRing></outerBoundaryIs></Polygon>
</Placemark>
<Placemark>
<name>SWCB_1636_1</name>
<ExtendedData>
<Data name="events"><value>0403花蓮地震</value></Data>
<Data name="area_ha"><value>0.370208845502</value></Data>
<Data name="source"><value>民國113年農村水保署災後衛星影像判釋</value></Data>
</ExtendedData>
<Polygon><outerBoundaryIs><LinearRing>
<coordinates>121.54931724,24.18230129,0 121.54931724,24.18213490,0 121.54796541,24.18302555,0 121.54758990,24.18336810,0 121.54767573,24.18355896,0 121.54931724,24.18230129,0</coordinates>
</LinearRing></outerBoundaryIs></Polygon>
</Placemark>
<Placemark>
<name>SWCB_1637_1</name>
<ExtendedData>
<Data name="events"><value>0403花蓮地震</value></Data>
<Data name="area_ha"><value>1.13233285538</value></Data>
<Data name="source"><value>民國113年農村水保署災後衛星影像判釋</value></Data>
</ExtendedData>
<Polygon><outerBoundaryIs><LinearRing>
<coordinates>121.53922677,24.17066360,0 121.53975785,24.17008610,0 121.53995633,24.16971414,0 121.53973103,24.16926877,0 121.53958619,24.16923451,0 121.53940916,24.16964073,0 121.53882980,24.17014483,0 121.53859913,24.17059019,0 121.53859377,24.17095725,0 121.53922677,24.17066360,0</coordinates>
</LinearRing></outerBoundaryIs></Polygon>
</Placemark>
<Placemark>
<name>SWCB_1664_1</name>
<ExtendedData>
<Data name="events"><value>0403花蓮地震</value></Data>
<Data name="area_ha"><value>0.573184818993</value></Data>
<Data name="source"><value>民國113年農村水保署災後衛星影像判釋</value></Data>
</ExtendedData>
<Polygon><outerBoundaryIs><LinearRing>
<coordinates>121.54462874,24.17298339,0 121.54470384,24.17285126,0 121.54465020,24.17255272,0 121.54429615,24.17214162,0 121.54412448,24.17223461,0 121.54394209,24.17263102,0 121.54414594,24.17311553,0 121.54462874,24.17298339,0</coordinates>
</LinearRing></outerBoundaryIs></Polygon>
</Placemark>
<Placemark>
<name>SWCB_1688_1</name>
<ExtendedData>
<Data name="events"><value>0403花蓮地震</value></Data>
<Data name="area_ha"><value>0.246153542903</value></Data>
<Data name="source"><value>民國113年農村水保署災後衛星影像判釋</value></Data>
</ExtendedData>
<Polygon><outerBoundaryIs><LinearRing>
<coordinates>121.53756917,24.17455437,0 121.53776228,24.17472076,0 121.53782666,24.17421668,0 121.53734386,24.17414817,0 121.53763354,24.17435861,0 121.53749943,24.17444181,0 121.53686106,24.17431456,0 121.53736532,24.17458373,0 121.53756917,24.17455437,0</coordinates>
</LinearRing></outerBoundaryIs></Polygon>
</Placemark>
<Placemark>
<name>SWCB_1695_1</name>
<ExtendedData>
<Data name="events"><value>0403花蓮地震</value></Data>
<Data name="area_ha"><value>0.1188445215</value></Data>
<Data name="source"><value>民國113年農村水保署災後衛星影像判釋</value></Data>
</ExtendedData>
<Polygon><outerBoundaryIs><LinearRing>
<coordinates>121.55245543,24.16923941,0 121.55227840,24.16921004,0 121.55234814,24.16899959,0 121.55211210,24.16899959,0 121.55220866,24.16923451,0 121.55202627,24.16940091,0 121.55246079,24.16941560,0 121.55245543,24.16923941,0</coordinates>
</LinearRing></outerBoundaryIs></Polygon>
</Placemark>
<Placemark>
<name>SWCB_3459_1</name>
<ExtendedData>
<Data name="events"><value>凱米颱風</value></Data>
<Data name="area_ha"><value>0.12001483685</value></Data>
<Data name="source"><value>民國113年農村水保署災後衛星影像判釋</value></Data>
</ExtendedData>
<Polygon><outerBoundaryIs><LinearRing>
<coordinates>121.53099775,24.17658046,0 121.53089583,24.17693771,0 121.53119087,24.17694260,0 121.53129280,24.17658046,0 121.53099775,24.17658046,0</coordinates>
</LinearRing></outerBoundaryIs></Polygon>
</Placemark>
<Placemark>
<name>SWCB_3485_1</name>
<ExtendedData>
<Data name="events"><value>凱米颱風</value></Data>
<Data name="area_ha"><value>0.330046683414</value></Data>
<Data name="source"><value>民國113年農村水保署災後衛星影像判釋</value></Data>
</ExtendedData>
<Polygon><outerBoundaryIs><LinearRing>
<coordinates>121.54998243,24.16917578,0 121.54997706,24.16962605,0 121.55036867,24.16990012,0 121.55066371,24.16990501,0 121.55056715,24.16954285,0 121.55018091,24.16917578,0 121.54998243,24.16917578,0</coordinates>
</LinearRing></outerBoundaryIs></Polygon>
</Placemark>
<Placemark>
<name>SWCB_3486_1</name>
<ExtendedData>
<Data name="events"><value>凱米颱風</value></Data>
<Data name="area_ha"><value>0.0300043318654</value></Data>
<Data name="source"><value>民國113年農村水保署災後衛星影像判釋</value></Data>
</ExtendedData>
<Polygon><outerBoundaryIs><LinearRing>
<coordinates>121.55175269,24.16919047,0 121.55175269,24.16946454,0 121.55184925,24.16946454,0 121.55184925,24.16919047,0 121.55175269,24.16919047,0</coordinates>
</LinearRing></outerBoundaryIs></Polygon>
</Placemark>
<Placemark>
<name>SWCB_3487_1</name>
<ExtendedData>
<Data name="events"><value>凱米颱風</value></Data>
<Data name="area_ha"><value>0.120017116752</value></Data>
<Data name="source"><value>民國113年農村水保署災後衛星影像判釋</value></Data>
</ExtendedData>
<Polygon><outerBoundaryIs><LinearRing>
<coordinates>121.55205309,24.16874509,0 121.55205309,24.16901427,0 121.55244470,24.16901917,0 121.55244470,24.16874509,0 121.55205309,24.16874509,0</coordinates>
</LinearRing></outerBoundaryIs></Polygon>
</Placemark>
<Placemark>
<name>SWCB_4405_1</name>
<ExtendedData>
<Data name="events"><value>山陀兒颱風</value></Data>
<Data name="area_ha"><value>0.105769765498</value></Data>
<Data name="source"><value>民國113年農村水保署災後衛星影像判釋</value></Data>
</ExtendedData>
<Polygon><outerBoundaryIs><LinearRing>
<coordinates>121.53111041,24.17148092,0 121.53121769,24.17097683,0 121.53095484,24.17100619,0 121.53097093,24.17135857,0 121.53111041,24.17148092,0</coordinates>
</LinearRing></outerBoundaryIs></Polygon>
</Placemark>
<Placemark>
<name>SWCB_5569_1</name>
<ExtendedData>
<Data name="events"><value>康芮颱風</value></Data>
<Data name="area_ha"><value>0.100013459849</value></Data>
<Data name="source"><value>民國113年農村水保署災後衛星影像判釋</value></Data>
</ExtendedData>
<Polygon><outerBoundaryIs><LinearRing>
<coordinates>121.54423714,24.18338768,0 121.54453218,24.18338768,0 121.54453218,24.18320661,0 121.54423714,24.18311363,0 121.54414058,24.18320661,0 121.54423714,24.18338768,0</coordinates>
</LinearRing></outerBoundaryIs></Polygon>
</Placemark>
<Placemark>
<name>SWCB_282_1</name>
<ExtendedData>
<Data name="events"><value>0403花蓮地震</value></Data>
<Data name="area_ha"><value>0.125622236745</value></Data>
<Data name="source"><value>民國113年農村水保署災後衛星影像判釋</value></Data>
</ExtendedData>
<Polygon><outerBoundaryIs><LinearRing>
<coordinates>121.54865205,24.13195015,0 121.54800296,24.13197463,0 121.54839456,24.13222430,0 121.54863596,24.13221451,0 121.54860914,24.13210681,0 121.54865205,24.13195015,0</coordinates>
</LinearRing></outerBoundaryIs></Polygon>
</Placemark>
<Placemark>
<name>SWCB_283_1</name>
<ExtendedData>
<Data name="events"><value>0403花蓮地震</value></Data>
<Data name="area_ha"><value>0.0500328720867</value></Data>
<Data name="source"><value>民國113年農村水保署災後衛星影像判釋</value></Data>
</ExtendedData>
<Polygon><outerBoundaryIs><LinearRing>
<coordinates>121.54370606,24.13682608,0 121.54325545,24.13687014,0 121.54326618,24.13692888,0 121.54370070,24.13695825,0 121.54370606,24.13682608,0</coordinates>
</LinearRing></outerBoundaryIs></Polygon>
</Placemark>
<Placemark>
<name>SWCB_287_1</name>
<ExtendedData>
<Data name="events"><value>0403花蓮地震</value></Data>
<Data name="area_ha"><value>0.247598598241</value></Data>
<Data name="source"><value>民國113年農村水保署災後衛星影像判釋</value></Data>
</ExtendedData>
<Polygon><outerBoundaryIs><LinearRing>
<coordinates>121.55290604,24.13529380,0 121.55324936,24.13540150,0 121.55340493,24.13522527,0 121.55340493,24.13481405,0 121.55307770,24.13492664,0 121.55309379,24.13503434,0 121.55327618,24.13502945,0 121.55318499,24.13532807,0 121.55286312,24.13514204,0 121.55261099,24.13554837,0 121.55275047,24.13555816,0 121.55290604,24.13529380,0</coordinates>
</LinearRing></outerBoundaryIs></Polygon>
</Placemark>
<Placemark>
<name>SWCB_284_1</name>
<ExtendedData>
<Data name="events"><value>0403花蓮地震</value></Data>
<Data name="area_ha"><value>1.07988909714</value></Data>
<Data name="source"><value>民國113年農村水保署災後衛星影像判釋</value></Data>
</ExtendedData>
<Polygon><outerBoundaryIs><LinearRing>
<coordinates>121.54703736,24.13962622,0 121.54732704,24.13992484,0 121.54735923,24.14021856,0 121.54747725,24.14020877,0 121.54757380,24.13996400,0 121.54740214,24.13967028,0 121.54734313,24.13921991,0 121.54746115,24.13919544,0 121.54753089,24.13897025,0 121.54723585,24.13864226,0 121.54755771,24.13786390,0 121.54735386,24.13758976,0 121.54746115,24.13699252,0 121.54784203,24.13615051,0 121.54754698,24.13632185,0 121.54711246,24.13815762,0 121.54703736,24.13962622,0</coordinates>
</LinearRing></outerBoundaryIs></Polygon>
</Placemark>
<Placemark>
<name>SWCB_302_1</name>
<ExtendedData>
<Data name="events"><value>0403花蓮地震</value></Data>
<Data name="area_ha"><value>0.154385934777</value></Data>
<Data name="source"><value>民國113年農村水保署災後衛星影像判釋</value></Data>
</ExtendedData>
<Polygon><outerBoundaryIs><LinearRing>
<coordinates>121.54778302,24.14070319,0 121.54776692,24.14110949,0 121.54785812,24.14113887,0 121.54790640,24.14062976,0 121.54764354,24.14061997,0 121.54754698,24.14076683,0 121.54747188,24.14107033,0 121.54758990,24.14116824,0 121.54771328,24.14081578,0 121.54778302,24.14070319,0</coordinates>
</LinearRing></outerBoundaryIs></Polygon>
</Placemark>
<Placemark>
<name>SWCB_289_1</name>
<ExtendedData>
<Data name="events"><value>0403花蓮地震</value></Data>
<Data name="area_ha"><value>0.237730936717</value></Data>
<Data name="source"><value>民國113年農村水保署災後衛星影像判釋</value></Data>
</ExtendedData>
<Polygon><outerBoundaryIs><LinearRing>
<coordinates>121.54546559,24.13818700,0 121.54544413,24.13787859,0 121.54506326,24.13842197,0 121.54473603,24.13851009,0 121.54449999,24.13880381,0 121.54482186,24.13877444,0 121.54511690,24.13853946,0 121.54546559,24.13818700,0</coordinates>
</LinearRing></outerBoundaryIs></Polygon>
</Placemark>
<Placemark>
<name>SWCB_292_1</name>
<ExtendedData>
<Data name="events"><value>0403花蓮地震</value></Data>
<Data name="area_ha"><value>0.131809969685</value></Data>
<Data name="source"><value>民國113年農村水保署災後衛星影像判釋</value></Data>
</ExtendedData>
<Polygon><outerBoundaryIs><LinearRing>
<coordinates>121.54806197,24.13044719,0 121.54790640,24.13017304,0 121.54797614,24.13042761,0 121.54784203,24.13064302,0 121.54793859,24.13075562,0 121.54771864,24.13072625,0 121.54771328,24.13099551,0 121.54797077,24.13079478,0 121.54806197,24.13044719,0</coordinates>
</LinearRing></outerBoundaryIs></Polygon>
</Placemark>
<Placemark>
<name>SWCB_293_1</name>
<ExtendedData>
<Data name="events"><value>0403花蓮地震</value></Data>
<Data name="area_ha"><value>0.157517418653</value></Data>
<Data name="source"><value>民國113年農村水保署災後衛星影像判釋</value></Data>
</ExtendedData>
<Polygon><outerBoundaryIs><LinearRing>
<coordinates>121.54204845,24.12733352,0 121.54186070,24.12716216,0 121.54123843,24.12730414,0 121.54201627,24.12749018,0 121.54204845,24.12733352,0</coordinates>
</LinearRing></outerBoundaryIs></Polygon>
</Placemark>
<Placemark>
<name>SWCB_294_1</name>
<ExtendedData>
<Data name="events"><value>0403花蓮地震</value></Data>
<Data name="area_ha"><value>0.0377640534712</value></Data>
<Data name="source"><value>民國113年農村水保署災後衛星影像判釋</value></Data>
</ExtendedData>
<Polygon><outerBoundaryIs><LinearRing>
<coordinates>121.54308915,24.13524485,0 121.54308915,24.13517631,0 121.54275656,24.13526443,0 121.54290676,24.13538192,0 121.54308915,24.13524485,0</coordinates>
</LinearRing></outerBoundaryIs></Polygon>
</Placemark>
<Placemark>
<name>SWCB_307_1</name>
<ExtendedData>
<Data name="events"><value>0403花蓮地震</value></Data>
<Data name="area_ha"><value>0.0835375036694</value></Data>
<Data name="source"><value>民國113年農村水保署災後衛星影像判釋</value></Data>
</ExtendedData>
<Polygon><outerBoundaryIs><LinearRing>
<coordinates>121.54865205,24.13154382,0 121.54821217,24.13162215,0 121.54822826,24.13164662,0 121.54898465,24.13172985,0 121.54865205,24.13154382,0</coordinates>
</LinearRing></outerBoundaryIs></Polygon>
</Placemark>
<Placemark>
<name>SWCB_313_1</name>
<ExtendedData>
<Data name="events"><value>0403花蓮地震</value></Data>
<Data name="area_ha"><value>0.145627833747</value></Data>
<Data name="source"><value>民國113年農村水保署災後衛星影像判釋</value></Data>
</ExtendedData>
<Polygon><outerBoundaryIs><LinearRing>
<coordinates>121.55307770,24.13363423,0 121.55260563,24.13365381,0 121.55214965,24.13405035,0 121.55247152,24.13382026,0 121.55279875,24.13379088,0 121.55307770,24.13363423,0</coordinates>
</LinearRing></outerBoundaryIs></Polygon>
</Placemark>
<Placemark>
<name>SWCB_314_1</name>
<ExtendedData>
<Data name="events"><value>0403花蓮地震</value></Data>
<Data name="area_ha"><value>0.026437714162</value></Data>
<Data name="source"><value>民國113年農村水保署災後衛星影像判釋</value></Data>
</ExtendedData>
<Polygon><outerBoundaryIs><LinearRing>
<coordinates>121.54395819,24.13754081,0 121.54404938,24.13746738,0 121.54382944,24.13740374,0 121.54385090,24.13753591,0 121.54395819,24.13754081,0</coordinates>
</LinearRing></outerBoundaryIs></Polygon>
</Placemark>
<Placemark>
<name>SWCB_323_1</name>
<ExtendedData>
<Data name="events"><value>0403花蓮地震</value></Data>
<Data name="area_ha"><value>0.0947076123366</value></Data>
<Data name="source"><value>民國113年農村水保署災後衛星影像判釋</value></Data>
</ExtendedData>
<Polygon><outerBoundaryIs><LinearRing>
<coordinates>121.54186606,24.13435877,0 121.54187143,24.13376641,0 121.54175878,24.13388390,0 121.54167295,24.13453011,0 121.54186606,24.13435877,0</coordinates>
</LinearRing></outerBoundaryIs></Polygon>
</Placemark>
<Placemark>
<name>SWCB_327_1</name>
<ExtendedData>
<Data name="events"><value>0403花蓮地震</value></Data>
<Data name="area_ha"><value>0.179317852842</value></Data>
<Data name="source"><value>民國113年農村水保署災後衛星影像判釋</value></Data>
</ExtendedData>
<Polygon><outerBoundaryIs><LinearRing>
<coordinates>121.54429078,24.13571971,0 121.54451072,24.13555816,0 121.54436588,24.13558264,0 121.54434979,24.13547494,0 121.54423714,24.13554837,0 121.54420495,24.13538192,0 121.54403329,24.13544067,0 121.54382944,24.13581272,0 121.54408157,24.13577356,0 121.54429078,24.13571971,0</coordinates>
</LinearRing></outerBoundaryIs></Polygon>
</Placemark>
<Placemark>
<name>SWCB_332_1</name>
<ExtendedData>
<Data name="events"><value>0403花蓮地震</value></Data>
<Data name="area_ha"><value>0.186750512952</value></Data>
<Data name="source"><value>民國113年農村水保署災後衛星影像判釋</value></Data>
</ExtendedData>
<Polygon><outerBoundaryIs><LinearRing>
<coordinates>121.55336738,24.13385453,0 121.55333519,24.13370766,0 121.55282557,24.13387900,0 121.55236423,24.13427065,0 121.55294359,24.13412868,0 121.55300260,24.13397202,0 121.55336738,24.13385453,0</coordinates>
</LinearRing></outerBoundaryIs></Polygon>
</Placemark>
<Placemark>
<name>SWCB_345_1</name>
<ExtendedData>
<Data name="events"><value>0403花蓮地震</value></Data>
<Data name="area_ha"><value>0.304750282108</value></Data>
<Data name="source"><value>民國113年農村水保署災後衛星影像判釋</value></Data>
</ExtendedData>
<Polygon><outerBoundaryIs><LinearRing>
<coordinates>121.54837310,24.13958706,0 121.54846966,24.13914159,0 121.54888272,24.13868632,0 121.54828727,24.13916117,0 121.54788494,24.13964581,0 121.54789567,24.13983183,0 121.54802978,24.13988568,0 121.54822826,24.13962622,0 121.54837310,24.13958706,0</coordinates>
</LinearRing></outerBoundaryIs></Polygon>
</Placemark>
<Placemark>
<name>SWCB_350_1</name>
<ExtendedData>
<Data name="events"><value>0403花蓮地震</value></Data>
<Data name="area_ha"><value>0.337003990599</value></Data>
<Data name="source"><value>民國113年農村水保署災後衛星影像判釋</value></Data>
</ExtendedData>
<Polygon><outerBoundaryIs><LinearRing>
<coordinates>121.55159712,24.13405035,0 121.55115187,24.13350694,0 121.55104995,24.13354611,0 121.55105531,24.13420700,0 121.55122697,24.13467697,0 121.55138254,24.13471124,0 121.55124843,24.13431960,0 121.55159712,24.13405035,0</coordinates>
</LinearRing></outerBoundaryIs></Polygon>
</Placemark>
<Placemark>
<name>SWCB_1375_1</name>
<ExtendedData>
<Data name="events"><value>0403花蓮地震</value></Data>
<Data name="area_ha"><value>0.030245845305</value></Data>
<Data name="source"><value>民國113年農村水保署災後衛星影像判釋</value></Data>
</ExtendedData>
<Polygon><outerBoundaryIs><LinearRing>
<coordinates>121.54003143,24.13336497,0 121.54004216,24.13330623,0 121.53980613,24.13334539,0 121.53987586,24.13347267,0 121.54003143,24.13336497,0</coordinates>
</LinearRing></outerBoundaryIs></Polygon>
</Placemark>
<Placemark>
<name>SWCB_1476_1</name>
<ExtendedData>
<Data name="events"><value>0403花蓮地震</value></Data>
<Data name="area_ha"><value>1.30758332585</value></Data>
<Data name="source"><value>民國113年農村水保署災後衛星影像判釋</value></Data>
</ExtendedData>
<Polygon><outerBoundaryIs><LinearRing>
<coordinates>121.55218184,24.14594102,0 121.55310988,24.14620535,0 121.55339420,24.14612213,0 121.55361950,24.14572563,0 121.55338883,24.14522144,0 121.55325472,24.14518228,0 121.55209601,24.14551514,0 121.55178487,24.14561794,0 121.55218184,24.14594102,0</coordinates>
</LinearRing></outerBoundaryIs></Polygon>
</Placemark>
<Placemark>
<name>SWCB_1574_1</name>
<ExtendedData>
<Data name="events"><value>0403花蓮地震</value></Data>
<Data name="area_ha"><value>0.552770458929</value></Data>
<Data name="source"><value>民國113年農村水保署災後衛星影像判釋</value></Data>
</ExtendedData>
<Polygon><outerBoundaryIs><LinearRing>
<coordinates>121.55034721,24.14434521,0 121.55033112,24.14410046,0 121.55013263,24.14402214,0 121.55054569,24.14341514,0 121.55018091,24.14339066,0 121.55001462,24.14350325,0 121.55000925,24.14386549,0 121.54967129,24.14437948,0 121.54986441,24.14458508,0 121.55034721,24.14434521,0</coordinates>
</LinearRing></outerBoundaryIs></Polygon>
</Placemark>
<Placemark>
<name>SWCB_1569_1</name>
<ExtendedData>
<Data name="events"><value>0403花蓮地震</value></Data>
<Data name="area_ha"><value>0.253969202888</value></Data>
<Data name="source"><value>民國113年農村水保署災後衛星影像判釋</value></Data>
</ExtendedData>
<Polygon><outerBoundaryIs><LinearRing>
<coordinates>121.53898537,24.13380557,0 121.53909266,24.13417274,0 121.53937161,24.13448605,0 121.53959155,24.13436856,0 121.53952181,24.13411399,0 121.53906047,24.13367829,0 121.53898537,24.13380557,0</coordinates>
</LinearRing></outerBoundaryIs></Polygon>
</Placemark>
<Placemark>
<name>SWCB_1571_1</name>
<ExtendedData>
<Data name="events"><value>0403花蓮地震</value></Data>
<Data name="area_ha"><value>1.19285237363</value></Data>
<Data name="source"><value>民國113年農村水保署災後衛星影像判釋</value></Data>
</ExtendedData>
<Polygon><outerBoundaryIs><LinearRing>
<coordinates>121.54517591,24.14204448,0 121.54548168,24.14220603,0 121.54547632,24.14285709,0 121.54490769,24.14322912,0 121.54552460,24.14408088,0 121.54620051,24.14461934,0 121.54592156,24.14492773,0 121.54588401,24.14516759,0 121.54617906,24.14472703,0 121.54652774,24.14464871,0 121.54568553,24.14379206,0 121.54581964,24.14349835,0 121.54616296,24.14325849,0 121.54601276,24.14320954,0 121.54588401,24.14340045,0 121.54557288,24.14344940,0 121.54566407,24.14297457,0 121.54549241,24.14195637,0 121.54515445,24.14183399,0 121.54513299,24.14195148,0 121.54485941,24.14201022,0 121.54497206,24.14216197,0 121.54517591,24.14204448,0</coordinates>
</LinearRing></outerBoundaryIs></Polygon>
</Placemark>
<Placemark>
<name>SWCB_1674_1</name>
<ExtendedData>
<Data name="events"><value>0403花蓮地震</value></Data>
<Data name="area_ha"><value>0.187854716643</value></Data>
<Data name="source"><value>民國113年農村水保署災後衛星影像判釋</value></Data>
</ExtendedData>
<Polygon><outerBoundaryIs><LinearRing>
<coordinates>121.54195726,24.14113887,0 121.54219329,24.14080599,0 121.54194653,24.14066892,0 121.54144764,24.14103607,0 121.54150665,24.14108991,0 121.54195726,24.14113887,0</coordinates>
</LinearRing></outerBoundaryIs></Polygon>
</Placemark>
<Placemark>
<name>SWCB_3496_1</name>
<ExtendedData>
<Data name="events"><value>凱米颱風</value></Data>
<Data name="area_ha"><value>0.430239898429</value></Data>
<Data name="source"><value>民國113年農村水保署災後衛星影像判釋</value></Data>
</ExtendedData>
<Polygon><outerBoundaryIs><LinearRing>
<coordinates>121.54292285,24.14455081,0 121.54296041,24.14438927,0 121.54253125,24.14429626,0 121.54228985,24.14439417,0 121.54208601,24.14475640,0 121.54152274,24.14475640,0 121.54147446,24.14485920,0 121.54184461,24.14498647,0 121.54271901,24.14465850,0 121.54292285,24.14455081,0</coordinates>
</LinearRing></outerBoundaryIs></Polygon>
</Placemark>
<Placemark>
<name>SWCB_3501_1</name>
<ExtendedData>
<Data name="events"><value>凱米颱風</value></Data>
<Data name="area_ha"><value>0.0600074323419</value></Data>
<Data name="source"><value>民國113年農村水保署災後衛星影像判釋</value></Data>
</ExtendedData>
<Polygon><outerBoundaryIs><LinearRing>
<coordinates>121.53143227,24.13892619,0 121.53142691,24.13910732,0 121.53172195,24.13911222,0 121.53172731,24.13893109,0 121.53143227,24.13892619,0</coordinates>
</LinearRing></outerBoundaryIs></Polygon>
</Placemark>
<Placemark>
<name>SWCB_1344_1</name>
<ExtendedData>
<Data name="events"><value>0403花蓮地震</value></Data>
<Data name="area_ha"><value>0.36742592953</value></Data>
<Data name="source"><value>民國113年農村水保署災後衛星影像判釋</value></Data>
</ExtendedData>
<Polygon><outerBoundaryIs><LinearRing>
<coordinates>121.53366923,24.16512334,0 121.53401792,24.16515271,0 121.53490305,24.16458986,0 121.53379261,24.16484436,0 121.53372824,24.16502056,0 121.53338492,24.16515760,0 121.53348148,24.16524570,0 121.53366923,24.16512334,0</coordinates>
</LinearRing></outerBoundaryIs></Polygon>
</Placemark>
<Placemark>
<name>SWCB_1349_1</name>
<ExtendedData>
<Data name="events"><value>0403花蓮地震</value></Data>
<Data name="area_ha"><value>0.149810097381</value></Data>
<Data name="source"><value>民國113年農村水保署災後衛星影像判釋</value></Data>
</ExtendedData>
<Polygon><outerBoundaryIs><LinearRing>
<coordinates>121.55279875,24.15894165,0 121.55241251,24.15889760,0 121.55240178,24.15921575,0 121.55262172,24.15925490,0 121.55279875,24.15894165,0</coordinates>
</LinearRing></outerBoundaryIs></Polygon>
</Placemark>
<Placemark>
<name>SWCB_1351_1</name>
<ExtendedData>
<Data name="events"><value>0403花蓮地震</value></Data>
<Data name="area_ha"><value>0.41356910086</value></Data>
<Data name="source"><value>民國113年農村水保署災後衛星影像判釋</value></Data>
</ExtendedData>
<Polygon><outerBoundaryIs><LinearRing>
<coordinates>121.55280948,24.14912766,0 121.55312598,24.14906403,0 121.55329227,24.14890250,0 121.55291677,24.14891229,0 121.55288994,24.14833468,0 121.55332983,24.14775707,0 121.55314744,24.14771302,0 121.55260026,24.14808993,0 121.55284703,24.14864306,0 121.55280948,24.14912766,0</coordinates>
</LinearRing></outerBoundaryIs></Polygon>
</Placemark>
<Placemark>
<name>SWCB_1359_1</name>
<ExtendedData>
<Data name="events"><value>0403花蓮地震</value></Data>
<Data name="area_ha"><value>0.533416965909</value></Data>
<Data name="source"><value>民國113年農村水保署災後衛星影像判釋</value></Data>
</ExtendedData>
<Polygon><outerBoundaryIs><LinearRing>
<coordinates>121.54915631,24.15113458,0 121.54968202,24.15091920,0 121.55021846,24.15086536,0 121.55058861,24.15088004,0 121.55107677,24.15116884,0 121.55089438,24.15091920,0 121.55022919,24.15057656,0 121.54949963,24.15061082,0 121.54925823,24.15077725,0 121.54915631,24.15113458,0</coordinates>
</LinearRing></outerBoundaryIs></Polygon>
</Placemark>
<Placemark>
<name>SWCB_1377_1</name>
<ExtendedData>
<Data name="events"><value>0403花蓮地震</value></Data>
<Data name="area_ha"><value>3.13689773534</value></Data>
<Data name="source"><value>民國113年農村水保署災後衛星影像判釋</value></Data>
</ExtendedData>
<Polygon><outerBoundaryIs><LinearRing>
<coordinates>121.55096948,24.15349388,0 121.55038476,24.15267645,0 121.55013800,24.15223102,0 121.55009508,24.15173664,0 121.54964447,24.15185412,0 121.54924750,24.15215270,0 121.54876471,24.15173664,0 121.54861450,24.15174643,0 121.54856622,24.15195691,0 121.54881299,24.15222613,0 121.54878616,24.15235339,0 121.54838383,24.15209397,0 121.54811561,24.15157022,0 121.54793859,24.15165343,0 121.54820681,24.15227018,0 121.54860914,24.15264219,0 121.54851258,24.15303867,0 121.54859304,24.15319040,0 121.54998779,24.15324914,0 121.55135572,24.15383651,0 121.55117333,24.15337151,0 121.55096948,24.15349388,0</coordinates>
</LinearRing></outerBoundaryIs></Polygon>
</Placemark>
<Placemark>
<name>SWCB_1420_1</name>
<ExtendedData>
<Data name="events"><value>0403花蓮地震</value></Data>
<Data name="area_ha"><value>0.532440234705</value></Data>
<Data name="source"><value>民國113年農村水保署災後衛星影像判釋</value></Data>
</ExtendedData>
<Polygon><outerBoundaryIs><LinearRing>
<coordinates>121.55118942,24.14950947,0 121.55214429,24.14899061,0 121.55233204,24.14878012,0 121.55231595,24.14857943,0 121.55152738,24.14886823,0 121.55108213,24.14948989,0 121.55104995,24.14988638,0 121.55118942,24.14950947,0</coordinates>
</LinearRing></outerBoundaryIs></Polygon>
</Placemark>
<Placemark>
<name>SWCB_1442_1</name>
<ExtendedData>
<Data name="events"><value>0403花蓮地震</value></Data>
<Data name="area_ha"><value>0.307147267356</value></Data>
<Data name="source"><value>民國113年農村水保署災後衛星影像判釋</value></Data>
</ExtendedData>
<Polygon><outerBoundaryIs><LinearRing>
<coordinates>121.54656529,24.14889760,0 121.54733777,24.14855985,0 121.54697299,24.14855985,0 121.54688716,24.14872138,0 121.54671013,24.14861859,0 121.54675305,24.14833468,0 121.54699981,24.14814378,0 121.54628098,24.14853048,0 121.54636681,24.14866264,0 121.54661894,24.14858922,0 121.54664576,24.14871159,0 121.54637754,24.14895634,0 121.54669404,24.14924025,0 121.54656529,24.14889760,0</coordinates>
</LinearRing></outerBoundaryIs></Polygon>
</Placemark>
<Placemark>
<name>SWCB_1449_1</name>
<ExtendedData>
<Data name="events"><value>0403花蓮地震</value></Data>
<Data name="area_ha"><value>0.345683511918</value></Data>
<Data name="source"><value>民國113年農村水保署災後衛星影像判釋</value></Data>
</ExtendedData>
<Polygon><outerBoundaryIs><LinearRing>
<coordinates>121.55025601,24.15418404,0 121.55093193,24.15429662,0 121.55088365,24.15417915,0 121.55028284,24.15412041,0 121.54992878,24.15389525,0 121.55034184,24.15389525,0 121.55108213,24.15416936,0 121.55094266,24.15390994,0 121.55029356,24.15366520,0 121.54975176,24.15396378,0 121.55025601,24.15418404,0</coordinates>
</LinearRing></outerBoundaryIs></Polygon>
</Placemark>
<Placemark>
<name>SWCB_1450_1</name>
<ExtendedData>
<Data name="events"><value>0403花蓮地震</value></Data>
<Data name="area_ha"><value>0.422579038569</value></Data>
<Data name="source"><value>民國113年農村水保署災後衛星影像判釋</value></Data>
</ExtendedData>
<Polygon><outerBoundaryIs><LinearRing>
<coordinates>121.54819071,24.15773758,0 121.54857159,24.15733133,0 121.54901147,24.15721875,0 121.54882371,24.15705233,0 121.54846966,24.15716980,0 121.54834628,24.15695444,0 121.54782593,24.15772779,0 121.54819071,24.15773758,0</coordinates>
</LinearRing></outerBoundaryIs></Polygon>
</Placemark>
<Placemark>
<name>SWCB_1507_1</name>
<ExtendedData>
<Data name="events"><value>0403花蓮地震</value></Data>
<Data name="area_ha"><value>0.384456829337</value></Data>
<Data name="source"><value>民國113年農村水保署災後衛星影像判釋</value></Data>
</ExtendedData>
<Polygon><outerBoundaryIs><LinearRing>
<coordinates>121.54813170,24.16612667,0 121.54832482,24.16621967,0 121.54930115,24.16636649,0 121.54957473,24.16624903,0 121.54928505,24.16599942,0 121.54817462,24.16600432,0 121.54813170,24.16612667,0</coordinates>
</LinearRing></outerBoundaryIs></Polygon>
</Placemark>
<Placemark>
<name>SWCB_1531_1</name>
<ExtendedData>
<Data name="events"><value>0403花蓮地震</value></Data>
<Data name="area_ha"><value>0.221113030519</value></Data>
<Data name="source"><value>民國113年農村水保署災後衛星影像判釋</value></Data>
</ExtendedData>
<Polygon><outerBoundaryIs><LinearRing>
<coordinates>121.54622734,24.15110521,0 121.54716611,24.15061572,0 121.54695690,24.15061572,0 121.54698908,24.15041992,0 121.54652238,24.15090452,0 121.54587865,24.15103178,0 121.54570699,24.15119331,0 121.54622734,24.15110521,0</coordinates>
</LinearRing></outerBoundaryIs></Polygon>
</Placemark>
<Placemark>
<name>SWCB_1558_1</name>
<ExtendedData>
<Data name="events"><value>0403花蓮地震</value></Data>
<Data name="area_ha"><value>0.436345345392</value></Data>
<Data name="source"><value>民國113年農村水保署災後衛星影像判釋</value></Data>
</ExtendedData>
<Polygon><outerBoundaryIs><LinearRing>
<coordinates>121.54898465,24.15478120,0 121.54903293,24.15460988,0 121.54872179,24.15341556,0 121.54852331,24.15345962,0 121.54873252,24.15399804,0 121.54858768,24.15471267,0 121.54868960,24.15493294,0 121.54898465,24.15478120,0</coordinates>
</LinearRing></outerBoundaryIs></Polygon>
</Placemark>
<Placemark>
<name>SWCB_1608_1</name>
<ExtendedData>
<Data name="events"><value>0403花蓮地震</value></Data>
<Data name="area_ha"><value>0.763330102809</value></Data>
<Data name="source"><value>民國113年農村水保署災後衛星影像判釋</value></Data>
</ExtendedData>
<Polygon><outerBoundaryIs><LinearRing>
<coordinates>121.54627562,24.14806056,0 121.54677987,24.14803609,0 121.54657602,24.14784518,0 121.54647946,24.14801161,0 121.54635608,24.14797735,0 121.54632390,24.14779134,0 121.54655993,24.14758575,0 121.54644728,24.14740463,0 121.54660821,24.14725778,0 121.54650092,24.14717946,0 121.54693544,24.14692982,0 121.54682279,24.14675849,0 121.54649019,24.14696898,0 121.54545486,24.14718436,0 121.54555142,24.14729694,0 121.54584110,24.14723331,0 121.54598057,24.14739484,0 121.54636145,24.14737037,0 121.54617906,24.14752701,0 121.54621661,24.14789903,0 121.54588938,24.14801161,0 121.54603422,24.14811930,0 121.54600739,24.14839832,0 121.54627562,24.14806056,0</coordinates>
</LinearRing></outerBoundaryIs></Polygon>
</Placemark>
<Placemark>
<name>SWCB_1609_1</name>
<ExtendedData>
<Data name="events"><value>0403花蓮地震</value></Data>
<Data name="area_ha"><value>0.592460495363</value></Data>
<Data name="source"><value>民國113年農村水保署災後衛星影像判釋</value></Data>
</ExtendedData>
<Polygon><outerBoundaryIs><LinearRing>
<coordinates>121.54931724,24.15578462,0 121.54978395,24.15537836,0 121.54968739,24.15510425,0 121.54993951,24.15510915,0 121.55019701,24.15494273,0 121.55017018,24.15483994,0 121.54974639,24.15483015,0 121.54940307,24.15496720,0 121.54917240,24.15571119,0 121.54940307,24.15639645,0 121.54931724,24.15578462,0</coordinates>
</LinearRing></outerBoundaryIs></Polygon>
</Placemark>
<Placemark>
<name>SWCB_1609_2</name>
<ExtendedData>
<Data name="events"><value>0403花蓮地震</value></Data>
<Data name="area_ha"><value>0.592460495363</value></Data>
<Data name="source"><value>民國113年農村水保署災後衛星影像判釋</value></Data>
</ExtendedData>
<Polygon><outerBoundaryIs><LinearRing>
<coordinates>121.54915094,24.15563777,0 121.54917240,24.15575525,0 121.54917240,24.15571119,0 121.54915094,24.15563777,0</coordinates>
</LinearRing></outerBoundaryIs></Polygon>
</Placemark>
<Placemark>
<name>SWCB_1662_1</name>
<ExtendedData>
<Data name="events"><value>0403花蓮地震</value></Data>
<Data name="area_ha"><value>10.1692861605</value></Data>
<Data name="source"><value>民國113年農村水保署災後衛星影像判釋</value></Data>
</ExtendedData>
<Polygon><outerBoundaryIs><LinearRing>
<coordinates>121.54821217,24.16014081,0 121.54787958,24.16028276,0 121.54774010,24.16062048,0 121.54807806,24.16086031,0 121.54813707,24.16105609,0 121.54801905,24.16133018,0 121.54829800,24.16182452,0 121.54855013,24.16194688,0 121.54866278,24.16220629,0 121.54891491,24.16239717,0 121.54941916,24.16253911,0 121.55058324,24.16236291,0 121.55078709,24.16212797,0 121.55152738,24.16213287,0 121.55190825,24.16181962,0 121.55287921,24.16186857,0 121.55133426,24.16145254,0 121.55114651,24.16110993,0 121.55118406,24.16092883,0 121.55147910,24.16070368,0 121.55159712,24.16039533,0 121.55152738,24.16020934,0 121.55065298,24.15955347,0 121.55001462,24.15969052,0 121.54914021,24.16028276,0 121.54905438,24.16000866,0 121.54933870,24.15972967,0 121.54944062,24.15914722,0 121.54922605,24.15899060,0 121.54923677,24.15880460,0 121.54894173,24.15866755,0 121.54813707,24.15860882,0 121.54803514,24.15868224,0 121.54856086,24.15912275,0 121.54925823,24.15925490,0 121.54928505,24.15942621,0 121.54899538,24.15991077,0 121.54821217,24.15996951,0 121.54821217,24.16014081,0</coordinates>
</LinearRing></outerBoundaryIs></Polygon>
</Placemark>
<Placemark>
<name>SWCB_1680_1</name>
<ExtendedData>
<Data name="events"><value>0403花蓮地震</value></Data>
<Data name="area_ha"><value>4.4776805653</value></Data>
<Data name="source"><value>民國113年農村水保署災後衛星影像判釋</value></Data>
</ExtendedData>
<Polygon><outerBoundaryIs><LinearRing>
<coordinates>121.55616224,24.15117863,0 121.55669868,24.15124716,0 121.55698836,24.15095347,0 121.55693471,24.15080172,0 121.55644655,24.15064509,0 121.55591547,24.15094368,0 121.55518591,24.15087025,0 121.55560970,24.14998917,0 121.55558825,24.14974932,0 121.55534148,24.14979827,0 121.55503571,24.15010665,0 121.55485868,24.15048356,0 121.55400574,24.15145274,0 121.55334592,24.15257855,0 121.55257881,24.15323935,0 121.55308306,24.15309740,0 121.55343711,24.15319530,0 121.55369997,24.15311698,0 121.55512691,24.15181496,0 121.55549169,24.15163385,0 121.55582428,24.15131079,0 121.55616224,24.15117863,0</coordinates>
</LinearRing></outerBoundaryIs></Polygon>
</Placemark>
<Placemark>
<name>SWCB_1684_1</name>
<ExtendedData>
<Data name="events"><value>0403花蓮地震</value></Data>
<Data name="area_ha"><value>0.340022314799</value></Data>
<Data name="source"><value>民國113年農村水保署災後衛星影像判釋</value></Data>
</ExtendedData>
<Polygon><outerBoundaryIs><LinearRing>
<coordinates>121.53890491,24.15841304,0 121.53906047,24.15821236,0 121.53902292,24.15852561,0 121.53923213,24.15839346,0 121.53927505,24.15796273,0 121.53915703,24.15784526,0 121.53867424,24.15778653,0 121.53860450,24.15811447,0 121.53868496,24.15827109,0 121.53886735,24.15817810,0 121.53882980,24.15834451,0 121.53890491,24.15841304,0</coordinates>
</LinearRing></outerBoundaryIs></Polygon>
</Placemark>
<Placemark>
<name>SWCB_1693_1</name>
<ExtendedData>
<Data name="events"><value>0403花蓮地震</value></Data>
<Data name="area_ha"><value>2.71392013916</value></Data>
<Data name="source"><value>民國113年農村水保署災後衛星影像判釋</value></Data>
</ExtendedData>
<Polygon><outerBoundaryIs><LinearRing>
<coordinates>121.55271828,24.15017028,0 121.55205309,24.15059124,0 121.55207992,24.15072341,0 121.55172050,24.15083599,0 121.55160785,24.15132058,0 121.55179560,24.15161917,0 121.55192435,24.15150169,0 121.55201554,24.15094857,0 121.55326009,24.15048845,0 121.55447245,24.14940178,0 121.55478895,24.14867243,0 121.55432224,24.14865285,0 121.55300796,24.14947521,0 121.55285239,24.14962205,0 121.55271828,24.15017028,0</coordinates>
</LinearRing></outerBoundaryIs></Polygon>
</Placemark>
<Placemark>
<name>SWCB_3488_1</name>
<ExtendedData>
<Data name="events"><value>凱米颱風</value></Data>
<Data name="area_ha"><value>0.0900128263093</value></Data>
<Data name="source"><value>民國113年農村水保署災後衛星影像判釋</value></Data>
</ExtendedData>
<Polygon><outerBoundaryIs><LinearRing>
<coordinates>121.55185461,24.16007229,0 121.55185461,24.16034149,0 121.55214965,24.16034638,0 121.55214965,24.16007719,0 121.55185461,24.16007229,0</coordinates>
</LinearRing></outerBoundaryIs></Polygon>
</Placemark>
<Placemark>
<name>SWCB_1757_1</name>
<ExtendedData>
<Data name="events"><value>0403花蓮地震</value></Data>
<Data name="area_ha"><value>0.0516281340872</value></Data>
<Data name="source"><value>民國113年農村水保署災後衛星影像判釋</value></Data>
</ExtendedData>
<Polygon><outerBoundaryIs><LinearRing>
<coordinates>121.53583646,24.10051653,0 121.53605103,24.10033045,0 121.53600276,24.10026189,0 121.53581500,24.10032555,0 121.53583646,24.10051653,0</coordinates>
</LinearRing></outerBoundaryIs></Polygon>
</Placemark>
<Placemark>
<name>SWCB_1712_1</name>
<ExtendedData>
<Data name="events"><value>0403花蓮地震</value></Data>
<Data name="area_ha"><value>0.259586100514</value></Data>
<Data name="source"><value>民國113年農村水保署災後衛星影像判釋</value></Data>
</ExtendedData>
<Polygon><outerBoundaryIs><LinearRing>
<coordinates>121.54168904,24.11471647,0 121.54247761,24.11438842,0 121.54200017,24.11432967,0 121.54152274,24.11464792,0 121.54095411,24.11480950,0 121.54168904,24.11471647,0</coordinates>
</LinearRing></outerBoundaryIs></Polygon>
</Placemark>
<Placemark>
<name>SWCB_1737_1</name>
<ExtendedData>
<Data name="events"><value>0403花蓮地震</value></Data>
<Data name="area_ha"><value>2.04726274066</value></Data>
<Data name="source"><value>民國113年農村水保署災後衛星影像判釋</value></Data>
</ExtendedData>
<Polygon><outerBoundaryIs><LinearRing>
<coordinates>121.54034793,24.11309090,0 121.54109359,24.11317414,0 121.54156566,24.11300767,0 121.54179096,24.11305663,0 121.54085219,24.11374211,0 121.54130816,24.11373722,0 121.54221475,24.11331613,0 121.54219866,24.11308601,0 121.54190361,24.11290484,0 121.54188752,24.11277264,0 121.54219329,24.11246907,0 121.54202700,24.11235645,0 121.54141009,24.11235645,0 121.54070199,24.11249355,0 121.54044449,24.11276775,0 121.53928578,24.11323290,0 121.53931797,24.11348261,0 121.54034793,24.11309090,0</coordinates>
</LinearRing></outerBoundaryIs></Polygon>
</Placemark>
<Placemark>
<name>SWCB_1494_1</name>
<ExtendedData>
<Data name="events"><value>0403花蓮地震</value></Data>
<Data name="area_ha"><value>0.537556352726</value></Data>
<Data name="source"><value>民國113年農村水保署災後衛星影像判釋</value></Data>
</ExtendedData>
<Polygon><outerBoundaryIs><LinearRing>
<coordinates>121.56645656,24.20933107,0 121.56663895,24.20908155,0 121.56652093,24.20873417,0 121.56664431,24.20865589,0 121.56650484,24.20841614,0 121.56664431,24.20823022,0 121.56649947,24.20784859,0 121.56655848,24.20726636,0 121.56644046,24.20706576,0 121.56627953,24.20725168,0 121.56639755,24.20824490,0 121.56631172,24.20931639,0 121.56645656,24.20933107,0</coordinates>
</LinearRing></outerBoundaryIs></Polygon>
</Placemark>
<Placemark>
<name>SWCB_4730_1</name>
<ExtendedData>
<Data name="events"><value>山陀兒颱風</value></Data>
<Data name="area_ha"><value>0.910666894814</value></Data>
<Data name="source"><value>民國113年農村水保署災後衛星影像判釋</value></Data>
</ExtendedData>
<Polygon><outerBoundaryIs><LinearRing>
<coordinates>121.55629635,24.23754867,0 121.55654311,24.23826283,0 121.55713320,24.23750953,0 121.55694008,24.23687363,0 121.55629635,24.23683450,0 121.55629635,24.23754867,0</coordinates>
</LinearRing></outerBoundaryIs></Polygon>
</Placemark>
<Placemark>
<name>SWCB_4731_1</name>
<ExtendedData>
<Data name="events"><value>山陀兒颱風</value></Data>
<Data name="area_ha"><value>0.545019872358</value></Data>
<Data name="source"><value>民國113年農村水保署災後衛星影像判釋</value></Data>
</ExtendedData>
<Polygon><outerBoundaryIs><LinearRing>
<coordinates>121.55746579,24.23883025,0 121.55733705,24.23879111,0 121.55731559,24.23849762,0 121.55754089,24.23814543,0 121.55741215,24.23791064,0 121.55715466,24.23840958,0 121.55691862,24.23825305,0 121.55683279,24.23877155,0 121.55722976,24.23919222,0 121.55762672,24.23927048,0 121.55746579,24.23883025,0</coordinates>
</LinearRing></outerBoundaryIs></Polygon>
</Placemark>
<Placemark>
<name>SWCB_1388_1</name>
<ExtendedData>
<Data name="events"><value>0403花蓮地震</value></Data>
<Data name="area_ha"><value>0.268403455589</value></Data>
<Data name="source"><value>民國113年農村水保署災後衛星影像判釋</value></Data>
</ExtendedData>
<Polygon><outerBoundaryIs><LinearRing>
<coordinates>121.55787885,24.19109491,0 121.55787885,24.19078663,0 121.55771792,24.19059090,0 121.55728340,24.19156957,0 121.55787885,24.19109491,0</coordinates>
</LinearRing></outerBoundaryIs></Polygon>
</Placemark>
<Placemark>
<name>SWCB_1394_1</name>
<ExtendedData>
<Data name="events"><value>0403花蓮地震</value></Data>
<Data name="area_ha"><value>0.130296310357</value></Data>
<Data name="source"><value>民國113年農村水保署災後衛星影像判釋</value></Data>
</ExtendedData>
<Polygon><outerBoundaryIs><LinearRing>
<coordinates>121.55587792,24.18998902,0 121.55629635,24.18928926,0 121.55572772,24.18989115,0 121.55555606,24.19034623,0 121.55587792,24.18998902,0</coordinates>
</LinearRing></outerBoundaryIs></Polygon>
</Placemark>
<Placemark>
<name>SWCB_1400_1</name>
<ExtendedData>
<Data name="events"><value>0403花蓮地震</value></Data>
<Data name="area_ha"><value>5.08730746968</value></Data>
<Data name="source"><value>民國113年農村水保署災後衛星影像判釋</value></Data>
</ExtendedData>
<Polygon><outerBoundaryIs><LinearRing>
<coordinates>121.57616079,24.19491655,0 121.57617688,24.19566521,0 121.57594621,24.19595390,0 121.57610714,24.19595390,0 121.57626808,24.19614474,0 121.57637537,24.19605666,0 121.57630026,24.19382537,0 121.57642365,24.19314031,0 121.57666504,24.19268035,0 121.57646656,24.19138362,0 121.57582283,24.19245036,0 121.57565653,24.19254823,0 121.57450855,24.19285161,0 121.57382727,24.19277332,0 121.57320499,24.19333604,0 121.57229304,24.19375686,0 121.57272220,24.19386451,0 121.57360196,24.19334583,0 121.57380581,24.19378133,0 121.57404184,24.19370304,0 121.57431006,24.19391834,0 121.57402039,24.19445659,0 121.57332301,24.19493123,0 121.57334447,24.19521993,0 121.57351613,24.19525907,0 121.57461047,24.19411896,0 121.57488942,24.19357092,0 121.57565653,24.19273417,0 121.57591403,24.19263141,0 121.57624662,24.19269502,0 121.57617688,24.19308649,0 121.57531321,24.19389387,0 121.57525420,24.19402110,0 121.57546878,24.19419725,0 121.57589793,24.19442234,0 121.57616079,24.19491655,0</coordinates>
</LinearRing></outerBoundaryIs></Polygon>
</Placemark>
<Placemark>
<name>SWCB_1414_1</name>
<ExtendedData>
<Data name="events"><value>0403花蓮地震</value></Data>
<Data name="area_ha"><value>0.788591992246</value></Data>
<Data name="source"><value>民國113年農村水保署災後衛星影像判釋</value></Data>
</ExtendedData>
<Polygon><outerBoundaryIs><LinearRing>
<coordinates>121.56574309,24.18794357,0 121.56571627,24.18825185,0 121.56592011,24.18819803,0 121.56707883,24.18629446,0 121.56703591,24.18585894,0 121.56683207,24.18597638,0 121.56637073,24.18711657,0 121.56541586,24.18814420,0 121.56557143,24.18814909,0 121.56574309,24.18794357,0</coordinates>
</LinearRing></outerBoundaryIs></Polygon>
</Placemark>
<Placemark>
<name>SWCB_1455_1</name>
<ExtendedData>
<Data name="events"><value>0403花蓮地震</value></Data>
<Data name="area_ha"><value>0.298296080162</value></Data>
<Data name="source"><value>民國113年農村水保署災後衛星影像判釋</value></Data>
</ExtendedData>
<Polygon><outerBoundaryIs><LinearRing>
<coordinates>121.55477822,24.19040985,0 121.55498207,24.19043921,0 121.55536830,24.18939202,0 121.55578136,24.18909352,0 121.55534685,24.18931373,0 121.55488551,24.19021411,0 121.55438125,24.19034134,0 121.55462265,24.19041474,0 121.55436516,24.19047835,0 121.55454755,24.19053707,0 121.55454755,24.19084535,0 121.55477822,24.19040985,0</coordinates>
</LinearRing></outerBoundaryIs></Polygon>
</Placemark>
<Placemark>
<name>SWCB_1459_1</name>
<ExtendedData>
<Data name="events"><value>0403花蓮地震</value></Data>
<Data name="area_ha"><value>0.0311004609818</value></Data>
<Data name="source"><value>民國113年農村水保署災後衛星影像判釋</value></Data>
</ExtendedData>
<Polygon><outerBoundaryIs><LinearRing>
<coordinates>121.55437589,24.18907395,0 121.55460119,24.18879503,0 121.55451536,24.18878035,0 121.55423105,24.18911799,0 121.55437589,24.18907395,0</coordinates>
</LinearRing></outerBoundaryIs></Polygon>
</Placemark>
<Placemark>
<name>SWCB_1493_1</name>
<ExtendedData>
<Data name="events"><value>0403花蓮地震</value></Data>
<Data name="area_ha"><value>1.20561637965</value></Data>
<Data name="source"><value>民國113年農村水保署災後衛星影像判釋</value></Data>
</ExtendedData>
<Polygon><outerBoundaryIs><LinearRing>
<coordinates>121.56450927,24.18831058,0 121.56449318,24.18815399,0 121.56272292,24.18718508,0 121.56193435,24.18709700,0 121.56109750,24.18682785,0 121.56100094,24.18694040,0 121.56135499,24.18729763,0 121.56276047,24.18758634,0 121.56450927,24.18831058,0</coordinates>
</LinearRing></outerBoundaryIs></Polygon>
</Placemark>
<Placemark>
<name>SWCB_1534_1</name>
<ExtendedData>
<Data name="events"><value>0403花蓮地震</value></Data>
<Data name="area_ha"><value>0.36979988409</value></Data>
<Data name="source"><value>民國113年農村水保署災後衛星影像判釋</value></Data>
</ExtendedData>
<Polygon><outerBoundaryIs><LinearRing>
<coordinates>121.56672478,24.19290544,0 121.56684816,24.19269992,0 121.56681061,24.19234271,0 121.56567335,24.19218612,0 121.56640291,24.19243079,0 121.56636536,24.19272928,0 121.56650484,24.19276353,0 121.56672478,24.19290544,0</coordinates>
</LinearRing></outerBoundaryIs></Polygon>
</Placemark>
<Placemark>
<name>SWCB_1545_1</name>
<ExtendedData>
<Data name="events"><value>0403花蓮地震</value></Data>
<Data name="area_ha"><value>3.52463949419</value></Data>
<Data name="source"><value>民國113年農村水保署災後衛星影像判釋</value></Data>
</ExtendedData>
<Polygon><outerBoundaryIs><LinearRing>
<coordinates>121.57650948,24.20066592,0 121.57674015,24.20034788,0 121.57661676,24.20003472,0 121.57676697,24.19948671,0 121.57697618,24.19939863,0 121.57726586,24.19962371,0 121.57774329,24.19973136,0 121.57797933,24.19964328,0 121.57791495,24.19944756,0 121.57758236,24.19935460,0 121.57755554,24.19923227,0 121.57722831,24.19933992,0 121.57724440,24.19911973,0 121.57687426,24.19885551,0 121.57650948,24.19879679,0 121.57639682,24.19910016,0 121.57605350,24.19944756,0 121.57597303,24.20005919,0 121.57555997,24.20071974,0 121.57529712,24.20093503,0 121.57512009,24.20084696,0 121.57508790,24.20070017,0 121.57538831,24.20027448,0 121.57526493,24.20005430,0 121.57481968,24.20037723,0 121.57490015,24.20097418,0 121.57466948,24.20162004,0 121.57479286,24.20184512,0 121.57514155,24.20185980,0 121.57597303,24.20120904,0 121.57646656,24.20109161,0 121.57650948,24.20066592,0</coordinates>
</LinearRing></outerBoundaryIs></Polygon>
</Placemark>
<Placemark>
<name>SWCB_1567_1</name>
<ExtendedData>
<Data name="events"><value>0403花蓮地震</value></Data>
<Data name="area_ha"><value>14.452074918</value></Data>
<Data name="source"><value>民國113年農村水保署災後衛星影像判釋</value></Data>
</ExtendedData>
<Polygon><outerBoundaryIs><LinearRing>
<coordinates>121.56372070,24.19950139,0 121.56487405,24.19915888,0 121.56539440,24.19861575,0 121.56592548,24.19833195,0 121.56654239,24.19870382,0 121.56647801,24.19893380,0 121.56493306,24.19953075,0 121.56449318,24.19983900,0 121.56463265,24.20003962,0 121.56578600,24.20014237,0 121.56649411,24.19985368,0 121.56849504,24.19944267,0 121.56926215,24.19883104,0 121.56937480,24.19858150,0 121.56925142,24.19833195,0 121.56847894,24.19796008,0 121.56801760,24.19822920,0 121.56771719,24.19868425,0 121.56752944,24.19875765,0 121.56723976,24.19862553,0 121.56718612,24.19851299,0 121.56780839,24.19765182,0 121.56735778,24.19746098,0 121.56720221,24.19726037,0 121.56773329,24.19685424,0 121.56741679,24.19634046,0 121.56715930,24.19634046,0 121.56629562,24.19680531,0 121.56545341,24.19704507,0 121.56483650,24.19756374,0 121.56415522,24.19788179,0 121.56352758,24.19884572,0 121.56288385,24.19896805,0 121.56185925,24.19941821,0 121.56148374,24.19980475,0 121.56129599,24.20020598,0 121.56150520,24.20031852,0 121.56192362,24.20004940,0 121.56257808,24.20004940,0 121.56351686,24.19968243,0 121.56372070,24.19950139,0</coordinates>
</LinearRing></outerBoundaryIs></Polygon>
</Placemark>
<Placemark>
<name>SWCB_1581_1</name>
<ExtendedData>
<Data name="events"><value>0403花蓮地震</value></Data>
<Data name="area_ha"><value>1.86659873164</value></Data>
<Data name="source"><value>民國113年農村水保署災後衛星影像判釋</value></Data>
</ExtendedData>
<Polygon><outerBoundaryIs><LinearRing>
<coordinates>121.56690717,24.19165275,0 121.56725049,24.19110959,0 121.56713784,24.19029240,0 121.56749725,24.18943117,0 121.56757236,24.18791910,0 121.56727195,24.18755698,0 121.56709492,24.18824207,0 121.56676233,24.18880481,0 121.56700373,24.18964159,0 121.56690180,24.19144234,0 121.56690717,24.19165275,0</coordinates>
</LinearRing></outerBoundaryIs></Polygon>
</Placemark>
<Placemark>
<name>SWCB_1607_1</name>
<ExtendedData>
<Data name="events"><value>0403花蓮地震</value></Data>
<Data name="area_ha"><value>0.0347835272927</value></Data>
<Data name="source"><value>民國113年農村水保署災後衛星影像判釋</value></Data>
</ExtendedData>
<Polygon><outerBoundaryIs><LinearRing>
<coordinates>121.55696690,24.19191210,0 121.55685961,24.19178977,0 121.55677378,24.19184359,0 121.55684352,24.19203443,0 121.55696690,24.19191210,0</coordinates>
</LinearRing></outerBoundaryIs></Polygon>
</Placemark>
<Placemark>
<name>SWCB_1627_1</name>
<ExtendedData>
<Data name="events"><value>0403花蓮地震</value></Data>
<Data name="area_ha"><value>0.258673156032</value></Data>
<Data name="source"><value>民國113年農村水保署災後衛星影像判釋</value></Data>
</ExtendedData>
<Polygon><outerBoundaryIs><LinearRing>
<coordinates>121.56592548,24.20603339,0 121.56648874,24.20659606,0 121.56630635,24.20628292,0 121.56623662,24.20568111,0 121.56606495,24.20551476,0 121.56592548,24.20603339,0</coordinates>
</LinearRing></outerBoundaryIs></Polygon>
</Placemark>
<Placemark>
<name>SWCB_1652_1</name>
<ExtendedData>
<Data name="events"><value>0403花蓮地震</value></Data>
<Data name="area_ha"><value>0.388949128354</value></Data>
<Data name="source"><value>民國113年農村水保署災後衛星影像判釋</value></Data>
</ExtendedData>
<Polygon><outerBoundaryIs><LinearRing>
<coordinates>121.55403256,24.19707443,0 121.55474603,24.19594412,0 121.55509472,24.19578754,0 121.55508935,24.19569457,0 121.55418277,24.19628664,0 121.55393600,24.19703039,0 121.55356050,24.19727994,0 121.55343175,24.19754906,0 121.55403256,24.19707443,0</coordinates>
</LinearRing></outerBoundaryIs></Polygon>
</Placemark>
<Placemark>
<name>SWCB_1670_1</name>
<ExtendedData>
<Data name="events"><value>0403花蓮地震</value></Data>
<Data name="area_ha"><value>0.347807417756</value></Data>
<Data name="source"><value>民國113年農村水保署災後衛星影像判釋</value></Data>
</ExtendedData>
<Polygon><outerBoundaryIs><LinearRing>
<coordinates>121.57037258,24.19380090,0 121.57039404,24.19346816,0 121.57067299,24.19301309,0 121.57088220,24.19304245,0 121.57096267,24.19274396,0 121.57021165,24.19314031,0 121.57011509,24.19329200,0 121.57015264,24.19383026,0 121.57037258,24.19380090,0</coordinates>
</LinearRing></outerBoundaryIs></Polygon>
</Placemark>
<Placemark>
<name>SWCB_1689_1</name>
<ExtendedData>
<Data name="events"><value>0403花蓮地震</value></Data>
<Data name="area_ha"><value>0.514787826645</value></Data>
<Data name="source"><value>民國113年農村水保署災後衛星影像判釋</value></Data>
</ExtendedData>
<Polygon><outerBoundaryIs><LinearRing>
<coordinates>121.57301188,24.20019619,0 121.57312453,24.19999558,0 121.57410622,24.19907569,0 121.57432616,24.19881147,0 121.57434762,24.19857171,0 121.57317817,24.19960414,0 121.57288313,24.20047509,0 121.57309771,24.20032341,0 121.57301188,24.20019619,0</coordinates>
</LinearRing></outerBoundaryIs></Polygon>
</Placemark>
<Placemark>
<name>SWCB_2010_1</name>
<ExtendedData>
<Data name="events"><value>0629豪雨</value></Data>
<Data name="area_ha"><value>0.62188572951</value></Data>
<Data name="source"><value>民國113年農村水保署災後衛星影像判釋</value></Data>
</ExtendedData>
<Polygon><outerBoundaryIs><LinearRing>
<coordinates>121.57476604,24.20075889,0 121.57486260,24.20072463,0 121.57476068,24.20042616,0 121.57459974,24.20041148,0 121.57442272,24.20054849,0 121.57445490,24.20067570,0 121.57428324,24.20067570,0 121.57452464,24.20115521,0 121.57436907,24.20121393,0 121.57437980,24.20155644,0 121.57448173,24.20162004,0 121.57436371,24.20170812,0 121.57454073,24.20188916,0 121.57442808,24.20201637,0 121.57463193,24.20220230,0 121.57473922,24.20207019,0 121.57472312,24.20172769,0 121.57461047,24.20165919,0 121.57476604,24.20129711,0 121.57470703,24.20099375,0 121.57481432,24.20089100,0 121.57484651,24.20096439,0 121.57491624,24.20093014,0 121.57476604,24.20075889,0</coordinates>
</LinearRing></outerBoundaryIs></Polygon>
</Placemark>
<Placemark>
<name>SWCB_2016_1</name>
<ExtendedData>
<Data name="events"><value>0629豪雨</value></Data>
<Data name="area_ha"><value>0.225112077518</value></Data>
<Data name="source"><value>民國113年農村水保署災後衛星影像判釋</value></Data>
</ExtendedData>
<Polygon><outerBoundaryIs><LinearRing>
<coordinates>121.57420814,24.19055175,0 121.57438517,24.19041963,0 121.57431543,24.19055665,0 121.57488406,24.19046367,0 121.57524347,24.19064962,0 121.57510936,24.19035113,0 121.57454610,24.19026304,0 121.57419741,24.19040006,0 121.57420814,24.19055175,0</coordinates>
</LinearRing></outerBoundaryIs></Polygon>
</Placemark>
<Placemark>
<name>SWCB_3450_1</name>
<ExtendedData>
<Data name="events"><value>凱米颱風</value></Data>
<Data name="area_ha"><value>0.180026239827</value></Data>
<Data name="source"><value>民國113年農村水保署災後衛星影像判釋</value></Data>
</ExtendedData>
<Polygon><outerBoundaryIs><LinearRing>
<coordinates>121.55475676,24.19080131,0 121.55465484,24.19116342,0 121.55504644,24.19116831,0 121.55515373,24.19080621,0 121.55475676,24.19080131,0</coordinates>
</LinearRing></outerBoundaryIs></Polygon>
</Placemark>
<Placemark>
<name>SWCB_3451_1</name>
<ExtendedData>
<Data name="events"><value>凱米颱風</value></Data>
<Data name="area_ha"><value>0.080013075684</value></Data>
<Data name="source"><value>民國113年農村水保署災後衛星影像判釋</value></Data>
</ExtendedData>
<Polygon><outerBoundaryIs><LinearRing>
<coordinates>121.56982541,24.19022390,0 121.56982541,24.19049303,0 121.57012045,24.19049793,0 121.57002389,24.19022390,0 121.56982541,24.19022390,0</coordinates>
</LinearRing></outerBoundaryIs></Polygon>
</Placemark>
<Placemark>
<name>SWCB_3452_1</name>
<ExtendedData>
<Data name="events"><value>凱米颱風</value></Data>
<Data name="area_ha"><value>0.100015813355</value></Data>
<Data name="source"><value>民國113年農村水保署災後衛星影像判釋</value></Data>
</ExtendedData>
<Polygon><outerBoundaryIs><LinearRing>
<coordinates>121.56521738,24.18864333,0 121.56521201,24.18891247,0 121.56551242,24.18882928,0 121.56551242,24.18855525,0 121.56521738,24.18864333,0</coordinates>
</LinearRing></outerBoundaryIs></Polygon>
</Placemark>
<Placemark>
<name>SWCB_3453_1</name>
<ExtendedData>
<Data name="events"><value>凱米颱風</value></Data>
<Data name="area_ha"><value>1.37021965715</value></Data>
<Data name="source"><value>民國113年農村水保署災後衛星影像判釋</value></Data>
</ExtendedData>
<Polygon><outerBoundaryIs><LinearRing>
<coordinates>121.56800687,24.18586873,0 121.56829655,24.18605468,0 121.56839311,24.18641680,0 121.56868279,24.18659786,0 121.56877935,24.18714104,0 121.56907439,24.18714593,0 121.56917095,24.18705296,0 121.56917632,24.18651467,0 121.56927824,24.18660275,0 121.56957328,24.18651956,0 121.56957328,24.18633850,0 121.56927824,24.18624553,0 121.56928360,24.18606447,0 121.56908512,24.18605957,0 121.56908512,24.18597149,0 121.56879008,24.18596660,0 121.56889200,24.18569745,0 121.56859696,24.18560447,0 121.56850040,24.18542341,0 121.56820536,24.18541852,0 121.56800687,24.18586873,0</coordinates>
</LinearRing></outerBoundaryIs></Polygon>
</Placemark>
<Placemark>
<name>SWCB_1600_1</name>
<ExtendedData>
<Data name="events"><value>0403花蓮地震</value></Data>
<Data name="area_ha"><value>0.150020838061</value></Data>
<Data name="source"><value>民國113年農村水保署災後衛星影像判釋</value></Data>
</ExtendedData>
<Polygon><outerBoundaryIs><LinearRing>
<coordinates>121.55908585,24.16908769,0 121.55917168,24.16868636,0 121.55896783,24.16892618,0 121.55861378,24.16885277,0 121.55896246,24.16916599,0 121.55908585,24.16908769,0</coordinates>
</LinearRing></outerBoundaryIs></Polygon>
</Placemark>
<Placemark>
<name>SWCB_1363_1</name>
<ExtendedData>
<Data name="events"><value>0403花蓮地震</value></Data>
<Data name="area_ha"><value>4.72511390545</value></Data>
<Data name="source"><value>民國113年農村水保署災後衛星影像判釋</value></Data>
</ExtendedData>
<Polygon><outerBoundaryIs><LinearRing>
<coordinates>121.57201946,24.17607638,0 121.57221258,24.17631619,0 121.57220721,24.17672238,0 121.57241106,24.17681047,0 121.57365024,24.17658535,0 121.57367170,24.17674685,0 121.57400966,24.17680557,0 121.57414377,24.17667344,0 121.57402039,24.17650705,0 121.57435834,24.17617916,0 121.57425642,24.17593446,0 121.57433689,24.17541081,0 121.57391310,24.17514164,0 121.57397747,24.17504376,0 121.57453537,24.17510739,0 121.57478213,24.17475013,0 121.57478213,24.17453479,0 121.57456756,24.17448585,0 121.57463193,24.17427052,0 121.57484651,24.17413349,0 121.57429934,24.17385453,0 121.57390773,24.17390347,0 121.57349467,24.17492142,0 121.57360196,24.17494099,0 121.57373071,24.17542549,0 121.57369316,24.17609107,0 121.57318354,24.17610575,0 121.57301188,24.17600298,0 121.57273293,24.17536677,0 121.57229841,24.17493120,0 121.57204092,24.17483822,0 121.57136500,24.17507802,0 121.57100022,24.17532761,0 121.57100022,24.17552337,0 121.57119870,24.17568976,0 121.57157421,24.17560167,0 121.57204092,24.17520527,0 121.57238424,24.17561636,0 121.57201946,24.17607638,0</coordinates>
</LinearRing></outerBoundaryIs></Polygon>
</Placemark>
<Placemark>
<name>SWCB_1371_1</name>
<ExtendedData>
<Data name="events"><value>0403花蓮地震</value></Data>
<Data name="area_ha"><value>0.282628740348</value></Data>
<Data name="source"><value>民國113年農村水保署災後衛星影像判釋</value></Data>
</ExtendedData>
<Polygon><outerBoundaryIs><LinearRing>
<coordinates>121.56967521,24.16798649,0 121.56939089,24.16779072,0 121.56928360,24.16787393,0 121.56903148,24.16776136,0 121.56912804,24.16750686,0 121.56880617,24.16723278,0 121.56841993,24.16697338,0 121.56809270,24.16694891,0 121.56845748,24.16709085,0 121.56890810,24.16752154,0 121.56884909,24.16783967,0 121.56969666,24.16813332,0 121.56967521,24.16798649,0</coordinates>
</LinearRing></outerBoundaryIs></Polygon>
</Placemark>
<Placemark>
<name>SWCB_1374_1</name>
<ExtendedData>
<Data name="events"><value>0403花蓮地震</value></Data>
<Data name="area_ha"><value>0.46124304831</value></Data>
<Data name="source"><value>民國113年農村水保署災後衛星影像判釋</value></Data>
</ExtendedData>
<Polygon><outerBoundaryIs><LinearRing>
<coordinates>121.55483723,24.16739918,0 121.55519128,24.16721810,0 121.55517519,24.16692934,0 121.55508399,24.16680698,0 121.55459583,24.16709085,0 121.55425787,24.16702233,0 121.55397356,24.16717894,0 121.55401111,24.16728662,0 121.55483723,24.16739918,0</coordinates>
</LinearRing></outerBoundaryIs></Polygon>
</Placemark>
<Placemark>
<name>SWCB_1387_1</name>
<ExtendedData>
<Data name="events"><value>0403花蓮地震</value></Data>
<Data name="area_ha"><value>0.306760375535</value></Data>
<Data name="source"><value>民國113年農村水保署災後衛星影像判釋</value></Data>
</ExtendedData>
<Polygon><outerBoundaryIs><LinearRing>
<coordinates>121.56767428,24.17113344,0 121.56767964,24.17091320,0 121.56745434,24.17093767,0 121.56697690,24.17126068,0 121.56705737,24.17162774,0 121.56767428,24.17113344,0</coordinates>
</LinearRing></outerBoundaryIs></Polygon>
</Placemark>
<Placemark>
<name>SWCB_1463_1</name>
<ExtendedData>
<Data name="events"><value>0403花蓮地震</value></Data>
<Data name="area_ha"><value>0.0255822243636</value></Data>
<Data name="source"><value>民國113年農村水保署災後衛星影像判釋</value></Data>
</ExtendedData>
<Polygon><outerBoundaryIs><LinearRing>
<coordinates>121.55388236,24.17546464,0 121.55397892,24.17535208,0 121.55379117,24.17536187,0 121.55375361,24.17544996,0 121.55388236,24.17546464,0</coordinates>
</LinearRing></outerBoundaryIs></Polygon>
</Placemark>
<Placemark>
<name>SWCB_1483_1</name>
<ExtendedData>
<Data name="events"><value>0403花蓮地震</value></Data>
<Data name="area_ha"><value>0.464043465556</value></Data>
<Data name="source"><value>民國113年農村水保署災後衛星影像判釋</value></Data>
</ExtendedData>
<Polygon><outerBoundaryIs><LinearRing>
<coordinates>121.56829119,24.17060977,0 121.56876326,24.17075659,0 121.56965375,24.17098172,0 121.57007754,24.17094746,0 121.57012045,24.17070765,0 121.57002389,24.17062445,0 121.56858087,24.17061956,0 121.56816781,24.17031612,0 121.56806052,24.17038464,0 121.56829119,24.17060977,0</coordinates>
</LinearRing></outerBoundaryIs></Polygon>
</Placemark>
<Placemark>
<name>SWCB_1508_1</name>
<ExtendedData>
<Data name="events"><value>0403花蓮地震</value></Data>
<Data name="area_ha"><value>0.132602710834</value></Data>
<Data name="source"><value>民國113年農村水保署災後衛星影像判釋</value></Data>
</ExtendedData>
<Polygon><outerBoundaryIs><LinearRing>
<coordinates>121.56259954,24.16762921,0 121.56277120,24.16762921,0 121.56241715,24.16730130,0 121.56205773,24.16728662,0 121.56259954,24.16762921,0</coordinates>
</LinearRing></outerBoundaryIs></Polygon>
</Placemark>
<Placemark>
<name>SWCB_1589_1</name>
<ExtendedData>
<Data name="events"><value>0403花蓮地震</value></Data>
<Data name="area_ha"><value>0.947873473361</value></Data>
<Data name="source"><value>民國113年農村水保署災後衛星影像判釋</value></Data>
</ExtendedData>
<Polygon><outerBoundaryIs><LinearRing>
<coordinates>121.57321572,24.17794584,0 121.57321572,24.17828352,0 121.57357514,24.17921824,0 121.57367706,24.18005997,0 121.57387018,24.18026550,0 121.57381654,24.17889035,0 121.57360196,24.17826884,0 121.57363415,24.17799478,0 121.57325327,24.17743688,0 121.57305479,24.17732433,0 121.57295287,24.17757881,0 121.57321572,24.17794584,0</coordinates>
</LinearRing></outerBoundaryIs></Polygon>
</Placemark>
<Placemark>
<name>SWCB_1517_1</name>
<ExtendedData>
<Data name="events"><value>0403花蓮地震</value></Data>
<Data name="area_ha"><value>3.54735423489</value></Data>
<Data name="source"><value>民國113年農村水保署災後衛星影像判釋</value></Data>
</ExtendedData>
<Polygon><outerBoundaryIs><LinearRing>
<coordinates>121.57204628,24.18302066,0 121.57226086,24.18285427,0 121.57203555,24.18261938,0 121.57205701,24.18249703,0 121.57228231,24.18241874,0 121.57247543,24.18260469,0 121.57264173,24.18230618,0 121.57238424,24.18184618,0 121.57228231,24.18181681,0 121.57217503,24.18206150,0 121.57204092,24.18162107,0 121.57113969,24.18120999,0 121.57095730,24.18094084,0 121.57118261,24.18042700,0 121.57139182,24.18058849,0 121.57146156,24.18045636,0 121.57100558,24.17900291,0 121.57100022,24.17833246,0 121.57123089,24.17786265,0 121.57124162,24.17756902,0 121.57101095,24.17762774,0 121.57081246,24.17827373,0 121.57060862,24.17844502,0 121.57000780,24.17851353,0 121.56951964,24.17887078,0 121.56934798,24.17895397,0 121.56926751,24.17886099,0 121.56953037,24.17826394,0 121.57031894,24.17759349,0 121.57039404,24.17734390,0 121.57030284,24.17721666,0 121.56939089,24.17767668,0 121.56850040,24.17839118,0 121.56853259,24.17863098,0 121.56923532,24.17799478,0 121.56956792,24.17791159,0 121.56877935,24.17929164,0 121.56850040,24.17944824,0 121.56826437,24.17930143,0 121.56821072,24.17961463,0 121.56861305,24.17952655,0 121.56914413,24.17903717,0 121.56926751,24.17905185,0 121.56939626,24.17941888,0 121.56971276,24.17879248,0 121.57072663,24.17873864,0 121.57093585,24.17928186,0 121.57097876,24.18014316,0 121.57070518,24.18053955,0 121.57071590,24.18073041,0 121.57106996,24.18131276,0 121.57158494,24.18172383,0 121.57192290,24.18219852,0 121.57198191,24.18234044,0 121.57181025,24.18254597,0 121.57191217,24.18268299,0 121.57186389,24.18299129,0 121.57204628,24.18302066,0</coordinates>
</LinearRing></outerBoundaryIs></Polygon>
</Placemark>
<Placemark>
<name>SWCB_1551_1</name>
<ExtendedData>
<Data name="events"><value>0403花蓮地震</value></Data>
<Data name="area_ha"><value>0.35379157411</value></Data>
<Data name="source"><value>民國113年農村水保署災後衛星影像判釋</value></Data>
</ExtendedData>
<Polygon><outerBoundaryIs><LinearRing>
<coordinates>121.57351077,24.18402385,0 121.57361269,24.18387704,0 121.57475531,24.18367640,0 121.57464802,24.18357364,0 121.57416523,24.18357364,0 121.57342494,24.18392108,0 121.57293677,24.18399449,0 121.57265782,24.18374491,0 121.57253444,24.18390151,0 121.57318354,24.18408257,0 121.57351077,24.18402385,0</coordinates>
</LinearRing></outerBoundaryIs></Polygon>
</Placemark>
<Placemark>
<name>SWCB_1606_1</name>
<ExtendedData>
<Data name="events"><value>0403花蓮地震</value></Data>
<Data name="area_ha"><value>0.20933168105</value></Data>
<Data name="source"><value>民國113年農村水保署災後衛星影像判釋</value></Data>
</ExtendedData>
<Polygon><outerBoundaryIs><LinearRing>
<coordinates>121.57393456,24.18132255,0 121.57405794,24.18098978,0 121.57377899,24.18076467,0 121.57355368,24.18120021,0 121.57363951,24.18118553,0 121.57393456,24.18132255,0</coordinates>
</LinearRing></outerBoundaryIs></Polygon>
</Placemark>
<Placemark>
<name>SWCB_1633_1</name>
<ExtendedData>
<Data name="events"><value>0403花蓮地震</value></Data>
<Data name="area_ha"><value>0.00511095386948</value></Data>
<Data name="source"><value>民國113年農村水保署災後衛星影像判釋</value></Data>
</ExtendedData>
<Polygon><outerBoundaryIs><LinearRing>
<coordinates>121.55298650,24.17624278,0 121.55296504,24.17617426,0 121.55291677,24.17621831,0 121.55296504,24.17626235,0 121.55298650,24.17624278,0</coordinates>
</LinearRing></outerBoundaryIs></Polygon>
</Placemark>
<Placemark>
<name>SWCB_1667_1</name>
<ExtendedData>
<Data name="events"><value>0403花蓮地震</value></Data>
<Data name="area_ha"><value>0.0286883121791</value></Data>
<Data name="source"><value>民國113年農村水保署災後衛星影像判釋</value></Data>
</ExtendedData>
<Polygon><outerBoundaryIs><LinearRing>
<coordinates>121.55358732,24.17548422,0 121.55342638,24.17531783,0 121.55338883,24.17540592,0 121.55347466,24.17554784,0 121.55358732,24.17548422,0</coordinates>
</LinearRing></outerBoundaryIs></Polygon>
</Placemark>
<Placemark>
<name>SWCB_3454_1</name>
<ExtendedData>
<Data name="events"><value>凱米颱風</value></Data>
<Data name="area_ha"><value>1.33021411458</value></Data>
<Data name="source"><value>民國113年農村水保署災後衛星影像判釋</value></Data>
</ExtendedData>
<Polygon><outerBoundaryIs><LinearRing>
<coordinates>121.56902075,24.18307938,0 121.56901538,24.18326044,0 121.56891882,24.18326044,0 121.56901538,24.18371066,0 121.56940699,24.18380853,0 121.56940162,24.18407768,0 121.56960011,24.18398959,0 121.56979322,24.18426364,0 121.57019019,24.18426364,0 121.57047987,24.18463065,0 121.57077491,24.18463065,0 121.57068372,24.18399938,0 121.57019019,24.18381342,0 121.57009900,24.18354427,0 121.56970203,24.18353938,0 121.56941235,24.18308427,0 121.56902075,24.18307938,0</coordinates>
</LinearRing></outerBoundaryIs></Polygon>
</Placemark>
<Placemark>
<name>SWCB_3455_1</name>
<ExtendedData>
<Data name="events"><value>凱米颱風</value></Data>
<Data name="area_ha"><value>0.0600096230062</value></Data>
<Data name="source"><value>民國113年農村水保署災後衛星影像判釋</value></Data>
</ExtendedData>
<Polygon><outerBoundaryIs><LinearRing>
<coordinates>121.56804979,24.18198809,0 121.56804442,24.18216916,0 121.56833947,24.18216916,0 121.56834483,24.18199299,0 121.56804979,24.18198809,0</coordinates>
</LinearRing></outerBoundaryIs></Polygon>
</Placemark>
<Placemark>
<name>SWCB_3456_1</name>
<ExtendedData>
<Data name="events"><value>凱米颱風</value></Data>
<Data name="area_ha"><value>0.100015846192</value></Data>
<Data name="source"><value>民國113年農村水保署災後衛星影像判釋</value></Data>
</ExtendedData>
<Polygon><outerBoundaryIs><LinearRing>
<coordinates>121.56887591,24.17856247,0 121.56877398,24.17883652,0 121.56906903,24.17883652,0 121.56917095,24.17856736,0 121.56887591,24.17856247,0</coordinates>
</LinearRing></outerBoundaryIs></Polygon>
</Placemark>
<Placemark>
<name>SWCB_3457_1</name>
<ExtendedData>
<Data name="events"><value>凱米颱風</value></Data>
<Data name="area_ha"><value>2.40856883873</value></Data>
<Data name="source"><value>民國113年農村水保署災後衛星影像判釋</value></Data>
</ExtendedData>
<Polygon><outerBoundaryIs><LinearRing>
<coordinates>121.56879008,24.17720687,0 121.56918705,24.17712368,0 121.56973422,24.17667833,0 121.57007754,24.17667833,0 121.57037258,24.17640428,0 121.57109678,24.17626235,0 121.57103240,24.17544507,0 121.57125771,24.17483822,0 121.57119870,24.17460331,0 121.57090902,24.17457394,0 121.57038331,24.17492631,0 121.57016337,24.17557720,0 121.57029748,24.17590510,0 121.57011509,24.17614001,0 121.56921387,24.17676153,0 121.56899393,24.17676153,0 121.56869352,24.17720687,0 121.56829655,24.17729496,0 121.56829119,24.17756412,0 121.56868815,24.17756902,0 121.56879008,24.17720687,0</coordinates>
</LinearRing></outerBoundaryIs></Polygon>
</Placemark>
<Placemark>
<name>SWCB_5333_1</name>
<ExtendedData>
<Data name="events"><value>康芮颱風</value></Data>
<Data name="area_ha"><value>0.115019121395</value></Data>
<Data name="source"><value>民國113年農村水保署災後衛星影像判釋</value></Data>
</ExtendedData>
<Polygon><outerBoundaryIs><LinearRing>
<coordinates>121.57407403,24.18222299,0 121.57417595,24.18195384,0 121.57368779,24.18186086,0 121.57368243,24.18213001,0 121.57397747,24.18213490,0 121.57407403,24.18222299,0</coordinates>
</LinearRing></outerBoundaryIs></Polygon>
</Placemark>
<Placemark>
<name>SWCB_5523_1</name>
<ExtendedData>
<Data name="events"><value>康芮颱風</value></Data>
<Data name="area_ha"><value>0.110017696099</value></Data>
<Data name="source"><value>民國113年農村水保署災後衛星影像判釋</value></Data>
</ExtendedData>
<Polygon><outerBoundaryIs><LinearRing>
<coordinates>121.56936944,24.18046615,0 121.56956792,24.18046615,0 121.56947136,24.18001592,0 121.56927824,24.18001103,0 121.56937480,24.18028508,0 121.56936944,24.18046615,0</coordinates>
</LinearRing></outerBoundaryIs></Polygon>
</Placemark>
<Placemark>
<name>SWCB_2057_1</name>
<ExtendedData>
<Data name="events"><value>0629豪雨</value></Data>
<Data name="area_ha"><value>0.202134687511</value></Data>
<Data name="source"><value>民國113年農村水保署災後衛星影像判釋</value></Data>
</ExtendedData>
<Polygon><outerBoundaryIs><LinearRing>
<coordinates>121.56924605,24.16103161,0 121.56942844,24.16141338,0 121.56925142,24.16164342,0 121.56945527,24.16173152,0 121.56962693,24.16158469,0 121.56947672,24.16093372,0 121.56924605,24.16103161,0</coordinates>
</LinearRing></outerBoundaryIs></Polygon>
</Placemark>
<Placemark>
<name>SWCB_1590_1</name>
<ExtendedData>
<Data name="events"><value>0403花蓮地震</value></Data>
<Data name="area_ha"><value>0.268397736</value></Data>
<Data name="source"><value>民國113年農村水保署災後衛星影像判釋</value></Data>
</ExtendedData>
<Polygon><outerBoundaryIs><LinearRing>
<coordinates>121.56358659,24.15630345,0 121.56336129,24.15610766,0 121.56305015,24.15641113,0 121.56345785,24.15682718,0 121.56358659,24.15630345,0</coordinates>
</LinearRing></outerBoundaryIs></Polygon>
</Placemark>
<Placemark>
<name>SWCB_1372_1</name>
<ExtendedData>
<Data name="events"><value>0403花蓮地震</value></Data>
<Data name="area_ha"><value>0.287574028159</value></Data>
<Data name="source"><value>民國113年農村水保署災後衛星影像判釋</value></Data>
</ExtendedData>
<Polygon><outerBoundaryIs><LinearRing>
<coordinates>121.56167150,24.14948010,0 121.56175196,24.14905914,0 121.56144619,24.14938710,0 121.56157494,24.14910319,0 121.56119943,24.14934794,0 121.56106532,24.14978359,0 121.56120479,24.14985701,0 121.56153738,24.14961226,0 121.56167150,24.14948010,0</coordinates>
</LinearRing></outerBoundaryIs></Polygon>
</Placemark>
<Placemark>
<name>SWCB_1397_1</name>
<ExtendedData>
<Data name="events"><value>0403花蓮地震</value></Data>
<Data name="area_ha"><value>7.30571293579</value></Data>
<Data name="source"><value>民國113年農村水保署災後衛星影像判釋</value></Data>
</ExtendedData>
<Polygon><outerBoundaryIs><LinearRing>
<coordinates>121.55562580,24.16388996,0 121.55606031,24.16356204,0 121.55622661,24.16361588,0 121.55633390,24.16383613,0 121.55667186,24.16379697,0 121.55735850,24.16267126,0 121.55728340,24.16244611,0 121.55792713,24.16232375,0 121.55779839,24.16222586,0 121.55798614,24.16195667,0 121.55792177,24.16167769,0 121.55769646,24.16149659,0 121.55778229,24.16128613,0 121.55882835,24.16128123,0 121.55926824,24.16096309,0 121.55928969,24.16065474,0 121.55904830,24.16041491,0 121.55892491,24.16045406,0 121.55822754,24.16103161,0 121.55770719,24.16118334,0 121.55757844,24.16141828,0 121.55650020,24.16147212,0 121.55469239,24.16213287,0 121.55449390,24.16295024,0 121.55471921,24.16341521,0 121.55516446,24.16389486,0 121.55562580,24.16388996,0</coordinates>
</LinearRing></outerBoundaryIs></Polygon>
</Placemark>
<Placemark>
<name>SWCB_1408_1</name>
<ExtendedData>
<Data name="events"><value>0403花蓮地震</value></Data>
<Data name="area_ha"><value>0.149272756963</value></Data>
<Data name="source"><value>民國113年農村水保署災後衛星影像判釋</value></Data>
</ExtendedData>
<Polygon><outerBoundaryIs><LinearRing>
<coordinates>121.56408012,24.15318061,0 121.56441808,24.15297993,0 121.56354368,24.15294566,0 121.56349540,24.15309740,0 121.56368315,24.15318551,0 121.56408012,24.15318061,0</coordinates>
</LinearRing></outerBoundaryIs></Polygon>
</Placemark>
<Placemark>
<name>SWCB_1427_1</name>
<ExtendedData>
<Data name="events"><value>0403花蓮地震</value></Data>
<Data name="area_ha"><value>0.277777481244</value></Data>
<Data name="source"><value>民國113年農村水保署災後衛星影像判釋</value></Data>
</ExtendedData>
<Polygon><outerBoundaryIs><LinearRing>
<coordinates>121.56212747,24.15390994,0 121.56276047,24.15344004,0 121.56280339,24.15308272,0 121.56268537,24.15306803,0 121.56271756,24.15321977,0 121.56166077,24.15407636,0 121.56212747,24.15390994,0</coordinates>
</LinearRing></outerBoundaryIs></Polygon>
</Placemark>
<Placemark>
<name>SWCB_1614_1</name>
<ExtendedData>
<Data name="events"><value>0403花蓮地震</value></Data>
<Data name="area_ha"><value>0.657815758786</value></Data>
<Data name="source"><value>民國113年農村水保署災後衛星影像判釋</value></Data>
</ExtendedData>
<Polygon><outerBoundaryIs><LinearRing>
<coordinates>121.56923532,24.16398296,0 121.56933188,24.16382634,0 121.56963229,24.16385081,0 121.56975567,24.16373334,0 121.56977713,24.16347394,0 121.56887054,24.16307749,0 121.56886518,24.16372845,0 121.56923532,24.16398296,0</coordinates>
</LinearRing></outerBoundaryIs></Polygon>
</Placemark>
<Placemark>
<name>SWCB_1623_1</name>
<ExtendedData>
<Data name="events"><value>0403花蓮地震</value></Data>
<Data name="area_ha"><value>0.372872585611</value></Data>
<Data name="source"><value>民國113年農村水保署災後衛星影像判釋</value></Data>
</ExtendedData>
<Polygon><outerBoundaryIs><LinearRing>
<coordinates>121.56263709,24.16643501,0 121.56227767,24.16608752,0 121.56254590,24.16549531,0 121.56231523,24.16511355,0 121.56212211,24.16502545,0 121.56213284,24.16548552,0 121.56240106,24.16540721,0 121.56239033,24.16566661,0 121.56217039,24.16590154,0 121.56231523,24.16658184,0 121.56263709,24.16643501,0</coordinates>
</LinearRing></outerBoundaryIs></Polygon>
</Placemark>
<Placemark>
<name>SWCB_1630_1</name>
<ExtendedData>
<Data name="events"><value>0403花蓮地震</value></Data>
<Data name="area_ha"><value>1.51859626494</value></Data>
<Data name="source"><value>民國113年農村水保署災後衛星影像判釋</value></Data>
</ExtendedData>
<Polygon><outerBoundaryIs><LinearRing>
<coordinates>121.55387163,24.16151617,0 121.55431151,24.16069389,0 121.55530930,24.15980309,0 121.55537903,24.15962689,0 121.55529320,24.15948984,0 121.55423105,24.16005271,0 121.55352831,24.16073794,0 121.55343711,24.16120292,0 121.55365169,24.16167279,0 121.55387163,24.16151617,0</coordinates>
</LinearRing></outerBoundaryIs></Polygon>
</Placemark>
<Placemark>
<name>SWCB_3523_1</name>
<ExtendedData>
<Data name="events"><value>凱米颱風</value></Data>
<Data name="area_ha"><value>0.201010978002</value></Data>
<Data name="source"><value>民國113年農村水保署災後衛星影像判釋</value></Data>
</ExtendedData>
<Polygon><outerBoundaryIs><LinearRing>
<coordinates>121.57039940,24.15916191,0 121.57036722,24.15939195,0 121.57128990,24.15909828,0 121.57106996,24.15894655,0 121.57039940,24.15916191,0</coordinates>
</LinearRing></outerBoundaryIs></Polygon>
</Placemark>
<Placemark>
<name>SWCB_5264_1</name>
<ExtendedData>
<Data name="events"><value>康芮颱風</value></Data>
<Data name="area_ha"><value>0.230038257738</value></Data>
<Data name="source"><value>民國113年農村水保署災後衛星影像判釋</value></Data>
</ExtendedData>
<Polygon><outerBoundaryIs><LinearRing>
<coordinates>121.57503963,24.15758095,0 121.57494307,24.15712575,0 121.57474995,24.15694465,0 121.57455146,24.15694465,0 121.57455146,24.15721386,0 121.57474458,24.15739496,0 121.57484114,24.15758095,0 121.57503963,24.15758095,0</coordinates>
</LinearRing></outerBoundaryIs></Polygon>
</Placemark>
<Placemark>
<name>SWCB_295_1</name>
<ExtendedData>
<Data name="events"><value>0403花蓮地震</value></Data>
<Data name="area_ha"><value>0.148511826053</value></Data>
<Data name="source"><value>民國113年農村水保署災後衛星影像判釋</value></Data>
</ExtendedData>
<Polygon><outerBoundaryIs><LinearRing>
<coordinates>121.56165540,24.13243971,0 121.56162322,24.13207254,0 121.56144619,24.13214598,0 121.56147838,24.13238096,0 121.56123161,24.13260126,0 121.56138182,24.13275303,0 121.56146765,24.13255231,0 121.56165540,24.13243971,0</coordinates>
</LinearRing></outerBoundaryIs></Polygon>
</Placemark>
<Placemark>
<name>SWCB_298_1</name>
<ExtendedData>
<Data name="events"><value>0403花蓮地震</value></Data>
<Data name="area_ha"><value>0.404030150246</value></Data>
<Data name="source"><value>民國113年農村水保署災後衛星影像判釋</value></Data>
</ExtendedData>
<Polygon><outerBoundaryIs><LinearRing>
<coordinates>121.56042695,24.13244461,0 121.56005144,24.13260616,0 121.55979931,24.13287052,0 121.55981004,24.13309572,0 121.55968130,24.13321321,0 121.55980468,24.13346778,0 121.56016409,24.13374193,0 121.56026602,24.13364891,0 121.56011581,24.13359017,0 121.56004071,24.13331602,0 121.56012654,24.13291458,0 121.56042695,24.13244461,0</coordinates>
</LinearRing></outerBoundaryIs></Polygon>
</Placemark>
<Placemark>
<name>SWCB_309_1</name>
<ExtendedData>
<Data name="events"><value>0403花蓮地震</value></Data>
<Data name="area_ha"><value>0.63854699887</value></Data>
<Data name="source"><value>民國113年農村水保署災後衛星影像判釋</value></Data>
</ExtendedData>
<Polygon><outerBoundaryIs><LinearRing>
<coordinates>121.57234669,24.13203338,0 121.57243252,24.13154871,0 121.57289386,24.13163683,0 121.57279730,24.13117175,0 121.57239497,24.13077520,0 121.57207847,24.13151934,0 121.57208920,24.13199911,0 121.57220721,24.13215577,0 121.57234669,24.13203338,0</coordinates>
</LinearRing></outerBoundaryIs></Polygon>
</Placemark>
<Placemark>
<name>SWCB_316_1</name>
<ExtendedData>
<Data name="events"><value>0403花蓮地震</value></Data>
<Data name="area_ha"><value>0.147873751471</value></Data>
<Data name="source"><value>民國113年農村水保署災後衛星影像判釋</value></Data>
</ExtendedData>
<Polygon><outerBoundaryIs><LinearRing>
<coordinates>121.55771792,24.13856883,0 121.55770719,24.13829469,0 121.55721903,24.13906326,0 121.55683815,24.13926887,0 121.55683279,24.13946957,0 121.55694008,24.13948426,0 121.55692399,24.13926397,0 121.55706346,24.13930313,0 121.55755162,24.13877444,0 121.55771792,24.13856883,0</coordinates>
</LinearRing></outerBoundaryIs></Polygon>
</Placemark>
<Placemark>
<name>SWCB_319_1</name>
<ExtendedData>
<Data name="events"><value>0403花蓮地震</value></Data>
<Data name="area_ha"><value>0.18436157444</value></Data>
<Data name="source"><value>民國113年農村水保署災後衛星影像判釋</value></Data>
</ExtendedData>
<Polygon><outerBoundaryIs><LinearRing>
<coordinates>121.55776620,24.13672817,0 121.55778229,24.13640997,0 121.55731559,24.13654214,0 121.55711710,24.13687503,0 121.55776620,24.13672817,0</coordinates>
</LinearRing></outerBoundaryIs></Polygon>
</Placemark>
<Placemark>
<name>SWCB_322_1</name>
<ExtendedData>
<Data name="events"><value>0403花蓮地震</value></Data>
<Data name="area_ha"><value>1.18941576392</value></Data>
<Data name="source"><value>民國113年農村水保署災後衛星影像判釋</value></Data>
</ExtendedData>
<Polygon><outerBoundaryIs><LinearRing>
<coordinates>121.57531321,24.12625154,0 121.57542050,24.12586967,0 121.57518983,24.12597248,0 121.57502890,24.12588436,0 121.57473922,24.12611936,0 121.57488406,24.12644248,0 121.57483041,24.12697612,0 121.57437980,24.12754893,0 121.57431006,24.12790142,0 121.57412767,24.12783778,0 121.57393456,24.12794059,0 121.57377362,24.12825392,0 121.57394528,24.12826371,0 121.57413840,24.12808257,0 121.57432079,24.12825392,0 121.57450855,24.12811684,0 121.57459438,24.12739716,0 121.57499135,24.12676071,0 121.57498062,24.12725518,0 121.57527566,24.12773497,0 121.57532394,24.12732862,0 121.57562435,24.12727966,0 121.57565117,24.12681456,0 121.57543659,24.12685373,0 121.57519519,24.12689779,0 121.57503426,24.12639842,0 121.57531321,24.12625154,0</coordinates>
</LinearRing></outerBoundaryIs></Polygon>
</Placemark>
<Placemark>
<name>SWCB_324_1</name>
<ExtendedData>
<Data name="events"><value>0403花蓮地震</value></Data>
<Data name="area_ha"><value>0.0795112779628</value></Data>
<Data name="source"><value>民國113年農村水保署災後衛星影像判釋</value></Data>
</ExtendedData>
<Polygon><outerBoundaryIs><LinearRing>
<coordinates>121.57413840,24.12905192,0 121.57431006,24.12873370,0 121.57397747,24.12888547,0 121.57401502,24.12908130,0 121.57413840,24.12905192,0</coordinates>
</LinearRing></outerBoundaryIs></Polygon>
</Placemark>
<Placemark>
<name>SWCB_326_1</name>
<ExtendedData>
<Data name="events"><value>0403花蓮地震</value></Data>
<Data name="area_ha"><value>0.108250574781</value></Data>
<Data name="source"><value>民國113年農村水保署災後衛星影像判釋</value></Data>
</ExtendedData>
<Polygon><outerBoundaryIs><LinearRing>
<coordinates>121.55529857,24.14199064,0 121.55535758,24.14193189,0 121.55510545,24.14177035,0 121.55485332,24.14181930,0 121.55476213,24.14193189,0 121.55484796,24.14200532,0 121.55529857,24.14199064,0</coordinates>
</LinearRing></outerBoundaryIs></Polygon>
</Placemark>
<Placemark>
<name>SWCB_3495_1</name>
<ExtendedData>
<Data name="events"><value>凱米颱風</value></Data>
<Data name="area_ha"><value>0.120019522401</value></Data>
<Data name="source"><value>民國113年農村水保署災後衛星影像判釋</value></Data>
</ExtendedData>
<Polygon><outerBoundaryIs><LinearRing>
<coordinates>121.56895101,24.14506480,0 121.56904757,24.14533403,0 121.56934261,24.14524592,0 121.56924605,24.14497668,0 121.56895101,24.14506480,0</coordinates>
</LinearRing></outerBoundaryIs></Polygon>
</Placemark>
<Placemark>
<name>SWCB_2058_1</name>
<ExtendedData>
<Data name="events"><value>0629豪雨</value></Data>
<Data name="area_ha"><value>0.915984739669</value></Data>
<Data name="source"><value>民國113年農村水保署災後衛星影像判釋</value></Data>
</ExtendedData>
<Polygon><outerBoundaryIs><LinearRing>
<coordinates>121.57325327,24.11057417,0 121.57333374,24.11108339,0 121.57311916,24.11112257,0 121.57359123,24.11183744,0 121.57362878,24.11242011,0 121.57375216,24.11245928,0 121.57362878,24.11277754,0 121.57373071,24.11294891,0 121.57387018,24.11288036,0 121.57403111,24.11314966,0 121.57394528,24.11245928,0 121.57380044,24.11243479,0 121.57393456,24.11214591,0 121.57382190,24.11190599,0 121.57393992,24.11177868,0 121.57376826,24.11165627,0 121.57387018,24.11151428,0 121.57360196,24.11112746,0 121.57358050,24.11072106,0 121.57347322,24.11070637,0 121.57360733,24.11059375,0 121.57345176,24.11050562,0 121.57325327,24.11057417,0</coordinates>
</LinearRing></outerBoundaryIs></Polygon>
</Placemark>
<Placemark>
<name>SWCB_312_1</name>
<ExtendedData>
<Data name="events"><value>0403花蓮地震</value></Data>
<Data name="area_ha"><value>0.072859640083</value></Data>
<Data name="source"><value>民國113年農村水保署災後衛星影像判釋</value></Data>
</ExtendedData>
<Polygon><outerBoundaryIs><LinearRing>
<coordinates>121.57353759,24.12056737,0 121.57388628,24.12060164,0 121.57397211,24.12048903,0 121.57369852,24.12042049,0 121.57353759,24.12056737,0</coordinates>
</LinearRing></outerBoundaryIs></Polygon>
</Placemark>
<Placemark>
<name>SWCB_325_1</name>
<ExtendedData>
<Data name="events"><value>0403花蓮地震</value></Data>
<Data name="area_ha"><value>0.152579339536</value></Data>
<Data name="source"><value>民國113年農村水保署災後衛星影像判釋</value></Data>
</ExtendedData>
<Polygon><outerBoundaryIs><LinearRing>
<coordinates>121.56350613,24.12422466,0 121.56362414,24.12437643,0 121.56382799,24.12415122,0 121.56387091,24.12366652,0 121.56370997,24.12376934,0 121.56350613,24.12422466,0</coordinates>
</LinearRing></outerBoundaryIs></Polygon>
</Placemark>
<Placemark>
<name>SWCB_1709_1</name>
<ExtendedData>
<Data name="events"><value>0403花蓮地震</value></Data>
<Data name="area_ha"><value>0.293890672775</value></Data>
<Data name="source"><value>民國113年農村水保署災後衛星影像判釋</value></Data>
</ExtendedData>
<Polygon><outerBoundaryIs><LinearRing>
<coordinates>121.56582355,24.11233197,0 121.56600058,24.11222915,0 121.56647265,24.11240542,0 121.56634390,24.11220956,0 121.56564653,24.11198433,0 121.56484187,24.11200391,0 121.56517446,24.11208715,0 121.56521201,24.11220467,0 121.56561971,24.11219487,0 121.56582355,24.11233197,0</coordinates>
</LinearRing></outerBoundaryIs></Polygon>
</Placemark>
<Placemark>
<name>SWCB_1725_1</name>
<ExtendedData>
<Data name="events"><value>0403花蓮地震</value></Data>
<Data name="area_ha"><value>2.98899869443</value></Data>
<Data name="source"><value>民國113年農村水保署災後衛星影像判釋</value></Data>
</ExtendedData>
<Polygon><outerBoundaryIs><LinearRing>
<coordinates>121.56524420,24.10766077,0 121.56587183,24.10770483,0 121.56610250,24.10756283,0 121.56569481,24.10728373,0 121.56560361,24.10678918,0 121.56535685,24.10658842,0 121.56511009,24.10595186,0 121.56480432,24.10582945,0 121.56473994,24.10598124,0 121.56453609,24.10601062,0 121.56403720,24.10532020,0 121.56364024,24.10528103,0 121.56336129,24.10483054,0 121.56289458,24.10473750,0 121.56346321,24.10559931,0 121.56340957,24.10582455,0 121.56366169,24.10601552,0 121.56441271,24.10657373,0 121.56524420,24.10766077,0</coordinates>
</LinearRing></outerBoundaryIs></Polygon>
</Placemark>
<Placemark>
<name>SWCB_1726_1</name>
<ExtendedData>
<Data name="events"><value>0403花蓮地震</value></Data>
<Data name="area_ha"><value>0.211403053302</value></Data>
<Data name="source"><value>民國113年農村水保署災後衛星影像判釋</value></Data>
</ExtendedData>
<Polygon><outerBoundaryIs><LinearRing>
<coordinates>121.55941844,24.11289995,0 121.55961692,24.11287057,0 121.55962229,24.11266492,0 121.55993879,24.11236135,0 121.55972421,24.11230749,0 121.55984223,24.11209205,0 121.55956864,24.11218998,0 121.55963838,24.11253762,0 121.55936480,24.11275306,0 121.55941844,24.11289995,0</coordinates>
</LinearRing></outerBoundaryIs></Polygon>
</Placemark>
<Placemark>
<name>SWCB_1731_1</name>
<ExtendedData>
<Data name="events"><value>0403花蓮地震</value></Data>
<Data name="area_ha"><value>0.201519756263</value></Data>
<Data name="source"><value>民國113年農村水保署災後衛星影像判釋</value></Data>
</ExtendedData>
<Polygon><outerBoundaryIs><LinearRing>
<coordinates>121.57399893,24.10907096,0 121.57417059,24.10913951,0 121.57537222,24.10891427,0 121.57496452,24.10877717,0 121.57451391,24.10887510,0 121.57399893,24.10907096,0</coordinates>
</LinearRing></outerBoundaryIs></Polygon>
</Placemark>
<Placemark>
<name>SWCB_1760_1</name>
<ExtendedData>
<Data name="events"><value>0403花蓮地震</value></Data>
<Data name="area_ha"><value>0.0765893732362</value></Data>
<Data name="source"><value>民國113年農村水保署災後衛星影像判釋</value></Data>
</ExtendedData>
<Polygon><outerBoundaryIs><LinearRing>
<coordinates>121.57465875,24.10688711,0 121.57461047,24.10707808,0 121.57478213,24.10722008,0 121.57491088,24.10707808,0 121.57465875,24.10688711,0</coordinates>
</LinearRing></outerBoundaryIs></Polygon>
</Placemark>
<Placemark>
<name>SWCB_1763_1</name>
<ExtendedData>
<Data name="events"><value>0403花蓮地震</value></Data>
<Data name="area_ha"><value>0.664885851924</value></Data>
<Data name="source"><value>民國113年農村水保署災後衛星影像判釋</value></Data>
</ExtendedData>
<Polygon><outerBoundaryIs><LinearRing>
<coordinates>121.57453001,24.11059865,0 121.57431006,24.11093161,0 121.57488942,24.11149959,0 121.57483041,24.11197454,0 121.57454073,24.11197454,0 121.57490551,24.11274816,0 121.57507181,24.11260127,0 121.57493234,24.11237604,0 121.57497525,24.11205777,0 121.57511473,24.11139676,0 121.57453001,24.11059865,0</coordinates>
</LinearRing></outerBoundaryIs></Polygon>
</Placemark>
<Placemark>
<name>SWCB_3510_1</name>
<ExtendedData>
<Data name="events"><value>凱米颱風</value></Data>
<Data name="area_ha"><value>0.0485784955988</value></Data>
<Data name="source"><value>民國113年農村水保署災後衛星影像判釋</value></Data>
</ExtendedData>
<Polygon><outerBoundaryIs><LinearRing>
<coordinates>121.57397211,24.10820918,0 121.57422960,24.10832669,0 121.57426715,24.10818469,0 121.57401502,24.10805249,0 121.57397211,24.10820918,0</coordinates>
</LinearRing></outerBoundaryIs></Polygon>
</Placemark>
<Placemark>
<name>SWCB_280_1</name>
<ExtendedData>
<Data name="events"><value>0403花蓮地震</value></Data>
<Data name="area_ha"><value>0.138300988921</value></Data>
<Data name="source"><value>民國113年農村水保署災後衛星影像判釋</value></Data>
</ExtendedData>
<Polygon><outerBoundaryIs><LinearRing>
<coordinates>121.58755481,24.12165918,0 121.58766747,24.12188929,0 121.58809662,24.12180606,0 121.58791423,24.12176200,0 121.58795714,24.12151720,0 121.58779621,24.12161512,0 121.58755481,24.12165918,0</coordinates>
</LinearRing></outerBoundaryIs></Polygon>
</Placemark>
<Placemark>
<name>SWCB_281_1</name>
<ExtendedData>
<Data name="events"><value>0403花蓮地震</value></Data>
<Data name="area_ha"><value>0.174832990732</value></Data>
<Data name="source"><value>民國113年農村水保署災後衛星影像判釋</value></Data>
</ExtendedData>
<Polygon><outerBoundaryIs><LinearRing>
<coordinates>121.57999635,24.12627113,0 121.57907903,24.12694185,0 121.57914340,24.12711810,0 121.57959402,24.12673133,0 121.57999635,24.12638863,0 121.57999635,24.12627113,0</coordinates>
</LinearRing></outerBoundaryIs></Polygon>
</Placemark>
<Placemark>
<name>SWCB_299_1</name>
<ExtendedData>
<Data name="events"><value>0403花蓮地震</value></Data>
<Data name="area_ha"><value>0.375504662376</value></Data>
<Data name="source"><value>民國113年農村水保署災後衛星影像判釋</value></Data>
</ExtendedData>
<Polygon><outerBoundaryIs><LinearRing>
<coordinates>121.59363270,24.11407506,0 121.59385800,24.11403589,0 121.59387946,24.11390859,0 121.59416378,24.11399672,0 121.59452319,24.11384004,0 121.59457684,24.11358053,0 121.59422278,24.11356585,0 121.59378290,24.11386452,0 121.59309089,24.11394286,0 121.59314454,24.11401630,0 121.59363270,24.11407506,0</coordinates>
</LinearRing></outerBoundaryIs></Polygon>
</Placemark>
<Placemark>
<name>SWCB_303_1</name>
<ExtendedData>
<Data name="events"><value>0403花蓮地震</value></Data>
<Data name="area_ha"><value>0.523512607065</value></Data>
<Data name="source"><value>民國113年農村水保署災後衛星影像判釋</value></Data>
</ExtendedData>
<Polygon><outerBoundaryIs><LinearRing>
<coordinates>121.58134282,24.12118427,0 121.58158958,24.12117937,0 121.58179879,24.12141928,0 121.58205092,24.12114021,0 121.58140182,24.12039111,0 121.58115506,24.12075342,0 121.58124089,24.12096885,0 121.58134282,24.12118427,0</coordinates>
</LinearRing></outerBoundaryIs></Polygon>
</Placemark>
<Placemark>
<name>SWCB_304_1</name>
<ExtendedData>
<Data name="events"><value>0403花蓮地震</value></Data>
<Data name="area_ha"><value>0.331203229547</value></Data>
<Data name="source"><value>民國113年農村水保署災後衛星影像判釋</value></Data>
</ExtendedData>
<Polygon><outerBoundaryIs><LinearRing>
<coordinates>121.59040332,24.12535561,0 121.59042478,24.12566404,0 121.59061790,24.12559550,0 121.59072518,24.12568852,0 121.59078956,24.12548290,0 121.59107924,24.12530665,0 121.59126699,24.12535071,0 121.59141719,24.12510592,0 121.59079492,24.12515977,0 121.59040332,24.12535561,0</coordinates>
</LinearRing></outerBoundaryIs></Polygon>
</Placemark>
<Placemark>
<name>SWCB_305_1</name>
<ExtendedData>
<Data name="events"><value>0403花蓮地震</value></Data>
<Data name="area_ha"><value>0.202931506962</value></Data>
<Data name="source"><value>民國113年農村水保署災後衛星影像判釋</value></Data>
</ExtendedData>
<Polygon><outerBoundaryIs><LinearRing>
<coordinates>121.58803225,24.12235441,0 121.58827901,24.12252577,0 121.58857405,24.12237400,0 121.58864915,24.12215857,0 121.58852041,24.12212430,0 121.58815563,24.12234462,0 121.58811271,24.12206555,0 121.58791423,24.12227118,0 121.58794105,24.12242785,0 121.58803225,24.12235441,0</coordinates>
</LinearRing></outerBoundaryIs></Polygon>
</Placemark>
<Placemark>
<name>SWCB_311_1</name>
<ExtendedData>
<Data name="events"><value>0403花蓮地震</value></Data>
<Data name="area_ha"><value>1.19932331396</value></Data>
<Data name="source"><value>民國113年農村水保署災後衛星影像判釋</value></Data>
</ExtendedData>
<Polygon><outerBoundaryIs><LinearRing>
<coordinates>121.58843994,24.12025402,0 121.58843458,24.11986234,0 121.58811808,24.11947555,0 121.58778548,24.11986724,0 121.58760846,24.11980359,0 121.58738315,24.11997005,0 121.58720613,24.12020996,0 121.58724368,24.12036174,0 121.58680379,24.12058206,0 121.58702374,24.12077790,0 121.58722222,24.12053799,0 121.58753872,24.12081707,0 121.58813953,24.12049393,0 121.58843994,24.12025402,0</coordinates>
</LinearRing></outerBoundaryIs></Polygon>
</Placemark>
<Placemark>
<name>SWCB_315_1</name>
<ExtendedData>
<Data name="events"><value>0403花蓮地震</value></Data>
<Data name="area_ha"><value>0.723665296532</value></Data>
<Data name="source"><value>民國113年農村水保署災後衛星影像判釋</value></Data>
</ExtendedData>
<Polygon><outerBoundaryIs><LinearRing>
<coordinates>121.57701373,24.12552696,0 121.57738924,24.12556613,0 121.57744825,24.12592352,0 121.57772183,24.12605082,0 121.57807589,24.12533113,0 121.57801151,24.12517446,0 121.57758772,24.12517935,0 121.57746971,24.12487092,0 121.57698154,24.12530665,0 121.57701373,24.12552696,0</coordinates>
</LinearRing></outerBoundaryIs></Polygon>
</Placemark>
<Placemark>
<name>SWCB_317_1</name>
<ExtendedData>
<Data name="events"><value>0403花蓮地震</value></Data>
<Data name="area_ha"><value>0.336190244533</value></Data>
<Data name="source"><value>民國113年農村水保署災後衛星影像判釋</value></Data>
</ExtendedData>
<Polygon><outerBoundaryIs><LinearRing>
<coordinates>121.58673406,24.12027361,0 121.58692718,24.12020017,0 121.58701301,24.11977911,0 121.58738852,24.11977911,0 121.58775330,24.11951472,0 121.58785522,24.11925033,0 121.58736706,24.11961754,0 121.58697546,24.11962243,0 121.58691645,24.11948534,0 121.58661604,24.12019038,0 121.58673406,24.12027361,0</coordinates>
</LinearRing></outerBoundaryIs></Polygon>
</Placemark>
<Placemark>
<name>SWCB_318_1</name>
<ExtendedData>
<Data name="events"><value>0403花蓮地震</value></Data>
<Data name="area_ha"><value>0.630222344943</value></Data>
<Data name="source"><value>民國113年農村水保署災後衛星影像判釋</value></Data>
</ExtendedData>
<Polygon><outerBoundaryIs><LinearRing>
<coordinates>121.57859087,24.11934336,0 121.57841384,24.11946576,0 121.57855332,24.11966160,0 121.57839775,24.11991620,0 121.57789350,24.11997005,0 121.57780230,24.12015610,0 121.57856941,24.11996026,0 121.57869816,24.12021486,0 121.57919705,24.12001901,0 121.57899320,24.11974973,0 121.57890737,24.11909855,0 121.57874644,24.11914262,0 121.57870352,24.11952941,0 121.57851040,24.11950982,0 121.57859087,24.11934336,0</coordinates>
</LinearRing></outerBoundaryIs></Polygon>
</Placemark>
<Placemark>
<name>SWCB_321_1</name>
<ExtendedData>
<Data name="events"><value>0403花蓮地震</value></Data>
<Data name="area_ha"><value>0.348239807706</value></Data>
<Data name="source"><value>民國113年農村水保署災後衛星影像判釋</value></Data>
</ExtendedData>
<Polygon><outerBoundaryIs><LinearRing>
<coordinates>121.57982469,24.12609977,0 121.58009291,24.12538988,0 121.57991588,24.12539477,0 121.57975495,24.12571790,0 121.57910585,24.12629561,0 121.57944918,24.12633477,0 121.57982469,24.12609977,0</coordinates>
</LinearRing></outerBoundaryIs></Polygon>
</Placemark>
<Placemark>
<name>SWCB_328_1</name>
<ExtendedData>
<Data name="events"><value>0403花蓮地震</value></Data>
<Data name="area_ha"><value>1.12326732197</value></Data>
<Data name="source"><value>民國113年農村水保署災後衛星影像判釋</value></Data>
</ExtendedData>
<Polygon><outerBoundaryIs><LinearRing>
<coordinates>121.59749508,24.11790879,0 121.59719467,24.11787452,0 121.59639001,24.11822704,0 121.59667432,24.11839841,0 121.59664750,24.11855998,0 121.59620225,24.11830049,0 121.59600377,24.11849143,0 121.59694254,24.11888312,0 121.59749508,24.11876072,0 121.59751117,24.11855019,0 121.59710884,24.11845716,0 121.59759700,24.11825642,0 121.59807980,24.11832007,0 121.59749508,24.11790879,0</coordinates>
</LinearRing></outerBoundaryIs></Polygon>
</Placemark>
<Placemark>
<name>SWCB_330_1</name>
<ExtendedData>
<Data name="events"><value>0403花蓮地震</value></Data>
<Data name="area_ha"><value>0.196915270298</value></Data>
<Data name="source"><value>民國113年農村水保署災後衛星影像判釋</value></Data>
</ExtendedData>
<Polygon><outerBoundaryIs><LinearRing>
<coordinates>121.58870280,24.12286359,0 121.58924460,24.12265307,0 121.58893347,24.12265796,0 121.58819318,24.12308881,0 121.58796251,24.12288807,0 121.58789814,24.12322589,0 121.58810198,24.12325037,0 121.58870280,24.12286359,0</coordinates>
</LinearRing></outerBoundaryIs></Polygon>
</Placemark>
<Placemark>
<name>SWCB_331_1</name>
<ExtendedData>
<Data name="events"><value>0403花蓮地震</value></Data>
<Data name="area_ha"><value>1.70012994498</value></Data>
<Data name="source"><value>民國113年農村水保署災後衛星影像判釋</value></Data>
</ExtendedData>
<Polygon><outerBoundaryIs><LinearRing>
<coordinates>121.58582747,24.11866769,0 121.58585429,24.11888312,0 121.58602059,24.11896146,0 121.58604205,24.11834945,0 121.58620834,24.11821725,0 121.58600986,24.11803120,0 121.58634245,24.11774233,0 121.58647120,24.11780598,0 121.58634245,24.11794307,0 121.58653021,24.11846206,0 121.58679307,24.11811443,0 121.58767283,24.11790879,0 121.58780694,24.11761503,0 121.58767819,24.11746814,0 121.58781230,24.11723802,0 121.58745289,24.11698342,0 121.58648193,24.11764930,0 121.58619761,24.11761013,0 121.58566117,24.11808506,0 121.58570945,24.11832986,0 121.58558607,24.11837882,0 121.58553243,24.11869217,0 121.58582747,24.11866769,0</coordinates>
</LinearRing></outerBoundaryIs></Polygon>
</Placemark>
<Placemark>
<name>SWCB_333_1</name>
<ExtendedData>
<Data name="events"><value>0403花蓮地震</value></Data>
<Data name="area_ha"><value>0.252473385582</value></Data>
<Data name="source"><value>民國113年農村水保署災後衛星影像判釋</value></Data>
</ExtendedData>
<Polygon><outerBoundaryIs><LinearRing>
<coordinates>121.59301043,24.12047435,0 121.59376681,24.12042539,0 121.59398139,24.12030298,0 121.59430325,24.12052331,0 121.59438372,24.12031767,0 121.59423888,24.12022465,0 121.59314990,24.12042539,0 121.59298897,24.12034215,0 121.59267783,24.12044987,0 121.59271002,24.12064081,0 121.59301043,24.12047435,0</coordinates>
</LinearRing></outerBoundaryIs></Polygon>
</Placemark>
<Placemark>
<name>SWCB_335_1</name>
<ExtendedData>
<Data name="events"><value>0403花蓮地震</value></Data>
<Data name="area_ha"><value>0.427377039204</value></Data>
<Data name="source"><value>民國113年農村水保署災後衛星影像判釋</value></Data>
</ExtendedData>
<Polygon><outerBoundaryIs><LinearRing>
<coordinates>121.59769893,24.11114215,0 121.59644365,24.11176889,0 121.59624517,24.11192068,0 121.59620762,24.11215081,0 121.59647584,24.11235156,0 121.59682453,24.11180806,0 121.59741461,24.11137718,0 121.59785986,24.11124987,0 121.59769893,24.11114215,0</coordinates>
</LinearRing></outerBoundaryIs></Polygon>
</Placemark>
<Placemark>
<name>SWCB_342_1</name>
<ExtendedData>
<Data name="events"><value>0403花蓮地震</value></Data>
<Data name="area_ha"><value>0.488381019422</value></Data>
<Data name="source"><value>民國113年農村水保署災後衛星影像判釋</value></Data>
</ExtendedData>
<Polygon><outerBoundaryIs><LinearRing>
<coordinates>121.57899857,24.12519894,0 121.57922387,24.12531154,0 121.57954574,24.12519404,0 121.57987833,24.12461143,0 121.58023238,24.12446456,0 121.58041477,24.12414632,0 121.57957256,24.12457716,0 121.57942235,24.12485133,0 121.57899857,24.12519894,0</coordinates>
</LinearRing></outerBoundaryIs></Polygon>
</Placemark>
<Placemark>
<name>SWCB_343_1</name>
<ExtendedData>
<Data name="events"><value>0403花蓮地震</value></Data>
<Data name="area_ha"><value>0.542734224499</value></Data>
<Data name="source"><value>民國113年農村水保署災後衛星影像判釋</value></Data>
</ExtendedData>
<Polygon><outerBoundaryIs><LinearRing>
<coordinates>121.59007609,24.11868728,0 121.59070373,24.11827600,0 121.59063935,24.11815360,0 121.58992589,24.11864321,0 121.58886909,24.11888312,0 121.58864915,24.11945107,0 121.58821464,24.11966650,0 121.58844531,24.11986724,0 121.58886373,24.11941190,0 121.58896565,24.11905938,0 121.58953428,24.11885864,0 121.59007609,24.11868728,0</coordinates>
</LinearRing></outerBoundaryIs></Polygon>
</Placemark>
<Placemark>
<name>SWCB_344_1</name>
<ExtendedData>
<Data name="events"><value>0403花蓮地震</value></Data>
<Data name="area_ha"><value>0.0748175289302</value></Data>
<Data name="source"><value>民國113年農村水保署災後衛星影像判釋</value></Data>
</ExtendedData>
<Polygon><outerBoundaryIs><LinearRing>
<coordinates>121.58560216,24.12217816,0 121.58568263,24.12204107,0 121.58530176,24.12209003,0 121.58528566,24.12221732,0 121.58560216,24.12217816,0</coordinates>
</LinearRing></outerBoundaryIs></Polygon>
</Placemark>
<Placemark>
<name>SWCB_346_1</name>
<ExtendedData>
<Data name="events"><value>0403花蓮地震</value></Data>
<Data name="area_ha"><value>5.13325206836</value></Data>
<Data name="source"><value>民國113年農村水保署災後衛星影像判釋</value></Data>
</ExtendedData>
<Polygon><outerBoundaryIs><LinearRing>
<coordinates>121.59014583,24.12497373,0 121.59051061,24.12479748,0 121.59113824,24.12418060,0 121.59120798,24.12388195,0 121.59149230,24.12375465,0 121.59145474,24.12338256,0 121.59176588,24.12243764,0 121.59120798,24.12231035,0 121.59081101,24.12239848,0 121.59043550,24.12211451,0 121.58998489,24.12222222,0 121.58894420,24.12306433,0 121.58906221,24.12333360,0 121.58899248,24.12351965,0 121.58850431,24.12398966,0 121.58862770,24.12426383,0 121.58883691,24.12418549,0 121.58871889,24.12445477,0 121.58886909,24.12451352,0 121.58896565,24.12421976,0 121.58927143,24.12408757,0 121.58916950,24.12373996,0 121.58929825,24.12330912,0 121.58946991,24.12330912,0 121.58982396,24.12364205,0 121.58960402,24.12391622,0 121.58962011,24.12411205,0 121.58989370,24.12431278,0 121.58972740,24.12451352,0 121.58980787,24.12457227,0 121.59038186,24.12378892,0 121.59056425,24.12332871,0 121.59075737,24.12328954,0 121.59081101,24.12361267,0 121.59006000,24.12463591,0 121.59014583,24.12497373,0</coordinates>
</LinearRing></outerBoundaryIs></Polygon>
</Placemark>
<Placemark>
<name>SWCB_347_1</name>
<ExtendedData>
<Data name="events"><value>0403花蓮地震</value></Data>
<Data name="area_ha"><value>0.134315400842</value></Data>
<Data name="source"><value>民國113年農村水保署災後衛星影像判釋</value></Data>
</ExtendedData>
<Polygon><outerBoundaryIs><LinearRing>
<coordinates>121.59328401,24.12378892,0 121.59318209,24.12362246,0 121.59292459,24.12380851,0 121.59261346,24.12379871,0 121.59262419,24.12393580,0 121.59311771,24.12393580,0 121.59328401,24.12378892,0</coordinates>
</LinearRing></outerBoundaryIs></Polygon>
</Placemark>
<Placemark>
<name>SWCB_351_1</name>
<ExtendedData>
<Data name="events"><value>0403花蓮地震</value></Data>
<Data name="area_ha"><value>1.21847317292</value></Data>
<Data name="source"><value>民國113年農村水保署災後衛星影像判釋</value></Data>
</ExtendedData>
<Polygon><outerBoundaryIs><LinearRing>
<coordinates>121.58762455,24.11614617,0 121.58783913,24.11637140,0 121.58751726,24.11702749,0 121.58758700,24.11707155,0 121.58783376,24.11693936,0 121.58796787,24.11656725,0 121.58804834,24.11629795,0 121.58782303,24.11606294,0 121.58793032,24.11589647,0 121.58847749,24.11586709,0 121.58911586,24.11651828,0 121.58928216,24.11635181,0 121.58888519,24.11609721,0 121.58890665,24.11581813,0 121.58859551,24.11570062,0 121.58856869,24.11549008,0 121.58873498,24.11525016,0 121.58863842,24.11509838,0 121.58842385,24.11521099,0 121.58816636,24.11508369,0 121.58788204,24.11525506,0 121.58783376,24.11554394,0 121.58755481,24.11582792,0 121.58761919,24.11594543,0 121.58762455,24.11614617,0</coordinates>
</LinearRing></outerBoundaryIs></Polygon>
</Placemark>
<Placemark>
<name>SWCB_352_1</name>
<ExtendedData>
<Data name="events"><value>0403花蓮地震</value></Data>
<Data name="area_ha"><value>0.17622752965</value></Data>
<Data name="source"><value>民國113年農村水保署災後衛星影像判釋</value></Data>
</ExtendedData>
<Polygon><outerBoundaryIs><LinearRing>
<coordinates>121.59169614,24.11741918,0 121.59172297,24.11718416,0 121.59200728,24.11704218,0 121.59202337,24.11690508,0 121.59144938,24.11719885,0 121.59111142,24.11755627,0 121.59169614,24.11741918,0</coordinates>
</LinearRing></outerBoundaryIs></Polygon>
</Placemark>
<Placemark>
<name>SWCB_1696_1</name>
<ExtendedData>
<Data name="events"><value>0403花蓮地震</value></Data>
<Data name="area_ha"><value>0.294724982385</value></Data>
<Data name="source"><value>民國113年農村水保署災後衛星影像判釋</value></Data>
</ExtendedData>
<Polygon><outerBoundaryIs><LinearRing>
<coordinates>121.59387946,24.10953123,0 121.59402430,24.10941861,0 121.59371853,24.10918358,0 121.59312308,24.10937944,0 121.59361660,24.10966343,0 121.59400284,24.10964874,0 121.59387946,24.10953123,0</coordinates>
</LinearRing></outerBoundaryIs></Polygon>
</Placemark>
<Placemark>
<name>SWCB_1707_1</name>
<ExtendedData>
<Data name="events"><value>0403花蓮地震</value></Data>
<Data name="area_ha"><value>0.153506721488</value></Data>
<Data name="source"><value>民國113年農村水保署災後衛星影像判釋</value></Data>
</ExtendedData>
<Polygon><outerBoundaryIs><LinearRing>
<coordinates>121.57607496,24.11342875,0 121.57606959,24.11323290,0 121.57546341,24.11240542,0 121.57597303,24.11342875,0 121.57607496,24.11342875,0</coordinates>
</LinearRing></outerBoundaryIs></Polygon>
</Placemark>
<Placemark>
<name>SWCB_1711_1</name>
<ExtendedData>
<Data name="events"><value>0403花蓮地震</value></Data>
<Data name="area_ha"><value>1.43658392134</value></Data>
<Data name="source"><value>民國113年農村水保署災後衛星影像判釋</value></Data>
</ExtendedData>
<Polygon><outerBoundaryIs><LinearRing>
<coordinates>121.59410477,24.11213122,0 121.59404576,24.11245438,0 121.59411550,24.11263065,0 121.59459829,24.11281671,0 121.59455538,24.11296849,0 121.59481823,24.11298808,0 121.59566581,24.11188640,0 121.59532785,24.11193047,0 121.59508646,24.11157303,0 121.59450710,24.11174441,0 121.59410477,24.11213122,0</coordinates>
</LinearRing></outerBoundaryIs></Polygon>
</Placemark>
<Placemark>
<name>SWCB_1717_1</name>
<ExtendedData>
<Data name="events"><value>0403花蓮地震</value></Data>
<Data name="area_ha"><value>0.230278404414</value></Data>
<Data name="source"><value>民國113年農村水保署災後衛星影像判釋</value></Data>
</ExtendedData>
<Polygon><outerBoundaryIs><LinearRing>
<coordinates>121.58916950,24.11180316,0 121.58909440,24.11190599,0 121.58923924,24.11197943,0 121.58928752,24.11226832,0 121.58911049,24.11239073,0 121.58950210,24.11272368,0 121.58958256,24.11254251,0 121.58946455,24.11244948,0 121.58948064,24.11213122,0 121.58922315,24.11188640,0 121.58916950,24.11180316,0</coordinates>
</LinearRing></outerBoundaryIs></Polygon>
</Placemark>
<Placemark>
<name>SWCB_1719_1</name>
<ExtendedData>
<Data name="events"><value>0403花蓮地震</value></Data>
<Data name="area_ha"><value>1.03898621737</value></Data>
<Data name="source"><value>民國113年農村水保署災後衛星影像判釋</value></Data>
</ExtendedData>
<Polygon><outerBoundaryIs><LinearRing>
<coordinates>121.59080565,24.10998170,0 121.59091830,24.11026080,0 121.59054279,24.11041259,0 121.59063935,24.11054479,0 121.59056962,24.11068679,0 121.59086466,24.11089243,0 121.59025848,24.11096588,0 121.59085929,24.11122539,0 121.59106851,24.11117153,0 121.59119189,24.11129884,0 121.59156203,24.11109808,0 121.59099340,24.11084347,0 121.59117043,24.11071127,0 121.59097195,24.11021673,0 121.59120798,24.11027059,0 121.59117579,24.11004535,0 121.59150839,24.11000129,0 121.59174979,24.11056438,0 121.59203410,24.11065251,0 121.59180880,24.11019714,0 121.59209311,24.10973198,0 121.59169078,24.10994253,0 121.59122407,24.10985439,0 121.59133136,24.10970750,0 121.59125090,24.10968791,0 121.59095049,24.10989846,0 121.59080565,24.10998170,0</coordinates>
</LinearRing></outerBoundaryIs></Polygon>
</Placemark>
<Placemark>
<name>SWCB_1728_1</name>
<ExtendedData>
<Data name="events"><value>0403花蓮地震</value></Data>
<Data name="area_ha"><value>0.320411486467</value></Data>
<Data name="source"><value>民國113年農村水保署災後衛星影像判釋</value></Data>
</ExtendedData>
<Polygon><outerBoundaryIs><LinearRing>
<coordinates>121.59042478,24.11195985,0 121.58985078,24.11148000,0 121.58988297,24.11123029,0 121.58972204,24.11105402,0 121.58955038,24.11107360,0 121.58972740,24.11124498,0 121.58967912,24.11162200,0 121.58910513,24.11151428,0 121.58936262,24.11174441,0 121.58999562,24.11177379,0 121.59024239,24.11205288,0 121.59042478,24.11195985,0</coordinates>
</LinearRing></outerBoundaryIs></Polygon>
</Placemark>
<Placemark>
<name>SWCB_1738_1</name>
<ExtendedData>
<Data name="events"><value>0403花蓮地震</value></Data>
<Data name="area_ha"><value>0.265443617223</value></Data>
<Data name="source"><value>民國113年農村水保署災後衛星影像判釋</value></Data>
</ExtendedData>
<Polygon><outerBoundaryIs><LinearRing>
<coordinates>121.58513546,24.11192068,0 121.58531249,24.11153386,0 121.58522129,24.11136739,0 121.58540905,24.11111277,0 121.58544123,24.11067699,0 121.58508182,24.11089243,0 121.58522666,24.11125967,0 121.58509791,24.11137228,0 121.58503354,24.11191578,0 121.58513546,24.11192068,0</coordinates>
</LinearRing></outerBoundaryIs></Polygon>
</Placemark>
<Placemark>
<name>SWCB_1742_1</name>
<ExtendedData>
<Data name="events"><value>0403花蓮地震</value></Data>
<Data name="area_ha"><value>0.375362979001</value></Data>
<Data name="source"><value>民國113年農村水保署災後衛星影像判釋</value></Data>
</ExtendedData>
<Polygon><outerBoundaryIs><LinearRing>
<coordinates>121.58776939,24.10927171,0 121.58811271,24.10879676,0 121.58797324,24.10845400,0 121.58773184,24.10859110,0 121.58755481,24.10898772,0 121.58782840,24.10963405,0 121.58804834,24.10973688,0 121.58776939,24.10927171,0</coordinates>
</LinearRing></outerBoundaryIs></Polygon>
</Placemark>
<Placemark>
<name>SWCB_1746_1</name>
<ExtendedData>
<Data name="events"><value>0403花蓮地震</value></Data>
<Data name="area_ha"><value>1.54471761666</value></Data>
<Data name="source"><value>民國113年農村水保署災後衛星影像判釋</value></Data>
</ExtendedData>
<Polygon><outerBoundaryIs><LinearRing>
<coordinates>121.59241498,24.10917868,0 121.59275293,24.10902199,0 121.59262955,24.10848828,0 121.59244716,24.10842462,0 121.59269929,24.10755794,0 121.59251153,24.10732290,0 121.59257591,24.10695566,0 121.59233451,24.10695566,0 121.59221649,24.10682835,0 121.59228086,24.10652476,0 121.59209311,24.10655414,0 121.59201264,24.10686263,0 121.59209847,24.10711725,0 121.59189463,24.10753835,0 121.59202337,24.10786642,0 121.59196973,24.10816511,0 121.59211993,24.10843931,0 121.59142792,24.10931089,0 121.59238279,24.10877717,0 121.59241498,24.10917868,0</coordinates>
</LinearRing></outerBoundaryIs></Polygon>
</Placemark>
<Placemark>
<name>SWCB_1754_1</name>
<ExtendedData>
<Data name="events"><value>0403花蓮地震</value></Data>
<Data name="area_ha"><value>1.17081017661</value></Data>
<Data name="source"><value>民國113年農村水保署災後衛星影像判釋</value></Data>
</ExtendedData>
<Polygon><outerBoundaryIs><LinearRing>
<coordinates>121.58492088,24.11750731,0 121.58492625,24.11723802,0 121.58542514,24.11713031,0 121.58546269,24.11697852,0 121.58517301,24.11702259,0 121.58510864,24.11679247,0 121.58426106,24.11620003,0 121.58416986,24.11670434,0 121.58381045,24.11737022,0 121.58436298,24.11760523,0 121.58425033,24.11742408,0 121.58441126,24.11720375,0 121.58471704,24.11733105,0 121.58479214,24.11750241,0 121.58492088,24.11750731,0</coordinates>
</LinearRing></outerBoundaryIs></Polygon>
</Placemark>
<Placemark>
<name>SWCB_1758_1</name>
<ExtendedData>
<Data name="events"><value>0403花蓮地震</value></Data>
<Data name="area_ha"><value>0.345227040396</value></Data>
<Data name="source"><value>民國113年農村水保署災後衛星影像判釋</value></Data>
</ExtendedData>
<Polygon><outerBoundaryIs><LinearRing>
<coordinates>121.57659531,24.11892719,0 121.57689035,24.11917199,0 121.57658994,24.11946576,0 121.57662213,24.11962243,0 121.57687962,24.11930908,0 121.57714784,24.11926991,0 121.57701910,24.11885864,0 121.57687962,24.11890760,0 121.57695472,24.11904959,0 121.57674551,24.11893698,0 121.57673478,24.11852571,0 121.57628953,24.11918668,0 121.57623589,24.11931888,0 121.57633781,24.11943149,0 121.57659531,24.11892719,0</coordinates>
</LinearRing></outerBoundaryIs></Polygon>
</Placemark>
<Placemark>
<name>SWCB_1761_1</name>
<ExtendedData>
<Data name="events"><value>0403花蓮地震</value></Data>
<Data name="area_ha"><value>0.578850740159</value></Data>
<Data name="source"><value>民國113年農村水保署災後衛星影像判釋</value></Data>
</ExtendedData>
<Polygon><outerBoundaryIs><LinearRing>
<coordinates>121.58971667,24.10892406,0 121.58978105,24.10919337,0 121.59004390,24.10824835,0 121.59045696,24.10759711,0 121.59037650,24.10738166,0 121.58999026,24.10812104,0 121.58952892,24.10859600,0 121.58909440,24.10934026,0 121.58971667,24.10892406,0</coordinates>
</LinearRing></outerBoundaryIs></Polygon>
</Placemark>
<Placemark>
<name>SWCB_1762_1</name>
<ExtendedData>
<Data name="events"><value>0403花蓮地震</value></Data>
<Data name="area_ha"><value>0.292794166341</value></Data>
<Data name="source"><value>民國113年農村水保署災後衛星影像判釋</value></Data>
</ExtendedData>
<Polygon><outerBoundaryIs><LinearRing>
<coordinates>121.58918560,24.10793497,0 121.58919096,24.10717601,0 121.58912659,24.10696546,0 121.58886373,24.10687242,0 121.58901930,24.10781256,0 121.58893883,24.10833648,0 121.58918560,24.10793497,0</coordinates>
</LinearRing></outerBoundaryIs></Polygon>
</Placemark>
<Placemark>
<name>SWCB_1770_1</name>
<ExtendedData>
<Data name="events"><value>0403花蓮地震</value></Data>
<Data name="area_ha"><value>0.176745283538</value></Data>
<Data name="source"><value>民國113年農村水保署災後衛星影像判釋</value></Data>
</ExtendedData>
<Polygon><outerBoundaryIs><LinearRing>
<coordinates>121.59314990,24.10831200,0 121.59319818,24.10803780,0 121.59309089,24.10793497,0 121.59321964,24.10773421,0 121.59312844,24.10750897,0 121.59301579,24.10754814,0 121.59298897,24.10840504,0 121.59314990,24.10831200,0</coordinates>
</LinearRing></outerBoundaryIs></Polygon>
</Placemark>
<Placemark>
<name>SWCB_1771_1</name>
<ExtendedData>
<Data name="events"><value>0403花蓮地震</value></Data>
<Data name="area_ha"><value>0.24487341735</value></Data>
<Data name="source"><value>民國113年農村水保署災後衛星影像判釋</value></Data>
</ExtendedData>
<Polygon><outerBoundaryIs><LinearRing>
<coordinates>121.58818781,24.10689201,0 121.58790886,24.10739635,0 121.58800006,24.10744532,0 121.58826828,24.10688711,0 121.58821464,24.10649049,0 121.58808053,24.10649539,0 121.58782840,24.10691649,0 121.58737242,24.10715642,0 121.58720076,24.10751877,0 121.58818245,24.10659821,0 121.58818781,24.10689201,0</coordinates>
</LinearRing></outerBoundaryIs></Polygon>
</Placemark>
<Placemark>
<name>SWCB_3507_1</name>
<ExtendedData>
<Data name="events"><value>凱米颱風</value></Data>
<Data name="area_ha"><value>0.270044780334</value></Data>
<Data name="source"><value>民國113年農村水保署災後衛星影像判釋</value></Data>
</ExtendedData>
<Polygon><outerBoundaryIs><LinearRing>
<coordinates>121.57510936,24.11315456,0 121.57500744,24.11369315,0 121.57530248,24.11369805,0 121.57550097,24.11351688,0 121.57540977,24.11306642,0 121.57510936,24.11315456,0</coordinates>
</LinearRing></outerBoundaryIs></Polygon>
</Placemark>
<Placemark>
<name>SWCB_3508_1</name>
<ExtendedData>
<Data name="events"><value>凱米颱風</value></Data>
<Data name="area_ha"><value>0.0600100544423</value></Data>
<Data name="source"><value>民國113年農村水保署災後衛星影像判釋</value></Data>
</ExtendedData>
<Polygon><outerBoundaryIs><LinearRing>
<coordinates>121.57580674,24.11243969,0 121.57580674,24.11261596,0 121.57610178,24.11262086,0 121.57610178,24.11243969,0 121.57580674,24.11243969,0</coordinates>
</LinearRing></outerBoundaryIs></Polygon>
</Placemark>
<Placemark>
<name>SWCB_3509_1</name>
<ExtendedData>
<Data name="events"><value>凱米颱風</value></Data>
<Data name="area_ha"><value>0.100016792634</value></Data>
<Data name="source"><value>民國113年農村水保署災後衛星影像判釋</value></Data>
</ExtendedData>
<Polygon><outerBoundaryIs><LinearRing>
<coordinates>121.57512009,24.11234176,0 121.57512009,24.11252293,0 121.57551169,24.11261596,0 121.57541513,24.11234176,0 121.57512009,24.11234176,0</coordinates>
</LinearRing></outerBoundaryIs></Polygon>
</Placemark>
<Placemark>
<name>SWCB_3493_1</name>
<ExtendedData>
<Data name="events"><value>凱米颱風</value></Data>
<Data name="area_ha"><value>0.170030865471</value></Data>
<Data name="source"><value>民國113年農村水保署災後衛星影像判釋</value></Data>
</ExtendedData>
<Polygon><outerBoundaryIs><LinearRing>
<coordinates>121.59014046,24.12413164,0 121.59003854,24.12458206,0 121.59023702,24.12458206,0 121.59043550,24.12440091,0 121.59043550,24.12404351,0 121.59014046,24.12413164,0</coordinates>
</LinearRing></outerBoundaryIs></Polygon>
</Placemark>
<Placemark>
<name>SWCB_3494_1</name>
<ExtendedData>
<Data name="events"><value>凱米颱風</value></Data>
<Data name="area_ha"><value>0.0700126550259</value></Data>
<Data name="source"><value>民國113年農村水保署災後衛星影像判釋</value></Data>
</ExtendedData>
<Polygon><outerBoundaryIs><LinearRing>
<coordinates>121.58857405,24.12348048,0 121.58857405,24.12375465,0 121.58876717,24.12375465,0 121.58886909,24.12348538,0 121.58857405,24.12348048,0</coordinates>
</LinearRing></outerBoundaryIs></Polygon>
</Placemark>
<Placemark>
<name>SWCB_3505_1</name>
<ExtendedData>
<Data name="events"><value>凱米颱風</value></Data>
<Data name="area_ha"><value>0.140024787942</value></Data>
<Data name="source"><value>民國113年農村水保署災後衛星影像判釋</value></Data>
</ExtendedData>
<Polygon><outerBoundaryIs><LinearRing>
<coordinates>121.58669651,24.11551946,0 121.58669114,24.11578875,0 121.58708274,24.11579365,0 121.58699155,24.11543132,0 121.58669651,24.11551946,0</coordinates>
</LinearRing></outerBoundaryIs></Polygon>
</Placemark>
<Placemark>
<name>SWCB_3506_1</name>
<ExtendedData>
<Data name="events"><value>凱米颱風</value></Data>
<Data name="area_ha"><value>0.160026965617</value></Data>
<Data name="source"><value>民國113年農村水保署災後衛星影像判釋</value></Data>
</ExtendedData>
<Polygon><outerBoundaryIs><LinearRing>
<coordinates>121.57711029,24.11903980,0 121.57700837,24.11931398,0 121.57740533,24.11940700,0 121.57750189,24.11931888,0 121.57740533,24.11904469,0 121.57711029,24.11903980,0</coordinates>
</LinearRing></outerBoundaryIs></Polygon>
</Placemark>
<Placemark>
<name>SWCB_3504_1</name>
<ExtendedData>
<Data name="events"><value>凱米颱風</value></Data>
<Data name="area_ha"><value>0.520095073533</value></Data>
<Data name="source"><value>民國113年農村水保署災後衛星影像判釋</value></Data>
</ExtendedData>
<Polygon><outerBoundaryIs><LinearRing>
<coordinates>121.59091294,24.11682185,0 121.59071445,24.11700301,0 121.59060717,24.11745345,0 121.59080565,24.11763461,0 121.59119725,24.11763951,0 121.59139574,24.11745835,0 121.59120798,24.11682674,0 121.59091294,24.11682185,0</coordinates>
</LinearRing></outerBoundaryIs></Polygon>
</Placemark>
<Placemark>
<name>SWCB_3512_1</name>
<ExtendedData>
<Data name="events"><value>凱米颱風</value></Data>
<Data name="area_ha"><value>0.233417194188</value></Data>
<Data name="source"><value>民國113年農村水保署災後衛星影像判釋</value></Data>
</ExtendedData>
<Polygon><outerBoundaryIs><LinearRing>
<coordinates>121.57788813,24.11185213,0 121.57791495,24.11206267,0 121.57836020,24.11209695,0 121.57866597,24.11186192,0 121.57819927,24.11179827,0 121.57788813,24.11185213,0</coordinates>
</LinearRing></outerBoundaryIs></Polygon>
</Placemark>
<Placemark>
<name>SWCB_5295_1</name>
<ExtendedData>
<Data name="events"><value>康芮颱風</value></Data>
<Data name="area_ha"><value>0.200036105205</value></Data>
<Data name="source"><value>民國113年農村水保署災後衛星影像判釋</value></Data>
</ExtendedData>
<Polygon><outerBoundaryIs><LinearRing>
<coordinates>121.58913732,24.11960285,0 121.58943236,24.11951472,0 121.58982933,24.11897615,0 121.58943772,24.11906428,0 121.58923388,24.11951472,0 121.58913732,24.11960285,0</coordinates>
</LinearRing></outerBoundaryIs></Polygon>
</Placemark>
<Placemark>
<name>SWCB_1524_1</name>
<ExtendedData>
<Data name="events"><value>0403花蓮地震</value></Data>
<Data name="area_ha"><value>0.0564463686635</value></Data>
<Data name="source"><value>民國113年農村水保署災後衛星影像判釋</value></Data>
</ExtendedData>
<Polygon><outerBoundaryIs><LinearRing>
<coordinates>121.59111142,24.18145468,0 121.59082711,24.18150362,0 121.59088612,24.18162107,0 121.59110069,24.18164553,0 121.59111142,24.18145468,0</coordinates>
</LinearRing></outerBoundaryIs></Polygon>
</Placemark>
<Placemark>
<name>SWCB_1355_1</name>
<ExtendedData>
<Data name="events"><value>0403花蓮地震</value></Data>
<Data name="area_ha"><value>3.66561490682</value></Data>
<Data name="source"><value>民國113年農村水保署災後衛星影像判釋</value></Data>
</ExtendedData>
<Polygon><outerBoundaryIs><LinearRing>
<coordinates>121.58463657,24.17007631,0 121.58375144,24.17034059,0 121.58310771,24.17022803,0 121.58238888,24.17028186,0 121.58231914,24.17040421,0 121.58334911,24.17048252,0 121.58327937,24.17087894,0 121.58278048,24.17108939,0 121.58277512,24.17120196,0 121.58349395,24.17100619,0 121.58407331,24.17051189,0 121.58657312,24.17033570,0 121.58660531,24.16999311,0 121.58585966,24.16976308,0 121.58429325,24.16890171,0 121.58322573,24.16896533,0 121.58287168,24.16891639,0 121.58257663,24.16870105,0 121.58214748,24.16868147,0 121.58228695,24.16917089,0 121.58270001,24.16947922,0 121.58319890,24.16961136,0 121.58384264,24.16931282,0 121.58432007,24.16930303,0 121.58575237,24.16999311,0 121.58576310,24.17011057,0 121.58530712,24.17014972,0 121.58463657,24.17007631,0</coordinates>
</LinearRing></outerBoundaryIs></Polygon>
</Placemark>
<Placemark>
<name>SWCB_1361_1</name>
<ExtendedData>
<Data name="events"><value>0403花蓮地震</value></Data>
<Data name="area_ha"><value>0.204938551725</value></Data>
<Data name="source"><value>民國113年農村水保署災後衛星影像判釋</value></Data>
</ExtendedData>
<Polygon><outerBoundaryIs><LinearRing>
<coordinates>121.58552170,24.18249214,0 121.58594012,24.18187554,0 121.58588648,24.18157213,0 121.58552706,24.18225235,0 121.58530176,24.18244810,0 121.58552170,24.18249214,0</coordinates>
</LinearRing></outerBoundaryIs></Polygon>
</Placemark>
<Placemark>
<name>SWCB_1391_1</name>
<ExtendedData>
<Data name="events"><value>0403花蓮地震</value></Data>
<Data name="area_ha"><value>0.106008513013</value></Data>
<Data name="source"><value>民國113年農村水保署災後衛星影像判釋</value></Data>
</ExtendedData>
<Polygon><outerBoundaryIs><LinearRing>
<coordinates>121.59107924,24.18254108,0 121.59117043,24.18236001,0 121.59095585,24.18232086,0 121.59060717,24.18262427,0 121.59065545,24.18271236,0 121.59107924,24.18254108,0</coordinates>
</LinearRing></outerBoundaryIs></Polygon>
</Placemark>
<Placemark>
<name>SWCB_1392_1</name>
<ExtendedData>
<Data name="events"><value>0403花蓮地震</value></Data>
<Data name="area_ha"><value>1.43113099083</value></Data>
<Data name="source"><value>民國113年農村水保署災後衛星影像判釋</value></Data>
</ExtendedData>
<Polygon><outerBoundaryIs><LinearRing>
<coordinates>121.59284949,24.16691465,0 121.59260809,24.16693423,0 121.59250617,24.16654758,0 121.59218431,24.16631755,0 121.59215212,24.16610710,0 121.59246325,24.16572045,0 121.59213066,24.16583791,0 121.59194291,24.16654758,0 121.59155130,24.16660631,0 121.59145474,24.16698807,0 121.59155130,24.16781030,0 121.59137428,24.16803543,0 121.59138501,24.16830462,0 121.59214675,24.16733067,0 121.59284949,24.16691465,0</coordinates>
</LinearRing></outerBoundaryIs></Polygon>
</Placemark>
<Placemark>
<name>SWCB_1395_1</name>
<ExtendedData>
<Data name="events"><value>0403花蓮地震</value></Data>
<Data name="area_ha"><value>0.171958262195</value></Data>
<Data name="source"><value>民國113年農村水保署災後衛星影像判釋</value></Data>
</ExtendedData>
<Polygon><outerBoundaryIs><LinearRing>
<coordinates>121.59493625,24.17569955,0 121.59489870,24.17561146,0 121.59433007,24.17489205,0 121.59429789,24.17505355,0 121.59477532,24.17575339,0 121.59493625,24.17569955,0</coordinates>
</LinearRing></outerBoundaryIs></Polygon>
</Placemark>
<Placemark>
<name>SWCB_1404_1</name>
<ExtendedData>
<Data name="events"><value>0403花蓮地震</value></Data>
<Data name="area_ha"><value>1.54553768254</value></Data>
<Data name="source"><value>民國113年農村水保署災後衛星影像判釋</value></Data>
</ExtendedData>
<Polygon><outerBoundaryIs><LinearRing>
<coordinates>121.59629881,24.17194096,0 121.59631491,24.17144666,0 121.59656703,24.17151518,0 121.59723759,24.17087405,0 121.59709811,24.17076638,0 121.59671187,24.17105513,0 121.59627736,24.17111386,0 121.59606278,24.17099151,0 121.59630954,24.17035527,0 121.59621298,24.17009588,0 121.59634709,24.16985607,0 121.59605742,24.17003715,0 121.59595013,24.16987565,0 121.59582138,24.17035527,0 121.59552634,24.17052657,0 121.59537613,24.17045316,0 121.59554243,24.17101598,0 121.59537077,24.17190670,0 121.59596086,24.17127537,0 121.59629881,24.17194096,0</coordinates>
</LinearRing></outerBoundaryIs></Polygon>
</Placemark>
<Placemark>
<name>SWCB_1415_1</name>
<ExtendedData>
<Data name="events"><value>0403花蓮地震</value></Data>
<Data name="area_ha"><value>2.00172058593</value></Data>
<Data name="source"><value>民國113年農村水保署災後衛星影像判釋</value></Data>
</ExtendedData>
<Polygon><outerBoundaryIs><LinearRing>
<coordinates>121.58643901,24.17299808,0 121.58540905,24.17336513,0 121.58539295,24.17326725,0 121.58584356,24.17309596,0 121.58563972,24.17286594,0 121.58582211,24.17274848,0 121.58575773,24.17267018,0 121.58459365,24.17291488,0 121.58435762,24.17269954,0 121.58434153,24.17248420,0 121.58475459,24.17220524,0 121.58573091,24.17183329,0 121.58603668,24.17153965,0 121.58538222,24.17175499,0 121.58523202,24.17197033,0 121.58363879,24.17251357,0 121.58412158,24.17246952,0 121.58407331,24.17263102,0 121.58439517,24.17299318,0 121.58437371,24.17317916,0 121.58455610,24.17317426,0 121.58481359,24.17292956,0 121.58494234,24.17292956,0 121.58477604,24.17314979,0 121.58524275,24.17307638,0 121.58510327,24.17341407,0 121.58525348,24.17360983,0 121.58543587,24.17355599,0 121.58543587,24.17369303,0 121.58515155,24.17398177,0 121.58524811,24.17406986,0 121.58570945,24.17391815,0 121.58605278,24.17361472,0 121.58701837,24.17345322,0 121.58702910,24.17308128,0 121.58694327,24.17307149,0 121.58643901,24.17299808,0</coordinates>
</LinearRing></outerBoundaryIs></Polygon>
</Placemark>
<Placemark>
<name>SWCB_1436_1</name>
<ExtendedData>
<Data name="events"><value>0403花蓮地震</value></Data>
<Data name="area_ha"><value>0.443643845453</value></Data>
<Data name="source"><value>民國113年農村水保署災後衛星影像判釋</value></Data>
</ExtendedData>
<Polygon><outerBoundaryIs><LinearRing>
<coordinates>121.59511864,24.17515633,0 121.59493089,24.17504376,0 121.59494698,24.17529336,0 121.59520447,24.17566530,0 121.59486115,24.17568976,0 121.59492552,24.17595404,0 121.59519911,24.17610575,0 121.59548342,24.17608128,0 121.59552634,24.17575339,0 121.59511864,24.17515633,0</coordinates>
</LinearRing></outerBoundaryIs></Polygon>
</Placemark>
<Placemark>
<name>SWCB_1440_1</name>
<ExtendedData>
<Data name="events"><value>0403花蓮地震</value></Data>
<Data name="area_ha"><value>0.265905672329</value></Data>
<Data name="source"><value>民國113年農村水保署災後衛星影像判釋</value></Data>
</ExtendedData>
<Polygon><outerBoundaryIs><LinearRing>
<coordinates>121.57746971,24.18133723,0 121.57772183,24.18146447,0 121.57787204,24.18137638,0 121.57813489,24.18153298,0 121.57838166,24.18129808,0 121.57735705,24.18116595,0 121.57718539,24.18125404,0 121.57720685,24.18136659,0 121.57746971,24.18133723,0</coordinates>
</LinearRing></outerBoundaryIs></Polygon>
</Placemark>
<Placemark>
<name>SWCB_1445_1</name>
<ExtendedData>
<Data name="events"><value>0403花蓮地震</value></Data>
<Data name="area_ha"><value>0.075845528061</value></Data>
<Data name="source"><value>民國113年農村水保署災後衛星影像判釋</value></Data>
</ExtendedData>
<Polygon><outerBoundaryIs><LinearRing>
<coordinates>121.59193754,24.17777945,0 121.59203410,24.17769136,0 121.59149766,24.17769626,0 121.59142256,24.17787733,0 121.59193754,24.17777945,0</coordinates>
</LinearRing></outerBoundaryIs></Polygon>
</Placemark>
<Placemark>
<name>SWCB_1448_1</name>
<ExtendedData>
<Data name="events"><value>0403花蓮地震</value></Data>
<Data name="area_ha"><value>2.80321976471</value></Data>
<Data name="source"><value>民國113年農村水保署災後衛星影像判釋</value></Data>
</ExtendedData>
<Polygon><outerBoundaryIs><LinearRing>
<coordinates>121.59134746,24.17361472,0 121.59147084,24.17379091,0 121.59137428,24.17405518,0 121.59146011,24.17419711,0 121.59172297,24.17415306,0 121.59197509,24.17399645,0 121.59233987,24.17333576,0 121.59214675,24.17302255,0 121.59186244,24.17283657,0 121.59055352,24.17210736,0 121.59015656,24.17209757,0 121.58996880,24.17220524,0 121.58998489,24.17266528,0 121.59044087,24.17298339,0 121.59052134,24.17312532,0 121.59044087,24.17333576,0 121.59084857,24.17369303,0 121.59134746,24.17361472,0</coordinates>
</LinearRing></outerBoundaryIs></Polygon>
</Placemark>
<Placemark>
<name>SWCB_1464_1</name>
<ExtendedData>
<Data name="events"><value>0403花蓮地震</value></Data>
<Data name="area_ha"><value>0.472513754427</value></Data>
<Data name="source"><value>民國113年農村水保署災後衛星影像判釋</value></Data>
</ExtendedData>
<Polygon><outerBoundaryIs><LinearRing>
<coordinates>121.59577847,24.18032423,0 121.59728587,24.18040253,0 121.59737706,24.18022146,0 121.59730196,24.18004528,0 121.59707665,24.17996698,0 121.59674406,24.18005997,0 121.59602523,24.18015295,0 121.59577847,24.18032423,0</coordinates>
</LinearRing></outerBoundaryIs></Polygon>
</Placemark>
<Placemark>
<name>SWCB_1536_1</name>
<ExtendedData>
<Data name="events"><value>0403花蓮地震</value></Data>
<Data name="area_ha"><value>0.551636087011</value></Data>
<Data name="source"><value>民國113年農村水保署災後衛星影像判釋</value></Data>
</ExtendedData>
<Polygon><outerBoundaryIs><LinearRing>
<coordinates>121.57833874,24.17800457,0 121.57871962,24.17756412,0 121.57907903,24.17649726,0 121.57904685,24.17616937,0 121.57889664,24.17629172,0 121.57844067,24.17756902,0 121.57788277,24.17827863,0 121.57833874,24.17800457,0</coordinates>
</LinearRing></outerBoundaryIs></Polygon>
</Placemark>
<Placemark>
<name>SWCB_1518_1</name>
<ExtendedData>
<Data name="events"><value>0403花蓮地震</value></Data>
<Data name="area_ha"><value>1.13155888116</value></Data>
<Data name="source"><value>民國113年農村水保署災後衛星影像判釋</value></Data>
</ExtendedData>
<Polygon><outerBoundaryIs><LinearRing>
<coordinates>121.58558071,24.18440066,0 121.58493698,24.18319193,0 121.58400893,24.18264874,0 121.58393383,24.18273193,0 121.58447027,24.18364704,0 121.58543587,24.18469916,0 121.58558071,24.18440066,0</coordinates>
</LinearRing></outerBoundaryIs></Polygon>
</Placemark>
<Placemark>
<name>SWCB_1519_1</name>
<ExtendedData>
<Data name="events"><value>0403花蓮地震</value></Data>
<Data name="area_ha"><value>2.31725896823</value></Data>
<Data name="source"><value>民國113年農村水保署災後衛星影像判釋</value></Data>
</ExtendedData>
<Polygon><outerBoundaryIs><LinearRing>
<coordinates>121.58502281,24.18815399,0 121.58519447,24.18793378,0 121.58430934,24.18753252,0 121.58323109,24.18648042,0 121.58242106,24.18634340,0 121.58169150,24.18596660,0 121.58182561,24.18648531,0 121.58217430,24.18653914,0 121.58288240,24.18718508,0 121.58416450,24.18780655,0 121.58481896,24.18845249,0 121.58538759,24.18857482,0 121.58535004,24.18835462,0 121.58502281,24.18815399,0</coordinates>
</LinearRing></outerBoundaryIs></Polygon>
</Placemark>
<Placemark>
<name>SWCB_1540_1</name>
<ExtendedData>
<Data name="events"><value>0403花蓮地震</value></Data>
<Data name="area_ha"><value>15.0409806599</value></Data>
<Data name="source"><value>民國113年農村水保署災後衛星影像判釋</value></Data>
</ExtendedData>
<Polygon><outerBoundaryIs><LinearRing>
<coordinates>121.57784522,24.16505482,0 121.57792568,24.16418852,0 121.57792525,24.16418836,0 121.57792568,24.16418363,0 121.57780766,24.16414447,0 121.57731950,24.16489331,0 121.57720149,24.16548552,0 121.57684207,24.16547573,0 121.57693326,24.16500588,0 121.57663286,24.16504014,0 121.57633245,24.16485415,0 121.57634854,24.16508419,0 121.57595158,24.16499609,0 121.57582283,24.16532890,0 121.57501817,24.16544147,0 121.57475531,24.16591622,0 121.57473385,24.16627840,0 121.57495379,24.16694891,0 121.57510936,24.16702233,0 121.57517910,24.16688039,0 121.57509327,24.16669441,0 121.57523274,24.16582323,0 121.57552242,24.16563724,0 121.57568872,24.16579876,0 121.57544196,24.16656227,0 121.57549024,24.16706638,0 121.57572091,24.16727683,0 121.57596231,24.16727193,0 121.57635391,24.16699786,0 121.57709956,24.16720341,0 121.57773256,24.16709085,0 121.57772720,24.16744323,0 121.57783449,24.16755091,0 121.57822609,24.16736492,0 121.57827973,24.16782498,0 121.57843530,24.16787882,0 121.57864988,24.16785924,0 121.57915413,24.16744813,0 121.58035040,24.16722299,0 121.58050597,24.16681677,0 121.58037186,24.16655248,0 121.58080101,24.16610220,0 121.58080101,24.16588196,0 121.58028066,24.16569598,0 121.58001781,24.16545615,0 121.58003926,24.16525549,0 121.58044696,24.16487862,0 121.58046842,24.16471711,0 121.57992661,24.16434514,0 121.57928288,24.16417873,0 121.57844067,24.16451644,0 121.57820463,24.16489820,0 121.57803833,24.16508908,0 121.57784522,24.16505482,0</coordinates>
</LinearRing></outerBoundaryIs></Polygon>
</Placemark>
<Placemark>
<name>SWCB_1541_1</name>
<ExtendedData>
<Data name="events"><value>0403花蓮地震</value></Data>
<Data name="area_ha"><value>1.04209213044</value></Data>
<Data name="source"><value>民國113年農村水保署災後衛星影像判釋</value></Data>
</ExtendedData>
<Polygon><outerBoundaryIs><LinearRing>
<coordinates>121.58647120,24.18755698,0 121.58529103,24.18700402,0 121.58475995,24.18654403,0 121.58475459,24.18641680,0 121.58560216,24.18681317,0 121.58576846,24.18682296,0 121.58578992,24.18664679,0 121.58442736,24.18598128,0 121.58410013,24.18607915,0 121.58427715,24.18646574,0 121.58589721,24.18742486,0 121.58680379,24.18822739,0 121.58648193,24.18777719,0 121.58647120,24.18755698,0</coordinates>
</LinearRing></outerBoundaryIs></Polygon>
</Placemark>
<Placemark>
<name>SWCB_1563_1</name>
<ExtendedData>
<Data name="events"><value>0403花蓮地震</value></Data>
<Data name="area_ha"><value>0.490885634067</value></Data>
<Data name="source"><value>民國113年農村水保署災後衛星影像判釋</value></Data>
</ExtendedData>
<Polygon><outerBoundaryIs><LinearRing>
<coordinates>121.58827901,24.18464044,0 121.58827364,24.18455236,0 121.58798933,24.18435661,0 121.58786058,24.18404832,0 121.58798397,24.18384279,0 121.58787131,24.18365193,0 121.58800006,24.18331917,0 121.58761919,24.18302066,0 121.58783913,24.18349534,0 121.58762991,24.18382810,0 121.58767283,24.18412172,0 121.58752263,24.18420491,0 121.58754945,24.18442023,0 121.58779621,24.18432236,0 121.58772647,24.18462087,0 121.58789277,24.18469427,0 121.58827901,24.18464044,0</coordinates>
</LinearRing></outerBoundaryIs></Polygon>
</Placemark>
<Placemark>
<name>SWCB_1586_1</name>
<ExtendedData>
<Data name="events"><value>0403花蓮地震</value></Data>
<Data name="area_ha"><value>2.4685250199</value></Data>
<Data name="source"><value>民國113年農村水保署災後衛星影像判釋</value></Data>
</ExtendedData>
<Polygon><outerBoundaryIs><LinearRing>
<coordinates>121.59902930,24.18628957,0 121.59847677,24.18629446,0 121.59736633,24.18700891,0 121.59711957,24.18693062,0 121.59755409,24.18599106,0 121.59714103,24.18621617,0 121.59702301,24.18643148,0 121.59671187,24.18649020,0 121.59656167,24.18680339,0 121.59687281,24.18725359,0 121.59702301,24.18711657,0 121.59738243,24.18739550,0 121.59875035,24.18745911,0 121.59891129,24.18743954,0 121.59934044,24.18663701,0 121.59902930,24.18628957,0</coordinates>
</LinearRing></outerBoundaryIs></Polygon>
</Placemark>
<Placemark>
<name>SWCB_1611_1</name>
<ExtendedData>
<Data name="events"><value>0403花蓮地震</value></Data>
<Data name="area_ha"><value>0.932562023274</value></Data>
<Data name="source"><value>民國113年農村水保署災後衛星影像判釋</value></Data>
</ExtendedData>
<Polygon><outerBoundaryIs><LinearRing>
<coordinates>121.59375608,24.17648258,0 121.59398675,24.17631129,0 121.59405112,24.17641896,0 121.59417450,24.17625746,0 121.59435689,24.17640428,0 121.59416914,24.17599808,0 121.59346640,24.17524442,0 121.59349322,24.17499483,0 121.59312308,24.17554295,0 121.59325719,24.17594425,0 121.59353614,24.17615958,0 121.59340739,24.17625256,0 121.59321427,24.17604213,0 121.59306407,24.17616937,0 121.59365952,24.17638959,0 121.59375608,24.17648258,0</coordinates>
</LinearRing></outerBoundaryIs></Polygon>
</Placemark>
<Placemark>
<name>SWCB_1617_1</name>
<ExtendedData>
<Data name="events"><value>0403花蓮地震</value></Data>
<Data name="area_ha"><value>0.238265214058</value></Data>
<Data name="source"><value>民國113年農村水保署災後衛星影像判釋</value></Data>
</ExtendedData>
<Polygon><outerBoundaryIs><LinearRing>
<coordinates>121.57663822,24.18313321,0 121.57693863,24.18307938,0 121.57704055,24.18293746,0 121.57684207,24.18280044,0 121.57606959,24.18292768,0 121.57663822,24.18313321,0</coordinates>
</LinearRing></outerBoundaryIs></Polygon>
</Placemark>
<Placemark>
<name>SWCB_1648_1</name>
<ExtendedData>
<Data name="events"><value>0403花蓮地震</value></Data>
<Data name="area_ha"><value>0.670097191451</value></Data>
<Data name="source"><value>民國113年農村水保署災後衛星影像判釋</value></Data>
</ExtendedData>
<Polygon><outerBoundaryIs><LinearRing>
<coordinates>121.59614861,24.17727539,0 121.59548342,24.17690345,0 121.59533858,24.17708453,0 121.59552097,24.17727049,0 121.59525275,24.17728028,0 121.59530103,24.17709431,0 121.59481823,24.17706984,0 121.59435153,24.17744178,0 121.59598231,24.17747604,0 121.59614861,24.17727539,0</coordinates>
</LinearRing></outerBoundaryIs></Polygon>
</Placemark>
<Placemark>
<name>SWCB_1656_1</name>
<ExtendedData>
<Data name="events"><value>0403花蓮地震</value></Data>
<Data name="area_ha"><value>0.0920028587088</value></Data>
<Data name="source"><value>民國113年農村水保署災後衛星影像判釋</value></Data>
</ExtendedData>
<Polygon><outerBoundaryIs><LinearRing>
<coordinates>121.58697009,24.17519548,0 121.58719540,24.17505355,0 121.58701301,24.17496546,0 121.58661604,24.17505355,0 121.58677161,24.17517590,0 121.58697009,24.17519548,0</coordinates>
</LinearRing></outerBoundaryIs></Polygon>
</Placemark>
<Placemark>
<name>SWCB_3441_1</name>
<ExtendedData>
<Data name="events"><value>凱米颱風</value></Data>
<Data name="area_ha"><value>0.590102522899</value></Data>
<Data name="source"><value>民國113年農村水保署災後衛星影像判釋</value></Data>
</ExtendedData>
<Polygon><outerBoundaryIs><LinearRing>
<coordinates>121.58148229,24.18680828,0 121.58167541,24.18690126,0 121.58177197,24.18717529,0 121.58256054,24.18699913,0 121.58256054,24.18681807,0 121.58227086,24.18654403,0 121.58187926,24.18654403,0 121.58187926,24.18645105,0 121.58148229,24.18653914,0 121.58148229,24.18680828,0</coordinates>
</LinearRing></outerBoundaryIs></Polygon>
</Placemark>
<Placemark>
<name>SWCB_3443_1</name>
<ExtendedData>
<Data name="events"><value>凱米颱風</value></Data>
<Data name="area_ha"><value>0.0600102744203</value></Data>
<Data name="source"><value>民國113年農村水保署災後衛星影像判釋</value></Data>
</ExtendedData>
<Polygon><outerBoundaryIs><LinearRing>
<coordinates>121.57844603,24.18506618,0 121.57844603,24.18533533,0 121.57863915,24.18534022,0 121.57864451,24.18506618,0 121.57844603,24.18506618,0</coordinates>
</LinearRing></outerBoundaryIs></Polygon>
</Placemark>
<Placemark>
<name>SWCB_3444_1</name>
<ExtendedData>
<Data name="events"><value>凱米颱風</value></Data>
<Data name="area_ha"><value>0.0900154127083</value></Data>
<Data name="source"><value>民國113年農村水保署災後衛星影像判釋</value></Data>
</ExtendedData>
<Polygon><outerBoundaryIs><LinearRing>
<coordinates>121.58002853,24.18435661,0 121.58002853,24.18463065,0 121.58032358,24.18463065,0 121.58032358,24.18436151,0 121.58002853,24.18435661,0</coordinates>
</LinearRing></outerBoundaryIs></Polygon>
</Placemark>
<Placemark>
<name>SWCB_3445_1</name>
<ExtendedData>
<Data name="events"><value>凱米颱風</value></Data>
<Data name="area_ha"><value>0.0700129143094</value></Data>
<Data name="source"><value>民國113年農村水保署災後衛星影像判釋</value></Data>
</ExtendedData>
<Polygon><outerBoundaryIs><LinearRing>
<coordinates>121.58826828,24.17820522,0 121.58836484,24.17847438,0 121.58856332,24.17847927,0 121.58846676,24.17820522,0 121.58826828,24.17820522,0</coordinates>
</LinearRing></outerBoundaryIs></Polygon>
</Placemark>
<Placemark>
<name>SWCB_3446_1</name>
<ExtendedData>
<Data name="events"><value>凱米颱風</value></Data>
<Data name="area_ha"><value>2.27040688122</value></Data>
<Data name="source"><value>民國113年農村水保署災後衛星影像判釋</value></Data>
</ExtendedData>
<Polygon><outerBoundaryIs><LinearRing>
<coordinates>121.58738852,24.17792627,0 121.58738315,24.17801436,0 121.58708811,24.17792138,0 121.58708811,24.17801436,0 121.58659458,24.17809755,0 121.58619761,24.17836671,0 121.58619761,24.17854779,0 121.58698082,24.17918398,0 121.58687353,24.17963421,0 121.58736706,24.17982017,0 121.58736169,24.17991315,0 121.58765674,24.17991315,0 121.58776402,24.17955101,0 121.58795714,24.17946293,0 121.58796251,24.17928186,0 121.58766747,24.17910079,0 121.58767283,24.17883163,0 121.58776939,24.17883163,0 121.58768356,24.17792627,0 121.58738852,24.17792627,0</coordinates>
</LinearRing></outerBoundaryIs></Polygon>
</Placemark>
<Placemark>
<name>SWCB_3482_1</name>
<ExtendedData>
<Data name="events"><value>凱米颱風</value></Data>
<Data name="area_ha"><value>0.420074423674</value></Data>
<Data name="source"><value>民國113年農村水保署災後衛星影像判釋</value></Data>
</ExtendedData>
<Polygon><outerBoundaryIs><LinearRing>
<coordinates>121.58392847,24.16994417,0 121.58392847,24.17021824,0 121.58510864,24.17031612,0 121.58510864,24.17004694,0 121.58491552,24.16986586,0 121.58392847,24.16994417,0</coordinates>
</LinearRing></outerBoundaryIs></Polygon>
</Placemark>
<Placemark>
<name>SWCB_4234_1</name>
<ExtendedData>
<Data name="events"><value>凱米颱風</value></Data>
<Data name="area_ha"><value>0.452308911382</value></Data>
<Data name="source"><value>民國113年農村水保署災後衛星影像判釋</value></Data>
</ExtendedData>
<Polygon><outerBoundaryIs><LinearRing>
<coordinates>121.57800078,24.17618405,0 121.57788277,24.17662450,0 121.57747507,24.17730964,0 121.57764673,24.17741731,0 121.57812953,24.17671259,0 121.57812953,24.17636023,0 121.57878399,24.17597851,0 121.57879472,24.17580232,0 121.57800078,24.17618405,0</coordinates>
</LinearRing></outerBoundaryIs></Polygon>
</Placemark>
<Placemark>
<name>SWCB_5056_1</name>
<ExtendedData>
<Data name="events"><value>康芮颱風</value></Data>
<Data name="area_ha"><value>1.00017414166</value></Data>
<Data name="source"><value>民國113年農村水保署災後衛星影像判釋</value></Data>
</ExtendedData>
<Polygon><outerBoundaryIs><LinearRing>
<coordinates>121.58355296,24.17969293,0 121.58375144,24.17942378,0 121.58375680,24.17897355,0 121.58395529,24.17879248,0 121.58385873,24.17870439,0 121.58257663,24.17914483,0 121.58169150,24.17913504,0 121.58168614,24.17931611,0 121.58296824,24.17941888,0 121.58335984,24.17959995,0 121.58355296,24.17969293,0</coordinates>
</LinearRing></outerBoundaryIs></Polygon>
</Placemark>
<Placemark>
<name>SWCB_5142_1</name>
<ExtendedData>
<Data name="events"><value>康芮颱風</value></Data>
<Data name="area_ha"><value>0.365064577481</value></Data>
<Data name="source"><value>民國113年農村水保署災後衛星影像判釋</value></Data>
</ExtendedData>
<Polygon><outerBoundaryIs><LinearRing>
<coordinates>121.58753335,24.17575828,0 121.58763528,24.17548911,0 121.58744752,24.17467182,0 121.58724904,24.17467182,0 121.58724368,24.17539123,0 121.58714175,24.17548422,0 121.58714175,24.17566530,0 121.58734024,24.17566530,0 121.58753335,24.17575828,0</coordinates>
</LinearRing></outerBoundaryIs></Polygon>
</Placemark>
<Placemark>
<name>SWCB_5367_1</name>
<ExtendedData>
<Data name="events"><value>康芮颱風</value></Data>
<Data name="area_ha"><value>0.110019001077</value></Data>
<Data name="source"><value>民國113年農村水保署災後衛星影像判釋</value></Data>
</ExtendedData>
<Polygon><outerBoundaryIs><LinearRing>
<coordinates>121.58265173,24.18121978,0 121.58294678,24.18122468,0 121.58314526,24.18095552,0 121.58285022,24.18076956,0 121.58274829,24.18113169,0 121.58265173,24.18121978,0</coordinates>
</LinearRing></outerBoundaryIs></Polygon>
</Placemark>
<Placemark>
<name>SWCB_5459_1</name>
<ExtendedData>
<Data name="events"><value>康芮颱風</value></Data>
<Data name="area_ha"><value>0.135024349734</value></Data>
<Data name="source"><value>民國113年農村水保署災後衛星影像判釋</value></Data>
</ExtendedData>
<Polygon><outerBoundaryIs><LinearRing>
<coordinates>121.58890665,24.17640428,0 121.58920169,24.17613511,0 121.58920705,24.17586105,0 121.58881009,24.17594914,0 121.58890665,24.17622320,0 121.58890665,24.17640428,0</coordinates>
</LinearRing></outerBoundaryIs></Polygon>
</Placemark>
<Placemark>
<name>SWCB_5471_1</name>
<ExtendedData>
<Data name="events"><value>康芮颱風</value></Data>
<Data name="area_ha"><value>0.120020495266</value></Data>
<Data name="source"><value>民國113年農村水保署災後衛星影像判釋</value></Data>
</ExtendedData>
<Polygon><outerBoundaryIs><LinearRing>
<coordinates>121.57880008,24.18236001,0 121.57939017,24.18236491,0 121.57939017,24.18218384,0 121.57880008,24.18217895,0 121.57880008,24.18236001,0</coordinates>
</LinearRing></outerBoundaryIs></Polygon>
</Placemark>
<Placemark>
<name>SWCB_5541_1</name>
<ExtendedData>
<Data name="events"><value>康芮颱風</value></Data>
<Data name="area_ha"><value>0.10001744688</value></Data>
<Data name="source"><value>民國113年農村水保署災後衛星影像判釋</value></Data>
</ExtendedData>
<Polygon><outerBoundaryIs><LinearRing>
<coordinates>121.58209920,24.17760328,0 121.58229768,24.17760328,0 121.58259273,24.17751519,0 121.58259273,24.17733901,0 121.58210456,24.17742220,0 121.58209920,24.17760328,0</coordinates>
</LinearRing></outerBoundaryIs></Polygon>
</Placemark>
<Placemark>
<name>SWCB_372_1</name>
<ExtendedData>
<Data name="events"><value>0403花蓮地震</value></Data>
<Data name="area_ha"><value>0.460753096242</value></Data>
<Data name="source"><value>民國113年農村水保署災後衛星影像判釋</value></Data>
</ExtendedData>
<Polygon><outerBoundaryIs><LinearRing>
<coordinates>121.55589938,24.10241158,0 121.55615687,24.10223529,0 121.55626416,24.10197087,0 121.55641437,24.10197087,0 121.55638218,24.10222550,0 121.55618906,24.10240178,0 121.55626416,24.10268579,0 121.55646801,24.10278373,0 121.55656457,24.10267600,0 121.55666113,24.10243116,0 121.55656457,24.10224509,0 121.55660748,24.10177500,0 121.55595303,24.10197087,0 121.55584574,24.10215695,0 121.55589938,24.10241158,0</coordinates>
</LinearRing></outerBoundaryIs></Polygon>
</Placemark>
<Placemark>
<name>SWCB_459_1</name>
<ExtendedData>
<Data name="events"><value>0403花蓮地震</value></Data>
<Data name="area_ha"><value>0.276723876559</value></Data>
<Data name="source"><value>民國113年農村水保署災後衛星影像判釋</value></Data>
</ExtendedData>
<Polygon><outerBoundaryIs><LinearRing>
<coordinates>121.56049669,24.10295022,0 121.56076491,24.10297470,0 121.56068444,24.10312650,0 121.56078100,24.10316077,0 121.56119943,24.10283269,0 121.56103849,24.10252910,0 121.56075954,24.10278862,0 121.56071126,24.10263193,0 121.56053424,24.10270538,0 121.56049669,24.10295022,0</coordinates>
</LinearRing></outerBoundaryIs></Polygon>
</Placemark>
<Placemark>
<name>SWCB_536_1</name>
<ExtendedData>
<Data name="events"><value>0403花蓮地震</value></Data>
<Data name="area_ha"><value>1.30060860622</value></Data>
<Data name="source"><value>民國113年農村水保署災後衛星影像判釋</value></Data>
</ExtendedData>
<Polygon><outerBoundaryIs><LinearRing>
<coordinates>121.56112969,24.10003664,0 121.56102777,24.10016885,0 121.56148374,24.10040390,0 121.56170905,24.10016396,0 121.56227231,24.10000236,0 121.56227483,24.10000000,0 121.56134214,24.10000000,0 121.56130135,24.10002685,0 121.56124253,24.10000000,0 121.56106948,24.10000000,0 121.56112969,24.10003664,0</coordinates>
</LinearRing></outerBoundaryIs></Polygon>
</Placemark>
<Placemark>
<name>SWCB_1743_1</name>
<ExtendedData>
<Data name="events"><value>0403花蓮地震</value></Data>
<Data name="area_ha"><value>0.190564951458</value></Data>
<Data name="source"><value>民國113年農村水保署災後衛星影像判釋</value></Data>
</ExtendedData>
<Polygon><outerBoundaryIs><LinearRing>
<coordinates>121.56116724,24.10456612,0 121.56185925,24.10435067,0 121.56129599,24.10419397,0 121.56111360,24.10430170,0 121.56116724,24.10456612,0</coordinates>
</LinearRing></outerBoundaryIs></Polygon>
</Placemark>
<Placemark>
<name>SWCB_3511_1</name>
<ExtendedData>
<Data name="events"><value>凱米颱風</value></Data>
<Data name="area_ha"><value>0.103968181735</value></Data>
<Data name="source"><value>民國113年農村水保署災後衛星影像判釋</value></Data>
</ExtendedData>
<Polygon><outerBoundaryIs><LinearRing>
<coordinates>121.57071590,24.10131960,0 121.57076418,24.10111394,0 121.57058716,24.10103069,0 121.57038331,24.10120697,0 121.57071590,24.10131960,0</coordinates>
</LinearRing></outerBoundaryIs></Polygon>
</Placemark>
<Placemark>
<name>SWCB_1146_1</name>
<ExtendedData>
<Data name="events"><value>0403花蓮地震</value></Data>
<Data name="area_ha"><value>0.193313877984</value></Data>
<Data name="source"><value>民國113年農村水保署災後衛星影像判釋</value></Data>
</ExtendedData>
<Polygon><outerBoundaryIs><LinearRing>
<coordinates>121.58303797,24.24685206,0 121.58348858,24.24724335,0 121.58366024,24.24754171,0 121.58363879,24.24703792,0 121.58303797,24.24685206,0</coordinates>
</LinearRing></outerBoundaryIs></Polygon>
</Placemark>
<Placemark>
<name>SWCB_942_1</name>
<ExtendedData>
<Data name="events"><value>0403花蓮地震</value></Data>
<Data name="area_ha"><value>0.0416006894159</value></Data>
<Data name="source"><value>民國113年農村水保署災後衛星影像判釋</value></Data>
</ExtendedData>
<Polygon><outerBoundaryIs><LinearRing>
<coordinates>121.59331083,24.23877644,0 121.59328938,24.23884492,0 121.59352541,24.23884981,0 121.59361660,24.23869818,0 121.59331083,24.23877644,0</coordinates>
</LinearRing></outerBoundaryIs></Polygon>
</Placemark>
<Placemark>
<name>SWCB_1054_1</name>
<ExtendedData>
<Data name="events"><value>0403花蓮地震</value></Data>
<Data name="area_ha"><value>0.133412792975</value></Data>
<Data name="source"><value>民國113年農村水保署災後衛星影像判釋</value></Data>
</ExtendedData>
<Polygon><outerBoundaryIs><LinearRing>
<coordinates>121.59272075,24.23716712,0 121.59271538,24.23722093,0 121.59292459,24.23728452,0 121.59327328,24.23712310,0 121.59323573,24.23686385,0 121.59272075,24.23716712,0</coordinates>
</LinearRing></outerBoundaryIs></Polygon>
</Placemark>
<Placemark>
<name>SWCB_1081_1</name>
<ExtendedData>
<Data name="events"><value>0403花蓮地震</value></Data>
<Data name="area_ha"><value>0.0281884526237</value></Data>
<Data name="source"><value>民國113年農村水保署災後衛星影像判釋</value></Data>
</ExtendedData>
<Polygon><outerBoundaryIs><LinearRing>
<coordinates>121.59613788,24.23743127,0 121.59608424,24.23750953,0 121.59632564,24.23749975,0 121.59629881,24.23739214,0 121.59613788,24.23743127,0</coordinates>
</LinearRing></outerBoundaryIs></Polygon>
</Placemark>
<Placemark>
<name>SWCB_1098_1</name>
<ExtendedData>
<Data name="events"><value>0403花蓮地震</value></Data>
<Data name="area_ha"><value>0.13717558939</value></Data>
<Data name="source"><value>民國113年農村水保署災後衛星影像判釋</value></Data>
</ExtendedData>
<Polygon><outerBoundaryIs><LinearRing>
<coordinates>121.59360588,24.23743127,0 121.59341276,24.23747529,0 121.59344494,24.23777368,0 121.59360051,24.23775900,0 121.59384727,24.23738235,0 121.59374535,24.23720137,0 121.59360588,24.23743127,0</coordinates>
</LinearRing></outerBoundaryIs></Polygon>
</Placemark>
<Placemark>
<name>SWCB_1120_1</name>
<ExtendedData>
<Data name="events"><value>0403花蓮地震</value></Data>
<Data name="area_ha"><value>0.241963666726</value></Data>
<Data name="source"><value>民國113年農村水保署災後衛星影像判釋</value></Data>
</ExtendedData>
<Polygon><outerBoundaryIs><LinearRing>
<coordinates>121.58183634,24.22829351,0 121.58194363,24.22715369,0 121.58171296,24.22707053,0 121.58162713,24.22728089,0 121.58180952,24.22768202,0 121.58172905,24.22832287,0 121.58214211,24.22870933,0 121.58183634,24.22829351,0</coordinates>
</LinearRing></outerBoundaryIs></Polygon>
</Placemark>
<Placemark>
<name>SWCB_1138_1</name>
<ExtendedData>
<Data name="events"><value>0403花蓮地震</value></Data>
<Data name="area_ha"><value>0.0911719777463</value></Data>
<Data name="source"><value>民國113年農村水保署災後衛星影像判釋</value></Data>
</ExtendedData>
<Polygon><outerBoundaryIs><LinearRing>
<coordinates>121.59408331,24.23678069,0 121.59426033,24.23674645,0 121.59433007,24.23690787,0 121.59443736,24.23673177,0 121.59436762,24.23637958,0 121.59408331,24.23678069,0</coordinates>
</LinearRing></outerBoundaryIs></Polygon>
</Placemark>
<Placemark>
<name>SWCB_1169_1</name>
<ExtendedData>
<Data name="events"><value>0403花蓮地震</value></Data>
<Data name="area_ha"><value>0.0409986120985</value></Data>
<Data name="source"><value>民國113年農村水保署災後衛星影像判釋</value></Data>
</ExtendedData>
<Polygon><outerBoundaryIs><LinearRing>
<coordinates>121.59584284,24.23718669,0 121.59580529,24.23731387,0 121.59601986,24.23728452,0 121.59607887,24.23712310,0 121.59584284,24.23718669,0</coordinates>
</LinearRing></outerBoundaryIs></Polygon>
</Placemark>
<Placemark>
<name>SWCB_1177_1</name>
<ExtendedData>
<Data name="events"><value>0403花蓮地震</value></Data>
<Data name="area_ha"><value>0.0348524332885</value></Data>
<Data name="source"><value>民國113年農村水保署災後衛星影像判釋</value></Data>
</ExtendedData>
<Polygon><outerBoundaryIs><LinearRing>
<coordinates>121.59533322,24.23688831,0 121.59544051,24.23692744,0 121.59545124,24.23674645,0 121.59534931,24.23669753,0 121.59533322,24.23688831,0</coordinates>
</LinearRing></outerBoundaryIs></Polygon>
</Placemark>
<Placemark>
<name>SWCB_1189_1</name>
<ExtendedData>
<Data name="events"><value>0403花蓮地震</value></Data>
<Data name="area_ha"><value>0.0419901527996</value></Data>
<Data name="source"><value>民國113年農村水保署災後衛星影像判釋</value></Data>
</ExtendedData>
<Polygon><outerBoundaryIs><LinearRing>
<coordinates>121.59605742,24.23582194,0 121.59600914,24.23595401,0 121.59630418,24.23591977,0 121.59621298,24.23579259,0 121.59605742,24.23582194,0</coordinates>
</LinearRing></outerBoundaryIs></Polygon>
</Placemark>
<Placemark>
<name>SWCB_1215_1</name>
<ExtendedData>
<Data name="events"><value>0403花蓮地震</value></Data>
<Data name="area_ha"><value>0.501020366656</value></Data>
<Data name="source"><value>民國113年農村水保署災後衛星影像判釋</value></Data>
</ExtendedData>
<Polygon><outerBoundaryIs><LinearRing>
<coordinates>121.58372998,24.22680147,0 121.58376217,24.22656177,0 121.58334911,24.22634163,0 121.58297896,24.22633184,0 121.58325791,24.22685039,0 121.58339739,24.22677701,0 121.58354759,24.22705096,0 121.58415377,24.22731513,0 121.58426642,24.22732002,0 121.58372998,24.22680147,0</coordinates>
</LinearRing></outerBoundaryIs></Polygon>
</Placemark>
<Placemark>
<name>SWCB_1220_1</name>
<ExtendedData>
<Data name="events"><value>0403花蓮地震</value></Data>
<Data name="area_ha"><value>0.0840677257802</value></Data>
<Data name="source"><value>民國113年農村水保署災後衛星影像判釋</value></Data>
</ExtendedData>
<Polygon><outerBoundaryIs><LinearRing>
<coordinates>121.59383655,24.23751443,0 121.59384191,24.23763671,0 121.59409404,24.23765628,0 121.59409404,24.23728941,0 121.59383655,24.23751443,0</coordinates>
</LinearRing></outerBoundaryIs></Polygon>
</Placemark>
<Placemark>
<name>SWCB_1249_1</name>
<ExtendedData>
<Data name="events"><value>0403花蓮地震</value></Data>
<Data name="area_ha"><value>0.0292809059563</value></Data>
<Data name="source"><value>民國113年農村水保署災後衛星影像判釋</value></Data>
</ExtendedData>
<Polygon><outerBoundaryIs><LinearRing>
<coordinates>121.58514619,24.24521839,0 121.58509254,24.24538469,0 121.58526421,24.24531132,0 121.58520520,24.24519882,0 121.58514619,24.24521839,0</coordinates>
</LinearRing></outerBoundaryIs></Polygon>
</Placemark>
<Placemark>
<name>SWCB_1318_1</name>
<ExtendedData>
<Data name="events"><value>0403花蓮地震</value></Data>
<Data name="area_ha"><value>0.191136567807</value></Data>
<Data name="source"><value>民國113年農村水保署災後衛星影像判釋</value></Data>
</ExtendedData>
<Polygon><outerBoundaryIs><LinearRing>
<coordinates>121.59252763,24.23662416,0 121.59235597,24.23678069,0 121.59236133,24.23696657,0 121.59282267,24.23670732,0 121.59295678,24.23676112,0 121.59281194,24.23692744,0 121.59307480,24.23680026,0 121.59311235,24.23658014,0 121.59296751,24.23651654,0 121.59252763,24.23662416,0</coordinates>
</LinearRing></outerBoundaryIs></Polygon>
</Placemark>
<Placemark>
<name>SWCB_3376_1</name>
<ExtendedData>
<Data name="events"><value>凱米颱風</value></Data>
<Data name="area_ha"><value>0.0400075211248</value></Data>
<Data name="source"><value>民國113年農村水保署災後衛星影像判釋</value></Data>
</ExtendedData>
<Polygon><outerBoundaryIs><LinearRing>
<coordinates>121.59444273,24.24336948,0 121.59444273,24.24355046,0 121.59464121,24.24355046,0 121.59464121,24.24336948,0 121.59444273,24.24336948,0</coordinates>
</LinearRing></outerBoundaryIs></Polygon>
</Placemark>
<Placemark>
<name>SWCB_3378_1</name>
<ExtendedData>
<Data name="events"><value>凱米颱風</value></Data>
<Data name="area_ha"><value>0.110020804148</value></Data>
<Data name="source"><value>民國113年農村水保署災後衛星影像判釋</value></Data>
</ExtendedData>
<Polygon><outerBoundaryIs><LinearRing>
<coordinates>121.59672797,24.24185316,0 121.59692109,24.24185805,0 121.59692645,24.24149609,0 121.59663141,24.24149120,0 121.59672797,24.24185316,0</coordinates>
</LinearRing></outerBoundaryIs></Polygon>
</Placemark>
<Placemark>
<name>SWCB_3379_1</name>
<ExtendedData>
<Data name="events"><value>凱米颱風</value></Data>
<Data name="area_ha"><value>0.120022704777</value></Data>
<Data name="source"><value>民國113年農村水保署災後衛星影像判釋</value></Data>
</ExtendedData>
<Polygon><outerBoundaryIs><LinearRing>
<coordinates>121.59644365,24.24076727,0 121.59673870,24.24067922,0 121.59664214,24.24041019,0 121.59634709,24.24049824,0 121.59644365,24.24076727,0</coordinates>
</LinearRing></outerBoundaryIs></Polygon>
</Placemark>
<Placemark>
<name>SWCB_3382_1</name>
<ExtendedData>
<Data name="events"><value>凱米颱風</value></Data>
<Data name="area_ha"><value>0.180033972845</value></Data>
<Data name="source"><value>民國113年農村水保署災後衛星影像判釋</value></Data>
</ExtendedData>
<Polygon><outerBoundaryIs><LinearRing>
<coordinates>121.59618616,24.23697146,0 121.59598768,24.23715245,0 121.59598768,24.23733344,0 121.59657776,24.23724539,0 121.59658313,24.23697635,0 121.59618616,24.23697146,0</coordinates>
</LinearRing></outerBoundaryIs></Polygon>
</Placemark>
<Placemark>
<name>SWCB_3383_1</name>
<ExtendedData>
<Data name="events"><value>凱米颱風</value></Data>
<Data name="area_ha"><value>0.0800149843695</value></Data>
<Data name="source"><value>民國113年農村水保署災後衛星影像判釋</value></Data>
</ExtendedData>
<Polygon><outerBoundaryIs><LinearRing>
<coordinates>121.59501135,24.23651165,0 121.59490943,24.23678069,0 121.59520447,24.23678558,0 121.59520984,24.23651165,0 121.59501135,24.23651165,0</coordinates>
</LinearRing></outerBoundaryIs></Polygon>
</Placemark>
<Placemark>
<name>SWCB_3385_1</name>
<ExtendedData>
<Data name="events"><value>凱米颱風</value></Data>
<Data name="area_ha"><value>0.300055320469</value></Data>
<Data name="source"><value>民國113年農村水保署災後衛星影像判釋</value></Data>
</ExtendedData>
<Polygon><outerBoundaryIs><LinearRing>
<coordinates>121.59167469,24.23566540,0 121.59147084,24.23611543,0 121.59196436,24.23621327,0 121.59206092,24.23612033,0 121.59206629,24.23567030,0 121.59167469,24.23566540,0</coordinates>
</LinearRing></outerBoundaryIs></Polygon>
</Placemark>
<Placemark>
<name>SWCB_3391_1</name>
<ExtendedData>
<Data name="events"><value>凱米颱風</value></Data>
<Data name="area_ha"><value>4.37565053859</value></Data>
<Data name="source"><value>民國113年農村水保署災後衛星影像判釋</value></Data>
</ExtendedData>
<Polygon><outerBoundaryIs><LinearRing>
<coordinates>121.59513474,24.23425661,0 121.59494162,24.23407073,0 121.59454465,24.23415878,0 121.59453928,24.23460881,0 121.59424424,24.23469686,0 121.59414232,24.23505884,0 121.59404576,24.23505884,0 121.59404039,24.23550887,0 121.59364343,24.23577791,0 121.59363806,24.23595401,0 121.59334302,24.23622305,0 121.59265101,24.23639915,0 121.59264565,24.23666818,0 121.59304261,24.23667308,0 121.59303725,24.23685406,0 121.59333229,24.23685406,0 121.59383118,24.23640893,0 121.59393311,24.23613989,0 121.59472167,24.23587574,0 121.59492552,24.23542572,0 121.59522593,24.23515668,0 121.59532249,24.23515668,0 121.59531713,24.23551866,0 121.59551561,24.23552355,0 121.59551024,24.23579259,0 121.59521520,24.23596869,0 121.59520984,24.23633066,0 121.59550488,24.23633556,0 121.59560680,24.23615457,0 121.59580529,24.23615457,0 121.59581065,24.23570454,0 121.59590721,24.23570454,0 121.59600914,24.23525451,0 121.59561753,24.23525451,0 121.59561753,24.23507352,0 121.59621298,24.23462348,0 121.59631491,24.23426639,0 121.59543514,24.23389462,0 121.59513474,24.23425661,0</coordinates>
</LinearRing></outerBoundaryIs></Polygon>
</Placemark>
<Placemark>
<name>SWCB_2056_1</name>
<ExtendedData>
<Data name="events"><value>0629豪雨</value></Data>
<Data name="area_ha"><value>1.08830167145</value></Data>
<Data name="source"><value>民國113年農村水保署災後衛星影像判釋</value></Data>
</ExtendedData>
<Polygon><outerBoundaryIs><LinearRing>
<coordinates>121.58872962,24.16529954,0 121.58922315,24.16515271,0 121.58945382,24.16491778,0 121.58960402,24.16502545,0 121.58942163,24.16509397,0 121.58951283,24.16521633,0 121.58977032,24.16488841,0 121.58989906,24.16502056,0 121.58988297,24.16467306,0 121.59012437,24.16456539,0 121.58997953,24.16452134,0 121.59012973,24.16443324,0 121.59006536,24.16423257,0 121.59031212,24.16392422,0 121.59011364,24.16372845,0 121.59024775,24.16358162,0 121.59009755,24.16334669,0 121.59034431,24.16307749,0 121.59014046,24.16257826,0 121.59001708,24.16264679,0 121.59012437,24.16298939,0 121.58991516,24.16336626,0 121.59006536,24.16377250,0 121.58988297,24.16403190,0 121.58999562,24.16428151,0 121.58987224,24.16422278,0 121.58951283,24.16437940,0 121.58953428,24.16449686,0 121.58905685,24.16481500,0 121.58894956,24.16504503,0 121.58872962,24.16529954,0</coordinates>
</LinearRing></outerBoundaryIs></Polygon>
</Placemark>
<Placemark>
<name>SWCB_1345_1</name>
<ExtendedData>
<Data name="events"><value>0403花蓮地震</value></Data>
<Data name="area_ha"><value>0.0960416646503</value></Data>
<Data name="source"><value>民國113年農村水保署災後衛星影像判釋</value></Data>
</ExtendedData>
<Polygon><outerBoundaryIs><LinearRing>
<coordinates>121.59334302,24.15028287,0 121.59361124,24.15010665,0 121.59349859,24.15000386,0 121.59291387,24.15023392,0 121.59334302,24.15028287,0</coordinates>
</LinearRing></outerBoundaryIs></Polygon>
</Placemark>
<Placemark>
<name>SWCB_1381_1</name>
<ExtendedData>
<Data name="events"><value>0403花蓮地震</value></Data>
<Data name="area_ha"><value>0.0150840593462</value></Data>
<Data name="source"><value>民國113年農村水保署災後衛星影像判釋</value></Data>
</ExtendedData>
<Polygon><outerBoundaryIs><LinearRing>
<coordinates>121.58595085,24.14870180,0 121.58592939,24.14862348,0 121.58570945,24.14877033,0 121.58573091,24.14882907,0 121.58595085,24.14870180,0</coordinates>
</LinearRing></outerBoundaryIs></Polygon>
</Placemark>
<Placemark>
<name>SWCB_1426_1</name>
<ExtendedData>
<Data name="events"><value>0403花蓮地震</value></Data>
<Data name="area_ha"><value>0.771437365594</value></Data>
<Data name="source"><value>民國113年農村水保署災後衛星影像判釋</value></Data>
</ExtendedData>
<Polygon><outerBoundaryIs><LinearRing>
<coordinates>121.59067154,24.15791379,0 121.59045696,24.15716002,0 121.58929825,24.15580419,0 121.58914268,24.15570141,0 121.58889592,24.15582377,0 121.58886909,24.15594614,0 121.58921778,24.15591188,0 121.58935726,24.15644050,0 121.59016728,24.15712086,0 121.59039259,24.15748306,0 121.59023166,24.15763969,0 121.59053743,24.15789910,0 121.59067154,24.15791379,0</coordinates>
</LinearRing></outerBoundaryIs></Polygon>
</Placemark>
<Placemark>
<name>SWCB_1458_1</name>
<ExtendedData>
<Data name="events"><value>0403花蓮地震</value></Data>
<Data name="area_ha"><value>0.450289496425</value></Data>
<Data name="source"><value>民國113年農村水保署災後衛星影像判釋</value></Data>
</ExtendedData>
<Polygon><outerBoundaryIs><LinearRing>
<coordinates>121.59427106,24.15391483,0 121.59453392,24.15372883,0 121.59517229,24.15370925,0 121.59526885,24.15356730,0 121.59416914,24.15344004,0 121.59373999,24.15357220,0 121.59395456,24.15365541,0 121.59427106,24.15391483,0</coordinates>
</LinearRing></outerBoundaryIs></Polygon>
</Placemark>
<Placemark>
<name>SWCB_1500_1</name>
<ExtendedData>
<Data name="events"><value>0403花蓮地震</value></Data>
<Data name="area_ha"><value>0.114467267544</value></Data>
<Data name="source"><value>民國113年農村水保署災後衛星影像判釋</value></Data>
</ExtendedData>
<Polygon><outerBoundaryIs><LinearRing>
<coordinates>121.58634782,24.14856964,0 121.58641756,24.14838363,0 121.58665895,24.14832979,0 121.58683062,24.14816825,0 121.58690572,24.14824168,0 121.58703446,24.14800672,0 121.58669114,24.14815846,0 121.58664286,24.14829552,0 121.58661604,24.14821720,0 121.58646047,24.14833958,0 121.58639610,24.14821720,0 121.58615470,24.14828084,0 121.58613861,24.14852069,0 121.58634782,24.14856964,0</coordinates>
</LinearRing></outerBoundaryIs></Polygon>
</Placemark>
<Placemark>
<name>SWCB_1516_1</name>
<ExtendedData>
<Data name="events"><value>0403花蓮地震</value></Data>
<Data name="area_ha"><value>0.969672877722</value></Data>
<Data name="source"><value>民國113年農村水保署災後衛星影像判釋</value></Data>
</ExtendedData>
<Polygon><outerBoundaryIs><LinearRing>
<coordinates>121.58502817,24.16152106,0 121.58607960,24.16087499,0 121.58631563,24.16060579,0 121.58634782,24.16033660,0 121.58576846,24.16045406,0 121.58493698,24.16117355,0 121.58472776,24.16153085,0 121.58470631,24.16202519,0 121.58502817,24.16152106,0</coordinates>
</LinearRing></outerBoundaryIs></Polygon>
</Placemark>
<Placemark>
<name>SWCB_1532_1</name>
<ExtendedData>
<Data name="events"><value>0403花蓮地震</value></Data>
<Data name="area_ha"><value>0.030858090685</value></Data>
<Data name="source"><value>民國113年農村水保署災後衛星影像判釋</value></Data>
</ExtendedData>
<Polygon><outerBoundaryIs><LinearRing>
<coordinates>121.58746898,24.14775707,0 121.58739924,24.14763959,0 121.58726513,24.14789903,0 121.58727586,24.14798714,0 121.58746898,24.14775707,0</coordinates>
</LinearRing></outerBoundaryIs></Polygon>
</Placemark>
<Placemark>
<name>SWCB_1552_1</name>
<ExtendedData>
<Data name="events"><value>0403花蓮地震</value></Data>
<Data name="area_ha"><value>0.484495258776</value></Data>
<Data name="source"><value>民國113年農村水保署災後衛星影像判釋</value></Data>
</ExtendedData>
<Polygon><outerBoundaryIs><LinearRing>
<coordinates>121.58448100,24.15173175,0 121.58536077,24.15161427,0 121.58560753,24.15153595,0 121.58599377,24.15116395,0 121.58455074,24.15142827,0 121.58420742,24.15153595,0 121.58416450,24.15165833,0 121.58448100,24.15173175,0</coordinates>
</LinearRing></outerBoundaryIs></Polygon>
</Placemark>
<Placemark>
<name>SWCB_1584_1</name>
<ExtendedData>
<Data name="events"><value>0403花蓮地震</value></Data>
<Data name="area_ha"><value>2.57869017784</value></Data>
<Data name="source"><value>民國113年農村水保署災後衛星影像判釋</value></Data>
</ExtendedData>
<Polygon><outerBoundaryIs><LinearRing>
<coordinates>121.58974349,24.16429620,0 121.58956647,24.16357183,0 121.58938944,24.16332221,0 121.58956110,24.16262721,0 121.58920705,24.16257826,0 121.58819318,24.16353757,0 121.58830583,24.16399764,0 121.58877790,24.16446260,0 121.58862233,24.16500588,0 121.58875108,24.16528485,0 121.58974349,24.16429620,0</coordinates>
</LinearRing></outerBoundaryIs></Polygon>
</Placemark>
<Placemark>
<name>SWCB_1639_1</name>
<ExtendedData>
<Data name="events"><value>0403花蓮地震</value></Data>
<Data name="area_ha"><value>0.196124059566</value></Data>
<Data name="source"><value>民國113年農村水保署災後衛星影像判釋</value></Data>
</ExtendedData>
<Polygon><outerBoundaryIs><LinearRing>
<coordinates>121.57827437,24.16344457,0 121.57821000,24.16273978,0 121.57801151,24.16280830,0 121.57814026,24.16364035,0 121.57827437,24.16344457,0</coordinates>
</LinearRing></outerBoundaryIs></Polygon>
</Placemark>
<Placemark>
<name>SWCB_1646_1</name>
<ExtendedData>
<Data name="events"><value>0403花蓮地震</value></Data>
<Data name="area_ha"><value>0.368597987141</value></Data>
<Data name="source"><value>民國113年農村水保署災後衛星影像判釋</value></Data>
</ExtendedData>
<Polygon><outerBoundaryIs><LinearRing>
<coordinates>121.59406185,24.16548552,0 121.59392774,24.16511355,0 121.59379900,24.16513313,0 121.59361660,24.16550510,0 121.59323573,24.16560788,0 121.59330547,24.16569598,0 121.59359515,24.16563724,0 121.59340203,24.16641544,0 121.59406185,24.16548552,0</coordinates>
</LinearRing></outerBoundaryIs></Polygon>
</Placemark>
<Placemark>
<name>SWCB_1665_1</name>
<ExtendedData>
<Data name="events"><value>0403花蓮地震</value></Data>
<Data name="area_ha"><value>0.230556199217</value></Data>
<Data name="source"><value>民國113年農村水保署災後衛星影像判釋</value></Data>
</ExtendedData>
<Polygon><outerBoundaryIs><LinearRing>
<coordinates>121.58912659,24.14916193,0 121.58995807,24.14918151,0 121.58924997,24.14905914,0 121.58826828,24.14925004,0 121.58801615,24.14942626,0 121.58818245,24.14943115,0 121.58816099,24.14965632,0 121.58846676,24.14946542,0 121.58912659,24.14916193,0</coordinates>
</LinearRing></outerBoundaryIs></Polygon>
</Placemark>
<Placemark>
<name>SWCB_1676_1</name>
<ExtendedData>
<Data name="events"><value>0403花蓮地震</value></Data>
<Data name="area_ha"><value>0.646615931588</value></Data>
<Data name="source"><value>民國113年農村水保署災後衛星影像判釋</value></Data>
</ExtendedData>
<Polygon><outerBoundaryIs><LinearRing>
<coordinates>121.58032358,24.16384591,0 121.58089757,24.16341521,0 121.58092976,24.16314112,0 121.58058107,24.16297961,0 121.57985151,24.16354246,0 121.58032358,24.16384591,0</coordinates>
</LinearRing></outerBoundaryIs></Polygon>
</Placemark>
<Placemark>
<name>SWCB_917_1</name>
<ExtendedData>
<Data name="events"><value>0403花蓮地震</value></Data>
<Data name="area_ha"><value>0.0417079302907</value></Data>
<Data name="source"><value>民國113年農村水保署災後衛星影像判釋</value></Data>
</ExtendedData>
<Polygon><outerBoundaryIs><LinearRing>
<coordinates>121.58656776,24.22204150,0 121.58705056,24.22203172,0 121.58699155,24.22196323,0 121.58667505,24.22194366,0 121.58656776,24.22204150,0</coordinates>
</LinearRing></outerBoundaryIs></Polygon>
</Placemark>
<Placemark>
<name>SWCB_1053_1</name>
<ExtendedData>
<Data name="events"><value>0403花蓮地震</value></Data>
<Data name="area_ha"><value>0.284674966219</value></Data>
<Data name="source"><value>民國113年農村水保署災後衛星影像判釋</value></Data>
</ExtendedData>
<Polygon><outerBoundaryIs><LinearRing>
<coordinates>121.58533394,24.22308353,0 121.58486724,24.22340641,0 121.58492625,24.22308842,0 121.58446491,24.22298079,0 121.58445954,24.22310310,0 121.58460975,24.22312266,0 121.58510327,24.22371950,0 121.58526421,24.22360209,0 121.58516765,24.22343576,0 121.58533394,24.22308353,0</coordinates>
</LinearRing></outerBoundaryIs></Polygon>
</Placemark>
<Placemark>
<name>SWCB_1683_1</name>
<ExtendedData>
<Data name="events"><value>0403花蓮地震</value></Data>
<Data name="area_ha"><value>0.00790330012995</value></Data>
<Data name="source"><value>民國113年農村水保署災後衛星影像判釋</value></Data>
</ExtendedData>
<Polygon><outerBoundaryIs><LinearRing>
<coordinates>121.58526421,24.21779994,0 121.58536613,24.21779016,0 121.58531249,24.21772166,0 121.58525884,24.21774123,0 121.58526421,24.21779994,0</coordinates>
</LinearRing></outerBoundaryIs></Polygon>
</Placemark>
<Placemark>
<name>SWCB_1232_1</name>
<ExtendedData>
<Data name="events"><value>0403花蓮地震</value></Data>
<Data name="area_ha"><value>0.226101055394</value></Data>
<Data name="source"><value>民國113年農村水保署災後衛星影像判釋</value></Data>
</ExtendedData>
<Polygon><outerBoundaryIs><LinearRing>
<coordinates>121.58551097,24.22616063,0 121.58536077,24.22587689,0 121.58497989,24.22571545,0 121.58481896,24.22576437,0 121.58481359,24.22602854,0 121.58505499,24.22598941,0 121.58541441,24.22620954,0 121.58551097,24.22616063,0</coordinates>
</LinearRing></outerBoundaryIs></Polygon>
</Placemark>
<Placemark>
<name>SWCB_1237_1</name>
<ExtendedData>
<Data name="events"><value>0403花蓮地震</value></Data>
<Data name="area_ha"><value>0.0483745840949</value></Data>
<Data name="source"><value>民國113年農村水保署災後衛星影像判釋</value></Data>
</ExtendedData>
<Polygon><outerBoundaryIs><LinearRing>
<coordinates>121.58542514,24.22382712,0 121.58552706,24.22399346,0 121.58562899,24.22377820,0 121.58557534,24.22368036,0 121.58542514,24.22382712,0</coordinates>
</LinearRing></outerBoundaryIs></Polygon>
</Placemark>
<Placemark>
<name>SWCB_3388_1</name>
<ExtendedData>
<Data name="events"><value>凱米颱風</value></Data>
<Data name="area_ha"><value>0.286822860685</value></Data>
<Data name="source"><value>民國113年農村水保署災後衛星影像判釋</value></Data>
</ExtendedData>
<Polygon><outerBoundaryIs><LinearRing>
<coordinates>121.59218967,24.22474683,0 121.59228086,24.22501589,0 121.59287632,24.22483978,0 121.59285486,24.22450712,0 121.59258127,24.22447777,0 121.59218967,24.22474683,0</coordinates>
</LinearRing></outerBoundaryIs></Polygon>
</Placemark>
<Placemark>
<name>SWCB_3389_1</name>
<ExtendedData>
<Data name="events"><value>凱米颱風</value></Data>
<Data name="area_ha"><value>0.2000368347</value></Data>
<Data name="source"><value>民國113年農村水保署災後衛星影像判釋</value></Data>
</ExtendedData>
<Polygon><outerBoundaryIs><LinearRing>
<coordinates>121.59093976,24.22175287,0 121.59083784,24.22211489,0 121.59113288,24.22220784,0 121.59133136,24.22202683,0 121.59133136,24.22175776,0 121.59093976,24.22175287,0</coordinates>
</LinearRing></outerBoundaryIs></Polygon>
</Placemark>
<Placemark>
<name>SWCB_285_1</name>
<ExtendedData>
<Data name="events"><value>0403花蓮地震</value></Data>
<Data name="area_ha"><value>0.122859898782</value></Data>
<Data name="source"><value>民國113年農村水保署災後衛星影像判釋</value></Data>
</ExtendedData>
<Polygon><outerBoundaryIs><LinearRing>
<coordinates>121.58944309,24.12803851,0 121.58960938,24.12793080,0 121.58974886,24.12754403,0 121.58954501,24.12777903,0 121.58947527,24.12766153,0 121.58919096,24.12777413,0 121.58944309,24.12803851,0</coordinates>
</LinearRing></outerBoundaryIs></Polygon>
</Placemark>
<Placemark>
<name>SWCB_288_1</name>
<ExtendedData>
<Data name="events"><value>0403花蓮地震</value></Data>
<Data name="area_ha"><value>0.10748245576</value></Data>
<Data name="source"><value>民國113年農村水保署災後衛星影像判釋</value></Data>
</ExtendedData>
<Polygon><outerBoundaryIs><LinearRing>
<coordinates>121.59550488,24.12822944,0 121.59521520,24.12836652,0 121.59511864,24.12856235,0 121.59531713,24.12842527,0 121.59538686,24.12857704,0 121.59552634,24.12853787,0 121.59564435,24.12844485,0 121.59555316,24.12832246,0 121.59550488,24.12822944,0</coordinates>
</LinearRing></outerBoundaryIs></Polygon>
</Placemark>
<Placemark>
<name>SWCB_291_1</name>
<ExtendedData>
<Data name="events"><value>0403花蓮地震</value></Data>
<Data name="area_ha"><value>0.863607762468</value></Data>
<Data name="source"><value>民國113年農村水保署災後衛星影像判釋</value></Data>
</ExtendedData>
<Polygon><outerBoundaryIs><LinearRing>
<coordinates>121.58044159,24.13594000,0 121.58059716,24.13553858,0 121.58103704,24.13520569,0 121.58131063,24.13538192,0 121.58174515,24.13499518,0 121.58183098,24.13456438,0 121.58153057,24.13455459,0 121.58136964,24.13490217,0 121.58093512,24.13514204,0 121.58003926,24.13537213,0 121.57997489,24.13562670,0 121.58011436,24.13600365,0 121.58044159,24.13594000,0</coordinates>
</LinearRing></outerBoundaryIs></Polygon>
</Placemark>
<Placemark>
<name>SWCB_300_1</name>
<ExtendedData>
<Data name="events"><value>0403花蓮地震</value></Data>
<Data name="area_ha"><value>0.705323209439</value></Data>
<Data name="source"><value>民國113年農村水保署災後衛星影像判釋</value></Data>
</ExtendedData>
<Polygon><outerBoundaryIs><LinearRing>
<coordinates>121.58592939,24.13583230,0 121.58457220,24.13496581,0 121.58471704,24.13525954,0 121.58548415,24.13587636,0 121.58477604,24.13576377,0 121.58454537,24.13543577,0 121.58441663,24.13476999,0 121.58414841,24.13431960,0 121.58445418,24.13549452,0 121.58484578,24.13593511,0 121.58528566,24.13612114,0 121.58592939,24.13583230,0</coordinates>
</LinearRing></outerBoundaryIs></Polygon>
</Placemark>
<Placemark>
<name>SWCB_320_1</name>
<ExtendedData>
<Data name="events"><value>0403花蓮地震</value></Data>
<Data name="area_ha"><value>0.151000097524</value></Data>
<Data name="source"><value>民國113年農村水保署災後衛星影像判釋</value></Data>
</ExtendedData>
<Polygon><outerBoundaryIs><LinearRing>
<coordinates>121.57581747,24.13547004,0 121.57634854,24.13527912,0 121.57635927,24.13516163,0 121.57556534,24.13549452,0 121.57543659,24.13583230,0 121.57581747,24.13547004,0</coordinates>
</LinearRing></outerBoundaryIs></Polygon>
</Placemark>
<Placemark>
<name>SWCB_337_1</name>
<ExtendedData>
<Data name="events"><value>0403花蓮地震</value></Data>
<Data name="area_ha"><value>0.187276125283</value></Data>
<Data name="source"><value>民國113年農村水保署災後衛星影像判釋</value></Data>
</ExtendedData>
<Polygon><outerBoundaryIs><LinearRing>
<coordinates>121.57793105,24.13526443,0 121.57799006,24.13502455,0 121.57761455,24.13514694,0 121.57713711,24.13566096,0 121.57793105,24.13526443,0</coordinates>
</LinearRing></outerBoundaryIs></Polygon>
</Placemark>
<Placemark>
<name>SWCB_339_1</name>
<ExtendedData>
<Data name="events"><value>0403花蓮地震</value></Data>
<Data name="area_ha"><value>0.0225668554048</value></Data>
<Data name="source"><value>民國113年農村水保署災後衛星影像判釋</value></Data>
</ExtendedData>
<Polygon><outerBoundaryIs><LinearRing>
<coordinates>121.58572018,24.13485321,0 121.58559144,24.13481894,0 121.58545732,24.13497560,0 121.58561289,24.13489237,0 121.58572018,24.13485321,0</coordinates>
</LinearRing></outerBoundaryIs></Polygon>
</Placemark>
<Placemark>
<name>SWCB_349_1</name>
<ExtendedData>
<Data name="events"><value>0403花蓮地震</value></Data>
<Data name="area_ha"><value>0.107698957661</value></Data>
<Data name="source"><value>民國113年農村水保署災後衛星影像判釋</value></Data>
</ExtendedData>
<Polygon><outerBoundaryIs><LinearRing>
<coordinates>121.58271074,24.13194526,0 121.58267319,24.13175433,0 121.58226013,24.13181797,0 121.58236206,24.13201869,0 121.58271074,24.13194526,0</coordinates>
</LinearRing></outerBoundaryIs></Polygon>
</Placemark>
<Placemark>
<name>SWCB_1350_1</name>
<ExtendedData>
<Data name="events"><value>0403花蓮地震</value></Data>
<Data name="area_ha"><value>0.0776464665656</value></Data>
<Data name="source"><value>民國113年農村水保署災後衛星影像判釋</value></Data>
</ExtendedData>
<Polygon><outerBoundaryIs><LinearRing>
<coordinates>121.58964157,24.14060039,0 121.59001172,24.14055633,0 121.58967912,24.14044863,0 121.58932507,24.14053675,0 121.58955574,24.14059060,0 121.58948600,24.14070808,0 121.58959866,24.14066892,0 121.58964157,24.14060039,0</coordinates>
</LinearRing></outerBoundaryIs></Polygon>
</Placemark>
<Placemark>
<name>SWCB_1410_1</name>
<ExtendedData>
<Data name="events"><value>0403花蓮地震</value></Data>
<Data name="area_ha"><value>0.369343422041</value></Data>
<Data name="source"><value>民國113年農村水保署災後衛星影像判釋</value></Data>
</ExtendedData>
<Polygon><outerBoundaryIs><LinearRing>
<coordinates>121.58900321,24.13730583,0 121.58938408,24.13704637,0 121.58946455,24.13679671,0 121.58985078,24.13666942,0 121.58900321,24.13681629,0 121.58847749,24.13736457,0 121.58864379,24.13750164,0 121.58886909,24.13738415,0 121.58898175,24.13751143,0 121.58903539,24.13738415,0 121.58900321,24.13730583,0</coordinates>
</LinearRing></outerBoundaryIs></Polygon>
</Placemark>
<Placemark>
<name>SWCB_1924_1</name>
<ExtendedData>
<Data name="events"><value>0403花蓮地震</value></Data>
<Data name="area_ha"><value>0.0542258924558</value></Data>
<Data name="source"><value>民國113年農村水保署災後衛星影像判釋</value></Data>
</ExtendedData>
<Polygon><outerBoundaryIs><LinearRing>
<coordinates>121.59457684,24.12816090,0 121.59447491,24.12857704,0 121.59456611,24.12858193,0 121.59468949,24.12813153,0 121.59457684,24.12816090,0</coordinates>
</LinearRing></outerBoundaryIs></Polygon>
</Placemark>
<Placemark>
<name>SWCB_1706_1</name>
<ExtendedData>
<Data name="events"><value>0403花蓮地震</value></Data>
<Data name="area_ha"><value>0.862086021097</value></Data>
<Data name="source"><value>民國113年農村水保署災後衛星影像判釋</value></Data>
</ExtendedData>
<Polygon><outerBoundaryIs><LinearRing>
<coordinates>121.58675551,24.10408625,0 121.58553779,24.10379245,0 121.58471167,24.10377286,0 121.58473313,24.10389528,0 121.58521056,24.10399811,0 121.58624053,24.10452695,0 121.58673406,24.10444370,0 121.58675551,24.10408625,0</coordinates>
</LinearRing></outerBoundaryIs></Polygon>
</Placemark>
<Placemark>
<name>SWCB_1727_1</name>
<ExtendedData>
<Data name="events"><value>0403花蓮地震</value></Data>
<Data name="area_ha"><value>0.119613929419</value></Data>
<Data name="source"><value>民國113年農村水保署災後衛星影像判釋</value></Data>
</ExtendedData>
<Polygon><outerBoundaryIs><LinearRing>
<coordinates>121.58561289,24.10016396,0 121.58534467,24.10021782,0 121.58573627,24.10042349,0 121.58639610,24.10027658,0 121.58568263,24.10033045,0 121.58561289,24.10016396,0</coordinates>
</LinearRing></outerBoundaryIs></Polygon>
</Placemark>
<Placemark>
<name>SWCB_1340_1</name>
<ExtendedData>
<Data name="events"><value>0403花蓮地震</value></Data>
<Data name="area_ha"><value>0.526081644672</value></Data>
<Data name="source"><value>民國113年農村水保署災後衛星影像判釋</value></Data>
</ExtendedData>
<Polygon><outerBoundaryIs><LinearRing>
<coordinates>121.59437299,24.19077685,0 121.59453392,24.19075727,0 121.59446955,24.19038538,0 121.59513474,24.19031687,0 121.59476459,24.18998412,0 121.59443736,24.19007220,0 121.59463584,24.19025815,0 121.59446955,24.19031687,0 121.59402430,24.19029240,0 121.59401894,24.19015539,0 121.59417987,24.19008199,0 121.59385264,24.19002816,0 121.59373999,24.19010156,0 121.59378290,24.19039517,0 121.59403503,24.19052239,0 121.59437299,24.19077685,0</coordinates>
</LinearRing></outerBoundaryIs></Polygon>
</Placemark>
<Placemark>
<name>SWCB_1352_1</name>
<ExtendedData>
<Data name="events"><value>0403花蓮地震</value></Data>
<Data name="area_ha"><value>0.403404068562</value></Data>
<Data name="source"><value>民國113年農村水保署災後衛星影像判釋</value></Data>
</ExtendedData>
<Polygon><outerBoundaryIs><LinearRing>
<coordinates>121.58786595,24.19183870,0 121.58857405,24.19179955,0 121.58912659,24.19116831,0 121.58830047,24.19141298,0 121.58786595,24.19183870,0</coordinates>
</LinearRing></outerBoundaryIs></Polygon>
</Placemark>
<Placemark>
<name>SWCB_1362_1</name>
<ExtendedData>
<Data name="events"><value>0403花蓮地震</value></Data>
<Data name="area_ha"><value>2.06233715341</value></Data>
<Data name="source"><value>民國113年農村水保署災後衛星影像判釋</value></Data>
</ExtendedData>
<Polygon><outerBoundaryIs><LinearRing>
<coordinates>121.58325791,24.19034134,0 121.58403575,24.18988136,0 121.58401966,24.18961223,0 121.58382654,24.18938713,0 121.58272147,24.18895651,0 121.58249617,24.18946053,0 121.58217967,24.18977860,0 121.58205092,24.19023858,0 121.58222795,24.19059090,0 121.58236742,24.19056154,0 121.58271074,24.18997434,0 121.58289313,24.19008688,0 121.58317208,24.19065941,0 121.58336520,24.19065451,0 121.58331156,24.19047346,0 121.58325791,24.19034134,0</coordinates>
</LinearRing></outerBoundaryIs></Polygon>
</Placemark>
<Placemark>
<name>SWCB_1367_1</name>
<ExtendedData>
<Data name="events"><value>0403花蓮地震</value></Data>
<Data name="area_ha"><value>0.0338987241127</value></Data>
<Data name="source"><value>民國113年農村水保署災後衛星影像判釋</value></Data>
</ExtendedData>
<Polygon><outerBoundaryIs><LinearRing>
<coordinates>121.58403575,24.19619367,0 121.58406258,24.19606155,0 121.58375144,24.19602730,0 121.58395529,24.19606155,0 121.58391237,24.19618388,0 121.58403575,24.19619367,0</coordinates>
</LinearRing></outerBoundaryIs></Polygon>
</Placemark>
<Placemark>
<name>SWCB_1368_1</name>
<ExtendedData>
<Data name="events"><value>0403花蓮地震</value></Data>
<Data name="area_ha"><value>1.38584115666</value></Data>
<Data name="source"><value>民國113年農村水保署災後衛星影像判釋</value></Data>
</ExtendedData>
<Polygon><outerBoundaryIs><LinearRing>
<coordinates>121.58355832,24.19080131,0 121.58351541,24.19069855,0 121.58317208,24.19065941,0 121.58288777,24.19086982,0 121.58285022,24.19104109,0 121.58400357,24.19307181,0 121.58421814,24.19271460,0 121.58411622,24.19223995,0 121.58392310,24.19190231,0 121.58357978,24.19171637,0 121.58355832,24.19080131,0</coordinates>
</LinearRing></outerBoundaryIs></Polygon>
</Placemark>
<Placemark>
<name>SWCB_1380_1</name>
<ExtendedData>
<Data name="events"><value>0403花蓮地震</value></Data>
<Data name="area_ha"><value>0.495347691804</value></Data>
<Data name="source"><value>民國113年農村水保署災後衛星影像判釋</value></Data>
</ExtendedData>
<Polygon><outerBoundaryIs><LinearRing>
<coordinates>121.57820463,24.20201637,0 121.57841384,24.20218273,0 121.57870352,24.20218273,0 121.57879472,24.20208976,0 121.57876790,24.20161026,0 121.57855868,24.20151729,0 121.57853186,24.20175215,0 121.57837093,24.20171301,0 121.57834411,24.20148793,0 121.57796323,24.20096439,0 121.57791495,24.20110139,0 121.57820463,24.20201637,0</coordinates>
</LinearRing></outerBoundaryIs></Polygon>
</Placemark>
<Placemark>
<name>SWCB_1383_1</name>
<ExtendedData>
<Data name="events"><value>0403花蓮地震</value></Data>
<Data name="area_ha"><value>0.519975846651</value></Data>
<Data name="source"><value>民國113年農村水保署災後衛星影像判釋</value></Data>
</ExtendedData>
<Polygon><outerBoundaryIs><LinearRing>
<coordinates>121.58408403,24.19896315,0 121.58396065,24.19881147,0 121.58412158,24.19871850,0 121.58386946,24.19844449,0 121.58356369,24.19836620,0 121.58373535,24.19819495,0 121.58360124,24.19801390,0 121.58324182,24.19801880,0 121.58240497,24.19758331,0 121.58225477,24.19767139,0 121.58260882,24.19800412,0 121.58288777,24.19798454,0 121.58342957,24.19823409,0 121.58400893,24.19906591,0 121.58408403,24.19896315,0</coordinates>
</LinearRing></outerBoundaryIs></Polygon>
</Placemark>
<Placemark>
<name>SWCB_1430_1</name>
<ExtendedData>
<Data name="events"><value>0403花蓮地震</value></Data>
<Data name="area_ha"><value>0.0657727223745</value></Data>
<Data name="source"><value>民國113年農村水保署災後衛星影像判釋</value></Data>
</ExtendedData>
<Polygon><outerBoundaryIs><LinearRing>
<coordinates>121.58575773,24.19508292,0 121.58544660,24.19542055,0 121.58567190,24.19533737,0 121.58593476,24.19503399,0 121.58575773,24.19508292,0</coordinates>
</LinearRing></outerBoundaryIs></Polygon>
</Placemark>
<Placemark>
<name>SWCB_1435_1</name>
<ExtendedData>
<Data name="events"><value>0403花蓮地震</value></Data>
<Data name="area_ha"><value>0.029193142103</value></Data>
<Data name="source"><value>民國113年農村水保署災後衛星影像判釋</value></Data>
</ExtendedData>
<Polygon><outerBoundaryIs><LinearRing>
<coordinates>121.57475531,24.20191851,0 121.57474995,24.20209466,0 121.57488942,24.20195766,0 121.57479286,24.20184512,0 121.57475531,24.20191851,0</coordinates>
</LinearRing></outerBoundaryIs></Polygon>
</Placemark>
<Placemark>
<name>SWCB_1438_1</name>
<ExtendedData>
<Data name="events"><value>0403花蓮地震</value></Data>
<Data name="area_ha"><value>0.212783083712</value></Data>
<Data name="source"><value>民國113年農村水保署災後衛星影像判釋</value></Data>
</ExtendedData>
<Polygon><outerBoundaryIs><LinearRing>
<coordinates>121.58523202,24.19422661,0 121.58519983,24.19399174,0 121.58486724,24.19406513,0 121.58464730,24.19463764,0 121.58478677,24.19472572,0 121.58502281,24.19440766,0 121.58523202,24.19422661,0</coordinates>
</LinearRing></outerBoundaryIs></Polygon>
</Placemark>
<Placemark>
<name>SWCB_1444_1</name>
<ExtendedData>
<Data name="events"><value>0403花蓮地震</value></Data>
<Data name="area_ha"><value>0.310714361345</value></Data>
<Data name="source"><value>民國113年農村水保署災後衛星影像判釋</value></Data>
</ExtendedData>
<Polygon><outerBoundaryIs><LinearRing>
<coordinates>121.58270538,24.20178151,0 121.58279657,24.20167876,0 121.58274293,24.20141454,0 121.58257127,24.20138518,0 121.58264101,24.20157601,0 121.58250153,24.20211423,0 121.58323109,24.20267691,0 121.58309162,24.20248120,0 121.58270538,24.20178151,0</coordinates>
</LinearRing></outerBoundaryIs></Polygon>
</Placemark>
<Placemark>
<name>SWCB_1451_1</name>
<ExtendedData>
<Data name="events"><value>0403花蓮地震</value></Data>
<Data name="area_ha"><value>0.0270475727892</value></Data>
<Data name="source"><value>民國113年農村水保署災後衛星影像判釋</value></Data>
</ExtendedData>
<Polygon><outerBoundaryIs><LinearRing>
<coordinates>121.59633636,24.19796497,0 121.59671187,24.19815091,0 121.59676015,24.19810687,0 121.59646511,24.19794540,0 121.59633636,24.19796497,0</coordinates>
</LinearRing></outerBoundaryIs></Polygon>
</Placemark>
<Placemark>
<name>SWCB_1469_1</name>
<ExtendedData>
<Data name="events"><value>0403花蓮地震</value></Data>
<Data name="area_ha"><value>0.211377590589</value></Data>
<Data name="source"><value>民國113年農村水保署災後衛星影像判釋</value></Data>
</ExtendedData>
<Polygon><outerBoundaryIs><LinearRing>
<coordinates>121.57883763,24.18835951,0 121.57895029,24.18798761,0 121.57886982,24.18785549,0 121.57853186,24.18815888,0 121.57880545,24.18869226,0 121.57890201,24.18869226,0 121.57883763,24.18835951,0</coordinates>
</LinearRing></outerBoundaryIs></Polygon>
</Placemark>
<Placemark>
<name>SWCB_1490_1</name>
<ExtendedData>
<Data name="events"><value>0403花蓮地震</value></Data>
<Data name="area_ha"><value>3.09510517533</value></Data>
<Data name="source"><value>民國113年農村水保署災後衛星影像判釋</value></Data>
</ExtendedData>
<Polygon><outerBoundaryIs><LinearRing>
<coordinates>121.57916486,24.20336681,0 121.57977641,24.20236377,0 121.58036649,24.20206530,0 121.58054352,24.20179130,0 121.58111751,24.20153686,0 121.58114970,24.20110139,0 121.58064544,24.20072463,0 121.58050060,24.20036745,0 121.58010900,24.19992708,0 121.57992661,24.20008365,0 121.57978177,24.20052892,0 121.57965302,24.20159558,0 121.57942772,24.20184023,0 121.57930970,24.20245184,0 121.57896638,24.20266713,0 121.57916486,24.20336681,0</coordinates>
</LinearRing></outerBoundaryIs></Polygon>
</Placemark>
<Placemark>
<name>SWCB_1521_1</name>
<ExtendedData>
<Data name="events"><value>0403花蓮地震</value></Data>
<Data name="area_ha"><value>0.175572055628</value></Data>
<Data name="source"><value>民國113年農村水保署災後衛星影像判釋</value></Data>
</ExtendedData>
<Polygon><outerBoundaryIs><LinearRing>
<coordinates>121.59578383,24.19791604,0 121.59606814,24.19874786,0 121.59613788,24.19861575,0 121.59614861,24.19792093,0 121.59578383,24.19791604,0</coordinates>
</LinearRing></outerBoundaryIs></Polygon>
</Placemark>
<Placemark>
<name>SWCB_1522_1</name>
<ExtendedData>
<Data name="events"><value>0403花蓮地震</value></Data>
<Data name="area_ha"><value>0.900382976573</value></Data>
<Data name="source"><value>民國113年農村水保署災後衛星影像判釋</value></Data>
</ExtendedData>
<Polygon><outerBoundaryIs><LinearRing>
<coordinates>121.59391165,24.19200018,0 121.59404039,24.19208826,0 121.59422278,24.19184359,0 121.59502745,24.19196103,0 121.59514546,24.19185827,0 121.59496307,24.19160382,0 121.59434617,24.19130043,0 121.59358978,24.19120746,0 121.59352005,24.19130533,0 121.59363806,24.19159893,0 121.59397602,24.19183381,0 121.59391165,24.19200018,0</coordinates>
</LinearRing></outerBoundaryIs></Polygon>
</Placemark>
<Placemark>
<name>SWCB_1553_1</name>
<ExtendedData>
<Data name="events"><value>0403花蓮地震</value></Data>
<Data name="area_ha"><value>3.81224604744</value></Data>
<Data name="source"><value>民國113年農村水保署災後衛星影像判釋</value></Data>
</ExtendedData>
<Polygon><outerBoundaryIs><LinearRing>
<coordinates>121.58593476,24.19498995,0 121.58584356,24.19516610,0 121.58594549,24.19520036,0 121.58628345,24.19513675,0 121.58624589,24.19535694,0 121.58683062,24.19501442,0 121.58729196,24.19445170,0 121.58818781,24.19424618,0 121.58819854,24.19442234,0 121.58794641,24.19456424,0 121.58696473,24.19601751,0 121.58696473,24.19631600,0 121.58711493,24.19639918,0 121.58831656,24.19618877,0 121.58871353,24.19600284,0 121.58873498,24.19570435,0 121.58859551,24.19564074,0 121.58782303,24.19613006,0 121.58739924,24.19613495,0 121.58734024,24.19590987,0 121.58845067,24.19415811,0 121.58913732,24.19374707,0 121.58876181,24.19355134,0 121.58808053,24.19388898,0 121.58726513,24.19380090,0 121.58543587,24.19429512,0 121.58532321,24.19443702,0 121.58535540,24.19465721,0 121.58544660,24.19469147,0 121.58562899,24.19444680,0 121.58569872,24.19450552,0 121.58558607,24.19482358,0 121.58568799,24.19504377,0 121.58593476,24.19498995,0</coordinates>
</LinearRing></outerBoundaryIs></Polygon>
</Placemark>
<Placemark>
<name>SWCB_1572_1</name>
<ExtendedData>
<Data name="events"><value>0403花蓮地震</value></Data>
<Data name="area_ha"><value>1.06596429439</value></Data>
<Data name="source"><value>民國113年農村水保署災後衛星影像判釋</value></Data>
</ExtendedData>
<Polygon><outerBoundaryIs><LinearRing>
<coordinates>121.58944845,24.19300819,0 121.58875644,24.19340944,0 121.58882618,24.19362474,0 121.58913732,24.19375197,0 121.58962011,24.19335072,0 121.59005463,24.19321371,0 121.59033358,24.19274396,0 121.59030139,24.19234760,0 121.58969522,24.19260695,0 121.58944845,24.19300819,0</coordinates>
</LinearRing></outerBoundaryIs></Polygon>
</Placemark>
<Placemark>
<name>SWCB_1577_1</name>
<ExtendedData>
<Data name="events"><value>0403花蓮地震</value></Data>
<Data name="area_ha"><value>0.629711034594</value></Data>
<Data name="source"><value>民國113年農村水保署災後衛星影像判釋</value></Data>
</ExtendedData>
<Polygon><outerBoundaryIs><LinearRing>
<coordinates>121.58754945,24.19195614,0 121.58776939,24.19192189,0 121.58787668,24.19175551,0 121.58716857,24.19214698,0 121.58715785,24.19205890,0 121.58695936,24.19226931,0 121.58681989,24.19222038,0 121.58624589,24.19283204,0 121.58555925,24.19284672,0 121.58600450,24.19310117,0 121.58566117,24.19328711,0 121.58538759,24.19378133,0 121.58598304,24.19344859,0 121.58656776,24.19267056,0 121.58723831,24.19224974,0 121.58754945,24.19195614,0</coordinates>
</LinearRing></outerBoundaryIs></Polygon>
</Placemark>
<Placemark>
<name>SWCB_1578_1</name>
<ExtendedData>
<Data name="events"><value>0403花蓮地震</value></Data>
<Data name="area_ha"><value>2.85179280269</value></Data>
<Data name="source"><value>民國113年農村水保署災後衛星影像判釋</value></Data>
</ExtendedData>
<Polygon><outerBoundaryIs><LinearRing>
<coordinates>121.57795787,24.19628174,0 121.57802761,24.19661937,0 121.57760382,24.19739737,0 121.57761991,24.19760778,0 121.57777011,24.19809708,0 121.57819927,24.19804815,0 121.57851577,24.19718697,0 121.57818317,24.19646768,0 121.57816172,24.19618388,0 121.57836556,24.19576796,0 121.57829583,24.19563096,0 121.57737315,24.19596858,0 121.57660067,24.19689338,0 121.57665431,24.19728483,0 121.57685280,24.19753438,0 121.57721758,24.19771053,0 121.57795787,24.19628174,0</coordinates>
</LinearRing></outerBoundaryIs></Polygon>
</Placemark>
<Placemark>
<name>SWCB_1598_1</name>
<ExtendedData>
<Data name="events"><value>0403花蓮地震</value></Data>
<Data name="area_ha"><value>0.919899895518</value></Data>
<Data name="source"><value>民國113年農村水保署災後衛星影像判釋</value></Data>
</ExtendedData>
<Polygon><outerBoundaryIs><LinearRing>
<coordinates>121.57599986,24.19026794,0 121.57623589,24.19007710,0 121.57628417,24.18981775,0 121.57608032,24.18972477,0 121.57565117,24.18997434,0 121.57518446,24.19048814,0 121.57500207,24.19119278,0 121.57525957,24.19124171,0 121.57577455,24.19074259,0 121.57599986,24.19026794,0</coordinates>
</LinearRing></outerBoundaryIs></Polygon>
</Placemark>
<Placemark>
<name>SWCB_1616_1</name>
<ExtendedData>
<Data name="events"><value>0403花蓮地震</value></Data>
<Data name="area_ha"><value>2.74168692785</value></Data>
<Data name="source"><value>民國113年農村水保署災後衛星影像判釋</value></Data>
</ExtendedData>
<Polygon><outerBoundaryIs><LinearRing>
<coordinates>121.58532858,24.19264120,0 121.58553779,24.19228399,0 121.58583283,24.18995966,0 121.58626735,24.18952414,0 121.58635318,24.18929415,0 121.58626735,24.18901523,0 121.58559144,24.18922565,0 121.58504426,24.18894183,0 121.58467412,24.18893204,0 121.58434153,24.18914246,0 121.58432007,24.18952904,0 121.58519983,24.19024836,0 121.58559144,24.19107534,0 121.58516228,24.19212251,0 121.58515692,24.19259227,0 121.58532858,24.19264120,0</coordinates>
</LinearRing></outerBoundaryIs></Polygon>
</Placemark>
<Placemark>
<name>SWCB_1635_1</name>
<ExtendedData>
<Data name="events"><value>0403花蓮地震</value></Data>
<Data name="area_ha"><value>0.53732569926</value></Data>
<Data name="source"><value>民國113年農村水保署災後衛星影像判釋</value></Data>
</ExtendedData>
<Polygon><outerBoundaryIs><LinearRing>
<coordinates>121.59654558,24.19771053,0 121.59528494,24.19710868,0 121.59575164,24.19788668,0 121.59614861,24.19792093,0 121.59610033,24.19816559,0 121.59620225,24.19819495,0 121.59620762,24.19797476,0 121.59633100,24.19797476,0 121.59654558,24.19771053,0</coordinates>
</LinearRing></outerBoundaryIs></Polygon>
</Placemark>
<Placemark>
<name>SWCB_1649_1</name>
<ExtendedData>
<Data name="events"><value>0403花蓮地震</value></Data>
<Data name="area_ha"><value>0.22890461678</value></Data>
<Data name="source"><value>民國113年農村水保署災後衛星影像判釋</value></Data>
</ExtendedData>
<Polygon><outerBoundaryIs><LinearRing>
<coordinates>121.58372998,24.19381069,0 121.58375680,24.19389876,0 121.58389628,24.19382537,0 121.58399820,24.19389387,0 121.58391237,24.19402599,0 121.58400357,24.19402110,0 121.58408940,24.19386451,0 121.58395529,24.19367857,0 121.58415377,24.19368836,0 121.58412695,24.19344859,0 121.58391237,24.19337519,0 121.58390164,24.19296905,0 121.58367634,24.19397216,0 121.58372998,24.19381069,0</coordinates>
</LinearRing></outerBoundaryIs></Polygon>
</Placemark>
<Placemark>
<name>SWCB_2011_1</name>
<ExtendedData>
<Data name="events"><value>0629豪雨</value></Data>
<Data name="area_ha"><value>0.110775220496</value></Data>
<Data name="source"><value>民國113年農村水保署災後衛星影像判釋</value></Data>
</ExtendedData>
<Polygon><outerBoundaryIs><LinearRing>
<coordinates>121.58389628,24.19903166,0 121.58403039,24.19904144,0 121.58387482,24.19883594,0 121.58363342,24.19879190,0 121.58375680,24.19925674,0 121.58389628,24.19903166,0</coordinates>
</LinearRing></outerBoundaryIs></Polygon>
</Placemark>
<Placemark>
<name>SWCB_2012_1</name>
<ExtendedData>
<Data name="events"><value>0629豪雨</value></Data>
<Data name="area_ha"><value>0.1492642131</value></Data>
<Data name="source"><value>民國113年農村水保署災後衛星影像判釋</value></Data>
</ExtendedData>
<Polygon><outerBoundaryIs><LinearRing>
<coordinates>121.57659531,24.19854725,0 121.57668650,24.19874786,0 121.57687426,24.19872340,0 121.57694936,24.19849832,0 121.57686889,24.19820473,0 121.57674015,24.19816559,0 121.57659531,24.19854725,0</coordinates>
</LinearRing></outerBoundaryIs></Polygon>
</Placemark>
<Placemark>
<name>SWCB_2013_1</name>
<ExtendedData>
<Data name="events"><value>0629豪雨</value></Data>
<Data name="area_ha"><value>0.437342358542</value></Data>
<Data name="source"><value>民國113年農村水保署災後衛星影像判釋</value></Data>
</ExtendedData>
<Polygon><outerBoundaryIs><LinearRing>
<coordinates>121.57647192,24.19880168,0 121.57635927,24.19855214,0 121.57654166,24.19854725,0 121.57657921,24.19840045,0 121.57635391,24.19803837,0 121.57602131,24.19802369,0 121.57616079,24.19827813,0 121.57600522,24.19839556,0 121.57609105,24.19855214,0 121.57601058,24.19867936,0 121.57612324,24.19873808,0 121.57602668,24.19879190,0 121.57613933,24.19881636,0 121.57616079,24.19884083,0 121.57605350,24.19893869,0 121.57626808,24.19903166,0 121.57606959,24.19903166,0 121.57625735,24.19910995,0 121.57632172,24.19901209,0 121.57647192,24.19880168,0</coordinates>
</LinearRing></outerBoundaryIs></Polygon>
</Placemark>
<Placemark>
<name>SWCB_2014_1</name>
<ExtendedData>
<Data name="events"><value>0629豪雨</value></Data>
<Data name="area_ha"><value>0.247051973723</value></Data>
<Data name="source"><value>民國113年農村水保署災後衛星影像判釋</value></Data>
</ExtendedData>
<Polygon><outerBoundaryIs><LinearRing>
<coordinates>121.57928288,24.19572393,0 121.57939017,24.19591965,0 121.57922924,24.19627685,0 121.57929897,24.19664873,0 121.57951355,24.19619856,0 121.57974958,24.19615452,0 121.57937407,24.19568967,0 121.57928288,24.19572393,0</coordinates>
</LinearRing></outerBoundaryIs></Polygon>
</Placemark>
<Placemark>
<name>SWCB_2015_1</name>
<ExtendedData>
<Data name="events"><value>0629豪雨</value></Data>
<Data name="area_ha"><value>3.46211701876</value></Data>
<Data name="source"><value>民國113年農村水保署災後衛星影像判釋</value></Data>
</ExtendedData>
<Polygon><outerBoundaryIs><LinearRing>
<coordinates>121.57730877,24.19798944,0 121.57712638,24.19800901,0 121.57704592,24.19792583,0 121.57712638,24.19792093,0 121.57704592,24.19760288,0 121.57687426,24.19771543,0 121.57704592,24.19786711,0 121.57683134,24.19799433,0 121.57709420,24.19824388,0 121.57708883,24.19855214,0 121.57697082,24.19864511,0 121.57715857,24.19905123,0 121.57709956,24.19916866,0 121.57729268,24.19942799,0 121.57741606,24.19936928,0 121.57745361,24.19919313,0 121.57756627,24.19912952,0 121.57749116,24.19922249,0 121.57764137,24.19945246,0 121.57775939,24.19929588,0 121.57776475,24.19942799,0 121.57803297,24.19957478,0 121.57832265,24.19921759,0 121.57821000,24.19920291,0 121.57822609,24.19906591,0 121.57839775,24.19915888,0 121.57834411,24.19890444,0 121.57848895,24.19877722,0 121.57841921,24.19814602,0 121.57826900,24.19796497,0 121.57807052,24.19802369,0 121.57806516,24.19817048,0 121.57783449,24.19812644,0 121.57775402,24.19831238,0 121.57805979,24.19825856,0 121.57816708,24.19841513,0 121.57809198,24.19873318,0 121.57801688,24.19865979,0 121.57793641,24.19885551,0 121.57777011,24.19878211,0 121.57804906,24.19848364,0 121.57788277,24.19835642,0 121.57772720,24.19840535,0 121.57768965,24.19807262,0 121.57777548,24.19812155,0 121.57787204,24.19800901,0 121.57762527,24.19742673,0 121.57779157,24.19717719,0 121.57770038,24.19711357,0 121.57790422,24.19717229,0 121.57785594,24.19696189,0 121.57807052,24.19662916,0 121.57792032,24.19662916,0 121.57790959,24.19658023,0 121.57809734,24.19648236,0 121.57799542,24.19625728,0 121.57819390,24.19607623,0 121.57801151,24.19591476,0 121.57824218,24.19544502,0 121.57821000,24.19564563,0 121.57832801,24.19571414,0 121.57823682,24.19532758,0 121.57838166,24.19535204,0 121.57847285,24.19521504,0 121.57841921,24.19501442,0 121.57833338,24.19499974,0 121.57834411,24.19522482,0 121.57811880,24.19496548,0 121.57798469,24.19512696,0 121.57810807,24.19530801,0 121.57796323,24.19528843,0 121.57793641,24.19542544,0 121.57771111,24.19524440,0 121.57784522,24.19538630,0 121.57766283,24.19552820,0 121.57770038,24.19563585,0 121.57734096,24.19578264,0 121.57731414,24.19589519,0 121.57715321,24.19586093,0 121.57709420,24.19621813,0 121.57724440,24.19620345,0 121.57726586,24.19594412,0 121.57735169,24.19602730,0 121.57749116,24.19586093,0 121.57761991,24.19593922,0 121.57771111,24.19585604,0 121.57766283,24.19596369,0 121.57781839,24.19599305,0 121.57766819,24.19623771,0 121.57800615,24.19617410,0 121.57733560,24.19691785,0 121.57743216,24.19707932,0 121.57720149,24.19739737,0 121.57743752,24.19742673,0 121.57730877,24.19755395,0 121.57730877,24.19798944,0</coordinates>
</LinearRing></outerBoundaryIs></Polygon>
</Placemark>
<Placemark>
<name>SWCB_2017_1</name>
<ExtendedData>
<Data name="events"><value>0629豪雨</value></Data>
<Data name="area_ha"><value>6.21430200535</value></Data>
<Data name="source"><value>民國113年農村水保署災後衛星影像判釋</value></Data>
</ExtendedData>
<Polygon><outerBoundaryIs><LinearRing>
<coordinates>121.58884764,24.19071323,0 121.58870816,24.19053707,0 121.58826292,24.19061047,0 121.58819318,24.19077195,0 121.58804834,24.19074259,0 121.58796251,24.19103130,0 121.58761919,24.19120257,0 121.58756018,24.19136405,0 121.58745825,24.19132001,0 121.58737242,24.19153042,0 121.58717930,24.19141787,0 121.58709884,24.19178487,0 121.58695936,24.19191210,0 121.58694863,24.19179466,0 121.58637464,24.19263631,0 121.58605278,24.19284182,0 121.58606350,24.19292990,0 121.58631027,24.19284182,0 121.58629417,24.19300819,0 121.58610106,24.19317946,0 121.58615470,24.19296415,0 121.58583283,24.19292501,0 121.58575237,24.19317456,0 121.58589184,24.19332626,0 121.58552170,24.19324307,0 121.58535540,24.19354156,0 121.58492625,24.19369325,0 121.58450782,24.19408960,0 121.58412695,24.19396727,0 121.58424497,24.19444191,0 121.58448637,24.19422172,0 121.58488333,24.19441745,0 121.58481359,24.19427554,0 121.58493698,24.19421193,0 121.58492625,24.19403088,0 121.58514082,24.19401620,0 121.58494234,24.19405535,0 121.58496916,24.19412875,0 121.58521593,24.19398195,0 121.58542514,24.19406513,0 121.58539295,24.19389387,0 121.58560753,24.19389387,0 121.58586502,24.19361496,0 121.58595085,24.19371282,0 121.58631027,24.19317456,0 121.58652484,24.19316478,0 121.58654630,24.19297394,0 121.58672869,24.19318435,0 121.58692181,24.19294947,0 121.58687890,24.19277821,0 121.58729196,24.19249440,0 121.58726513,24.19231335,0 121.58750653,24.19229378,0 121.58751190,24.19215676,0 121.58761919,24.19224484,0 121.58765137,24.19207358,0 121.58798397,24.19193657,0 121.58863842,24.19184359,0 121.58862233,24.19168701,0 121.58838630,24.19174083,0 121.58838630,24.19144234,0 121.58876717,24.19138851,0 121.58863306,24.19166743,0 121.58883691,24.19173594,0 121.58901930,24.19144723,0 121.58980250,24.19124171,0 121.59000099,24.19097747,0 121.59024775,24.19091386,0 121.59014046,24.19070834,0 121.59027994,24.19053707,0 121.59052134,24.19050282,0 121.59057498,24.19074259,0 121.59059107,24.19000859,0 121.59035504,24.18970031,0 121.59043014,24.18952414,0 121.59020483,24.18899566,0 121.59011364,24.18900544,0 121.58996344,24.18962201,0 121.58971131,24.18971009,0 121.58977032,24.18991562,0 121.58933580,24.19038538,0 121.58899784,24.19054686,0 121.58909440,24.19056154,0 121.58884764,24.19071323,0</coordinates>
</LinearRing></outerBoundaryIs></Polygon>
</Placemark>
<Placemark>
<name>SWCB_2018_1</name>
<ExtendedData>
<Data name="events"><value>0629豪雨</value></Data>
<Data name="area_ha"><value>1.15000851507</value></Data>
<Data name="source"><value>民國113年農村水保署災後衛星影像判釋</value></Data>
</ExtendedData>
<Polygon><outerBoundaryIs><LinearRing>
<coordinates>121.58753335,24.19487741,0 121.58744752,24.19503888,0 121.58720613,24.19489209,0 121.58689499,24.19507313,0 121.58680916,24.19500463,0 121.58692181,24.19517100,0 121.58677697,24.19534226,0 121.58666968,24.19522972,0 121.58661067,24.19532758,0 121.58659458,24.19509271,0 121.58642828,24.19560160,0 121.58626199,24.19572393,0 121.58609569,24.19567989,0 121.58619761,24.19575328,0 121.58609569,24.19585115,0 121.58596158,24.19574350,0 121.58597767,24.19595390,0 121.58559144,24.19611538,0 121.58554316,24.19626217,0 121.58640146,24.19613495,0 121.58629417,24.19591965,0 121.58663750,24.19591965,0 121.58643365,24.19586583,0 121.58648729,24.19580711,0 121.58692718,24.19589029,0 121.58695936,24.19574839,0 121.58709884,24.19588051,0 121.58710420,24.19566521,0 121.58739388,24.19550863,0 121.58772647,24.19487251,0 121.58753335,24.19487741,0</coordinates>
</LinearRing></outerBoundaryIs></Polygon>
</Placemark>
<Placemark>
<name>SWCB_2019_1</name>
<ExtendedData>
<Data name="events"><value>0629豪雨</value></Data>
<Data name="area_ha"><value>0.524459978781</value></Data>
<Data name="source"><value>民國113年農村水保署災後衛星影像判釋</value></Data>
</ExtendedData>
<Polygon><outerBoundaryIs><LinearRing>
<coordinates>121.59428716,24.19412385,0 121.59445882,24.19386451,0 121.59466803,24.19403088,0 121.59520984,24.19407981,0 121.59471095,24.19367857,0 121.59444809,24.19367368,0 121.59436226,24.19337519,0 121.59375072,24.19282225,0 121.59428716,24.19412385,0</coordinates>
</LinearRing></outerBoundaryIs></Polygon>
</Placemark>
<Placemark>
<name>SWCB_3427_1</name>
<ExtendedData>
<Data name="events"><value>凱米颱風</value></Data>
<Data name="area_ha"><value>0.140025680119</value></Data>
<Data name="source"><value>民國113年農村水保署災後衛星影像判釋</value></Data>
</ExtendedData>
<Polygon><outerBoundaryIs><LinearRing>
<coordinates>121.59184098,24.20234909,0 121.59164250,24.20252523,0 121.59164250,24.20270627,0 121.59193754,24.20271116,0 121.59213603,24.20253013,0 121.59213603,24.20234909,0 121.59184098,24.20234909,0</coordinates>
</LinearRing></outerBoundaryIs></Polygon>
</Placemark>
<Placemark>
<name>SWCB_3435_1</name>
<ExtendedData>
<Data name="events"><value>凱米颱風</value></Data>
<Data name="area_ha"><value>0.23004093495</value></Data>
<Data name="source"><value>民國113年農村水保署災後衛星影像判釋</value></Data>
</ExtendedData>
<Polygon><outerBoundaryIs><LinearRing>
<coordinates>121.58662140,24.19371772,0 121.58651948,24.19407981,0 121.58710957,24.19399663,0 121.58721149,24.19372750,0 121.58662140,24.19371772,0</coordinates>
</LinearRing></outerBoundaryIs></Polygon>
</Placemark>
<Placemark>
<name>SWCB_3438_1</name>
<ExtendedData>
<Data name="events"><value>凱米颱風</value></Data>
<Data name="area_ha"><value>0.0400069853302</value></Data>
<Data name="source"><value>民國113年農村水保署災後衛星影像判釋</value></Data>
</ExtendedData>
<Polygon><outerBoundaryIs><LinearRing>
<coordinates>121.57654166,24.18847695,0 121.57653630,24.18865801,0 121.57673478,24.18866290,0 121.57673478,24.18848185,0 121.57654166,24.18847695,0</coordinates>
</LinearRing></outerBoundaryIs></Polygon>
</Placemark>
<Placemark>
<name>SWCB_3439_1</name>
<ExtendedData>
<Data name="events"><value>凱米颱風</value></Data>
<Data name="area_ha"><value>0.13002165377</value></Data>
<Data name="source"><value>民國113年農村水保署災後衛星影像判釋</value></Data>
</ExtendedData>
<Polygon><outerBoundaryIs><LinearRing>
<coordinates>121.57595158,24.18838398,0 121.57604277,24.18865312,0 121.57634318,24.18865801,0 121.57624662,24.18829590,0 121.57595158,24.18838398,0</coordinates>
</LinearRing></outerBoundaryIs></Polygon>
</Placemark>
<Placemark>
<name>SWCB_3447_1</name>
<ExtendedData>
<Data name="events"><value>凱米颱風</value></Data>
<Data name="area_ha"><value>4.11601491203</value></Data>
<Data name="source"><value>民國113年農村水保署災後衛星影像判釋</value></Data>
</ExtendedData>
<Polygon><outerBoundaryIs><LinearRing>
<coordinates>121.58485115,24.19034623,0 121.58443272,24.18957797,0 121.58401430,24.18934309,0 121.58282876,24.18925990,0 121.58253372,24.18961712,0 121.58252835,24.18989115,0 121.58262491,24.18989115,0 121.58262491,24.19034134,0 121.58281803,24.19052239,0 121.58301651,24.19052729,0 121.58301115,24.19070834,0 121.58271611,24.19088450,0 121.58271074,24.19124661,0 121.58290386,24.19142766,0 121.58290386,24.19160871,0 121.58319890,24.19170169,0 121.58320427,24.19125150,0 121.58339739,24.19125150,0 121.58359587,24.19143255,0 121.58349395,24.19170658,0 121.58427715,24.19204911,0 121.58447564,24.19198550,0 121.58468485,24.19167233,0 121.58485115,24.19034623,0</coordinates>
</LinearRing></outerBoundaryIs></Polygon>
</Placemark>
<Placemark>
<name>SWCB_3448_1</name>
<ExtendedData>
<Data name="events"><value>凱米颱風</value></Data>
<Data name="area_ha"><value>0.615910189388</value></Data>
<Data name="source"><value>民國113年農村水保署災後衛星影像判釋</value></Data>
</ExtendedData>
<Polygon><outerBoundaryIs><LinearRing>
<coordinates>121.58628881,24.19154999,0 121.58633173,24.19172615,0 121.58694327,24.19119278,0 121.58723831,24.19119767,0 121.58746362,24.19092854,0 121.58803225,24.19076706,0 121.58822536,24.19084535,0 121.58842385,24.19070834,0 121.58879399,24.19074259,0 121.58886373,24.19062026,0 121.58823073,24.19048325,0 121.58714712,24.19083557,0 121.58704519,24.19110470,0 121.58680916,24.19110470,0 121.58628881,24.19154999,0</coordinates>
</LinearRing></outerBoundaryIs></Polygon>
</Placemark>
<Placemark>
<name>SWCB_3449_1</name>
<ExtendedData>
<Data name="events"><value>凱米颱風</value></Data>
<Data name="area_ha"><value>0.100017231215</value></Data>
<Data name="source"><value>民國113年農村水保署災後衛星影像判釋</value></Data>
</ExtendedData>
<Polygon><outerBoundaryIs><LinearRing>
<coordinates>121.57958865,24.19744631,0 121.57968521,24.19780839,0 121.57988369,24.19781329,0 121.57978714,24.19745120,0 121.57958865,24.19744631,0</coordinates>
</LinearRing></outerBoundaryIs></Polygon>
</Placemark>
<Placemark>
<name>SWCB_1087_1</name>
<ExtendedData>
<Data name="events"><value>0403花蓮地震</value></Data>
<Data name="area_ha"><value>0.0651204333455</value></Data>
<Data name="source"><value>民國113年農村水保署災後衛星影像判釋</value></Data>
</ExtendedData>
<Polygon><outerBoundaryIs><LinearRing>
<coordinates>121.61564827,24.22015801,0 121.61564827,24.22042708,0 121.61579311,24.22042219,0 121.61590040,24.22022161,0 121.61574483,24.22011888,0 121.61564827,24.22015801,0</coordinates>
</LinearRing></outerBoundaryIs></Polygon>
</Placemark>
<Placemark>
<name>SWCB_1089_1</name>
<ExtendedData>
<Data name="events"><value>0403花蓮地震</value></Data>
<Data name="area_ha"><value>0.604222402644</value></Data>
<Data name="source"><value>民國113年農村水保署災後衛星影像判釋</value></Data>
</ExtendedData>
<Polygon><outerBoundaryIs><LinearRing>
<coordinates>121.61878109,24.22101415,0 121.61909759,24.22142020,0 121.61902249,24.22153761,0 121.61874354,24.22142509,0 121.61873817,24.22124897,0 121.61831439,24.22090163,0 121.61812127,24.22100436,0 121.61863625,24.22144466,0 121.61881864,24.22180179,0 121.61922634,24.22194366,0 121.61933899,24.22189474,0 121.61931753,24.22163056,0 121.61951602,24.22164035,0 121.61951065,24.22147891,0 121.61933362,24.22138595,0 121.61902785,24.22106307,0 121.61878109,24.22101415,0</coordinates>
</LinearRing></outerBoundaryIs></Polygon>
</Placemark>
<Placemark>
<name>SWCB_3406_1</name>
<ExtendedData>
<Data name="events"><value>凱米颱風</value></Data>
<Data name="area_ha"><value>1.16024679772</value></Data>
<Data name="source"><value>民國113年農村水保署災後衛星影像判釋</value></Data>
</ExtendedData>
<Polygon><outerBoundaryIs><LinearRing>
<coordinates>121.61842167,24.22092120,0 121.61910832,24.22110710,0 121.62027776,24.22220294,0 121.62086785,24.22238885,0 121.62086785,24.22247690,0 121.62125945,24.22248180,0 121.62126482,24.22221273,0 121.62077129,24.22211489,0 121.62067473,24.22193388,0 121.62037969,24.22193388,0 121.62028313,24.22175287,0 121.62008464,24.22174797,0 121.62009001,24.22156696,0 121.61940336,24.22111199,0 121.61911368,24.22083803,0 121.61901712,24.22056407,0 121.61842167,24.22065213,0 121.61842167,24.22092120,0</coordinates>
</LinearRing></outerBoundaryIs></Polygon>
</Placemark>
<Placemark>
<name>SWCB_3407_1</name>
<ExtendedData>
<Data name="events"><value>凱米颱風</value></Data>
<Data name="area_ha"><value>0.0400085067925</value></Data>
<Data name="source"><value>民國113年農村水保署災後衛星影像判釋</value></Data>
</ExtendedData>
<Polygon><outerBoundaryIs><LinearRing>
<coordinates>121.61823392,24.22010909,0 121.61823392,24.22029010,0 121.61842704,24.22029010,0 121.61843240,24.22010909,0 121.61823392,24.22010909,0</coordinates>
</LinearRing></outerBoundaryIs></Polygon>
</Placemark>
<Placemark>
<name>SWCB_932_1</name>
<ExtendedData>
<Data name="events"><value>0403花蓮地震</value></Data>
<Data name="area_ha"><value>1.73291967658</value></Data>
<Data name="source"><value>民國113年農村水保署災後衛星影像判釋</value></Data>
</ExtendedData>
<Polygon><outerBoundaryIs><LinearRing>
<coordinates>121.61480069,24.21647412,0 121.61494017,24.21661600,0 121.61558390,24.21586257,0 121.61510110,24.21480092,0 121.61489725,24.21452694,0 121.61449492,24.21432146,0 121.61440909,24.21440463,0 121.61453247,24.21474710,0 121.61448956,24.21517764,0 121.61421597,24.21555435,0 121.61439300,24.21597020,0 121.61475778,24.21585768,0 121.61483824,24.21623928,0 121.61480069,24.21647412,0</coordinates>
</LinearRing></outerBoundaryIs></Polygon>
</Placemark>
<Placemark>
<name>SWCB_1328_1</name>
<ExtendedData>
<Data name="events"><value>0403花蓮地震</value></Data>
<Data name="area_ha"><value>0.866088812503</value></Data>
<Data name="source"><value>民國113年農村水保署災後衛星影像判釋</value></Data>
</ExtendedData>
<Polygon><outerBoundaryIs><LinearRing>
<coordinates>121.61350787,24.21417958,0 121.61388338,24.21418937,0 121.61395311,24.21400345,0 121.61374390,24.21368544,0 121.61400676,24.21331361,0 121.61401212,24.21310324,0 121.61362588,24.21302496,0 121.61319673,24.21325980,0 121.61306798,24.21365609,0 121.61327183,24.21401813,0 121.61350787,24.21417958,0</coordinates>
</LinearRing></outerBoundaryIs></Polygon>
</Placemark>
<Placemark>
<name>SWCB_2023_1</name>
<ExtendedData>
<Data name="events"><value>0629豪雨</value></Data>
<Data name="area_ha"><value>0.379418531447</value></Data>
<Data name="source"><value>民國113年農村水保署災後衛星影像判釋</value></Data>
</ExtendedData>
<Polygon><outerBoundaryIs><LinearRing>
<coordinates>121.61562145,24.21610719,0 121.61589503,24.21677744,0 121.61612034,24.21677255,0 121.61602378,24.21645944,0 121.61583602,24.21630778,0 121.61598623,24.21626864,0 121.61584675,24.21612187,0 121.61582530,24.21578919,0 121.61561072,24.21567666,0 121.61572874,24.21559349,0 121.61552489,24.21536844,0 121.61548734,24.21567666,0 121.61561608,24.21577940,0 121.61558926,24.21589193,0 121.61544442,24.21587236,0 121.61547124,24.21612676,0 121.61562145,24.21610719,0</coordinates>
</LinearRing></outerBoundaryIs></Polygon>
</Placemark>
<Placemark>
<name>SWCB_1273_1</name>
<ExtendedData>
<Data name="events"><value>0403花蓮地震</value></Data>
<Data name="area_ha"><value>4.81997562207</value></Data>
<Data name="source"><value>民國113年農村水保署災後衛星影像判釋</value></Data>
</ExtendedData>
<Polygon><outerBoundaryIs><LinearRing>
<coordinates>121.61144257,24.20708533,0 121.61158204,24.20702173,0 121.61170542,24.20734465,0 121.61204338,24.20700705,0 121.61203802,24.20669881,0 121.61183417,24.20637588,0 121.61188781,24.20611168,0 121.61175370,24.20554411,0 121.61132991,24.20512823,0 121.61121726,24.20460959,0 121.61123872,24.20427199,0 121.61152303,24.20370442,0 121.61061108,24.20417902,0 121.61041796,24.20445302,0 121.61030531,24.20495698,0 121.61043942,24.20570558,0 121.61025703,24.20602361,0 121.61077738,24.20734954,0 121.61079347,24.20770671,0 121.61113143,24.20794155,0 121.61128700,24.20783392,0 121.61144257,24.20708533,0</coordinates>
</LinearRing></outerBoundaryIs></Polygon>
</Placemark>
<Placemark>
<name>SWCB_1252_1</name>
<ExtendedData>
<Data name="events"><value>0403花蓮地震</value></Data>
<Data name="area_ha"><value>0.0887665363409</value></Data>
<Data name="source"><value>民國113年農村水保署災後衛星影像判釋</value></Data>
</ExtendedData>
<Polygon><outerBoundaryIs><LinearRing>
<coordinates>121.61871135,24.21915021,0 121.61854506,24.21919424,0 121.61837876,24.21939972,0 121.61866844,24.21951224,0 121.61871135,24.21915021,0</coordinates>
</LinearRing></outerBoundaryIs></Polygon>
</Placemark>
<Placemark>
<name>SWCB_2024_1</name>
<ExtendedData>
<Data name="events"><value>0629豪雨</value></Data>
<Data name="area_ha"><value>0.149335548021</value></Data>
<Data name="source"><value>民國113年農村水保署災後衛星影像判釋</value></Data>
</ExtendedData>
<Polygon><outerBoundaryIs><LinearRing>
<coordinates>121.61012828,24.21498683,0 121.61014974,24.21513360,0 121.61034286,24.21538801,0 121.61048234,24.21519231,0 121.61034822,24.21523634,0 121.61040723,24.21506511,0 121.61028922,24.21500151,0 121.61050916,24.21490366,0 121.61039114,24.21461990,0 121.61026776,24.21489877,0 121.61012828,24.21498683,0</coordinates>
</LinearRing></outerBoundaryIs></Polygon>
</Placemark>
<Placemark>
<name>SWCB_2025_1</name>
<ExtendedData>
<Data name="events"><value>0629豪雨</value></Data>
<Data name="area_ha"><value>0.239339650167</value></Data>
<Data name="source"><value>民國113年農村水保署災後衛星影像判釋</value></Data>
</ExtendedData>
<Polygon><outerBoundaryIs><LinearRing>
<coordinates>121.61805689,24.21236447,0 121.61818564,24.21234490,0 121.61822319,24.21215898,0 121.61806762,24.21212963,0 121.61823392,24.21199264,0 121.61804080,24.21199264,0 121.61804616,24.21218834,0 121.61771357,24.21214920,0 121.61777258,24.21223237,0 121.61763847,24.21224705,0 121.61761701,24.21243786,0 121.61782086,24.21263356,0 121.61807299,24.21236447,0 121.61805689,24.21236447,0</coordinates>
</LinearRing></outerBoundaryIs></Polygon>
</Placemark>
<Placemark>
<name>SWCB_1180_1</name>
<ExtendedData>
<Data name="events"><value>0403花蓮地震</value></Data>
<Data name="area_ha"><value>2.75035233509</value></Data>
<Data name="source"><value>民國113年農村水保署災後衛星影像判釋</value></Data>
</ExtendedData>
<Polygon><outerBoundaryIs><LinearRing>
<coordinates>121.61740780,24.21566688,0 121.61728442,24.21601424,0 121.61781013,24.21581365,0 121.61811590,24.21551032,0 121.61808908,24.21507490,0 121.61764383,24.21505533,0 121.61728978,24.21468350,0 121.61749363,24.21443888,0 121.61748290,24.21417469,0 121.61710739,24.21401324,0 121.61680698,24.21405727,0 121.61656022,24.21425786,0 121.61606133,24.21510425,0 121.61609352,24.21540758,0 121.61659241,24.21609741,0 121.61670506,24.21579897,0 121.61697328,24.21571091,0 121.61736488,24.21530484,0 121.61740780,24.21566688,0</coordinates>
</LinearRing></outerBoundaryIs></Polygon>
</Placemark>
<Placemark>
<name>SWCB_1110_1</name>
<ExtendedData>
<Data name="events"><value>0403花蓮地震</value></Data>
<Data name="area_ha"><value>0.155100341521</value></Data>
<Data name="source"><value>民國113年農村水保署災後衛星影像判釋</value></Data>
</ExtendedData>
<Polygon><outerBoundaryIs><LinearRing>
<coordinates>121.60921633,24.21567177,0 121.60913050,24.21582833,0 121.60963476,24.21570112,0 121.60982788,24.21554457,0 121.60973668,24.21541247,0 121.60921633,24.21567177,0</coordinates>
</LinearRing></outerBoundaryIs></Polygon>
</Placemark>
<Placemark>
<name>SWCB_1115_1</name>
<ExtendedData>
<Data name="events"><value>0403花蓮地震</value></Data>
<Data name="area_ha"><value>0.265829869756</value></Data>
<Data name="source"><value>民國113年農村水保署災後衛星影像判釋</value></Data>
</ExtendedData>
<Polygon><outerBoundaryIs><LinearRing>
<coordinates>121.60572410,24.22166970,0 121.60562754,24.22202194,0 121.60515547,24.22231057,0 121.60519302,24.22245244,0 121.60542369,24.22242309,0 121.60564363,24.22217359,0 121.60586357,24.22164524,0 121.60610497,24.22143488,0 121.60607815,24.22120494,0 121.60572410,24.22166970,0</coordinates>
</LinearRing></outerBoundaryIs></Polygon>
</Placemark>
<Placemark>
<name>SWCB_1192_1</name>
<ExtendedData>
<Data name="events"><value>0403花蓮地震</value></Data>
<Data name="area_ha"><value>0.0599356904837</value></Data>
<Data name="source"><value>民國113年農村水保署災後衛星影像判釋</value></Data>
</ExtendedData>
<Polygon><outerBoundaryIs><LinearRing>
<coordinates>121.60586894,24.21848486,0 121.60620689,24.21850932,0 121.60620153,24.21836745,0 121.60594940,24.21835766,0 121.60586894,24.21848486,0</coordinates>
</LinearRing></outerBoundaryIs></Polygon>
</Placemark>
<Placemark>
<name>SWCB_1248_1</name>
<ExtendedData>
<Data name="events"><value>0403花蓮地震</value></Data>
<Data name="area_ha"><value>0.814908094789</value></Data>
<Data name="source"><value>民國113年農村水保署災後衛星影像判釋</value></Data>
</ExtendedData>
<Polygon><outerBoundaryIs><LinearRing>
<coordinates>121.60725296,24.22236928,0 121.60723150,24.22227633,0 121.60686135,24.22228611,0 121.60678625,24.22215402,0 121.60725832,24.22173819,0 121.60717785,24.22163056,0 121.60743535,24.22164035,0 121.60793424,24.22121473,0 121.60797715,24.22091630,0 121.60842776,24.22030967,0 121.60783231,24.22096033,0 121.60695255,24.22157675,0 121.60690963,24.22177244,0 121.60645902,24.22214424,0 121.60648584,24.22233503,0 121.60627663,24.22243777,0 121.60652876,24.22257475,0 121.60687208,24.22239863,0 121.60725296,24.22236928,0</coordinates>
</LinearRing></outerBoundaryIs></Polygon>
</Placemark>
<Placemark>
<name>SWCB_1329_1</name>
<ExtendedData>
<Data name="events"><value>0403花蓮地震</value></Data>
<Data name="area_ha"><value>0.125851036634</value></Data>
<Data name="source"><value>民國113年農村水保署災後衛星影像判釋</value></Data>
</ExtendedData>
<Polygon><outerBoundaryIs><LinearRing>
<coordinates>121.60672724,24.21576962,0 121.60673797,24.21560817,0 121.60665751,24.21544183,0 121.60646975,24.21539290,0 121.60647511,24.21581365,0 121.60672724,24.21576962,0</coordinates>
</LinearRing></outerBoundaryIs></Polygon>
</Placemark>
<Placemark>
<name>SWCB_1050_1</name>
<ExtendedData>
<Data name="events"><value>0403花蓮地震</value></Data>
<Data name="area_ha"><value>0.284314589108</value></Data>
<Data name="source"><value>民國113年農村水保署災後衛星影像判釋</value></Data>
</ExtendedData>
<Polygon><outerBoundaryIs><LinearRing>
<coordinates>121.60753727,24.22302482,0 121.60721540,24.22281935,0 121.60733879,24.22261388,0 121.60725832,24.22248669,0 121.60665751,24.22297590,0 121.60711348,24.22286338,0 121.60679162,24.22313245,0 121.60721004,24.22319605,0 121.60753727,24.22302482,0</coordinates>
</LinearRing></outerBoundaryIs></Polygon>
</Placemark>
<Placemark>
<name>SWCB_1172_1</name>
<ExtendedData>
<Data name="events"><value>0403花蓮地震</value></Data>
<Data name="area_ha"><value>10.2213545599</value></Data>
<Data name="source"><value>民國113年農村水保署災後衛星影像判釋</value></Data>
</ExtendedData>
<Polygon><outerBoundaryIs><LinearRing>
<coordinates>121.61315382,24.22475172,0 121.61343277,24.22454137,0 121.61336839,24.22440439,0 121.61234915,24.22400813,0 121.61090076,24.22450223,0 121.60959721,24.22448755,0 121.60886765,24.22418425,0 121.60869062,24.22427230,0 121.60862088,24.22454137,0 121.60826683,24.22453158,0 121.60754263,24.22380756,0 121.60631955,24.22333302,0 121.60619617,24.22359230,0 121.60629272,24.22376353,0 121.60705447,24.22376353,0 121.60761774,24.22403748,0 121.60788059,24.22440928,0 121.60763919,24.22457072,0 121.60737634,24.22444842,0 121.60666823,24.22444353,0 121.60600305,24.22415979,0 121.60583675,24.22423317,0 121.60576701,24.22460007,0 121.60661459,24.22556869,0 121.60659313,24.22576927,0 121.60607278,24.22594538,0 121.60618544,24.22563718,0 121.60610497,24.22552466,0 121.60532176,24.22573013,0 121.60535395,24.22583286,0 121.60590649,24.22593559,0 121.60567045,24.22640522,0 121.60568118,24.22662536,0 121.60590112,24.22662536,0 121.60648048,24.22598941,0 121.60683453,24.22585732,0 121.60766065,24.22657155,0 121.60818100,24.22660580,0 121.60935044,24.22703140,0 121.60931826,24.22718305,0 121.60910368,24.22722218,0 121.60771430,24.22704607,0 121.60751581,24.22707542,0 121.60754800,24.22715369,0 121.60805762,24.22726621,0 121.60910368,24.22779454,0 121.60994589,24.22788749,0 121.61009610,24.22769181,0 121.60982251,24.22745700,0 121.60995126,24.22708521,0 121.60920560,24.22680147,0 121.60805762,24.22597473,0 121.60723686,24.22566164,0 121.60714567,24.22541704,0 121.60752654,24.22525071,0 121.60873890,24.22515287,0 121.61053061,24.22538280,0 121.61144793,24.22582797,0 121.61251009,24.22566164,0 121.61277831,24.22533388,0 121.61279976,24.22519201,0 121.61264420,24.22506971,0 121.61244571,24.22535344,0 121.61205411,24.22555891,0 121.61164641,24.22552956,0 121.61087394,24.22513330,0 121.61005855,24.22490827,0 121.61027849,24.22475172,0 121.61096513,24.22461475,0 121.61189318,24.22466367,0 121.61220431,24.22446799,0 121.61315382,24.22475172,0</coordinates>
</LinearRing></outerBoundaryIs></Polygon>
</Placemark>
<Placemark>
<name>SWCB_1284_1</name>
<ExtendedData>
<Data name="events"><value>0403花蓮地震</value></Data>
<Data name="area_ha"><value>0.0666518027663</value></Data>
<Data name="source"><value>民國113年農村水保署災後衛星影像判釋</value></Data>
</ExtendedData>
<Polygon><outerBoundaryIs><LinearRing>
<coordinates>121.60586357,24.22213445,0 121.60589576,24.22239863,0 121.60617471,24.22194855,0 121.60605669,24.22189963,0 121.60586357,24.22213445,0</coordinates>
</LinearRing></outerBoundaryIs></Polygon>
</Placemark>
<Placemark>
<name>SWCB_3359_1</name>
<ExtendedData>
<Data name="events"><value>凱米颱風</value></Data>
<Data name="area_ha"><value>0.490101514362</value></Data>
<Data name="source"><value>民國113年農村水保署災後衛星影像判釋</value></Data>
</ExtendedData>
<Polygon><outerBoundaryIs><LinearRing>
<coordinates>121.61296070,24.22502568,0 121.61285877,24.22529474,0 121.61305726,24.22548064,0 121.61384583,24.22539747,0 121.61394775,24.22494251,0 121.61296070,24.22502568,0</coordinates>
</LinearRing></outerBoundaryIs></Polygon>
</Placemark>
<Placemark>
<name>SWCB_3411_1</name>
<ExtendedData>
<Data name="events"><value>凱米颱風</value></Data>
<Data name="area_ha"><value>0.150028755786</value></Data>
<Data name="source"><value>民國113年農村水保署災後衛星影像判釋</value></Data>
</ExtendedData>
<Polygon><outerBoundaryIs><LinearRing>
<coordinates>121.59981251,24.21181161,0 121.59980714,24.21217366,0 121.60020411,24.21199753,0 121.60020947,24.21172355,0 121.59981251,24.21181161,0</coordinates>
</LinearRing></outerBoundaryIs></Polygon>
</Placemark>
<Placemark>
<name>SWCB_3412_1</name>
<ExtendedData>
<Data name="events"><value>凱米颱風</value></Data>
<Data name="area_ha"><value>0.0900173991731</value></Data>
<Data name="source"><value>民國113年農村水保署災後衛星影像判釋</value></Data>
</ExtendedData>
<Polygon><outerBoundaryIs><LinearRing>
<coordinates>121.60011292,24.21109241,0 121.60011292,24.21136150,0 121.60040796,24.21136639,0 121.60041332,24.21109730,0 121.60011292,24.21109241,0</coordinates>
</LinearRing></outerBoundaryIs></Polygon>
</Placemark>
<Placemark>
<name>SWCB_3413_1</name>
<ExtendedData>
<Data name="events"><value>凱米颱風</value></Data>
<Data name="area_ha"><value>0.555711805759</value></Data>
<Data name="source"><value>民國113年農村水保署災後衛星影像判釋</value></Data>
</ExtendedData>
<Polygon><outerBoundaryIs><LinearRing>
<coordinates>121.60071373,24.21037320,0 121.60031676,24.21064229,0 121.60031676,24.21082332,0 121.60061181,24.21082821,0 121.60100877,24.21046616,0 121.60133064,24.20902773,0 121.60116434,24.20903262,0 121.60081565,24.21001604,0 121.60071373,24.21037320,0</coordinates>
</LinearRing></outerBoundaryIs></Polygon>
</Placemark>
<Placemark>
<name>SWCB_3414_1</name>
<ExtendedData>
<Data name="events"><value>凱米颱風</value></Data>
<Data name="area_ha"><value>0.0200037998175</value></Data>
<Data name="source"><value>民國113年農村水保署災後衛星影像判釋</value></Data>
</ExtendedData>
<Polygon><outerBoundaryIs><LinearRing>
<coordinates>121.59846067,24.20954145,0 121.59845531,24.20963441,0 121.59865379,24.20963441,0 121.59865379,24.20954145,0 121.59846067,24.20954145,0</coordinates>
</LinearRing></outerBoundaryIs></Polygon>
</Placemark>
<Placemark>
<name>SWCB_568_1</name>
<ExtendedData>
<Data name="events"><value>0403花蓮地震</value></Data>
<Data name="area_ha"><value>0.208086179307</value></Data>
<Data name="source"><value>民國113年農村水保署災後衛星影像判釋</value></Data>
</ExtendedData>
<Polygon><outerBoundaryIs><LinearRing>
<coordinates>121.60062253,24.20755014,0 121.60076201,24.20761864,0 121.60070837,24.20787306,0 121.60127163,24.20727615,0 121.60109997,24.20722233,0 121.60086930,24.20738868,0 121.60062253,24.20755014,0</coordinates>
</LinearRing></outerBoundaryIs></Polygon>
</Placemark>
<Placemark>
<name>SWCB_935_1</name>
<ExtendedData>
<Data name="events"><value>0403花蓮地震</value></Data>
<Data name="area_ha"><value>0.387982188522</value></Data>
<Data name="source"><value>民國113年農村水保署災後衛星影像判釋</value></Data>
</ExtendedData>
<Polygon><outerBoundaryIs><LinearRing>
<coordinates>121.60538614,24.20710980,0 121.60532713,24.20789263,0 121.60478532,24.20875374,0 121.60519838,24.20850421,0 121.60556316,24.20806387,0 121.60558999,24.20782413,0 121.60542905,24.20755992,0 121.60563827,24.20699726,0 121.60553634,24.20696791,0 121.60538614,24.20710980,0</coordinates>
</LinearRing></outerBoundaryIs></Polygon>
</Placemark>
<Placemark>
<name>SWCB_1314_1</name>
<ExtendedData>
<Data name="events"><value>0403花蓮地震</value></Data>
<Data name="area_ha"><value>1.07302628133</value></Data>
<Data name="source"><value>民國113年農村水保署災後衛星影像判釋</value></Data>
</ExtendedData>
<Polygon><outerBoundaryIs><LinearRing>
<coordinates>121.60210848,24.20645417,0 121.60254836,24.20649331,0 121.60245717,24.20634164,0 121.60250008,24.20580832,0 121.60269320,24.20573983,0 121.60272002,24.20554411,0 121.60260201,24.20508419,0 121.60228014,24.20514291,0 121.60194755,24.20610189,0 121.60167396,24.20650310,0 121.60121262,24.20674773,0 121.60137355,24.20685048,0 121.60132527,24.20692387,0 121.60159886,24.20681134,0 121.60179734,24.20681623,0 121.60210848,24.20645417,0</coordinates>
</LinearRing></outerBoundaryIs></Polygon>
</Placemark>
<Placemark>
<name>SWCB_3415_1</name>
<ExtendedData>
<Data name="events"><value>凱米颱風</value></Data>
<Data name="area_ha"><value>0.0600115965863</value></Data>
<Data name="source"><value>民國113年農村水保署災後衛星影像判釋</value></Data>
</ExtendedData>
<Polygon><outerBoundaryIs><LinearRing>
<coordinates>121.60360515,24.20696791,0 121.60390019,24.20697280,0 121.60390556,24.20679177,0 121.60361052,24.20679177,0 121.60360515,24.20696791,0</coordinates>
</LinearRing></outerBoundaryIs></Polygon>
</Placemark>
<Placemark>
<name>SWCB_3423_1</name>
<ExtendedData>
<Data name="events"><value>凱米颱風</value></Data>
<Data name="area_ha"><value>0.170033644859</value></Data>
<Data name="source"><value>民國113年農村水保署災後衛星影像判釋</value></Data>
</ExtendedData>
<Polygon><outerBoundaryIs><LinearRing>
<coordinates>121.60477459,24.20833786,0 121.60457611,24.20851400,0 121.60457075,24.20878309,0 121.60506427,24.20860696,0 121.60496771,24.20833786,0 121.60477459,24.20833786,0</coordinates>
</LinearRing></outerBoundaryIs></Polygon>
</Placemark>
<Placemark>
<name>SWCB_940_1</name>
<ExtendedData>
<Data name="events"><value>0403花蓮地震</value></Data>
<Data name="area_ha"><value>0.609218225603</value></Data>
<Data name="source"><value>民國113年農村水保署災後衛星影像判釋</value></Data>
</ExtendedData>
<Polygon><outerBoundaryIs><LinearRing>
<coordinates>121.60585284,24.21006007,0 121.60586894,24.21026556,0 121.60712957,24.21042702,0 121.60711348,24.21001604,0 121.60618007,24.20986926,0 121.60585284,24.21006007,0</coordinates>
</LinearRing></outerBoundaryIs></Polygon>
</Placemark>
<Placemark>
<name>SWCB_1076_1</name>
<ExtendedData>
<Data name="events"><value>0403花蓮地震</value></Data>
<Data name="area_ha"><value>14.4484198626</value></Data>
<Data name="source"><value>民國113年農村水保署災後衛星影像判釋</value></Data>
</ExtendedData>
<Polygon><outerBoundaryIs><LinearRing>
<coordinates>121.61515474,24.21079885,0 121.61495626,24.21039277,0 121.61502600,24.20985458,0 121.61444128,24.20996222,0 121.61425352,24.21035852,0 121.61404431,24.21032916,0 121.61379218,24.20982033,0 121.61332548,24.20969313,0 121.61318064,24.20948764,0 121.61287487,24.20852378,0 121.61294460,24.20833297,0 121.61255300,24.20775074,0 121.61238670,24.20779967,0 121.61239743,24.20809323,0 121.61200047,24.20792198,0 121.61205411,24.20811769,0 121.61236525,24.20829383,0 121.61274612,24.20884670,0 121.61282122,24.20940935,0 121.61233306,24.20928214,0 121.61170542,24.20876842,0 121.61177516,24.20828404,0 121.61156058,24.20813237,0 121.61143720,24.20831829,0 121.61156595,24.20890052,0 121.61137283,24.20916472,0 121.61072910,24.20860696,0 121.60963476,24.20851400,0 121.60946310,24.20855803,0 121.60922706,24.20887116,0 121.60918951,24.20903751,0 121.60945773,24.20942403,0 121.60923243,24.20953656,0 121.60887301,24.20897391,0 121.60865843,24.20890541,0 121.60843313,24.20901305,0 121.60887837,24.21032427,0 121.60849750,24.21126365,0 121.60854042,24.21140064,0 121.60886765,24.21142510,0 121.60896957,24.21156209,0 121.60917342,24.21135171,0 121.60957038,24.21127832,0 121.60968304,24.21111198,0 121.61023557,24.21153274,0 121.61069691,24.21128811,0 121.61107779,24.21131747,0 121.61144793,24.21144956,0 121.61225259,24.21205624,0 121.61283731,24.21218834,0 121.61277294,24.21182629,0 121.61249936,24.21143978,0 121.61249936,24.21096031,0 121.61171615,24.20980076,0 121.61198437,24.20965888,0 121.61291242,24.20996222,0 121.61286950,24.21030470,0 121.61308944,24.21075482,0 121.61387801,24.21060315,0 121.61428034,24.21109730,0 121.61452174,24.21115112,0 121.61515474,24.21079885,0</coordinates>
</LinearRing></outerBoundaryIs></Polygon>
</Placemark>
<Placemark>
<name>SWCB_1219_1</name>
<ExtendedData>
<Data name="events"><value>0403花蓮地震</value></Data>
<Data name="area_ha"><value>2.07228264223</value></Data>
<Data name="source"><value>民國113年農村水保署災後衛星影像判釋</value></Data>
</ExtendedData>
<Polygon><outerBoundaryIs><LinearRing>
<coordinates>121.60859406,24.21418447,0 121.60917342,24.21424807,0 121.60937190,24.21375394,0 121.61016583,24.21339189,0 121.61019802,24.21320109,0 121.60992980,24.21255038,0 121.60978496,24.21256017,0 121.60946846,24.21306899,0 121.60804689,24.21398877,0 121.60802007,24.21414044,0 121.60714030,24.21432146,0 121.60744071,24.21438996,0 121.60734951,24.21465904,0 121.60775185,24.21455141,0 121.60762846,24.21475689,0 121.60803080,24.21455141,0 121.60859406,24.21418447,0</coordinates>
</LinearRing></outerBoundaryIs></Polygon>
</Placemark>
<Placemark>
<name>SWCB_1175_1</name>
<ExtendedData>
<Data name="events"><value>0403花蓮地震</value></Data>
<Data name="area_ha"><value>1.58860137928</value></Data>
<Data name="source"><value>民國113年農村水保署災後衛星影像判釋</value></Data>
</ExtendedData>
<Polygon><outerBoundaryIs><LinearRing>
<coordinates>121.60987079,24.22914960,0 121.61054671,24.22896860,0 121.61072373,24.22882184,0 121.61070228,24.22867019,0 121.60990834,24.22872889,0 121.60940945,24.22831308,0 121.60820782,24.22828862,0 121.60781622,24.22845006,0 121.60784841,24.22861149,0 121.60833657,24.22883162,0 121.60922170,24.22901751,0 121.60987079,24.22914960,0</coordinates>
</LinearRing></outerBoundaryIs></Polygon>
</Placemark>
<Placemark>
<name>SWCB_1079_1</name>
<ExtendedData>
<Data name="events"><value>0403花蓮地震</value></Data>
<Data name="area_ha"><value>0.171056880639</value></Data>
<Data name="source"><value>民國113年農村水保署災後衛星影像判釋</value></Data>
</ExtendedData>
<Polygon><outerBoundaryIs><LinearRing>
<coordinates>121.61163032,24.23542572,0 121.61222041,24.23532788,0 121.61242425,24.23488763,0 121.61195219,24.23529364,0 121.61166787,24.23518113,0 121.61163032,24.23542572,0</coordinates>
</LinearRing></outerBoundaryIs></Polygon>
</Placemark>
<Placemark>
<name>SWCB_1170_1</name>
<ExtendedData>
<Data name="events"><value>0403花蓮地震</value></Data>
<Data name="area_ha"><value>0.0725526475988</value></Data>
<Data name="source"><value>民國113年農村水保署災後衛星影像判釋</value></Data>
</ExtendedData>
<Polygon><outerBoundaryIs><LinearRing>
<coordinates>121.61283195,24.23639915,0 121.61318064,24.23649209,0 121.61318600,24.23630131,0 121.61306262,24.23631599,0 121.61301434,24.23618881,0 121.61283195,24.23639915,0</coordinates>
</LinearRing></outerBoundaryIs></Polygon>
</Placemark>
<Placemark>
<name>SWCB_1293_1</name>
<ExtendedData>
<Data name="events"><value>0403花蓮地震</value></Data>
<Data name="area_ha"><value>0.0703918305327</value></Data>
<Data name="source"><value>民國113年農村水保署災後衛星影像判釋</value></Data>
</ExtendedData>
<Polygon><outerBoundaryIs><LinearRing>
<coordinates>121.61225259,24.23545506,0 121.61192536,24.23570454,0 121.61209166,24.23576324,0 121.61233842,24.23564095,0 121.61231160,24.23548441,0 121.61225259,24.23545506,0</coordinates>
</LinearRing></outerBoundaryIs></Polygon>
</Placemark>
<Placemark>
<name>SWCB_1303_1</name>
<ExtendedData>
<Data name="events"><value>0403花蓮地震</value></Data>
<Data name="area_ha"><value>0.035797314862</value></Data>
<Data name="source"><value>民國113年農村水保署災後衛星影像判釋</value></Data>
</ExtendedData>
<Polygon><outerBoundaryIs><LinearRing>
<coordinates>121.61186635,24.23442293,0 121.61169469,24.23436912,0 121.61165714,24.23453054,0 121.61180735,24.23452076,0 121.61186635,24.23442293,0</coordinates>
</LinearRing></outerBoundaryIs></Polygon>
</Placemark>
<Placemark>
<name>SWCB_3335_1</name>
<ExtendedData>
<Data name="events"><value>凱米颱風</value></Data>
<Data name="area_ha"><value>0.330069036635</value></Data>
<Data name="source"><value>民國113年農村水保署災後衛星影像判釋</value></Data>
</ExtendedData>
<Polygon><outerBoundaryIs><LinearRing>
<coordinates>121.61578774,24.23660948,0 121.61558926,24.23679047,0 121.61558926,24.23715245,0 121.61628127,24.23688831,0 121.61638319,24.23661438,0 121.61628127,24.23652633,0 121.61578774,24.23660948,0</coordinates>
</LinearRing></outerBoundaryIs></Polygon>
</Placemark>
<Placemark>
<name>SWCB_3354_1</name>
<ExtendedData>
<Data name="events"><value>凱米颱風</value></Data>
<Data name="area_ha"><value>1.09391325877</value></Data>
<Data name="source"><value>民國113年農村水保署災後衛星影像判釋</value></Data>
</ExtendedData>
<Polygon><outerBoundaryIs><LinearRing>
<coordinates>121.61235988,24.23522516,0 121.61235452,24.23540615,0 121.61255300,24.23540615,0 121.61255300,24.23558714,0 121.61235452,24.23576813,0 121.61234915,24.23603717,0 121.61274612,24.23594912,0 121.61274612,24.23576813,0 121.61314309,24.23550398,0 121.61314309,24.23532299,0 121.61400139,24.23470175,0 121.61407650,24.23448163,0 121.61394238,24.23432998,0 121.61372781,24.23435933,0 121.61340058,24.23487296,0 121.61275685,24.23486807,0 121.61235988,24.23522516,0</coordinates>
</LinearRing></outerBoundaryIs></Polygon>
</Placemark>
<Placemark>
<name>SWCB_3355_1</name>
<ExtendedData>
<Data name="events"><value>凱米颱風</value></Data>
<Data name="area_ha"><value>0.400082139558</value></Data>
<Data name="source"><value>民國113年農村水保署災後衛星影像判釋</value></Data>
</ExtendedData>
<Polygon><outerBoundaryIs><LinearRing>
<coordinates>121.61149621,24.23286737,0 121.61149621,24.23314130,0 121.61208630,24.23314619,0 121.61208630,24.23323424,0 121.61257982,24.23315109,0 121.61257982,24.23297009,0 121.61218822,24.23287715,0 121.61218822,24.23278421,0 121.61149621,24.23286737,0</coordinates>
</LinearRing></outerBoundaryIs></Polygon>
</Placemark>
<Placemark>
<name>SWCB_3357_1</name>
<ExtendedData>
<Data name="events"><value>凱米颱風</value></Data>
<Data name="area_ha"><value>0.230047663772</value></Data>
<Data name="source"><value>民國113年農村水保署災後衛星影像判釋</value></Data>
</ExtendedData>
<Polygon><outerBoundaryIs><LinearRing>
<coordinates>121.61361516,24.22819078,0 121.61351323,24.22873379,0 121.61390483,24.22864573,0 121.61391020,24.22846473,0 121.61400676,24.22846473,0 121.61391020,24.22819568,0 121.61361516,24.22819078,0</coordinates>
</LinearRing></outerBoundaryIs></Polygon>
</Placemark>
<Placemark>
<name>SWCB_3367_1</name>
<ExtendedData>
<Data name="events"><value>凱米颱風</value></Data>
<Data name="area_ha"><value>0.68014031823</value></Data>
<Data name="source"><value>民國113年農村水保署災後衛星影像判釋</value></Data>
</ExtendedData>
<Polygon><outerBoundaryIs><LinearRing>
<coordinates>121.61338985,24.23983789,0 121.61338985,24.24001888,0 121.61368489,24.24011181,0 121.61377609,24.24092868,0 121.61446273,24.24102162,0 121.61446273,24.24084064,0 121.61426961,24.24084064,0 121.61437154,24.24047867,0 121.61407650,24.24029769,0 121.61397994,24.24002377,0 121.61378145,24.24002377,0 121.61369026,24.23974985,0 121.61338985,24.23983789,0</coordinates>
</LinearRing></outerBoundaryIs></Polygon>
</Placemark>
<Placemark>
<name>SWCB_3369_1</name>
<ExtendedData>
<Data name="events"><value>凱米颱風</value></Data>
<Data name="area_ha"><value>0.0800162850796</value></Data>
<Data name="source"><value>民國113年農村水保署災後衛星影像判釋</value></Data>
</ExtendedData>
<Polygon><outerBoundaryIs><LinearRing>
<coordinates>121.61271393,24.23875198,0 121.61271393,24.23893297,0 121.61300898,24.23902591,0 121.61300898,24.23875198,0 121.61271393,24.23875198,0</coordinates>
</LinearRing></outerBoundaryIs></Polygon>
</Placemark>
<Placemark>
<name>SWCB_3371_1</name>
<ExtendedData>
<Data name="events"><value>凱米颱風</value></Data>
<Data name="area_ha"><value>6.50704352118</value></Data>
<Data name="source"><value>民國113年農村水保署災後衛星影像判釋</value></Data>
</ExtendedData>
<Polygon><outerBoundaryIs><LinearRing>
<coordinates>121.61199510,24.24127108,0 121.61200047,24.24109010,0 121.61180198,24.24099716,0 121.61180735,24.24064009,0 121.61171079,24.24063520,0 121.61181808,24.23973517,0 121.61201656,24.23964712,0 121.61201656,24.23937809,0 121.61182344,24.23937320,0 121.61182344,24.23919222,0 121.61211848,24.23910417,0 121.61252618,24.23775411,0 121.61233306,24.23766117,0 121.61243498,24.23730409,0 121.61204338,24.23693722,0 121.61125481,24.23711332,0 121.61124945,24.23756334,0 121.61154449,24.23756334,0 121.61154449,24.23783727,0 121.61164105,24.23783727,0 121.61153913,24.23828729,0 121.61173224,24.23838023,0 121.61192536,24.23883514,0 121.61172688,24.23892318,0 121.61172688,24.23919222,0 121.61132991,24.23946125,0 121.61122262,24.24018029,0 121.61072373,24.24053737,0 121.61072373,24.24080640,0 121.61052525,24.24089933,0 121.61042869,24.24080640,0 121.61043406,24.23999442,0 121.61024094,24.23981343,0 121.61024630,24.23908950,0 121.61034822,24.23908950,0 121.61034822,24.23882046,0 121.61045015,24.23882046,0 121.61035895,24.23795466,0 121.61115289,24.23765139,0 121.61115289,24.23738235,0 121.61056280,24.23726496,0 121.61056817,24.23683450,0 121.61126554,24.23629642,0 121.61116898,24.23593444,0 121.61087394,24.23593444,0 121.61077201,24.23620348,0 121.61057353,24.23629153,0 121.61057353,24.23656546,0 121.61027312,24.23664862,0 121.61017120,24.23701059,0 121.60997272,24.23709864,0 121.61006927,24.23764161,0 121.60996735,24.23764161,0 121.60986543,24.23791064,0 121.60996735,24.23791064,0 121.61005855,24.23863459,0 121.60995662,24.23863459,0 121.60995126,24.23908460,0 121.60985470,24.23908460,0 121.60984933,24.23971561,0 121.60994589,24.23972050,0 121.60994053,24.23998953,0 121.61004245,24.23998953,0 121.60994053,24.24035149,0 121.61013365,24.24035149,0 121.61013365,24.24071346,0 121.60993516,24.24088955,0 121.60992980,24.24113412,0 121.61071837,24.24121728,0 121.61091685,24.24108032,0 121.61101878,24.24072324,0 121.61131382,24.24072324,0 121.61141038,24.24081618,0 121.61140501,24.24126619,0 121.61121190,24.24144717,0 121.61159813,24.24162815,0 121.61199510,24.24127108,0</coordinates>
</LinearRing></outerBoundaryIs></Polygon>
</Placemark>
<Placemark>
<name>SWCB_3372_1</name>
<ExtendedData>
<Data name="events"><value>凱米颱風</value></Data>
<Data name="area_ha"><value>0.170035175079</value></Data>
<Data name="source"><value>民國113年農村水保署災後衛星影像判釋</value></Data>
</ExtendedData>
<Polygon><outerBoundaryIs><LinearRing>
<coordinates>121.61282659,24.23739703,0 121.61282659,24.23766606,0 121.61341667,24.23767095,0 121.61332011,24.23740192,0 121.61282659,24.23739703,0</coordinates>
</LinearRing></outerBoundaryIs></Polygon>
</Placemark>
<Placemark>
<name>SWCB_3373_1</name>
<ExtendedData>
<Data name="events"><value>凱米颱風</value></Data>
<Data name="area_ha"><value>0.20004072838</value></Data>
<Data name="source"><value>民國113年農村水保署災後衛星影像判釋</value></Data>
</ExtendedData>
<Polygon><outerBoundaryIs><LinearRing>
<coordinates>121.61136746,24.23602738,0 121.61126018,24.23665840,0 121.61155522,24.23666329,0 121.61166251,24.23603228,0 121.61136746,24.23602738,0</coordinates>
</LinearRing></outerBoundaryIs></Polygon>
</Placemark>
<Placemark>
<name>SWCB_925_1</name>
<ExtendedData>
<Data name="events"><value>0403花蓮地震</value></Data>
<Data name="area_ha"><value>0.103883798326</value></Data>
<Data name="source"><value>民國113年農村水保署災後衛星影像判釋</value></Data>
</ExtendedData>
<Polygon><outerBoundaryIs><LinearRing>
<coordinates>121.60946846,24.23195750,0 121.60972059,24.23171291,0 121.60963476,24.23166399,0 121.60891593,24.23184988,0 121.60946846,24.23195750,0</coordinates>
</LinearRing></outerBoundaryIs></Polygon>
</Placemark>
<Placemark>
<name>SWCB_1286_1</name>
<ExtendedData>
<Data name="events"><value>0403花蓮地震</value></Data>
<Data name="area_ha"><value>0.684988741831</value></Data>
<Data name="source"><value>民國113年農村水保署災後衛星影像判釋</value></Data>
</ExtendedData>
<Polygon><outerBoundaryIs><LinearRing>
<coordinates>121.60709202,24.23991616,0 121.60742998,24.23929494,0 121.60745680,24.23891340,0 121.60782695,24.23816500,0 121.60768747,24.23810630,0 121.60732806,24.23844871,0 121.60697937,24.23954440,0 121.60686135,24.23968626,0 121.60666823,24.23969604,0 121.60675943,24.24019986,0 121.60709202,24.23991616,0</coordinates>
</LinearRing></outerBoundaryIs></Polygon>
</Placemark>
<Placemark>
<name>SWCB_3353_1</name>
<ExtendedData>
<Data name="events"><value>凱米颱風</value></Data>
<Data name="area_ha"><value>2.20748746348</value></Data>
<Data name="source"><value>民國113年農村水保署災後衛星影像判釋</value></Data>
</ExtendedData>
<Polygon><outerBoundaryIs><LinearRing>
<coordinates>121.60719395,24.23924113,0 121.60719395,24.23906015,0 121.60739243,24.23888405,0 121.60739779,24.23842914,0 121.60759628,24.23834110,0 121.60760164,24.23816011,0 121.60819173,24.23807695,0 121.60819173,24.23789597,0 121.60790205,24.23771498,0 121.60800397,24.23735300,0 121.60760701,24.23744105,0 121.60750508,24.23771009,0 121.60721004,24.23788618,0 121.60720468,24.23806717,0 121.60703838,24.23806717,0 121.60715103,24.23741659,0 121.60694182,24.23725028,0 121.60694182,24.23711332,0 121.60674334,24.23711332,0 121.60659850,24.23784705,0 121.60674334,24.23815522,0 121.60661459,24.23824326,0 121.60660923,24.23851230,0 121.60651267,24.23851230,0 121.60651267,24.23869328,0 121.60601914,24.23878133,0 121.60621226,24.23914330,0 121.60650730,24.23914330,0 121.60719395,24.23924113,0</coordinates>
</LinearRing></outerBoundaryIs></Polygon>
</Placemark>
<Placemark>
<name>SWCB_2009_1</name>
<ExtendedData>
<Data name="events"><value>0629豪雨</value></Data>
<Data name="area_ha"><value>0.557952736698</value></Data>
<Data name="source"><value>民國113年農村水保署災後衛星影像判釋</value></Data>
</ExtendedData>
<Polygon><outerBoundaryIs><LinearRing>
<coordinates>121.61037505,24.22758419,0 121.61021411,24.22752059,0 121.61028922,24.22769181,0 121.61077201,24.22783367,0 121.61043942,24.22776519,0 121.61030531,24.22791195,0 121.61017120,24.22777986,0 121.61003709,24.22791195,0 121.60987616,24.22778476,0 121.60994053,24.22791195,0 121.60983860,24.22806359,0 121.61009073,24.22807338,0 121.61003172,24.22814676,0 121.61021411,24.22815165,0 121.61026239,24.22831308,0 121.61055207,24.22809784,0 121.61058962,24.22824949,0 121.61064863,24.22817122,0 121.61080956,24.22826416,0 121.61085248,24.22815165,0 121.61095977,24.22822992,0 121.61084712,24.22823970,0 121.61082566,24.22831797,0 121.61101878,24.22833754,0 121.61106706,24.22815654,0 121.61082566,24.22804892,0 121.61100805,24.22785324,0 121.61083639,24.22785813,0 121.61078274,24.22768692,0 121.61055207,24.22767224,0 121.61057353,24.22753527,0 121.61041796,24.22749613,0 121.61037505,24.22758419,0</coordinates>
</LinearRing></outerBoundaryIs></Polygon>
</Placemark>
<Placemark>
<name>SWCB_3358_1</name>
<ExtendedData>
<Data name="events"><value>凱米颱風</value></Data>
<Data name="area_ha"><value>0.210043009654</value></Data>
<Data name="source"><value>民國113年農村水保署災後衛星影像判釋</value></Data>
</ExtendedData>
<Polygon><outerBoundaryIs><LinearRing>
<coordinates>121.61174834,24.22799511,0 121.61164641,24.22826416,0 121.61213994,24.22836200,0 121.61224186,24.22800000,0 121.61174834,24.22799511,0</coordinates>
</LinearRing></outerBoundaryIs></Polygon>
</Placemark>
<Placemark>
<name>SWCB_1168_1</name>
<ExtendedData>
<Data name="events"><value>0403花蓮地震</value></Data>
<Data name="area_ha"><value>0.135975861151</value></Data>
<Data name="source"><value>民國113年農村水保署災後衛星影像判釋</value></Data>
</ExtendedData>
<Polygon><outerBoundaryIs><LinearRing>
<coordinates>121.61200047,24.24403959,0 121.61202192,24.24390263,0 121.61178589,24.24323252,0 121.61177516,24.24353089,0 121.61163568,24.24368742,0 121.61180735,24.24377546,0 121.61187708,24.24404448,0 121.61200047,24.24403959,0</coordinates>
</LinearRing></outerBoundaryIs></Polygon>
</Placemark>
<Placemark>
<name>SWCB_3365_1</name>
<ExtendedData>
<Data name="events"><value>凱米颱風</value></Data>
<Data name="area_ha"><value>0.0800164422445</value></Data>
<Data name="source"><value>民國113年農村水保署災後衛星影像判釋</value></Data>
</ExtendedData>
<Polygon><outerBoundaryIs><LinearRing>
<coordinates>121.61247253,24.24289991,0 121.61246717,24.24317383,0 121.61276758,24.24308578,0 121.61276758,24.24290480,0 121.61247253,24.24289991,0</coordinates>
</LinearRing></outerBoundaryIs></Polygon>
</Placemark>
<Placemark>
<name>SWCB_4929_1</name>
<ExtendedData>
<Data name="events"><value>康芮颱風</value></Data>
<Data name="area_ha"><value>0.173064401915</value></Data>
<Data name="source"><value>民國113年農村水保署災後衛星影像判釋</value></Data>
</ExtendedData>
<Polygon><outerBoundaryIs><LinearRing>
<coordinates>121.61176980,24.24344285,0 121.61154985,24.24306133,0 121.61131382,24.24384394,0 121.61176980,24.24344285,0</coordinates>
</LinearRing></outerBoundaryIs></Polygon>
</Placemark>
<Placemark>
<name>SWCB_1118_1</name>
<ExtendedData>
<Data name="events"><value>0403花蓮地震</value></Data>
<Data name="area_ha"><value>0.0801879619419</value></Data>
<Data name="source"><value>民國113年農村水保署災後衛星影像判釋</value></Data>
</ExtendedData>
<Polygon><outerBoundaryIs><LinearRing>
<coordinates>121.60986543,24.23182542,0 121.61003172,24.23196728,0 121.61018193,24.23179118,0 121.61001563,24.23169334,0 121.60986543,24.23182542,0</coordinates>
</LinearRing></outerBoundaryIs></Polygon>
</Placemark>
<Placemark>
<name>SWCB_1225_1</name>
<ExtendedData>
<Data name="events"><value>0403花蓮地震</value></Data>
<Data name="area_ha"><value>0.150803828278</value></Data>
<Data name="source"><value>民國113年農村水保署災後衛星影像判釋</value></Data>
</ExtendedData>
<Polygon><outerBoundaryIs><LinearRing>
<coordinates>121.61029458,24.23651165,0 121.61005855,24.23600293,0 121.60992444,24.23601760,0 121.60990298,24.23622305,0 121.61016047,24.23669264,0 121.61029458,24.23651165,0</coordinates>
</LinearRing></outerBoundaryIs></Polygon>
</Placemark>
<Placemark>
<name>SWCB_1276_1</name>
<ExtendedData>
<Data name="events"><value>0403花蓮地震</value></Data>
<Data name="area_ha"><value>0.0159061961198</value></Data>
<Data name="source"><value>民國113年農村水保署災後衛星影像判釋</value></Data>
</ExtendedData>
<Polygon><outerBoundaryIs><LinearRing>
<coordinates>121.60978496,24.23330273,0 121.60977423,24.23335654,0 121.60989761,24.23338589,0 121.60991371,24.23325870,0 121.60978496,24.23330273,0</coordinates>
</LinearRing></outerBoundaryIs></Polygon>
</Placemark>
<Placemark>
<name>SWCB_1280_1</name>
<ExtendedData>
<Data name="events"><value>0403花蓮地震</value></Data>
<Data name="area_ha"><value>0.203423875085</value></Data>
<Data name="source"><value>民國113年農村水保署災後衛星影像判釋</value></Data>
</ExtendedData>
<Polygon><outerBoundaryIs><LinearRing>
<coordinates>121.60960793,24.23894275,0 121.60933435,24.23871774,0 121.60939336,24.23836066,0 121.60912514,24.23837044,0 121.60916805,24.23878622,0 121.60956502,24.23919711,0 121.60960793,24.23894275,0</coordinates>
</LinearRing></outerBoundaryIs></Polygon>
</Placemark>
<Placemark>
<name>SWCB_2008_1</name>
<ExtendedData>
<Data name="events"><value>0629豪雨</value></Data>
<Data name="area_ha"><value>0.145276276928</value></Data>
<Data name="source"><value>民國113年農村水保署災後衛星影像判釋</value></Data>
</ExtendedData>
<Polygon><outerBoundaryIs><LinearRing>
<coordinates>121.60972059,24.22810273,0 121.60957575,24.22795597,0 121.60982251,24.22803424,0 121.60985470,24.22790705,0 121.60977960,24.22796576,0 121.60931826,24.22770159,0 121.60908759,24.22785324,0 121.60960793,24.22807338,0 121.60972059,24.22810273,0</coordinates>
</LinearRing></outerBoundaryIs></Polygon>
</Placemark>
<Placemark>
<name>SWCB_3356_1</name>
<ExtendedData>
<Data name="events"><value>凱米颱風</value></Data>
<Data name="area_ha"><value>0.0400080139563</value></Data>
<Data name="source"><value>民國113年農村水保署災後衛星影像判釋</value></Data>
</ExtendedData>
<Polygon><outerBoundaryIs><LinearRing>
<coordinates>121.60933971,24.23203577,0 121.60933971,24.23221676,0 121.60953283,24.23222166,0 121.60953820,24.23204066,0 121.60933971,24.23203577,0</coordinates>
</LinearRing></outerBoundaryIs></Polygon>
</Placemark>
<Placemark>
<name>SWCB_3366_1</name>
<ExtendedData>
<Data name="events"><value>凱米颱風</value></Data>
<Data name="area_ha"><value>0.0700140823046</value></Data>
<Data name="source"><value>民國113年農村水保署災後衛星影像判釋</value></Data>
</ExtendedData>
<Polygon><outerBoundaryIs><LinearRing>
<coordinates>121.61063254,24.23981343,0 121.61063254,24.24008736,0 121.61082566,24.24008736,0 121.61092758,24.23981833,0 121.61063254,24.23981343,0</coordinates>
</LinearRing></outerBoundaryIs></Polygon>
</Placemark>
<Placemark>
<name>SWCB_3370_1</name>
<ExtendedData>
<Data name="events"><value>凱米颱風</value></Data>
<Data name="area_ha"><value>0.040008213956</value></Data>
<Data name="source"><value>民國113年農村水保署災後衛星影像判釋</value></Data>
</ExtendedData>
<Polygon><outerBoundaryIs><LinearRing>
<coordinates>121.61114216,24.23828240,0 121.61114216,24.23846338,0 121.61134064,24.23846827,0 121.61134064,24.23828729,0 121.61114216,24.23828240,0</coordinates>
</LinearRing></outerBoundaryIs></Polygon>
</Placemark>
<Placemark>
<name>SWCB_3374_1</name>
<ExtendedData>
<Data name="events"><value>凱米颱風</value></Data>
<Data name="area_ha"><value>0.0400081153892</value></Data>
<Data name="source"><value>民國113年農村水保署災後衛星影像判釋</value></Data>
</ExtendedData>
<Polygon><outerBoundaryIs><LinearRing>
<coordinates>121.60998881,24.23583661,0 121.60998881,24.23601760,0 121.61018193,24.23601760,0 121.61018729,24.23583661,0 121.60998881,24.23583661,0</coordinates>
</LinearRing></outerBoundaryIs></Polygon>
</Placemark>
<Placemark>
<name>SWCB_909_1</name>
<ExtendedData>
<Data name="events"><value>0403花蓮地震</value></Data>
<Data name="area_ha"><value>0.367608509672</value></Data>
<Data name="source"><value>民國113年農村水保署災後衛星影像判釋</value></Data>
</ExtendedData>
<Polygon><outerBoundaryIs><LinearRing>
<coordinates>121.61455393,24.23661927,0 121.61424279,24.23692255,0 121.61435008,24.23698614,0 121.61489725,24.23677580,0 121.61596477,24.23611054,0 121.61572874,24.23602249,0 121.61525667,24.23645295,0 121.61455393,24.23661927,0</coordinates>
</LinearRing></outerBoundaryIs></Polygon>
</Placemark>
<Placemark>
<name>SWCB_1082_1</name>
<ExtendedData>
<Data name="events"><value>0403花蓮地震</value></Data>
<Data name="area_ha"><value>0.0649616728631</value></Data>
<Data name="source"><value>民國113年農村水保署災後衛星影像判釋</value></Data>
</ExtendedData>
<Polygon><outerBoundaryIs><LinearRing>
<coordinates>121.61397457,24.23656546,0 121.61412477,24.23671221,0 121.61450565,24.23653611,0 121.61419451,24.23660459,0 121.61411405,24.23647741,0 121.61397457,24.23656546,0</coordinates>
</LinearRing></outerBoundaryIs></Polygon>
</Placemark>
<Placemark>
<name>SWCB_1090_1</name>
<ExtendedData>
<Data name="events"><value>0403花蓮地震</value></Data>
<Data name="area_ha"><value>0.149567338106</value></Data>
<Data name="source"><value>民國113年農村水保署災後衛星影像判釋</value></Data>
</ExtendedData>
<Polygon><outerBoundaryIs><LinearRing>
<coordinates>121.61476851,24.23618392,0 121.61455929,24.23648720,0 121.61518693,24.23625729,0 121.61528349,24.23612033,0 121.61518157,24.23607630,0 121.61476851,24.23618392,0</coordinates>
</LinearRing></outerBoundaryIs></Polygon>
</Placemark>
<Placemark>
<name>SWCB_1323_1</name>
<ExtendedData>
<Data name="events"><value>0403花蓮地震</value></Data>
<Data name="area_ha"><value>0.0353136402258</value></Data>
<Data name="source"><value>民國113年農村水保署災後衛星影像判釋</value></Data>
</ExtendedData>
<Polygon><outerBoundaryIs><LinearRing>
<coordinates>121.61575019,24.23779324,0 121.61603451,24.23771987,0 121.61600232,24.23765628,0 121.61585748,24.23769541,0 121.61575019,24.23779324,0</coordinates>
</LinearRing></outerBoundaryIs></Polygon>
</Placemark>
<Placemark>
<name>SWCB_3352_1</name>
<ExtendedData>
<Data name="events"><value>凱米颱風</value></Data>
<Data name="area_ha"><value>0.170035297299</value></Data>
<Data name="source"><value>民國113年農村水保署災後衛星影像判釋</value></Data>
</ExtendedData>
<Polygon><outerBoundaryIs><LinearRing>
<coordinates>121.61578774,24.24600099,0 121.61578238,24.24645098,0 121.61587894,24.24654391,0 121.61607742,24.24654391,0 121.61608279,24.24600588,0 121.61578774,24.24600099,0</coordinates>
</LinearRing></outerBoundaryIs></Polygon>
</Placemark>
<Placemark>
<name>SWCB_3368_1</name>
<ExtendedData>
<Data name="events"><value>凱米颱風</value></Data>
<Data name="area_ha"><value>0.0600124259499</value></Data>
<Data name="source"><value>民國113年農村水保署災後衛星影像判釋</value></Data>
</ExtendedData>
<Polygon><outerBoundaryIs><LinearRing>
<coordinates>121.61369562,24.23921178,0 121.61369026,24.23948081,0 121.61388874,24.23948081,0 121.61388874,24.23921178,0 121.61369562,24.23921178,0</coordinates>
</LinearRing></outerBoundaryIs></Polygon>
</Placemark>
<Placemark>
<name>SWCB_3380_1</name>
<ExtendedData>
<Data name="events"><value>凱米颱風</value></Data>
<Data name="area_ha"><value>0.490095320415</value></Data>
<Data name="source"><value>民國113年農村水保署災後衛星影像判釋</value></Data>
</ExtendedData>
<Polygon><outerBoundaryIs><LinearRing>
<coordinates>121.60217822,24.23865415,0 121.60187781,24.23892318,0 121.60158277,24.23891829,0 121.60138428,24.23909928,0 121.60138428,24.23936831,0 121.60177588,24.23937320,0 121.60187781,24.23910417,0 121.60266638,24.23892808,0 121.60267174,24.23865904,0 121.60217822,24.23865415,0</coordinates>
</LinearRing></outerBoundaryIs></Polygon>
</Placemark>
<Placemark>
<name>SWCB_916_1</name>
<ExtendedData>
<Data name="events"><value>0403花蓮地震</value></Data>
<Data name="area_ha"><value>0.03323318668</value></Data>
<Data name="source"><value>民國113年農村水保署災後衛星影像判釋</value></Data>
</ExtendedData>
<Polygon><outerBoundaryIs><LinearRing>
<coordinates>121.59701765,24.23732365,0 121.59727514,24.23724050,0 121.59721076,24.23718669,0 121.59709275,24.23719647,0 121.59701765,24.23732365,0</coordinates>
</LinearRing></outerBoundaryIs></Polygon>
</Placemark>
<Placemark>
<name>SWCB_1291_1</name>
<ExtendedData>
<Data name="events"><value>0403花蓮地震</value></Data>
<Data name="area_ha"><value>0.0593741785387</value></Data>
<Data name="source"><value>民國113年農村水保署災後衛星影像判釋</value></Data>
</ExtendedData>
<Polygon><outerBoundaryIs><LinearRing>
<coordinates>121.59746826,24.23781770,0 121.59747899,24.23797423,0 121.59767210,24.23782259,0 121.59767747,24.23762204,0 121.59746826,24.23781770,0</coordinates>
</LinearRing></outerBoundaryIs></Polygon>
</Placemark>
<Placemark>
<name>SWCB_3377_1</name>
<ExtendedData>
<Data name="events"><value>凱米颱風</value></Data>
<Data name="area_ha"><value>0.0200038605624</value></Data>
<Data name="source"><value>民國113年農村水保署災後衛星影像判釋</value></Data>
</ExtendedData>
<Polygon><outerBoundaryIs><LinearRing>
<coordinates>121.59769893,24.24303687,0 121.59769356,24.24321785,0 121.59779549,24.24321785,0 121.59779549,24.24303687,0 121.59769893,24.24303687,0</coordinates>
</LinearRing></outerBoundaryIs></Polygon>
</Placemark>
<Placemark>
<name>SWCB_3381_1</name>
<ExtendedData>
<Data name="events"><value>凱米颱風</value></Data>
<Data name="area_ha"><value>0.160031568727</value></Data>
<Data name="source"><value>民國113年農村水保署災後衛星影像判釋</value></Data>
</ExtendedData>
<Polygon><outerBoundaryIs><LinearRing>
<coordinates>121.60326719,24.23830196,0 121.60306334,24.23848295,0 121.60306334,24.23866394,0 121.60346031,24.23866394,0 121.60356224,24.23830685,0 121.60326719,24.23830196,0</coordinates>
</LinearRing></outerBoundaryIs></Polygon>
</Placemark>
<Placemark>
<name>SWCB_3384_1</name>
<ExtendedData>
<Data name="events"><value>凱米颱風</value></Data>
<Data name="area_ha"><value>0.440083480769</value></Data>
<Data name="source"><value>民國113年農村水保署災後衛星影像判釋</value></Data>
</ExtendedData>
<Polygon><outerBoundaryIs><LinearRing>
<coordinates>121.59737706,24.23644317,0 121.59717858,24.23671221,0 121.59687817,24.23680026,0 121.59677625,24.23725028,0 121.59687281,24.23733833,0 121.59726977,24.23725517,0 121.59746826,24.23707418,0 121.59737170,24.23671221,0 121.59757018,24.23671710,0 121.59757555,24.23644317,0 121.59737706,24.23644317,0</coordinates>
</LinearRing></outerBoundaryIs></Polygon>
</Placemark>
<Placemark>
<name>SWCB_3386_1</name>
<ExtendedData>
<Data name="events"><value>凱米颱風</value></Data>
<Data name="area_ha"><value>0.260049702189</value></Data>
<Data name="source"><value>民國113年農村水保署災後衛星影像判釋</value></Data>
</ExtendedData>
<Polygon><outerBoundaryIs><LinearRing>
<coordinates>121.59906685,24.23510287,0 121.59886301,24.23537191,0 121.59866989,24.23537191,0 121.59847140,24.23554801,0 121.59846604,24.23582194,0 121.59866452,24.23582194,0 121.59896493,24.23546485,0 121.59915805,24.23546485,0 121.59925997,24.23510287,0 121.59906685,24.23510287,0</coordinates>
</LinearRing></outerBoundaryIs></Polygon>
</Placemark>
<Placemark>
<name>SWCB_3390_1</name>
<ExtendedData>
<Data name="events"><value>凱米颱風</value></Data>
<Data name="area_ha"><value>0.386628939475</value></Data>
<Data name="source"><value>民國113年農村水保署災後衛星影像判釋</value></Data>
</ExtendedData>
<Polygon><outerBoundaryIs><LinearRing>
<coordinates>121.60117507,24.23958354,0 121.60019338,24.23951505,0 121.59986079,24.23960310,0 121.59942627,24.23990637,0 121.59942627,24.24019986,0 121.60010219,24.23968136,0 121.60068691,24.23981343,0 121.60117507,24.23958354,0</coordinates>
</LinearRing></outerBoundaryIs></Polygon>
</Placemark>
<Placemark>
<name>SWCB_3387_1</name>
<ExtendedData>
<Data name="events"><value>凱米颱風</value></Data>
<Data name="area_ha"><value>0.280052902011</value></Data>
<Data name="source"><value>民國113年農村水保署災後衛星影像判釋</value></Data>
</ExtendedData>
<Polygon><outerBoundaryIs><LinearRing>
<coordinates>121.59671187,24.23426639,0 121.59689963,24.23481426,0 121.59720004,24.23472621,0 121.59720540,24.23418323,0 121.59671187,24.23426639,0</coordinates>
</LinearRing></outerBoundaryIs></Polygon>
</Placemark>
<Placemark>
<name>SWCB_558_1</name>
<ExtendedData>
<Data name="events"><value>0403花蓮地震</value></Data>
<Data name="area_ha"><value>0.575710039884</value></Data>
<Data name="source"><value>民國113年農村水保署災後衛星影像判釋</value></Data>
</ExtendedData>
<Polygon><outerBoundaryIs><LinearRing>
<coordinates>121.61393702,24.24928296,0 121.61382437,24.24833408,0 121.61404431,24.24798192,0 121.61398530,24.24790366,0 121.61372781,24.24810909,0 121.61352932,24.24806507,0 121.61364198,24.24737052,0 121.61355615,24.24721890,0 121.61349714,24.24757106,0 121.61328793,24.24786453,0 121.61375999,24.24902862,0 121.61355078,24.24957642,0 121.61368489,24.24959110,0 121.61380827,24.24939056,0 121.61393702,24.24928296,0</coordinates>
</LinearRing></outerBoundaryIs></Polygon>
</Placemark>
<Placemark>
<name>SWCB_1055_1</name>
<ExtendedData>
<Data name="events"><value>0403花蓮地震</value></Data>
<Data name="area_ha"><value>5.36414269803</value></Data>
<Data name="source"><value>民國113年農村水保署災後衛星影像判釋</value></Data>
</ExtendedData>
<Polygon><outerBoundaryIs><LinearRing>
<coordinates>121.61714729,24.25000000,0 121.61749899,24.24808463,0 121.61770284,24.24783518,0 121.61761165,24.24751237,0 121.61719859,24.24703792,0 121.61684453,24.24700857,0 121.61654413,24.24725313,0 121.61673188,24.24793790,0 121.61654949,24.24847592,0 121.61665678,24.24907264,0 121.61639392,24.24955686,0 121.61613471,24.25000000,0 121.61714729,24.25000000,0</coordinates>
</LinearRing></outerBoundaryIs></Polygon>
</Placemark>
<Placemark>
<name>SWCB_1055_2</name>
<ExtendedData>
<Data name="events"><value>0403花蓮地震</value></Data>
<Data name="area_ha"><value>5.36414269803</value></Data>
<Data name="source"><value>民國113年農村水保署災後衛星影像判釋</value></Data>
</ExtendedData>
<Polygon><outerBoundaryIs><LinearRing>
<coordinates>121.61572337,24.24946882,0 121.61584139,24.24892102,0 121.61564827,24.24829495,0 121.61581457,24.24809441,0 121.61567509,24.24805528,0 121.61551416,24.24833408,0 121.61566973,24.24981609,0 121.61564825,24.25000000,0 121.61597833,24.25000000,0 121.61607206,24.24983565,0 121.61572337,24.24946882,0</coordinates>
</LinearRing></outerBoundaryIs></Polygon>
</Placemark>
<Placemark>
<name>SWCB_1234_1</name>
<ExtendedData>
<Data name="events"><value>0403花蓮地震</value></Data>
<Data name="area_ha"><value>0.295256299477</value></Data>
<Data name="source"><value>民國113年農村水保署災後衛星影像判釋</value></Data>
</ExtendedData>
<Polygon><outerBoundaryIs><LinearRing>
<coordinates>121.59888983,24.24977207,0 121.59875035,24.24958620,0 121.59840167,24.24974272,0 121.59839520,24.25000000,0 121.59853803,24.25000000,0 121.59858406,24.24986011,0 121.59867525,24.24985521,0 121.59861751,24.25000000,0 121.59882915,24.25000000,0 121.59888983,24.24977207,0</coordinates>
</LinearRing></outerBoundaryIs></Polygon>
</Placemark>
<Placemark>
<name>SWCB_1305_1</name>
<ExtendedData>
<Data name="events"><value>0403花蓮地震</value></Data>
<Data name="area_ha"><value>0.0320511586921</value></Data>
<Data name="source"><value>民國113年農村水保署災後衛星影像判釋</value></Data>
</ExtendedData>
<Polygon><outerBoundaryIs><LinearRing>
<coordinates>121.59945978,24.25000000,0 121.59961463,24.25000000,0 121.59973204,24.24994814,0 121.59965158,24.24986011,0 121.59945978,24.25000000,0</coordinates>
</LinearRing></outerBoundaryIs></Polygon>
</Placemark>
<Placemark>
<name>SWCB_1312_1</name>
<ExtendedData>
<Data name="events"><value>0403花蓮地震</value></Data>
<Data name="area_ha"><value>0.312700602676</value></Data>
<Data name="source"><value>民國113年農村水保署災後衛星影像判釋</value></Data>
</ExtendedData>
<Polygon><outerBoundaryIs><LinearRing>
<coordinates>121.60783768,24.24975250,0 121.60790741,24.24999706,0 121.60790522,24.25000000,0 121.60824607,24.25000000,0 121.60800934,24.24972316,0 121.60783768,24.24975250,0</coordinates>
</LinearRing></outerBoundaryIs></Polygon>
</Placemark>
<Placemark>
<name>SWCB_3323_1</name>
<ExtendedData>
<Data name="events"><value>凱米颱風</value></Data>
<Data name="area_ha"><value>0.180036112974</value></Data>
<Data name="source"><value>民國113年農村水保署災後衛星影像判釋</value></Data>
</ExtendedData>
<Polygon><outerBoundaryIs><LinearRing>
<coordinates>121.60757482,24.24944925,0 121.60756946,24.24989923,0 121.60766602,24.24999216,0 121.60796642,24.24990413,0 121.60777330,24.24944925,0 121.60757482,24.24944925,0</coordinates>
</LinearRing></outerBoundaryIs></Polygon>
</Placemark>
<Placemark>
<name>SWCB_4930_1</name>
<ExtendedData>
<Data name="events"><value>康芮颱風</value></Data>
<Data name="area_ha"><value>0.449263427772</value></Data>
<Data name="source"><value>民國113年農村水保署災後衛星影像判釋</value></Data>
</ExtendedData>
<Polygon><outerBoundaryIs><LinearRing>
<coordinates>121.59953356,24.24941991,0 121.59955502,24.24918513,0 121.59916878,24.24863733,0 121.59902547,24.25000000,0 121.59907084,24.25000000,0 121.59953356,24.24941991,0</coordinates>
</LinearRing></outerBoundaryIs></Polygon>
</Placemark>
<Placemark>
<name>SWCB_2027_1</name>
<ExtendedData>
<Data name="events"><value>0629豪雨</value></Data>
<Data name="area_ha"><value>0.211150278354</value></Data>
<Data name="source"><value>民國113年農村水保署災後衛星影像判釋</value></Data>
</ExtendedData>
<Polygon><outerBoundaryIs><LinearRing>
<coordinates>121.60897493,24.20393927,0 121.60907686,24.20386588,0 121.60882473,24.20364570,0 121.60830438,24.20356742,0 121.60861552,24.20373867,0 121.60877645,24.20407138,0 121.60908222,24.20407627,0 121.60897493,24.20393927,0</coordinates>
</LinearRing></outerBoundaryIs></Polygon>
</Placemark>
<Placemark>
<name>SWCB_2028_1</name>
<ExtendedData>
<Data name="events"><value>0629豪雨</value></Data>
<Data name="area_ha"><value>0.716115707795</value></Data>
<Data name="source"><value>民國113年農村水保署災後衛星影像判釋</value></Data>
</ExtendedData>
<Polygon><outerBoundaryIs><LinearRing>
<coordinates>121.60712957,24.20283349,0 121.60678089,24.20213380,0 121.60680771,24.20174726,0 121.60664141,24.20144879,0 121.60680234,24.20155154,0 121.60688281,24.20143411,0 121.60672188,24.20136561,0 121.60670578,24.20107203,0 121.60654485,24.20118457,0 121.60646439,24.20104268,0 121.60638928,24.20072953,0 121.60647511,24.20065124,0 121.60621762,24.20083228,0 121.60611033,24.20074910,0 121.60618007,24.20054359,0 121.60562754,24.20056317,0 121.60600841,24.20066103,0 121.60602450,24.20075889,0 121.60539687,24.20064635,0 121.60540760,24.20084207,0 121.60574019,24.20077846,0 121.60635710,24.20111607,0 121.60670042,24.20179130,0 121.60664141,24.20204573,0 121.60698473,24.20285306,0 121.60720468,24.20305856,0 121.60749972,24.20308792,0 121.60712957,24.20283349,0</coordinates>
</LinearRing></outerBoundaryIs></Polygon>
</Placemark>
<Placemark>
<name>SWCB_2029_1</name>
<ExtendedData>
<Data name="events"><value>0629豪雨</value></Data>
<Data name="area_ha"><value>5.53607198895</value></Data>
<Data name="source"><value>民國113年農村水保署災後衛星影像判釋</value></Data>
</ExtendedData>
<Polygon><outerBoundaryIs><LinearRing>
<coordinates>121.61225796,24.20000047,0 121.61249936,24.20014726,0 121.61326110,24.20002005,0 121.61377609,24.20023534,0 121.61411941,24.20059252,0 121.61423743,24.20052402,0 121.61437690,24.20078824,0 121.61451101,24.20071485,0 121.61448956,24.20039191,0 121.61431253,24.20021087,0 121.61384046,24.20007876,0 121.61363125,24.19983900,0 121.61366343,24.19970200,0 121.61355078,24.19959435,0 121.61372244,24.19946714,0 121.61354542,24.19940842,0 121.61337376,24.19902676,0 121.61314845,24.19892890,0 121.61314845,24.19867936,0 121.61301970,24.19864021,0 121.61320746,24.19848853,0 121.61302507,24.19836620,0 121.61282659,24.19834663,0 121.61290705,24.19850810,0 121.61274612,24.19866957,0 121.61277831,24.19898762,0 121.61252081,24.19829281,0 121.61252618,24.19854725,0 121.61232233,24.19844449,0 121.61226332,24.19865000,0 121.61222577,24.19846896,0 121.61218822,24.19858150,0 121.61212921,24.19863043,0 121.61214530,24.19844939,0 121.61194682,24.19848364,0 121.61197364,24.19831727,0 121.61159277,24.19822430,0 121.61115289,24.19834663,0 121.61107779,24.19814602,0 121.61027849,24.19765671,0 121.61021948,24.19744141,0 121.60973132,24.19739248,0 121.60963476,24.19712825,0 121.60953283,24.19717719,0 121.60952747,24.19697657,0 121.60881400,24.19674170,0 121.60886765,24.19662916,0 121.60842240,24.19639918,0 121.60683453,24.19636493,0 121.60670042,24.19671234,0 121.60634100,24.19691296,0 121.60631955,24.19721144,0 121.60650194,24.19729951,0 121.60677552,24.19720165,0 121.60677016,24.19706464,0 121.60718858,24.19706954,0 121.60709739,24.19696189,0 121.60759091,24.19660958,0 121.60810590,24.19657533,0 121.60902321,24.19714293,0 121.60940409,24.19721633,0 121.60968304,24.19764203,0 121.61018193,24.19779371,0 121.61017120,24.19804326,0 121.61105096,24.19842003,0 121.61123872,24.19866957,0 121.61128163,24.19855703,0 121.61154985,24.19897783,0 121.61102414,24.19920291,0 121.61126554,24.19926652,0 121.61128700,24.19914909,0 121.61134064,24.19934970,0 121.61166251,24.19926652,0 121.61175370,24.19940842,0 121.61188245,24.19935460,0 121.61215067,24.19969221,0 121.61225796,24.20000047,0</coordinates>
</LinearRing></outerBoundaryIs></Polygon>
</Placemark>
<Placemark>
<name>SWCB_2033_1</name>
<ExtendedData>
<Data name="events"><value>0629豪雨</value></Data>
<Data name="area_ha"><value>0.164466454791</value></Data>
<Data name="source"><value>民國113年農村水保署災後衛星影像判釋</value></Data>
</ExtendedData>
<Polygon><outerBoundaryIs><LinearRing>
<coordinates>121.61329865,24.19100194,0 121.61341131,24.19116831,0 121.61347568,24.19104598,0 121.61350250,24.19119278,0 121.61330402,24.19118299,0 121.61321819,24.19142277,0 121.61344349,24.19140319,0 121.61340594,24.19129065,0 121.61364198,24.19116342,0 121.61367953,24.19087961,0 121.61351860,24.19083557,0 121.61363125,24.19057133,0 121.61329865,24.19100194,0</coordinates>
</LinearRing></outerBoundaryIs></Polygon>
</Placemark>
<Placemark>
<name>SWCB_2034_1</name>
<ExtendedData>
<Data name="events"><value>0629豪雨</value></Data>
<Data name="area_ha"><value>0.329965214862</value></Data>
<Data name="source"><value>民國113年農村水保署災後衛星影像判釋</value></Data>
</ExtendedData>
<Polygon><outerBoundaryIs><LinearRing>
<coordinates>121.61846459,24.18704806,0 121.61842167,24.18716551,0 121.61858261,24.18722912,0 121.61878645,24.18709210,0 121.61943018,24.18700402,0 121.61960721,24.18687190,0 121.61930680,24.18675935,0 121.61947310,24.18649999,0 121.61893666,24.18676913,0 121.61871672,24.18701381,0 121.61846459,24.18704806,0</coordinates>
</LinearRing></outerBoundaryIs></Polygon>
</Placemark>
<Placemark>
<name>SWCB_2039_1</name>
<ExtendedData>
<Data name="events"><value>0629豪雨</value></Data>
<Data name="area_ha"><value>0.11327952901</value></Data>
<Data name="source"><value>民國113年農村水保署災後衛星影像判釋</value></Data>
</ExtendedData>
<Polygon><outerBoundaryIs><LinearRing>
<coordinates>121.61350250,24.19157446,0 121.61364734,24.19163807,0 121.61363661,24.19179955,0 121.61396384,24.19183381,0 121.61383510,24.19151574,0 121.61366343,24.19158425,0 121.61359906,24.19139341,0 121.61350250,24.19157446,0</coordinates>
</LinearRing></outerBoundaryIs></Polygon>
</Placemark>
<Placemark>
<name>SWCB_2072_1</name>
<ExtendedData>
<Data name="events"><value>0629豪雨</value></Data>
<Data name="area_ha"><value>0.124300861057</value></Data>
<Data name="source"><value>民國113年農村水保署災後衛星影像判釋</value></Data>
</ExtendedData>
<Polygon><outerBoundaryIs><LinearRing>
<coordinates>121.60808980,24.20445791,0 121.60788596,24.20480041,0 121.60833120,24.20472702,0 121.60839558,24.20445302,0 121.60828829,24.20444813,0 121.60808980,24.20445791,0</coordinates>
</LinearRing></outerBoundaryIs></Polygon>
</Placemark>
<Placemark>
<name>SWCB_1058_1</name>
<ExtendedData>
<Data name="events"><value>0403花蓮地震</value></Data>
<Data name="area_ha"><value>0.440328836697</value></Data>
<Data name="source"><value>民國113年農村水保署災後衛星影像判釋</value></Data>
</ExtendedData>
<Polygon><outerBoundaryIs><LinearRing>
<coordinates>121.61737025,24.20263777,0 121.61740780,24.20287263,0 121.61753654,24.20283838,0 121.61753654,24.20245184,0 121.61766529,24.20227570,0 121.61734879,24.20200659,0 121.61744535,24.20163472,0 121.61723077,24.20199191,0 121.61711276,24.20193808,0 121.61661923,24.20230995,0 121.61733806,24.20210934,0 121.61741853,24.20229037,0 121.61700547,24.20271116,0 121.61718249,24.20284327,0 121.61737025,24.20263777,0</coordinates>
</LinearRing></outerBoundaryIs></Polygon>
</Placemark>
<Placemark>
<name>SWCB_1341_1</name>
<ExtendedData>
<Data name="events"><value>0403花蓮地震</value></Data>
<Data name="area_ha"><value>0.070377507164</value></Data>
<Data name="source"><value>民國113年農村水保署災後衛星影像判釋</value></Data>
</ExtendedData>
<Polygon><outerBoundaryIs><LinearRing>
<coordinates>121.60121799,24.20007876,0 121.60105705,24.20028427,0 121.60142720,24.20022555,0 121.60150230,24.20000537,0 121.60136282,24.20006898,0 121.60121799,24.20007876,0</coordinates>
</LinearRing></outerBoundaryIs></Polygon>
</Placemark>
<Placemark>
<name>SWCB_1347_1</name>
<ExtendedData>
<Data name="events"><value>0403花蓮地震</value></Data>
<Data name="area_ha"><value>2.47687378819</value></Data>
<Data name="source"><value>民國113年農村水保署災後衛星影像判釋</value></Data>
</ExtendedData>
<Polygon><outerBoundaryIs><LinearRing>
<coordinates>121.61223114,24.19731419,0 121.61257982,24.19801390,0 121.61282659,24.19805305,0 121.61323965,24.19768117,0 121.61336839,24.19739248,0 121.61388338,24.19716740,0 121.61326110,24.19650194,0 121.61301434,24.19638450,0 121.61256373,24.19642854,0 121.61218822,24.19589519,0 121.61148548,24.19565542,0 121.61160350,24.19588051,0 121.61203265,24.19607623,0 121.61225796,24.19639918,0 121.61193609,24.19663894,0 121.61196828,24.19710868,0 121.61223114,24.19731419,0</coordinates>
</LinearRing></outerBoundaryIs></Polygon>
</Placemark>
<Placemark>
<name>SWCB_1366_1</name>
<ExtendedData>
<Data name="events"><value>0403花蓮地震</value></Data>
<Data name="area_ha"><value>0.024635493876</value></Data>
<Data name="source"><value>民國113年農村水保署災後衛星影像判釋</value></Data>
</ExtendedData>
<Polygon><outerBoundaryIs><LinearRing>
<coordinates>121.60369635,24.20001515,0 121.60371244,24.20014237,0 121.60383046,24.20009344,0 121.60379827,24.19997112,0 121.60369635,24.20001515,0</coordinates>
</LinearRing></outerBoundaryIs></Polygon>
</Placemark>
<Placemark>
<name>SWCB_1413_1</name>
<ExtendedData>
<Data name="events"><value>0403花蓮地震</value></Data>
<Data name="area_ha"><value>0.0304781998414</value></Data>
<Data name="source"><value>民國113年農村水保署災後衛星影像判釋</value></Data>
</ExtendedData>
<Polygon><outerBoundaryIs><LinearRing>
<coordinates>121.59826219,24.19726526,0 121.59822464,24.19703039,0 121.59819782,24.19735823,0 121.59807444,24.19744141,0 121.59821928,24.19746588,0 121.59826219,24.19726526,0</coordinates>
</LinearRing></outerBoundaryIs></Polygon>
</Placemark>
<Placemark>
<name>SWCB_1421_1</name>
<ExtendedData>
<Data name="events"><value>0403花蓮地震</value></Data>
<Data name="area_ha"><value>0.0594056566227</value></Data>
<Data name="source"><value>民國113年農村水保署災後衛星影像判釋</value></Data>
</ExtendedData>
<Polygon><outerBoundaryIs><LinearRing>
<coordinates>121.59783304,24.19827324,0 121.59778476,24.19812644,0 121.59770966,24.19821452,0 121.59732342,24.19816069,0 121.59758091,24.19831238,0 121.59783304,24.19827324,0</coordinates>
</LinearRing></outerBoundaryIs></Polygon>
</Placemark>
<Placemark>
<name>SWCB_1484_1</name>
<ExtendedData>
<Data name="events"><value>0403花蓮地震</value></Data>
<Data name="area_ha"><value>0.0285421891539</value></Data>
<Data name="source"><value>民國113年農村水保署災後衛星影像判釋</value></Data>
</ExtendedData>
<Polygon><outerBoundaryIs><LinearRing>
<coordinates>121.59877181,24.19708911,0 121.59873962,24.19698635,0 121.59856796,24.19704996,0 121.59858942,24.19722122,0 121.59877181,24.19708911,0</coordinates>
</LinearRing></outerBoundaryIs></Polygon>
</Placemark>
<Placemark>
<name>SWCB_1514_1</name>
<ExtendedData>
<Data name="events"><value>0403花蓮地震</value></Data>
<Data name="area_ha"><value>0.0216637539806</value></Data>
<Data name="source"><value>民國113年農村水保署災後衛星影像判釋</value></Data>
</ExtendedData>
<Polygon><outerBoundaryIs><LinearRing>
<coordinates>121.59998417,24.19925184,0 121.59992516,24.19919802,0 121.59982860,24.19936438,0 121.59990370,24.19949160,0 121.59998417,24.19925184,0</coordinates>
</LinearRing></outerBoundaryIs></Polygon>
</Placemark>
<Placemark>
<name>SWCB_1543_1</name>
<ExtendedData>
<Data name="events"><value>0403花蓮地震</value></Data>
<Data name="area_ha"><value>2.62283514236</value></Data>
<Data name="source"><value>民國113年農村水保署災後衛星影像判釋</value></Data>
</ExtendedData>
<Polygon><outerBoundaryIs><LinearRing>
<coordinates>121.61182880,24.20228059,0 121.61118507,24.20167876,0 121.61114752,24.20187448,0 121.61170542,24.20225612,0 121.61182344,24.20257906,0 121.61124408,24.20250077,0 121.61094904,24.20225612,0 121.61086857,24.20194298,0 121.61103487,24.20171301,0 121.61076128,24.20134115,0 121.61077201,24.20119925,0 121.61114752,24.20149283,0 121.61116362,24.20129711,0 121.61057889,24.20052402,0 121.61033213,24.20041638,0 121.61007464,24.19995644,0 121.60946310,24.19950139,0 121.60942554,24.19964328,0 121.60971522,24.20017173,0 121.60935581,24.20024023,0 121.60913587,24.19997112,0 121.60852432,24.19974604,0 121.60864770,24.20012769,0 121.60938263,24.20049466,0 121.60959184,24.20091546,0 121.61057889,24.20165429,0 121.61080956,24.20224634,0 121.61108851,24.20255459,0 121.61207557,24.20283838,0 121.61182880,24.20228059,0</coordinates>
</LinearRing></outerBoundaryIs></Polygon>
</Placemark>
<Placemark>
<name>SWCB_1550_1</name>
<ExtendedData>
<Data name="events"><value>0403花蓮地震</value></Data>
<Data name="area_ha"><value>0.56990392155</value></Data>
<Data name="source"><value>民國113年農村水保署災後衛星影像判釋</value></Data>
</ExtendedData>
<Polygon><outerBoundaryIs><LinearRing>
<coordinates>121.60490334,24.20417413,0 121.60403430,24.20377781,0 121.60347104,24.20371420,0 121.60348713,24.20383652,0 121.60425425,24.20441388,0 121.60490334,24.20417413,0</coordinates>
</LinearRing></outerBoundaryIs></Polygon>
</Placemark>
<Placemark>
<name>SWCB_1555_1</name>
<ExtendedData>
<Data name="events"><value>0403花蓮地震</value></Data>
<Data name="area_ha"><value>19.1537408552</value></Data>
<Data name="source"><value>民國113年農村水保署災後衛星影像判釋</value></Data>
</ExtendedData>
<Polygon><outerBoundaryIs><LinearRing>
<coordinates>121.61976278,24.19071323,0 121.62017584,24.19066919,0 121.62056744,24.19115363,0 121.62108243,24.19110959,0 121.62146330,24.19022879,0 121.62174225,24.19029240,0 121.62187099,24.19013582,0 121.62188172,24.18971988,0 121.62253618,24.18954861,0 121.62269175,24.18945564,0 121.62267566,24.18928437,0 121.62201047,24.18865801,0 121.62158668,24.18798761,0 121.62097514,24.18766953,0 121.61984324,24.18764996,0 121.61984324,24.18780166,0 121.61894739,24.18806101,0 121.61767066,24.18821271,0 121.61720932,24.18779187,0 121.61665678,24.18776251,0 121.61729515,24.18802186,0 121.61732733,24.18827632,0 121.61702156,24.18830079,0 121.61644220,24.18875099,0 121.61597013,24.18871184,0 121.61576629,24.18890757,0 121.61586285,24.18927947,0 121.61570191,24.18948500,0 121.61476851,24.18958286,0 121.61444664,24.18951436,0 121.61443591,24.18937734,0 121.61536932,24.18888800,0 121.61534786,24.18858461,0 121.61501527,24.18855525,0 121.61455393,24.18882928,0 121.61414623,24.18870205,0 121.61421061,24.18834972,0 121.61395311,24.18833994,0 121.61401749,24.18886843,0 121.61369562,24.18925990,0 121.61380291,24.18985689,0 121.61373854,24.19065941,0 121.61349177,24.19084535,0 121.61354542,24.19112917,0 121.61337376,24.19128575,0 121.61357760,24.19145213,0 121.61354542,24.19160871,0 121.61388874,24.19176530,0 121.61456466,24.19156957,0 121.61476851,24.19166743,0 121.61554098,24.19161850,0 121.61545515,24.19150106,0 121.61489725,24.19137383,0 121.61483288,24.19093343,0 121.61528349,24.19031687,0 121.61589503,24.18987647,0 121.61656022,24.18907395,0 121.61677480,24.18909352,0 121.61679626,24.18992540,0 121.61746144,24.18992540,0 121.61740780,24.19008199,0 121.61695719,24.19025815,0 121.61692500,24.19041474,0 121.61779404,24.19049303,0 121.61798179,24.19067898,0 121.61756873,24.19085514,0 121.61754727,24.19096279,0 121.61786377,24.19118299,0 121.61733806,24.19150106,0 121.61800325,24.19161850,0 121.61752045,24.19194146,0 121.61769748,24.19194146,0 121.61782622,24.19209804,0 121.61841631,24.19154510,0 121.61904931,24.19088939,0 121.61976278,24.19071323,0</coordinates>
</LinearRing></outerBoundaryIs></Polygon>
</Placemark>
<Placemark>
<name>SWCB_1570_1</name>
<ExtendedData>
<Data name="events"><value>0403花蓮地震</value></Data>
<Data name="area_ha"><value>0.523227960884</value></Data>
<Data name="source"><value>民國113年農村水保署災後衛星影像判釋</value></Data>
</ExtendedData>
<Polygon><outerBoundaryIs><LinearRing>
<coordinates>121.60141647,24.20350381,0 121.60171151,24.20406649,0 121.60199583,24.20423774,0 121.60197437,24.20408116,0 121.60181880,24.20404692,0 121.60218358,24.20384631,0 121.60207093,24.20353806,0 121.60172224,24.20334234,0 121.60092831,24.20330809,0 121.60116971,24.20344999,0 121.60141647,24.20350381,0</coordinates>
</LinearRing></outerBoundaryIs></Polygon>
</Placemark>
<Placemark>
<name>SWCB_1603_1</name>
<ExtendedData>
<Data name="events"><value>0403花蓮地震</value></Data>
<Data name="area_ha"><value>0.487816931623</value></Data>
<Data name="source"><value>民國113年農村水保署災後衛星影像判釋</value></Data>
</ExtendedData>
<Polygon><outerBoundaryIs><LinearRing>
<coordinates>121.59917414,24.19878701,0 121.59913659,24.19926652,0 121.59931362,24.19958946,0 121.59946382,24.19944267,0 121.59945846,24.19901698,0 121.59917951,24.19817048,0 121.59920633,24.19773500,0 121.59895957,24.19735334,0 121.59909904,24.19786711,0 121.59898102,24.19853746,0 121.59917414,24.19878701,0</coordinates>
</LinearRing></outerBoundaryIs></Polygon>
</Placemark>
<Placemark>
<name>SWCB_1619_1</name>
<ExtendedData>
<Data name="events"><value>0403花蓮地震</value></Data>
<Data name="area_ha"><value>0.0279966046937</value></Data>
<Data name="source"><value>民國113年農村水保署災後衛星影像判釋</value></Data>
</ExtendedData>
<Polygon><outerBoundaryIs><LinearRing>
<coordinates>121.59827828,24.19784265,0 121.59817100,24.19769096,0 121.59813881,24.19778882,0 121.59827292,24.19798454,0 121.59827828,24.19784265,0</coordinates>
</LinearRing></outerBoundaryIs></Polygon>
</Placemark>
<Placemark>
<name>SWCB_1628_1</name>
<ExtendedData>
<Data name="events"><value>0403花蓮地震</value></Data>
<Data name="area_ha"><value>0.681799274718</value></Data>
<Data name="source"><value>民國113年農村水保署災後衛星影像判釋</value></Data>
</ExtendedData>
<Polygon><outerBoundaryIs><LinearRing>
<coordinates>121.61748827,24.19259716,0 121.61718249,24.19264609,0 121.61741316,24.19237696,0 121.61725223,24.19219591,0 121.61704302,24.19217634,0 121.61689281,24.19250419,0 121.61695182,24.19269013,0 121.61742389,24.19274396,0 121.61914587,24.19202464,0 121.61967695,24.19204911,0 121.61974669,24.19157935,0 121.61937118,24.19181913,0 121.61941946,24.19161361,0 121.61930680,24.19160382,0 121.61914051,24.19194635,0 121.61748827,24.19259716,0</coordinates>
</LinearRing></outerBoundaryIs></Polygon>
</Placemark>
<Placemark>
<name>SWCB_1654_1</name>
<ExtendedData>
<Data name="events"><value>0403花蓮地震</value></Data>
<Data name="area_ha"><value>0.0549267252014</value></Data>
<Data name="source"><value>民國113年農村水保署災後衛星影像判釋</value></Data>
</ExtendedData>
<Polygon><outerBoundaryIs><LinearRing>
<coordinates>121.59801006,24.19736312,0 121.59774184,24.19722612,0 121.59775257,24.19742184,0 121.59802079,24.19759799,0 121.59801006,24.19736312,0</coordinates>
</LinearRing></outerBoundaryIs></Polygon>
</Placemark>
<Placemark>
<name>SWCB_1658_1</name>
<ExtendedData>
<Data name="events"><value>0403花蓮地震</value></Data>
<Data name="area_ha"><value>0.823604096379</value></Data>
<Data name="source"><value>民國113年農村水保署災後衛星影像判釋</value></Data>
</ExtendedData>
<Polygon><outerBoundaryIs><LinearRing>
<coordinates>121.60641074,24.20060231,0 121.60603523,24.20066592,0 121.60612106,24.20085674,0 121.60584211,24.20079803,0 121.60516083,24.20046041,0 121.60581529,24.20065613,0 121.60505891,24.20012769,0 121.60460830,24.20004940,0 121.60456538,24.20014237,0 121.60546660,24.20076867,0 121.60621762,24.20098885,0 121.60666287,24.20126286,0 121.60692036,24.20110139,0 121.60698473,24.20094482,0 121.60688281,24.20085674,0 121.60641074,24.20060231,0</coordinates>
</LinearRing></outerBoundaryIs></Polygon>
</Placemark>
<Placemark>
<name>SWCB_1672_1</name>
<ExtendedData>
<Data name="events"><value>0403花蓮地震</value></Data>
<Data name="area_ha"><value>0.657313558874</value></Data>
<Data name="source"><value>民國113年農村水保署災後衛星影像判釋</value></Data>
</ExtendedData>
<Polygon><outerBoundaryIs><LinearRing>
<coordinates>121.60849214,24.19833195,0 121.60845459,24.19818027,0 121.60798252,24.19779861,0 121.60805762,24.19759310,0 121.60771966,24.19753927,0 121.60771966,24.19737291,0 121.60736024,24.19744631,0 121.60722077,24.19730930,0 121.60682380,24.19744631,0 121.60694718,24.19764692,0 121.60805762,24.19807751,0 121.60839021,24.19833195,0 121.60849214,24.19833195,0</coordinates>
</LinearRing></outerBoundaryIs></Polygon>
</Placemark>
<Placemark>
<name>SWCB_1692_1</name>
<ExtendedData>
<Data name="events"><value>0403花蓮地震</value></Data>
<Data name="area_ha"><value>0.0230204462442</value></Data>
<Data name="source"><value>民國113年農村水保署災後衛星影像判釋</value></Data>
</ExtendedData>
<Polygon><outerBoundaryIs><LinearRing>
<coordinates>121.59820318,24.19855703,0 121.59809589,24.19838088,0 121.59806371,24.19849832,0 121.59820855,24.19870382,0 121.59820318,24.19855703,0</coordinates>
</LinearRing></outerBoundaryIs></Polygon>
</Placemark>
<Placemark>
<name>SWCB_1694_1</name>
<ExtendedData>
<Data name="events"><value>0403花蓮地震</value></Data>
<Data name="area_ha"><value>0.597867655337</value></Data>
<Data name="source"><value>民國113年農村水保署災後衛星影像判釋</value></Data>
</ExtendedData>
<Polygon><outerBoundaryIs><LinearRing>
<coordinates>121.61519229,24.19548905,0 121.61536396,24.19540587,0 121.61547124,24.19554777,0 121.61546588,24.19570925,0 121.61533713,24.19576796,0 121.61556244,24.19581690,0 121.61529422,24.19497527,0 121.61543906,24.19427554,0 121.61537468,24.19389387,0 121.61490798,24.19381069,0 121.61529422,24.19420704,0 121.61519766,24.19449084,0 121.61481678,24.19452999,0 121.61519229,24.19548905,0</coordinates>
</LinearRing></outerBoundaryIs></Polygon>
</Placemark>
<Placemark>
<name>SWCB_2022_1</name>
<ExtendedData>
<Data name="events"><value>0629豪雨</value></Data>
<Data name="area_ha"><value>0.281096343803</value></Data>
<Data name="source"><value>民國113年農村水保署災後衛星影像判釋</value></Data>
</ExtendedData>
<Polygon><outerBoundaryIs><LinearRing>
<coordinates>121.60176516,24.19803837,0 121.60178125,24.19841024,0 121.60204411,24.19878211,0 121.60207093,24.19863532,0 121.60222113,24.19866468,0 121.60219431,24.19839556,0 121.60207629,24.19835152,0 121.60219967,24.19814112,0 121.60207093,24.19790626,0 121.60176516,24.19803837,0</coordinates>
</LinearRing></outerBoundaryIs></Polygon>
</Placemark>
<Placemark>
<name>SWCB_2026_1</name>
<ExtendedData>
<Data name="events"><value>0629豪雨</value></Data>
<Data name="area_ha"><value>4.16772524231</value></Data>
<Data name="source"><value>民國113年農村水保署災後衛星影像判釋</value></Data>
</ExtendedData>
<Polygon><outerBoundaryIs><LinearRing>
<coordinates>121.60829365,24.20142433,0 121.60848677,24.20137540,0 121.60846531,24.20155644,0 121.60857260,24.20157111,0 121.60847604,24.20175215,0 121.60859942,24.20192341,0 121.60889983,24.20198212,0 121.60891593,24.20208976,0 121.60911441,24.20193808,0 121.60926461,24.20197723,0 121.60907149,24.20183044,0 121.60910368,24.20161515,0 121.60901785,24.20164940,0 121.60898566,24.20158579,0 121.60913587,24.20157111,0 121.60916805,24.20169344,0 121.60923243,24.20162004,0 121.60941482,24.20198212,0 121.60930753,24.20193808,0 121.60917878,24.20210934,0 121.60936654,24.20230995,0 121.60950601,24.20228548,0 121.60947382,24.20209466,0 121.60964549,24.20209466,0 121.60995662,24.20253502,0 121.61012292,24.20256927,0 121.61008000,24.20241270,0 121.61021948,24.20237845,0 121.61045015,24.20257906,0 121.61055744,24.20248609,0 121.61067009,24.20266713,0 121.61072373,24.20253991,0 121.61101341,24.20244695,0 121.61087930,24.20235398,0 121.61100268,24.20215827,0 121.61083102,24.20204573,0 121.61068618,24.20160537,0 121.61077738,24.20154176,0 121.61101341,24.20181087,0 121.61120117,24.20184023,0 121.61111534,24.20129222,0 121.61080956,24.20109650,0 121.61106706,24.20134115,0 121.61114752,24.20176683,0 121.61049843,24.20118457,0 121.61073446,24.20195276,0 121.61053061,24.20199680,0 121.61048770,24.20189894,0 121.61065400,24.20183044,0 121.60988152,24.20109650,0 121.60988688,24.20087142,0 121.60977423,24.20098885,0 121.60951674,24.20076378,0 121.60942554,24.20040659,0 121.60929680,24.20051913,0 121.60930753,24.20036255,0 121.60911977,24.20043106,0 121.60915732,24.20032341,0 121.60906076,24.20037723,0 121.60858870,24.20008365,0 121.60811126,24.20017662,0 121.60792887,24.20038702,0 121.60797715,24.20054359,0 121.60810590,24.20054849,0 121.60822392,24.20114054,0 121.60829365,24.20142433,0</coordinates>
</LinearRing></outerBoundaryIs></Polygon>
</Placemark>
<Placemark>
<name>SWCB_3416_1</name>
<ExtendedData>
<Data name="events"><value>凱米颱風</value></Data>
<Data name="area_ha"><value>0.190036833944</value></Data>
<Data name="source"><value>民國113年農村水保署災後衛星影像判釋</value></Data>
</ExtendedData>
<Polygon><outerBoundaryIs><LinearRing>
<coordinates>121.60155594,24.20559794,0 121.60155058,24.20586704,0 121.60194218,24.20596000,0 121.60204947,24.20550987,0 121.60155594,24.20559794,0</coordinates>
</LinearRing></outerBoundaryIs></Polygon>
</Placemark>
<Placemark>
<name>SWCB_3417_1</name>
<ExtendedData>
<Data name="events"><value>凱米颱風</value></Data>
<Data name="area_ha"><value>0.714214964922</value></Data>
<Data name="source"><value>民國113年農村水保署災後衛星影像判釋</value></Data>
</ExtendedData>
<Polygon><outerBoundaryIs><LinearRing>
<coordinates>121.60234988,24.20479062,0 121.60205483,24.20469766,0 121.60126626,24.20505484,0 121.60106778,24.20523098,0 121.60106242,24.20541201,0 121.60183489,24.20543158,0 121.60228014,24.20524565,0 121.60234988,24.20479062,0</coordinates>
</LinearRing></outerBoundaryIs></Polygon>
</Placemark>
<Placemark>
<name>SWCB_3418_1</name>
<ExtendedData>
<Data name="events"><value>凱米颱風</value></Data>
<Data name="area_ha"><value>0.600118391523</value></Data>
<Data name="source"><value>民國113年農村水保署災後衛星影像判釋</value></Data>
</ExtendedData>
<Polygon><outerBoundaryIs><LinearRing>
<coordinates>121.60560071,24.20463895,0 121.60560071,24.20481998,0 121.60530567,24.20472702,0 121.60520375,24.20499612,0 121.60510719,24.20499612,0 121.60510182,24.20527012,0 121.60480678,24.20535819,0 121.60480142,24.20553433,0 121.60519838,24.20545115,0 121.60520375,24.20517716,0 121.60549343,24.20536308,0 121.60589039,24.20527501,0 121.60598695,24.20518694,0 121.60589576,24.20464384,0 121.60560071,24.20463895,0</coordinates>
</LinearRing></outerBoundaryIs></Polygon>
</Placemark>
<Placemark>
<name>SWCB_3419_1</name>
<ExtendedData>
<Data name="events"><value>凱米颱風</value></Data>
<Data name="area_ha"><value>0.0600116915775</value></Data>
<Data name="source"><value>民國113年農村水保署災後衛星影像判釋</value></Data>
</ExtendedData>
<Polygon><outerBoundaryIs><LinearRing>
<coordinates>121.60275757,24.20353317,0 121.60275757,24.20371420,0 121.60305262,24.20371420,0 121.60305262,24.20353317,0 121.60275757,24.20353317,0</coordinates>
</LinearRing></outerBoundaryIs></Polygon>
</Placemark>
<Placemark>
<name>SWCB_3420_1</name>
<ExtendedData>
<Data name="events"><value>凱米颱風</value></Data>
<Data name="area_ha"><value>0.130025482345</value></Data>
<Data name="source"><value>民國113年農村水保署災後衛星影像判釋</value></Data>
</ExtendedData>
<Polygon><outerBoundaryIs><LinearRing>
<coordinates>121.60286486,24.20290199,0 121.60295606,24.20317109,0 121.60325646,24.20317599,0 121.60315990,24.20281391,0 121.60286486,24.20290199,0</coordinates>
</LinearRing></outerBoundaryIs></Polygon>
</Placemark>
<Placemark>
<name>SWCB_3421_1</name>
<ExtendedData>
<Data name="events"><value>凱米颱風</value></Data>
<Data name="area_ha"><value>0.360070548741</value></Data>
<Data name="source"><value>民國113年農村水保署災後衛星影像判釋</value></Data>
</ExtendedData>
<Polygon><outerBoundaryIs><LinearRing>
<coordinates>121.60356760,24.20155154,0 121.60336912,24.20173258,0 121.60326183,24.20245184,0 121.60355687,24.20236377,0 121.60376072,24.20182555,0 121.60385728,24.20182555,0 121.60386264,24.20155644,0 121.60356760,24.20155154,0</coordinates>
</LinearRing></outerBoundaryIs></Polygon>
</Placemark>
<Placemark>
<name>SWCB_3422_1</name>
<ExtendedData>
<Data name="events"><value>凱米颱風</value></Data>
<Data name="area_ha"><value>0.200038763102</value></Data>
<Data name="source"><value>民國113年農村水保署災後衛星影像判釋</value></Data>
</ExtendedData>
<Polygon><outerBoundaryIs><LinearRing>
<coordinates>121.60092831,24.19981454,0 121.60082638,24.20017173,0 121.60131991,24.20008855,0 121.60131991,24.19972647,0 121.60092831,24.19981454,0</coordinates>
</LinearRing></outerBoundaryIs></Polygon>
</Placemark>
<Placemark>
<name>SWCB_3424_1</name>
<ExtendedData>
<Data name="events"><value>凱米颱風</value></Data>
<Data name="area_ha"><value>0.320063667717</value></Data>
<Data name="source"><value>民國113年農村水保署災後衛星影像判釋</value></Data>
</ExtendedData>
<Polygon><outerBoundaryIs><LinearRing>
<coordinates>121.60678089,24.20501080,0 121.60637856,24.20536797,0 121.60637856,24.20554901,0 121.60667360,24.20555390,0 121.60687208,24.20528480,0 121.60726905,24.20519673,0 121.60737097,24.20492762,0 121.60678089,24.20501080,0</coordinates>
</LinearRing></outerBoundaryIs></Polygon>
</Placemark>
<Placemark>
<name>SWCB_3425_1</name>
<ExtendedData>
<Data name="events"><value>凱米颱風</value></Data>
<Data name="area_ha"><value>0.150029884305</value></Data>
<Data name="source"><value>民國113年農村水保署災後衛星影像判釋</value></Data>
</ExtendedData>
<Polygon><outerBoundaryIs><LinearRing>
<coordinates>121.60599768,24.20455577,0 121.60599232,24.20482487,0 121.60648584,24.20482977,0 121.60648584,24.20456066,0 121.60599768,24.20455577,0</coordinates>
</LinearRing></outerBoundaryIs></Polygon>
</Placemark>
<Placemark>
<name>SWCB_3426_1</name>
<ExtendedData>
<Data name="events"><value>凱米颱風</value></Data>
<Data name="area_ha"><value>0.51010264879</value></Data>
<Data name="source"><value>民國113年農村水保署災後衛星影像判釋</value></Data>
</ExtendedData>
<Polygon><outerBoundaryIs><LinearRing>
<coordinates>121.60817027,24.20394417,0 121.60816491,24.20403224,0 121.60786986,24.20402734,0 121.60777330,24.20420838,0 121.60737634,24.20420349,0 121.60737634,24.20447748,0 121.60855651,24.20430624,0 121.60855651,24.20421816,0 121.60875499,24.20421816,0 121.60876036,24.20394906,0 121.60817027,24.20394417,0</coordinates>
</LinearRing></outerBoundaryIs></Polygon>
</Placemark>
<Placemark>
<name>SWCB_3440_1</name>
<ExtendedData>
<Data name="events"><value>凱米颱風</value></Data>
<Data name="area_ha"><value>0.300056939921</value></Data>
<Data name="source"><value>民國113年農村水保署災後衛星影像判釋</value></Data>
</ExtendedData>
<Polygon><outerBoundaryIs><LinearRing>
<coordinates>121.59732342,24.18740529,0 121.59731805,24.18767932,0 121.59741998,24.18767932,0 121.59751117,24.18804144,0 121.59780622,24.18795335,0 121.59781158,24.18750316,0 121.59761846,24.18732210,0 121.59732342,24.18740529,0</coordinates>
</LinearRing></outerBoundaryIs></Polygon>
</Placemark>
<Placemark>
<name>SWCB_3436_1</name>
<ExtendedData>
<Data name="events"><value>凱米颱風</value></Data>
<Data name="area_ha"><value>0.0600117865678</value></Data>
<Data name="source"><value>民國113年農村水保署災後衛星影像判釋</value></Data>
</ExtendedData>
<Polygon><outerBoundaryIs><LinearRing>
<coordinates>121.60435081,24.19297883,0 121.60434544,24.19315989,0 121.60464048,24.19316478,0 121.60464585,24.19298373,0 121.60435081,24.19297883,0</coordinates>
</LinearRing></outerBoundaryIs></Polygon>
</Placemark>
<Placemark>
<name>SWCB_3437_1</name>
<ExtendedData>
<Data name="events"><value>凱米颱風</value></Data>
<Data name="area_ha"><value>0.120022717415</value></Data>
<Data name="source"><value>民國113年農村水保署災後衛星影像判釋</value></Data>
</ExtendedData>
<Polygon><outerBoundaryIs><LinearRing>
<coordinates>121.59726441,24.19273417,0 121.59736097,24.19300819,0 121.59765601,24.19292012,0 121.59755945,24.19264609,0 121.59726441,24.19273417,0</coordinates>
</LinearRing></outerBoundaryIs></Polygon>
</Placemark>
<Placemark>
<name>SWCB_3442_1</name>
<ExtendedData>
<Data name="events"><value>凱米颱風</value></Data>
<Data name="area_ha"><value>0.350067016566</value></Data>
<Data name="source"><value>民國113年農村水保署災後衛星影像判釋</value></Data>
</ExtendedData>
<Polygon><outerBoundaryIs><LinearRing>
<coordinates>121.59752727,24.18650488,0 121.59752190,24.18695509,0 121.59752196,24.18695509,0 121.59752190,24.18695998,0 121.59772038,24.18695998,0 121.59791887,24.18669084,0 121.59831583,24.18660275,0 121.59832120,24.18633361,0 121.59762919,24.18641680,0 121.59752727,24.18650488,0</coordinates>
</LinearRing></outerBoundaryIs></Polygon>
</Placemark>
<Placemark>
<name>SWCB_2035_1</name>
<ExtendedData>
<Data name="events"><value>0629豪雨</value></Data>
<Data name="area_ha"><value>0.124810513777</value></Data>
<Data name="source"><value>民國113年農村水保署災後衛星影像判釋</value></Data>
</ExtendedData>
<Polygon><outerBoundaryIs><LinearRing>
<coordinates>121.61731660,24.18233554,0 121.61728442,24.18253618,0 121.61767066,24.18232576,0 121.61783159,24.18193916,0 121.61731660,24.18233554,0</coordinates>
</LinearRing></outerBoundaryIs></Polygon>
</Placemark>
<Placemark>
<name>SWCB_2054_1</name>
<ExtendedData>
<Data name="events"><value>0629豪雨</value></Data>
<Data name="area_ha"><value>0.192636907974</value></Data>
<Data name="source"><value>民國113年農村水保署災後衛星影像判釋</value></Data>
</ExtendedData>
<Polygon><outerBoundaryIs><LinearRing>
<coordinates>121.60678089,24.17078596,0 121.60667360,24.17066850,0 121.60653412,24.17098661,0 121.60684526,24.17095236,0 121.60704374,24.17075659,0 121.60707057,24.17087405,0 121.60721540,24.17085447,0 121.60718858,24.17060977,0 121.60740852,24.17052167,0 121.60735488,24.17033080,0 121.60722077,24.17055104,0 121.60693109,24.17070276,0 121.60678089,24.17078596,0</coordinates>
</LinearRing></outerBoundaryIs></Polygon>
</Placemark>
<Placemark>
<name>SWCB_1487_1</name>
<ExtendedData>
<Data name="events"><value>0403花蓮地震</value></Data>
<Data name="area_ha"><value>0.178599192701</value></Data>
<Data name="source"><value>民國113年農村水保署災後衛星影像判釋</value></Data>
</ExtendedData>
<Polygon><outerBoundaryIs><LinearRing>
<coordinates>121.60018802,24.17102577,0 121.60014510,24.17085937,0 121.59961939,24.17055104,0 121.59995735,24.17116280,0 121.60018802,24.17102577,0</coordinates>
</LinearRing></outerBoundaryIs></Polygon>
</Placemark>
<Placemark>
<name>SWCB_1575_1</name>
<ExtendedData>
<Data name="events"><value>0403花蓮地震</value></Data>
<Data name="area_ha"><value>0.0217541594054</value></Data>
<Data name="source"><value>民國113年農村水保署災後衛星影像判釋</value></Data>
</ExtendedData>
<Polygon><outerBoundaryIs><LinearRing>
<coordinates>121.59794569,24.17302255,0 121.59782767,24.17291488,0 121.59780085,24.17299808,0 121.59788132,24.17312043,0 121.59794569,24.17302255,0</coordinates>
</LinearRing></outerBoundaryIs></Polygon>
</Placemark>
<Placemark>
<name>SWCB_1406_1</name>
<ExtendedData>
<Data name="events"><value>0403花蓮地震</value></Data>
<Data name="area_ha"><value>0.505447381142</value></Data>
<Data name="source"><value>民國113年農村水保署災後衛星影像判釋</value></Data>
</ExtendedData>
<Polygon><outerBoundaryIs><LinearRing>
<coordinates>121.59789205,24.17520527,0 121.59866989,24.17520527,0 121.59901321,24.17489695,0 121.59757018,24.17481864,0 121.59749508,24.17502908,0 121.59778476,24.17536677,0 121.59789205,24.17520527,0</coordinates>
</LinearRing></outerBoundaryIs></Polygon>
</Placemark>
<Placemark>
<name>SWCB_1348_1</name>
<ExtendedData>
<Data name="events"><value>0403花蓮地震</value></Data>
<Data name="area_ha"><value>0.0295438803596</value></Data>
<Data name="source"><value>民國113年農村水保署災後衛星影像判釋</value></Data>
</ExtendedData>
<Polygon><outerBoundaryIs><LinearRing>
<coordinates>121.59900248,24.17342875,0 121.59884155,24.17321831,0 121.59888983,24.17336023,0 121.59873426,24.17333576,0 121.59892201,24.17349237,0 121.59900248,24.17342875,0</coordinates>
</LinearRing></outerBoundaryIs></Polygon>
</Placemark>
<Placemark>
<name>SWCB_1358_1</name>
<ExtendedData>
<Data name="events"><value>0403花蓮地震</value></Data>
<Data name="area_ha"><value>1.66250240496</value></Data>
<Data name="source"><value>民國113年農村水保署災後衛星影像判釋</value></Data>
</ExtendedData>
<Polygon><outerBoundaryIs><LinearRing>
<coordinates>121.61043406,24.17428520,0 121.61041796,24.17451522,0 121.61013901,24.17495078,0 121.60923243,24.17590020,0 121.60914123,24.17610085,0 121.60929143,24.17637981,0 121.60921097,24.17666855,0 121.60943091,24.17658046,0 121.60958111,24.17612043,0 121.61034822,24.17495078,0 121.61086857,24.17466693,0 121.61116362,24.17426562,0 121.61110461,24.17418732,0 121.61131382,24.17376154,0 121.61120117,24.17361472,0 121.61146939,24.17326235,0 121.61139429,24.17302744,0 121.61108851,24.17323788,0 121.61085248,24.17383006,0 121.61043406,24.17428520,0</coordinates>
</LinearRing></outerBoundaryIs></Polygon>
</Placemark>
<Placemark>
<name>SWCB_1360_1</name>
<ExtendedData>
<Data name="events"><value>0403花蓮地震</value></Data>
<Data name="area_ha"><value>9.10090814945</value></Data>
<Data name="source"><value>民國113年農村水保署災後衛星影像判釋</value></Data>
</ExtendedData>
<Polygon><outerBoundaryIs><LinearRing>
<coordinates>121.62094831,24.17158859,0 121.62138283,24.17129984,0 121.62189245,24.17066850,0 121.62204266,24.16995885,0 121.62190855,24.16981692,0 121.62140429,24.16976798,0 121.62036359,24.16989033,0 121.61952674,24.17032101,0 121.61897421,24.17076638,0 121.61767066,24.17120196,0 121.61651194,24.17232270,0 121.61687136,24.17284636,0 121.61711812,24.17297850,0 121.61760628,24.17264571,0 121.61977351,24.17206331,0 121.62094831,24.17158859,0</coordinates>
</LinearRing></outerBoundaryIs></Polygon>
</Placemark>
<Placemark>
<name>SWCB_1385_1</name>
<ExtendedData>
<Data name="events"><value>0403花蓮地震</value></Data>
<Data name="area_ha"><value>1.06226124905</value></Data>
<Data name="source"><value>民國113年農村水保署災後衛星影像判釋</value></Data>
</ExtendedData>
<Polygon><outerBoundaryIs><LinearRing>
<coordinates>121.61427498,24.18377917,0 121.61450028,24.18381342,0 121.61448419,24.18350023,0 121.61466658,24.18329470,0 121.61460221,24.18315278,0 121.61485970,24.18296193,0 121.61515474,24.18312832,0 121.61538541,24.18237469,0 121.61528885,24.18192937,0 121.61510110,24.18190001,0 121.61504745,24.18138127,0 121.61464512,24.18028997,0 121.61474705,24.18099956,0 121.61490262,24.18127851,0 121.61489189,24.18199299,0 121.61476851,24.18226703,0 121.61507428,24.18255576,0 121.61485434,24.18271236,0 121.61468804,24.18265363,0 121.61430717,24.18343661,0 121.61427498,24.18377917,0</coordinates>
</LinearRing></outerBoundaryIs></Polygon>
</Placemark>
<Placemark>
<name>SWCB_1393_1</name>
<ExtendedData>
<Data name="events"><value>0403花蓮地震</value></Data>
<Data name="area_ha"><value>0.219478528552</value></Data>
<Data name="source"><value>民國113年農村水保署災後衛星影像判釋</value></Data>
</ExtendedData>
<Polygon><outerBoundaryIs><LinearRing>
<coordinates>121.59844995,24.18061296,0 121.59819782,24.18061785,0 121.59774184,24.18038785,0 121.59777403,24.18070105,0 121.59844458,24.18082828,0 121.59844995,24.18061296,0</coordinates>
</LinearRing></outerBoundaryIs></Polygon>
</Placemark>
<Placemark>
<name>SWCB_1396_1</name>
<ExtendedData>
<Data name="events"><value>0403花蓮地震</value></Data>
<Data name="area_ha"><value>0.135381396329</value></Data>
<Data name="source"><value>民國113年農村水保署災後衛星影像判釋</value></Data>
</ExtendedData>
<Polygon><outerBoundaryIs><LinearRing>
<coordinates>121.61713958,24.17333576,0 121.61701083,24.17342875,0 121.61785305,24.17370771,0 121.61767602,24.17351684,0 121.61713958,24.17333576,0</coordinates>
</LinearRing></outerBoundaryIs></Polygon>
</Placemark>
<Placemark>
<name>SWCB_1409_1</name>
<ExtendedData>
<Data name="events"><value>0403花蓮地震</value></Data>
<Data name="area_ha"><value>0.70319090896</value></Data>
<Data name="source"><value>民國113年農村水保署災後衛星影像判釋</value></Data>
</ExtendedData>
<Polygon><outerBoundaryIs><LinearRing>
<coordinates>121.61826074,24.18606936,0 121.61775649,24.18645105,0 121.61778331,24.18657829,0 121.61830902,24.18657339,0 121.61849141,24.18588341,0 121.61896348,24.18547235,0 121.61892056,24.18505640,0 121.61866844,24.18471385,0 121.61851823,24.18486555,0 121.61859870,24.18534022,0 121.61826074,24.18606936,0</coordinates>
</LinearRing></outerBoundaryIs></Polygon>
</Placemark>
<Placemark>
<name>SWCB_1411_1</name>
<ExtendedData>
<Data name="events"><value>0403花蓮地震</value></Data>
<Data name="area_ha"><value>0.0604184974001</value></Data>
<Data name="source"><value>民國113年農村水保署災後衛星影像判釋</value></Data>
</ExtendedData>
<Polygon><outerBoundaryIs><LinearRing>
<coordinates>121.60100341,24.17255272,0 121.60116971,24.17225908,0 121.60094976,24.17243037,0 121.60080492,24.17233738,0 121.60090685,24.17259187,0 121.60100341,24.17255272,0</coordinates>
</LinearRing></outerBoundaryIs></Polygon>
</Placemark>
<Placemark>
<name>SWCB_1434_1</name>
<ExtendedData>
<Data name="events"><value>0403花蓮地震</value></Data>
<Data name="area_ha"><value>0.411215939343</value></Data>
<Data name="source"><value>民國113年農村水保署災後衛星影像判釋</value></Data>
</ExtendedData>
<Polygon><outerBoundaryIs><LinearRing>
<coordinates>121.59895420,24.17283657,0 121.59942091,24.17320363,0 121.59946382,24.17287083,0 121.59965158,24.17294914,0 121.59971058,24.17280232,0 121.59959257,24.17244016,0 121.59906685,24.17245973,0 121.59895420,24.17283657,0</coordinates>
</LinearRing></outerBoundaryIs></Polygon>
</Placemark>
<Placemark>
<name>SWCB_1439_1</name>
<ExtendedData>
<Data name="events"><value>0403花蓮地震</value></Data>
<Data name="area_ha"><value>0.0286379997613</value></Data>
<Data name="source"><value>民國113年農村水保署災後衛星影像判釋</value></Data>
</ExtendedData>
<Polygon><outerBoundaryIs><LinearRing>
<coordinates>121.60110533,24.16741876,0 121.60125554,24.16725236,0 121.60115898,24.16725236,0 121.60097659,24.16744813,0 121.60110533,24.16741876,0</coordinates>
</LinearRing></outerBoundaryIs></Polygon>
</Placemark>
<Placemark>
<name>SWCB_1465_1</name>
<ExtendedData>
<Data name="events"><value>0403花蓮地震</value></Data>
<Data name="area_ha"><value>0.0167071336342</value></Data>
<Data name="source"><value>民國113年農村水保署災後衛星影像判釋</value></Data>
</ExtendedData>
<Polygon><outerBoundaryIs><LinearRing>
<coordinates>121.60127699,24.16691955,0 121.60124481,24.16686082,0 121.60112143,24.16698317,0 121.60116971,24.16704680,0 121.60127699,24.16691955,0</coordinates>
</LinearRing></outerBoundaryIs></Polygon>
</Placemark>
<Placemark>
<name>SWCB_1474_1</name>
<ExtendedData>
<Data name="events"><value>0403花蓮地震</value></Data>
<Data name="area_ha"><value>4.82855881896</value></Data>
<Data name="source"><value>民國113年農村水保署災後衛星影像判釋</value></Data>
</ExtendedData>
<Polygon><outerBoundaryIs><LinearRing>
<coordinates>121.60728514,24.16740897,0 121.60667360,24.16726704,0 121.60772502,24.16798649,0 121.60727978,24.16802565,0 121.60699010,24.16782498,0 121.60704911,24.16809417,0 121.60683453,24.16818226,0 121.60709202,24.16832419,0 121.60680234,24.16822141,0 121.60646975,24.16833398,0 121.60619617,24.16821652,0 121.60597622,24.16863742,0 121.60615325,24.16916599,0 121.60699546,24.16986586,0 121.60683990,24.16999311,0 121.60688818,24.17010078,0 121.60716712,24.16990501,0 121.60843313,24.16983160,0 121.60862625,24.16971904,0 121.60836875,24.16911705,0 121.60856187,24.16894086,0 121.60815954,24.16892618,0 121.60815418,24.16883808,0 121.60839021,24.16846123,0 121.60871744,24.16849060,0 121.60903394,24.16823610,0 121.60897493,24.16793755,0 121.60849214,24.16815290,0 121.60740316,24.16764390,0 121.60728514,24.16740897,0</coordinates>
</LinearRing></outerBoundaryIs></Polygon>
</Placemark>
<Placemark>
<name>SWCB_1492_1</name>
<ExtendedData>
<Data name="events"><value>0403花蓮地震</value></Data>
<Data name="area_ha"><value>0.776241960518</value></Data>
<Data name="source"><value>民國113年農村水保署災後衛星影像判釋</value></Data>
</ExtendedData>
<Polygon><outerBoundaryIs><LinearRing>
<coordinates>121.59829974,24.17188713,0 121.59838557,24.17180393,0 121.59779549,24.17122153,0 121.59765065,24.17124111,0 121.59748435,24.17152986,0 121.59696400,24.17147113,0 121.59677088,24.17174520,0 121.59685671,24.17188223,0 121.59829974,24.17188713,0</coordinates>
</LinearRing></outerBoundaryIs></Polygon>
</Placemark>
<Placemark>
<name>SWCB_1512_1</name>
<ExtendedData>
<Data name="events"><value>0403花蓮地震</value></Data>
<Data name="area_ha"><value>0.0335347433028</value></Data>
<Data name="source"><value>民國113年農村水保署災後衛星影像判釋</value></Data>
</ExtendedData>
<Polygon><outerBoundaryIs><LinearRing>
<coordinates>121.60018802,24.17240100,0 121.60000026,24.17229823,0 121.60006464,24.17244994,0 121.60000026,24.17268486,0 121.60018802,24.17240100,0</coordinates>
</LinearRing></outerBoundaryIs></Polygon>
</Placemark>
<Placemark>
<name>SWCB_1513_1</name>
<ExtendedData>
<Data name="events"><value>0403花蓮地震</value></Data>
<Data name="area_ha"><value>0.0165729963618</value></Data>
<Data name="source"><value>民國113年農村水保署災後衛星影像判釋</value></Data>
</ExtendedData>
<Polygon><outerBoundaryIs><LinearRing>
<coordinates>121.59967303,24.17333576,0 121.59952819,24.17325257,0 121.59950137,24.17333576,0 121.59956574,24.17338960,0 121.59967303,24.17333576,0</coordinates>
</LinearRing></outerBoundaryIs></Polygon>
</Placemark>
<Placemark>
<name>SWCB_1527_1</name>
<ExtendedData>
<Data name="events"><value>0403花蓮地震</value></Data>
<Data name="area_ha"><value>0.575674004593</value></Data>
<Data name="source"><value>民國113年農村水保署災後衛星影像判釋</value></Data>
</ExtendedData>
<Polygon><outerBoundaryIs><LinearRing>
<coordinates>121.61117435,24.17762774,0 121.61158741,24.17764732,0 121.61213458,24.17750050,0 121.61293924,24.17662450,0 121.61344886,24.17640917,0 121.61352932,24.17617916,0 121.61251545,24.17666855,0 121.61239743,24.17714325,0 121.61218286,24.17710900,0 121.61211848,24.17682026,0 121.61202729,24.17684473,0 121.61184490,24.17749072,0 121.61141038,24.17759349,0 121.61117435,24.17762774,0</coordinates>
</LinearRing></outerBoundaryIs></Polygon>
</Placemark>
<Placemark>
<name>SWCB_1537_1</name>
<ExtendedData>
<Data name="events"><value>0403花蓮地震</value></Data>
<Data name="area_ha"><value>0.371656839659</value></Data>
<Data name="source"><value>民國113年農村水保署災後衛星影像判釋</value></Data>
</ExtendedData>
<Polygon><outerBoundaryIs><LinearRing>
<coordinates>121.60495162,24.16736003,0 121.60471022,24.16709085,0 121.60472095,24.16724746,0 121.60504818,24.16746770,0 121.60461903,24.16756559,0 121.60390556,24.16782988,0 121.60363197,24.16808927,0 121.60344958,24.16797670,0 121.60318673,24.16831930,0 121.60340667,24.16837314,0 121.60344958,24.16850038,0 121.60370171,24.16849060,0 121.60381436,24.16830462,0 121.60357296,24.16840739,0 121.60356224,24.16826057,0 121.60393238,24.16789840,0 121.60544515,24.16740897,0 121.60517693,24.16734045,0 121.60495162,24.16736003,0</coordinates>
</LinearRing></outerBoundaryIs></Polygon>
</Placemark>
<Placemark>
<name>SWCB_1556_1</name>
<ExtendedData>
<Data name="events"><value>0403花蓮地震</value></Data>
<Data name="area_ha"><value>0.267062939374</value></Data>
<Data name="source"><value>民國113年農村水保署災後衛星影像判釋</value></Data>
</ExtendedData>
<Polygon><outerBoundaryIs><LinearRing>
<coordinates>121.59973204,24.17114812,0 121.59928679,24.17102087,0 121.59926534,24.17057062,0 121.59937799,24.17048742,0 121.59912050,24.17021824,0 121.59916341,24.17043847,0 121.59896493,24.17042379,0 121.59890592,24.17054614,0 121.59919560,24.17076149,0 121.59925997,24.17120196,0 121.59939408,24.17125090,0 121.59973204,24.17114812,0</coordinates>
</LinearRing></outerBoundaryIs></Polygon>
</Placemark>
<Placemark>
<name>SWCB_1564_1</name>
<ExtendedData>
<Data name="events"><value>0403花蓮地震</value></Data>
<Data name="area_ha"><value>0.856320892319</value></Data>
<Data name="source"><value>民國113年農村水保署災後衛星影像判釋</value></Data>
</ExtendedData>
<Polygon><outerBoundaryIs><LinearRing>
<coordinates>121.61395848,24.18459640,0 121.61340594,24.18528150,0 121.61324501,24.18570234,0 121.61327183,24.18598128,0 121.61355078,24.18585894,0 121.61387801,24.18543320,0 121.61437154,24.18508086,0 121.61448956,24.18488512,0 121.61431789,24.18455725,0 121.61395848,24.18459640,0</coordinates>
</LinearRing></outerBoundaryIs></Polygon>
</Placemark>
<Placemark>
<name>SWCB_1587_1</name>
<ExtendedData>
<Data name="events"><value>0403花蓮地震</value></Data>
<Data name="area_ha"><value>2.53893837139</value></Data>
<Data name="source"><value>民國113年農村水保署災後衛星影像判釋</value></Data>
</ExtendedData>
<Polygon><outerBoundaryIs><LinearRing>
<coordinates>121.61163032,24.16597985,0 121.61312699,24.16671399,0 121.61329865,24.16708106,0 121.61349714,24.16720341,0 121.61430717,24.16724257,0 121.61406577,24.16700764,0 121.61414623,24.16671888,0 121.61394238,24.16644970,0 121.61355078,24.16616093,0 121.61294997,24.16597006,0 121.61271930,24.16556383,0 121.61241353,24.16560788,0 121.61226869,24.16528975,0 121.61203802,24.16522123,0 121.61172688,24.16532401,0 121.61137283,24.16520165,0 121.61148548,24.16559809,0 121.61145866,24.16582323,0 121.61163032,24.16597985,0</coordinates>
</LinearRing></outerBoundaryIs></Polygon>
</Placemark>
<Placemark>
<name>SWCB_1604_1</name>
<ExtendedData>
<Data name="events"><value>0403花蓮地震</value></Data>
<Data name="area_ha"><value>0.015026946918</value></Data>
<Data name="source"><value>民國113年農村水保署災後衛星影像判釋</value></Data>
</ExtendedData>
<Polygon><outerBoundaryIs><LinearRing>
<coordinates>121.60154521,24.16792287,0 121.60154521,24.16787882,0 121.60135746,24.16793266,0 121.60135210,24.16803543,0 121.60154521,24.16792287,0</coordinates>
</LinearRing></outerBoundaryIs></Polygon>
</Placemark>
<Placemark>
<name>SWCB_1610_1</name>
<ExtendedData>
<Data name="events"><value>0403花蓮地震</value></Data>
<Data name="area_ha"><value>0.0456833580306</value></Data>
<Data name="source"><value>民國113年農村水保署災後衛星影像判釋</value></Data>
</ExtendedData>
<Polygon><outerBoundaryIs><LinearRing>
<coordinates>121.60137355,24.16783477,0 121.60137892,24.16762921,0 121.60123408,24.16766347,0 121.60119116,24.16791797,0 121.60137355,24.16783477,0</coordinates>
</LinearRing></outerBoundaryIs></Polygon>
</Placemark>
<Placemark>
<name>SWCB_1650_1</name>
<ExtendedData>
<Data name="events"><value>0403花蓮地震</value></Data>
<Data name="area_ha"><value>0.549886902976</value></Data>
<Data name="source"><value>民國113年農村水保署災後衛星影像判釋</value></Data>
</ExtendedData>
<Polygon><outerBoundaryIs><LinearRing>
<coordinates>121.61654949,24.18170426,0 121.61668360,24.18126872,0 121.61654949,24.18106318,0 121.61630273,24.18097999,0 121.61620080,24.18107297,0 121.61634564,24.18150362,0 121.61624908,24.18181681,0 121.61657631,24.18240405,0 121.61646366,24.18250682,0 121.61674798,24.18278576,0 121.61654949,24.18170426,0</coordinates>
</LinearRing></outerBoundaryIs></Polygon>
</Placemark>
<Placemark>
<name>SWCB_1655_1</name>
<ExtendedData>
<Data name="events"><value>0403花蓮地震</value></Data>
<Data name="area_ha"><value>0.138877556338</value></Data>
<Data name="source"><value>民國113年農村水保署災後衛星影像判釋</value></Data>
</ExtendedData>
<Polygon><outerBoundaryIs><LinearRing>
<coordinates>121.60070837,24.17243526,0 121.60062253,24.17218567,0 121.60038650,24.17219056,0 121.60026312,24.17263592,0 121.60070837,24.17243526,0</coordinates>
</LinearRing></outerBoundaryIs></Polygon>
</Placemark>
<Placemark>
<name>SWCB_1659_1</name>
<ExtendedData>
<Data name="events"><value>0403花蓮地震</value></Data>
<Data name="area_ha"><value>0.176783613324</value></Data>
<Data name="source"><value>民國113年農村水保署災後衛星影像判釋</value></Data>
</ExtendedData>
<Polygon><outerBoundaryIs><LinearRing>
<coordinates>121.59820318,24.18188532,0 121.59832656,24.18181681,0 121.59740388,24.18160638,0 121.59753799,24.18186575,0 121.59820318,24.18188532,0</coordinates>
</LinearRing></outerBoundaryIs></Polygon>
</Placemark>
<Placemark>
<name>SWCB_1690_1</name>
<ExtendedData>
<Data name="events"><value>0403花蓮地震</value></Data>
<Data name="area_ha"><value>0.1109190925</value></Data>
<Data name="source"><value>民國113年農村水保署災後衛星影像判釋</value></Data>
</ExtendedData>
<Polygon><outerBoundaryIs><LinearRing>
<coordinates>121.59723222,24.17530314,0 121.59720540,24.17496057,0 121.59682989,24.17511228,0 121.59714639,24.17512696,0 121.59686744,24.17536187,0 121.59723222,24.17530314,0</coordinates>
</LinearRing></outerBoundaryIs></Polygon>
</Placemark>
<Placemark>
<name>SWCB_2020_1</name>
<ExtendedData>
<Data name="events"><value>0629豪雨</value></Data>
<Data name="area_ha"><value>0.167314435811</value></Data>
<Data name="source"><value>民國113年農村水保署災後衛星影像判釋</value></Data>
</ExtendedData>
<Polygon><outerBoundaryIs><LinearRing>
<coordinates>121.59750581,24.18024103,0 121.59773111,24.18021167,0 121.59770966,24.18034380,0 121.59825683,24.18059828,0 121.59825146,24.18046125,0 121.59799933,24.18038295,0 121.59788132,24.18018720,0 121.59779012,24.18023125,0 121.59780085,24.18008933,0 121.59767747,24.18015295,0 121.59769893,24.17997677,0 121.59745753,24.18005507,0 121.59750581,24.18024103,0</coordinates>
</LinearRing></outerBoundaryIs></Polygon>
</Placemark>
<Placemark>
<name>SWCB_2021_1</name>
<ExtendedData>
<Data name="events"><value>0629豪雨</value></Data>
<Data name="area_ha"><value>0.769611553846</value></Data>
<Data name="source"><value>民國113年農村水保署災後衛星影像判釋</value></Data>
</ExtendedData>
<Polygon><outerBoundaryIs><LinearRing>
<coordinates>121.59737170,24.18058849,0 121.59777939,24.18069615,0 121.59768283,24.18071573,0 121.59773111,24.18079403,0 121.59772575,24.18088701,0 121.59737170,24.18064722,0 121.59734488,24.18082828,0 121.59769893,24.18104850,0 121.59765065,24.18115127,0 121.59805298,24.18125893,0 121.59844458,24.18158681,0 121.59871817,24.18147425,0 121.59871280,24.18112680,0 121.59845531,24.18113659,0 121.59808517,24.18068637,0 121.59792960,24.18071083,0 121.59794033,24.18054445,0 121.59785450,24.18070105,0 121.59785986,24.18055913,0 121.59751654,24.18040253,0 121.59737170,24.18058849,0</coordinates>
</LinearRing></outerBoundaryIs></Polygon>
</Placemark>
<Placemark>
<name>SWCB_3433_1</name>
<ExtendedData>
<Data name="events"><value>凱米颱風</value></Data>
<Data name="area_ha"><value>0.290060809971</value></Data>
<Data name="source"><value>民國113年農村水保署災後衛星影像判釋</value></Data>
</ExtendedData>
<Polygon><outerBoundaryIs><LinearRing>
<coordinates>121.61620080,24.18017742,0 121.61629736,24.18071573,0 121.61658704,24.18080871,0 121.61659241,24.18072062,0 121.61688745,24.18072552,0 121.61688745,24.18045147,0 121.61669433,24.18045147,0 121.61668897,24.18053955,0 121.61649585,24.18044657,0 121.61649585,24.18017742,0 121.61620080,24.18017742,0</coordinates>
</LinearRing></outerBoundaryIs></Polygon>
</Placemark>
<Placemark>
<name>SWCB_3434_1</name>
<ExtendedData>
<Data name="events"><value>凱米颱風</value></Data>
<Data name="area_ha"><value>0.120025030935</value></Data>
<Data name="source"><value>民國113年農村水保署災後衛星影像判釋</value></Data>
</ExtendedData>
<Polygon><outerBoundaryIs><LinearRing>
<coordinates>121.61704302,24.17530804,0 121.61703765,24.17557720,0 121.61743462,24.17558210,0 121.61743462,24.17530804,0 121.61704302,24.17530804,0</coordinates>
</LinearRing></outerBoundaryIs></Polygon>
</Placemark>
<Placemark>
<name>SWCB_3472_1</name>
<ExtendedData>
<Data name="events"><value>凱米颱風</value></Data>
<Data name="area_ha"><value>0.120023824504</value></Data>
<Data name="source"><value>民國113年農村水保署災後衛星影像判釋</value></Data>
</ExtendedData>
<Polygon><outerBoundaryIs><LinearRing>
<coordinates>121.60686135,24.17042869,0 121.60685599,24.17069786,0 121.60724759,24.17070276,0 121.60725296,24.17043358,0 121.60686135,24.17042869,0</coordinates>
</LinearRing></outerBoundaryIs></Polygon>
</Placemark>
<Placemark>
<name>SWCB_3473_1</name>
<ExtendedData>
<Data name="events"><value>凱米颱風</value></Data>
<Data name="area_ha"><value>0.060012262251</value></Data>
<Data name="source"><value>民國113年農村水保署災後衛星影像判釋</value></Data>
</ExtendedData>
<Polygon><outerBoundaryIs><LinearRing>
<coordinates>121.60734951,24.17043358,0 121.60734951,24.17061466,0 121.60764456,24.17061466,0 121.60764456,24.17043358,0 121.60734951,24.17043358,0</coordinates>
</LinearRing></outerBoundaryIs></Polygon>
</Placemark>
<Placemark>
<name>SWCB_3475_1</name>
<ExtendedData>
<Data name="events"><value>凱米颱風</value></Data>
<Data name="area_ha"><value>0.190039225218</value></Data>
<Data name="source"><value>民國113年農村水保署災後衛星影像判釋</value></Data>
</ExtendedData>
<Polygon><outerBoundaryIs><LinearRing>
<coordinates>121.61435544,24.16887234,0 121.61406040,24.16913663,0 121.61405504,24.16931771,0 121.61454856,24.16932261,0 121.61455393,24.16887234,0 121.61435544,24.16887234,0</coordinates>
</LinearRing></outerBoundaryIs></Polygon>
</Placemark>
<Placemark>
<name>SWCB_3476_1</name>
<ExtendedData>
<Data name="events"><value>凱米颱風</value></Data>
<Data name="area_ha"><value>0.0800165456181</value></Data>
<Data name="source"><value>民國113年農村水保署災後衛星影像判釋</value></Data>
</ExtendedData>
<Polygon><outerBoundaryIs><LinearRing>
<coordinates>121.61456466,24.16760964,0 121.61456466,24.16779072,0 121.61485970,24.16779072,0 121.61486506,24.16752154,0 121.61456466,24.16760964,0</coordinates>
</LinearRing></outerBoundaryIs></Polygon>
</Placemark>
<Placemark>
<name>SWCB_2055_1</name>
<ExtendedData>
<Data name="events"><value>0629豪雨</value></Data>
<Data name="area_ha"><value>0.576591368173</value></Data>
<Data name="source"><value>民國113年農村水保署災後衛星影像判釋</value></Data>
</ExtendedData>
<Polygon><outerBoundaryIs><LinearRing>
<coordinates>121.60137892,24.15200096,0 121.60116971,24.15221144,0 121.60117507,24.15227018,0 121.60121799,24.15226529,0 121.60122871,24.15231423,0 121.60105705,24.15235829,0 121.60134673,24.15249045,0 121.60181344,24.15208418,0 121.60267174,24.15204991,0 121.60261273,24.15158490,0 121.60137892,24.15200096,0</coordinates>
</LinearRing></outerBoundaryIs></Polygon>
</Placemark>
<Placemark>
<name>SWCB_1477_1</name>
<ExtendedData>
<Data name="events"><value>0403花蓮地震</value></Data>
<Data name="area_ha"><value>0.0763016834444</value></Data>
<Data name="source"><value>民國113年農村水保署災後衛星影像判釋</value></Data>
</ExtendedData>
<Polygon><outerBoundaryIs><LinearRing>
<coordinates>121.61325037,24.14840811,0 121.61350787,24.14814378,0 121.61348104,24.14803119,0 121.61308944,24.14833468,0 121.61325037,24.14840811,0</coordinates>
</LinearRing></outerBoundaryIs></Polygon>
</Placemark>
<Placemark>
<name>SWCB_1338_1</name>
<ExtendedData>
<Data name="events"><value>0403花蓮地震</value></Data>
<Data name="area_ha"><value>0.0478235025431</value></Data>
<Data name="source"><value>民國113年農村水保署災後衛星影像判釋</value></Data>
</ExtendedData>
<Polygon><outerBoundaryIs><LinearRing>
<coordinates>121.61419451,24.16345436,0 121.61435544,24.16339563,0 121.61399066,24.16335158,0 121.61384583,24.16342989,0 121.61419451,24.16345436,0</coordinates>
</LinearRing></outerBoundaryIs></Polygon>
</Placemark>
<Placemark>
<name>SWCB_1379_1</name>
<ExtendedData>
<Data name="events"><value>0403花蓮地震</value></Data>
<Data name="area_ha"><value>0.62358721203</value></Data>
<Data name="source"><value>民國113年農村水保署災後衛星影像判釋</value></Data>
</ExtendedData>
<Polygon><outerBoundaryIs><LinearRing>
<coordinates>121.60323501,24.15408125,0 121.60320282,24.15372393,0 121.60271466,24.15363583,0 121.60258055,24.15347920,0 121.60212994,24.15367009,0 121.60213530,24.15383162,0 121.60265028,24.15419383,0 121.60302043,24.15426725,0 121.60323501,24.15408125,0</coordinates>
</LinearRing></outerBoundaryIs></Polygon>
</Placemark>
<Placemark>
<name>SWCB_1398_1</name>
<ExtendedData>
<Data name="events"><value>0403花蓮地震</value></Data>
<Data name="area_ha"><value>0.312400969361</value></Data>
<Data name="source"><value>民國113年農村水保署災後衛星影像判釋</value></Data>
</ExtendedData>
<Polygon><outerBoundaryIs><LinearRing>
<coordinates>121.60200119,24.15717959,0 121.60229087,24.15740964,0 121.60274684,24.15702297,0 121.60275757,24.15676355,0 121.60248399,24.15721386,0 121.60229087,24.15717959,0 121.60239279,24.15702786,0 121.60222113,24.15691039,0 121.60169005,24.15706212,0 121.60159349,24.15724812,0 121.60200119,24.15717959,0</coordinates>
</LinearRing></outerBoundaryIs></Polygon>
</Placemark>
<Placemark>
<name>SWCB_1399_1</name>
<ExtendedData>
<Data name="events"><value>0403花蓮地震</value></Data>
<Data name="area_ha"><value>0.0159050055144</value></Data>
<Data name="source"><value>民國113年農村水保署災後衛星影像判釋</value></Data>
</ExtendedData>
<Polygon><outerBoundaryIs><LinearRing>
<coordinates>121.61231160,24.16312644,0 121.61224723,24.16306281,0 121.61225259,24.16317538,0 121.61232769,24.16330264,0 121.61231160,24.16312644,0</coordinates>
</LinearRing></outerBoundaryIs></Polygon>
</Placemark>
<Placemark>
<name>SWCB_1401_1</name>
<ExtendedData>
<Data name="events"><value>0403花蓮地震</value></Data>
<Data name="area_ha"><value>0.764959882617</value></Data>
<Data name="source"><value>民國113年農村水保署災後衛星影像判釋</value></Data>
</ExtendedData>
<Polygon><outerBoundaryIs><LinearRing>
<coordinates>121.61137819,24.15733622,0 121.61115825,24.15732154,0 121.61148548,24.15691039,0 121.61090612,24.15710617,0 121.61072373,24.15704744,0 121.61092758,24.15682718,0 121.61078274,24.15680271,0 121.61070228,24.15695444,0 121.61054671,24.15689570,0 121.61081493,24.15734112,0 121.61029994,24.15769842,0 121.61036968,24.15805573,0 121.61051452,24.15804594,0 121.61070764,24.15777674,0 121.61099195,24.15780611,0 121.61157668,24.15734112,0 121.61153913,24.15720407,0 121.61137819,24.15733622,0</coordinates>
</LinearRing></outerBoundaryIs></Polygon>
</Placemark>
<Placemark>
<name>SWCB_1419_1</name>
<ExtendedData>
<Data name="events"><value>0403花蓮地震</value></Data>
<Data name="area_ha"><value>0.285688808931</value></Data>
<Data name="source"><value>民國113年農村水保署災後衛星影像判釋</value></Data>
</ExtendedData>
<Polygon><outerBoundaryIs><LinearRing>
<coordinates>121.61367953,24.14705219,0 121.61342204,24.14681723,0 121.61310017,24.14725289,0 121.61366880,24.14751722,0 121.61367953,24.14705219,0</coordinates>
</LinearRing></outerBoundaryIs></Polygon>
</Placemark>
<Placemark>
<name>SWCB_1422_1</name>
<ExtendedData>
<Data name="events"><value>0403花蓮地震</value></Data>
<Data name="area_ha"><value>0.177084487502</value></Data>
<Data name="source"><value>民國113年農村水保署災後衛星影像判釋</value></Data>
</ExtendedData>
<Polygon><outerBoundaryIs><LinearRing>
<coordinates>121.60007000,24.15113947,0 121.60000563,24.15091431,0 121.59932971,24.15087025,0 121.59977496,24.15117863,0 121.60007000,24.15113947,0</coordinates>
</LinearRing></outerBoundaryIs></Polygon>
</Placemark>
<Placemark>
<name>SWCB_1424_1</name>
<ExtendedData>
<Data name="events"><value>0403花蓮地震</value></Data>
<Data name="area_ha"><value>0.856393656002</value></Data>
<Data name="source"><value>民國113年農村水保署災後衛星影像判釋</value></Data>
</ExtendedData>
<Polygon><outerBoundaryIs><LinearRing>
<coordinates>121.60966694,24.16096309,0 121.60967231,24.16054706,0 121.60947382,24.16042959,0 121.60862625,24.16050790,0 121.60847604,24.16188815,0 121.60823464,24.16200561,0 121.60837412,24.16210350,0 121.60862088,24.16186367,0 121.60876572,24.16101693,0 121.60896420,24.16075263,0 121.60934508,24.16081136,0 121.60928071,24.16145254,0 121.60945773,24.16130081,0 121.60966694,24.16096309,0</coordinates>
</LinearRing></outerBoundaryIs></Polygon>
</Placemark>
<Placemark>
<name>SWCB_1425_1</name>
<ExtendedData>
<Data name="events"><value>0403花蓮地震</value></Data>
<Data name="area_ha"><value>0.333181830027</value></Data>
<Data name="source"><value>民國113年農村水保署災後衛星影像判釋</value></Data>
</ExtendedData>
<Polygon><outerBoundaryIs><LinearRing>
<coordinates>121.60295069,24.16483947,0 121.60271466,24.16457028,0 121.60225868,24.16442834,0 121.60221577,24.16454581,0 121.60246253,24.16463880,0 121.60233378,24.16483457,0 121.60261810,24.16517228,0 121.60295069,24.16483947,0</coordinates>
</LinearRing></outerBoundaryIs></Polygon>
</Placemark>
<Placemark>
<name>SWCB_1432_1</name>
<ExtendedData>
<Data name="events"><value>0403花蓮地震</value></Data>
<Data name="area_ha"><value>0.299284025764</value></Data>
<Data name="source"><value>民國113年農村水保署災後衛星影像判釋</value></Data>
</ExtendedData>
<Polygon><outerBoundaryIs><LinearRing>
<coordinates>121.60921097,24.16476116,0 121.60967231,24.16467796,0 121.60948992,24.16432556,0 121.60896420,24.16434025,0 121.60945237,24.16452623,0 121.60938263,24.16461922,0 121.60858333,24.16443324,0 121.60921097,24.16476116,0</coordinates>
</LinearRing></outerBoundaryIs></Polygon>
</Placemark>
<Placemark>
<name>SWCB_1441_1</name>
<ExtendedData>
<Data name="events"><value>0403花蓮地震</value></Data>
<Data name="area_ha"><value>0.215990547584</value></Data>
<Data name="source"><value>民國113年農村水保署災後衛星影像判釋</value></Data>
</ExtendedData>
<Polygon><outerBoundaryIs><LinearRing>
<coordinates>121.61919415,24.15576993,0 121.61839485,24.15615172,0 121.61863625,24.15637198,0 121.61912441,24.15610766,0 121.61919415,24.15576993,0</coordinates>
</LinearRing></outerBoundaryIs></Polygon>
</Placemark>
<Placemark>
<name>SWCB_1475_1</name>
<ExtendedData>
<Data name="events"><value>0403花蓮地震</value></Data>
<Data name="area_ha"><value>0.330290498524</value></Data>
<Data name="source"><value>民國113年農村水保署災後衛星影像判釋</value></Data>
</ExtendedData>
<Polygon><outerBoundaryIs><LinearRing>
<coordinates>121.60239816,24.16022892,0 121.60219431,24.15973457,0 121.60229087,24.15947026,0 121.60195291,24.15889760,0 121.60188854,24.15920596,0 121.60224795,24.16010655,0 121.60167396,24.15990098,0 121.60226941,24.16023870,0 121.60239816,24.16022892,0</coordinates>
</LinearRing></outerBoundaryIs></Polygon>
</Placemark>
<Placemark>
<name>SWCB_1481_1</name>
<ExtendedData>
<Data name="events"><value>0403花蓮地震</value></Data>
<Data name="area_ha"><value>0.434279718161</value></Data>
<Data name="source"><value>民國113年農村水保署災後衛星影像判釋</value></Data>
</ExtendedData>
<Polygon><outerBoundaryIs><LinearRing>
<coordinates>121.61698937,24.15944579,0 121.61697865,24.15898081,0 121.61662996,24.15863329,0 121.61645830,24.15906401,0 121.61675334,24.15989609,0 121.61698937,24.15944579,0</coordinates>
</LinearRing></outerBoundaryIs></Polygon>
</Placemark>
<Placemark>
<name>SWCB_1482_1</name>
<ExtendedData>
<Data name="events"><value>0403花蓮地震</value></Data>
<Data name="area_ha"><value>0.0411523213068</value></Data>
<Data name="source"><value>民國113年農村水保署災後衛星影像判釋</value></Data>
</ExtendedData>
<Polygon><outerBoundaryIs><LinearRing>
<coordinates>121.61016583,24.16182941,0 121.61002636,24.16184410,0 121.61012828,24.16157980,0 121.60986543,24.16197135,0 121.61016583,24.16182941,0</coordinates>
</LinearRing></outerBoundaryIs></Polygon>
</Placemark>
<Placemark>
<name>SWCB_1491_1</name>
<ExtendedData>
<Data name="events"><value>0403花蓮地震</value></Data>
<Data name="area_ha"><value>0.0345374683056</value></Data>
<Data name="source"><value>民國113年農村水保署災後衛星影像判釋</value></Data>
</ExtendedData>
<Polygon><outerBoundaryIs><LinearRing>
<coordinates>121.61661386,24.15619087,0 121.61627591,24.15608809,0 121.61639392,24.15617619,0 121.61649585,24.15628387,0 121.61661386,24.15619087,0</coordinates>
</LinearRing></outerBoundaryIs></Polygon>
</Placemark>
<Placemark>
<name>SWCB_1498_1</name>
<ExtendedData>
<Data name="events"><value>0403花蓮地震</value></Data>
<Data name="area_ha"><value>0.127716267212</value></Data>
<Data name="source"><value>民國113年農村水保署災後衛星影像判釋</value></Data>
</ExtendedData>
<Polygon><outerBoundaryIs><LinearRing>
<coordinates>121.61897421,24.16071347,0 121.61867380,24.16080157,0 121.61843777,24.16065963,0 121.61830902,24.16082605,0 121.61877036,24.16097288,0 121.61897421,24.16071347,0</coordinates>
</LinearRing></outerBoundaryIs></Polygon>
</Placemark>
<Placemark>
<name>SWCB_1504_1</name>
<ExtendedData>
<Data name="events"><value>0403花蓮地震</value></Data>
<Data name="area_ha"><value>0.119621159609</value></Data>
<Data name="source"><value>民國113年農村水保署災後衛星影像判釋</value></Data>
</ExtendedData>
<Polygon><outerBoundaryIs><LinearRing>
<coordinates>121.60484433,24.15932832,0 121.60496771,24.15917170,0 121.60472631,24.15901017,0 121.60462439,24.15920596,0 121.60431862,24.15932343,0 121.60484433,24.15932832,0</coordinates>
</LinearRing></outerBoundaryIs></Polygon>
</Placemark>
<Placemark>
<name>SWCB_1511_1</name>
<ExtendedData>
<Data name="events"><value>0403花蓮地震</value></Data>
<Data name="area_ha"><value>0.183728273186</value></Data>
<Data name="source"><value>民國113年農村水保署災後衛星影像判釋</value></Data>
</ExtendedData>
<Polygon><outerBoundaryIs><LinearRing>
<coordinates>121.59834266,24.14862348,0 121.59839094,24.14851580,0 121.59781694,24.14850601,0 121.59768820,24.14886334,0 121.59834266,24.14862348,0</coordinates>
</LinearRing></outerBoundaryIs></Polygon>
</Placemark>
<Placemark>
<name>SWCB_1515_1</name>
<ExtendedData>
<Data name="events"><value>0403花蓮地震</value></Data>
<Data name="area_ha"><value>0.0931201808959</value></Data>
<Data name="source"><value>民國113年農村水保署災後衛星影像判釋</value></Data>
</ExtendedData>
<Polygon><outerBoundaryIs><LinearRing>
<coordinates>121.60118043,24.15598530,0 121.60136282,24.15589719,0 121.60109997,24.15576014,0 121.60083175,24.15588740,0 121.60088003,24.15595103,0 121.60118043,24.15598530,0</coordinates>
</LinearRing></outerBoundaryIs></Polygon>
</Placemark>
<Placemark>
<name>SWCB_1528_1</name>
<ExtendedData>
<Data name="events"><value>0403花蓮地震</value></Data>
<Data name="area_ha"><value>0.0766674097178</value></Data>
<Data name="source"><value>民國113年農村水保署災後衛星影像判釋</value></Data>
</ExtendedData>
<Polygon><outerBoundaryIs><LinearRing>
<coordinates>121.61650658,24.16192241,0 121.61649585,24.16184410,0 121.61616862,24.16185389,0 121.61613643,24.16205456,0 121.61631882,24.16206435,0 121.61650658,24.16192241,0</coordinates>
</LinearRing></outerBoundaryIs></Polygon>
</Placemark>
<Placemark>
<name>SWCB_1538_1</name>
<ExtendedData>
<Data name="events"><value>0403花蓮地震</value></Data>
<Data name="area_ha"><value>0.233303227395</value></Data>
<Data name="source"><value>民國113年農村水保署災後衛星影像判釋</value></Data>
</ExtendedData>
<Polygon><outerBoundaryIs><LinearRing>
<coordinates>121.60772502,24.16118334,0 121.60790741,24.16121760,0 121.60803616,24.16091904,0 121.60829365,24.16072326,0 121.60782695,24.16066942,0 121.60764992,24.16074773,0 121.60767138,24.16089457,0 121.60772502,24.16118334,0</coordinates>
</LinearRing></outerBoundaryIs></Polygon>
</Placemark>
<Placemark>
<name>SWCB_1573_1</name>
<ExtendedData>
<Data name="events"><value>0403花蓮地震</value></Data>
<Data name="area_ha"><value>1.57144213521</value></Data>
<Data name="source"><value>民國113年農村水保署災後衛星影像判釋</value></Data>
</ExtendedData>
<Polygon><outerBoundaryIs><LinearRing>
<coordinates>121.61642075,24.16344947,0 121.61691964,24.16400253,0 121.61715567,24.16408084,0 121.61736488,24.16399764,0 121.61674261,24.16281320,0 121.61611497,24.16318517,0 121.61581457,24.16329285,0 121.61572337,24.16321943,0 121.61550879,24.16354246,0 121.61555171,24.16404169,0 121.61595941,24.16476605,0 121.61616862,24.16446750,0 121.61591649,24.16371377,0 121.61626518,24.16354246,0 121.61642075,24.16344947,0</coordinates>
</LinearRing></outerBoundaryIs></Polygon>
</Placemark>
<Placemark>
<name>SWCB_1559_1</name>
<ExtendedData>
<Data name="events"><value>0403花蓮地震</value></Data>
<Data name="area_ha"><value>0.141338524897</value></Data>
<Data name="source"><value>民國113年農村水保署災後衛星影像判釋</value></Data>
</ExtendedData>
<Polygon><outerBoundaryIs><LinearRing>
<coordinates>121.61523521,24.16293556,0 121.61551952,24.16238249,0 121.61541760,24.16227970,0 121.61507964,24.16307749,0 121.61524594,24.16331732,0 121.61523521,24.16293556,0</coordinates>
</LinearRing></outerBoundaryIs></Polygon>
</Placemark>
<Placemark>
<name>SWCB_1596_1</name>
<ExtendedData>
<Data name="events"><value>0403花蓮地震</value></Data>
<Data name="area_ha"><value>0.0456179042518</value></Data>
<Data name="source"><value>民國113年農村水保署災後衛星影像判釋</value></Data>
</ExtendedData>
<Polygon><outerBoundaryIs><LinearRing>
<coordinates>121.61756337,24.15597551,0 121.61753118,24.15581398,0 121.61730587,24.15594125,0 121.61739707,24.15603424,0 121.61756337,24.15597551,0</coordinates>
</LinearRing></outerBoundaryIs></Polygon>
</Placemark>
<Placemark>
<name>SWCB_1638_1</name>
<ExtendedData>
<Data name="events"><value>0403花蓮地震</value></Data>
<Data name="area_ha"><value>0.0492164262386</value></Data>
<Data name="source"><value>民國113年農村水保署災後衛星影像判釋</value></Data>
</ExtendedData>
<Polygon><outerBoundaryIs><LinearRing>
<coordinates>121.61122262,24.16054706,0 121.61121190,24.16030723,0 121.61105633,24.16039533,0 121.61108315,24.16065474,0 121.61122262,24.16054706,0</coordinates>
</LinearRing></outerBoundaryIs></Polygon>
</Placemark>
<Placemark>
<name>SWCB_1644_1</name>
<ExtendedData>
<Data name="events"><value>0403花蓮地震</value></Data>
<Data name="area_ha"><value>0.164066541693</value></Data>
<Data name="source"><value>民國113年農村水保署災後衛星影像判釋</value></Data>
</ExtendedData>
<Polygon><outerBoundaryIs><LinearRing>
<coordinates>121.59838021,24.16513313,0 121.59848750,24.16495693,0 121.59813881,24.16499609,0 121.59777939,24.16543658,0 121.59838021,24.16513313,0</coordinates>
</LinearRing></outerBoundaryIs></Polygon>
</Placemark>
<Placemark>
<name>SWCB_1661_1</name>
<ExtendedData>
<Data name="events"><value>0403花蓮地震</value></Data>
<Data name="area_ha"><value>0.306326201335</value></Data>
<Data name="source"><value>民國113年農村水保署災後衛星影像判釋</value></Data>
</ExtendedData>
<Polygon><outerBoundaryIs><LinearRing>
<coordinates>121.60574019,24.14956821,0 121.60597086,24.14940178,0 121.60568118,24.14926962,0 121.60531104,24.14949968,0 121.60450101,24.14940178,0 121.60427570,24.14954863,0 121.60574019,24.14956821,0</coordinates>
</LinearRing></outerBoundaryIs></Polygon>
</Placemark>
<Placemark>
<name>SWCB_1666_1</name>
<ExtendedData>
<Data name="events"><value>0403花蓮地震</value></Data>
<Data name="area_ha"><value>0.379819909382</value></Data>
<Data name="source"><value>民國113年農村水保署災後衛星影像判釋</value></Data>
</ExtendedData>
<Polygon><outerBoundaryIs><LinearRing>
<coordinates>121.59844458,24.15513362,0 121.59871817,24.15515809,0 121.59897029,24.15476652,0 121.59795105,24.15475183,0 121.59811735,24.15493294,0 121.59802616,24.15516788,0 121.59814417,24.15541751,0 121.59844458,24.15513362,0</coordinates>
</LinearRing></outerBoundaryIs></Polygon>
</Placemark>
<Placemark>
<name>SWCB_1669_1</name>
<ExtendedData>
<Data name="events"><value>0403花蓮地震</value></Data>
<Data name="area_ha"><value>0.232723432474</value></Data>
<Data name="source"><value>民國113年農村水保署災後衛星影像判釋</value></Data>
</ExtendedData>
<Polygon><outerBoundaryIs><LinearRing>
<coordinates>121.61145866,24.14617598,0 121.61126018,24.14585780,0 121.61116898,24.14598997,0 121.61133528,24.14625430,0 121.61101341,24.14648437,0 121.61127627,24.14649416,0 121.61136210,24.14664590,0 121.61137283,24.14676828,0 121.61107779,24.14683192,0 121.61120117,24.14696408,0 121.61156058,24.14687108,0 121.61145866,24.14617598,0</coordinates>
</LinearRing></outerBoundaryIs></Polygon>
</Placemark>
<Placemark>
<name>SWCB_1675_1</name>
<ExtendedData>
<Data name="events"><value>0403花蓮地震</value></Data>
<Data name="area_ha"><value>3.21830041685</value></Data>
<Data name="source"><value>民國113年農村水保署災後衛星影像判釋</value></Data>
</ExtendedData>
<Polygon><outerBoundaryIs><LinearRing>
<coordinates>121.60128772,24.16283767,0 121.60119116,24.16302855,0 121.60130382,24.16310197,0 121.60199583,24.16292577,0 121.60238206,24.16264679,0 121.60262883,24.16279362,0 121.60274684,24.16244122,0 121.60260737,24.16143786,0 121.60156131,24.16108056,0 121.60114825,24.16106098,0 121.60104096,24.16114419,0 121.60109460,24.16142317,0 121.60084784,24.16168747,0 121.60080492,24.16235312,0 121.60128772,24.16283767,0</coordinates>
</LinearRing></outerBoundaryIs></Polygon>
</Placemark>
<Placemark>
<name>SWCB_1681_1</name>
<ExtendedData>
<Data name="events"><value>0403花蓮地震</value></Data>
<Data name="area_ha"><value>0.160858157316</value></Data>
<Data name="source"><value>民國113年農村水保署災後衛星影像判釋</value></Data>
</ExtendedData>
<Polygon><outerBoundaryIs><LinearRing>
<coordinates>121.61350250,24.16325369,0 121.61294460,24.16302855,0 121.61267102,24.16317538,0 121.61272466,24.16329774,0 121.61322892,24.16324880,0 121.61355078,24.16341521,0 121.61350250,24.16325369,0</coordinates>
</LinearRing></outerBoundaryIs></Polygon>
</Placemark>
<Placemark>
<name>SWCB_1686_1</name>
<ExtendedData>
<Data name="events"><value>0403花蓮地震</value></Data>
<Data name="area_ha"><value>0.585387244617</value></Data>
<Data name="source"><value>民國113年農村水保署災後衛星影像判釋</value></Data>
</ExtendedData>
<Polygon><outerBoundaryIs><LinearRing>
<coordinates>121.60297751,24.16428151,0 121.60305798,24.16411510,0 121.60332620,24.16417873,0 121.60371780,24.16405637,0 121.60371780,24.16389975,0 121.60326719,24.16411021,0 121.60321891,24.16402211,0 121.60364807,24.16376271,0 121.60370171,24.16340542,0 121.60361052,24.16323411,0 121.60327256,24.16345436,0 121.60309017,24.16380676,0 121.60258055,24.16401722,0 121.60254836,24.16415915,0 121.60272539,24.16421789,0 121.60297751,24.16428151,0</coordinates>
</LinearRing></outerBoundaryIs></Polygon>
</Placemark>
<Placemark>
<name>SWCB_3477_1</name>
<ExtendedData>
<Data name="events"><value>凱米颱風</value></Data>
<Data name="area_ha"><value>0.190038144493</value></Data>
<Data name="source"><value>民國113年農村水保署災後衛星影像判釋</value></Data>
</ExtendedData>
<Polygon><outerBoundaryIs><LinearRing>
<coordinates>121.60766602,24.15932832,0 121.60766065,24.15977862,0 121.60776258,24.15987162,0 121.60805762,24.15987162,0 121.60796106,24.15932832,0 121.60766602,24.15932832,0</coordinates>
</LinearRing></outerBoundaryIs></Polygon>
</Placemark>
<Placemark>
<name>SWCB_3478_1</name>
<ExtendedData>
<Data name="events"><value>凱米颱風</value></Data>
<Data name="area_ha"><value>0.160030955514</value></Data>
<Data name="source"><value>民國113年農村水保署災後衛星影像判釋</value></Data>
</ExtendedData>
<Polygon><outerBoundaryIs><LinearRing>
<coordinates>121.60023630,24.15501615,0 121.60023093,24.15519725,0 121.60042942,24.15519725,0 121.60052598,24.15537836,0 121.60082102,24.15538325,0 121.60082638,24.15510915,0 121.60053134,24.15510915,0 121.60053134,24.15501615,0 121.60023630,24.15501615,0</coordinates>
</LinearRing></outerBoundaryIs></Polygon>
</Placemark>
<Placemark>
<name>SWCB_3479_1</name>
<ExtendedData>
<Data name="events"><value>凱米颱風</value></Data>
<Data name="area_ha"><value>0.160030909088</value></Data>
<Data name="source"><value>民國113年農村水保署災後衛星影像判釋</value></Data>
</ExtendedData>
<Polygon><outerBoundaryIs><LinearRing>
<coordinates>121.60103023,24.15448262,0 121.60092831,24.15475183,0 121.60131991,24.15484483,0 121.60142183,24.15457562,0 121.60132527,24.15448262,0 121.60103023,24.15448262,0</coordinates>
</LinearRing></outerBoundaryIs></Polygon>
</Placemark>
<Placemark>
<name>SWCB_3480_1</name>
<ExtendedData>
<Data name="events"><value>凱米颱風</value></Data>
<Data name="area_ha"><value>0.540104770208</value></Data>
<Data name="source"><value>民國113年農村水保署災後衛星影像判釋</value></Data>
</ExtendedData>
<Polygon><outerBoundaryIs><LinearRing>
<coordinates>121.60151839,24.15448752,0 121.60151839,24.15475673,0 121.60181344,24.15476162,0 121.60180807,24.15493783,0 121.60309017,24.15495252,0 121.60309017,24.15477141,0 121.60230696,24.15467352,0 121.60210848,24.15449241,0 121.60151839,24.15448752,0</coordinates>
</LinearRing></outerBoundaryIs></Polygon>
</Placemark>
<Placemark>
<name>SWCB_3481_1</name>
<ExtendedData>
<Data name="events"><value>凱米颱風</value></Data>
<Data name="area_ha"><value>0.440084650527</value></Data>
<Data name="source"><value>民國113年農村水保署災後衛星影像判釋</value></Data>
</ExtendedData>
<Polygon><outerBoundaryIs><LinearRing>
<coordinates>121.59995735,24.15356730,0 121.60004854,24.15411062,0 121.60034359,24.15411552,0 121.60053670,24.15438473,0 121.60073519,24.15438962,0 121.60064399,24.15375330,0 121.60025239,24.15366030,0 121.60025239,24.15357220,0 121.59995735,24.15356730,0</coordinates>
</LinearRing></outerBoundaryIs></Polygon>
</Placemark>
<Placemark>
<name>SWCB_3483_1</name>
<ExtendedData>
<Data name="events"><value>凱米颱風</value></Data>
<Data name="area_ha"><value>0.550056669535</value></Data>
<Data name="source"><value>民國113年農村水保署災後衛星影像判釋</value></Data>
</ExtendedData>
<Polygon><outerBoundaryIs><LinearRing>
<coordinates>121.60963476,24.15962689,0 121.60963476,24.15952410,0 121.60943627,24.15943600,0 121.60944164,24.15925490,0 121.60924315,24.15916191,0 121.60914660,24.15888781,0 121.60885155,24.15888781,0 121.60884619,24.15951921,0 121.60894811,24.15951921,0 121.60894275,24.15979330,0 121.60913587,24.15989119,0 121.60963476,24.15962689,0</coordinates>
</LinearRing></outerBoundaryIs></Polygon>
</Placemark>
<Placemark>
<name>SWCB_3484_1</name>
<ExtendedData>
<Data name="events"><value>凱米颱風</value></Data>
<Data name="area_ha"><value>0.255207222742</value></Data>
<Data name="source"><value>民國113年農村水保署災後衛星影像判釋</value></Data>
</ExtendedData>
<Polygon><outerBoundaryIs><LinearRing>
<coordinates>121.60218358,24.15692997,0 121.60228550,24.15666076,0 121.60199046,24.15656776,0 121.60199046,24.15665587,0 121.60123944,24.15673908,0 121.60123944,24.15692018,0 121.60188854,24.15683697,0 121.60218358,24.15692997,0</coordinates>
</LinearRing></outerBoundaryIs></Polygon>
</Placemark>
<Placemark>
<name>SWCB_336_1</name>
<ExtendedData>
<Data name="events"><value>0403花蓮地震</value></Data>
<Data name="area_ha"><value>0.131254657928</value></Data>
<Data name="source"><value>民國113年農村水保署災後衛星影像判釋</value></Data>
</ExtendedData>
<Polygon><outerBoundaryIs><LinearRing>
<coordinates>121.61322355,24.10565317,0 121.61334157,24.10575600,0 121.61333084,24.10564828,0 121.61349714,24.10560421,0 121.61346495,24.10529082,0 121.61322355,24.10509985,0 121.61318600,24.10526144,0 121.61322355,24.10565317,0</coordinates>
</LinearRing></outerBoundaryIs></Polygon>
</Placemark>
<Placemark>
<name>SWCB_338_1</name>
<ExtendedData>
<Data name="events"><value>0403花蓮地震</value></Data>
<Data name="area_ha"><value>0.0230633174782</value></Data>
<Data name="source"><value>民國113年農村水保署災後衛星影像判釋</value></Data>
</ExtendedData>
<Polygon><outerBoundaryIs><LinearRing>
<coordinates>121.61403894,24.10560910,0 121.61400139,24.10551117,0 121.61389947,24.10552096,0 121.61388874,24.10564828,0 121.61403894,24.10560910,0</coordinates>
</LinearRing></outerBoundaryIs></Polygon>
</Placemark>
<Placemark>
<name>SWCB_296_1</name>
<ExtendedData>
<Data name="events"><value>0403花蓮地震</value></Data>
<Data name="area_ha"><value>0.561634658993</value></Data>
<Data name="source"><value>民國113年農村水保署災後衛星影像判釋</value></Data>
</ExtendedData>
<Polygon><outerBoundaryIs><LinearRing>
<coordinates>121.60321891,24.11486826,0 121.60337985,24.11459896,0 121.60341203,24.11401630,0 121.60334766,24.11357074,0 121.60300434,24.11322310,0 121.60308480,24.11367356,0 121.60292387,24.11384004,0 121.60311699,24.11483888,0 121.60321891,24.11486826,0</coordinates>
</LinearRing></outerBoundaryIs></Polygon>
</Placemark>
<Placemark>
<name>SWCB_297_1</name>
<ExtendedData>
<Data name="events"><value>0403花蓮地震</value></Data>
<Data name="area_ha"><value>0.718170861475</value></Data>
<Data name="source"><value>民國113年農村水保署災後衛星影像判釋</value></Data>
</ExtendedData>
<Polygon><outerBoundaryIs><LinearRing>
<coordinates>121.60453856,24.11164158,0 121.60504818,24.11088264,0 121.60541832,24.11172972,0 121.60535932,24.11196964,0 121.60546660,24.11204309,0 121.60556316,24.11194026,0 121.60517693,24.11075534,0 121.60520375,24.11036852,0 121.60498917,24.11008942,0 121.60482824,24.11018245,0 121.60467267,24.11096588,0 121.60437226,24.11122539,0 121.60460293,24.11123518,0 121.60433471,24.11154366,0 121.60440981,24.11163669,0 121.60453856,24.11164158,0</coordinates>
</LinearRing></outerBoundaryIs></Polygon>
</Placemark>
<Placemark>
<name>SWCB_306_1</name>
<ExtendedData>
<Data name="events"><value>0403花蓮地震</value></Data>
<Data name="area_ha"><value>0.0977615441632</value></Data>
<Data name="source"><value>民國113年農村水保署災後衛星影像判釋</value></Data>
</ExtendedData>
<Polygon><outerBoundaryIs><LinearRing>
<coordinates>121.60883546,24.12500310,0 121.60896957,24.12479748,0 121.60881937,24.12463102,0 121.60851359,24.12479748,0 121.60883546,24.12500310,0</coordinates>
</LinearRing></outerBoundaryIs></Polygon>
</Placemark>
<Placemark>
<name>SWCB_308_1</name>
<ExtendedData>
<Data name="events"><value>0403花蓮地震</value></Data>
<Data name="area_ha"><value>2.01450646246</value></Data>
<Data name="source"><value>民國113年農村水保署災後衛星影像判釋</value></Data>
</ExtendedData>
<Polygon><outerBoundaryIs><LinearRing>
<coordinates>121.59828901,24.11379108,0 121.59817636,24.11413871,0 121.59765065,24.11439821,0 121.59746289,24.11502494,0 121.59788132,24.11527954,0 121.59832120,24.11524037,0 121.59832120,24.11498087,0 121.59911513,24.11507390,0 121.59875572,24.11548029,0 121.59890056,24.11574958,0 121.59913659,24.11573979,0 121.59928143,24.11536278,0 121.59902930,24.11482909,0 121.59935653,24.11482419,0 121.59952283,24.11447656,0 121.59915268,24.11407506,0 121.59891665,24.11454510,0 121.59879327,24.11452552,0 121.59862161,24.11405548,0 121.59849823,24.11402610,0 121.59848750,24.11416319,0 121.59836948,24.11405058,0 121.59828901,24.11379108,0</coordinates>
</LinearRing></outerBoundaryIs></Polygon>
</Placemark>
<Placemark>
<name>SWCB_310_1</name>
<ExtendedData>
<Data name="events"><value>0403花蓮地震</value></Data>
<Data name="area_ha"><value>0.136402418364</value></Data>
<Data name="source"><value>民國113年農村水保署災後衛星影像判釋</value></Data>
</ExtendedData>
<Polygon><outerBoundaryIs><LinearRing>
<coordinates>121.60718858,24.12515977,0 121.60727441,24.12491498,0 121.60688818,24.12487581,0 121.60694718,24.12549269,0 121.60718858,24.12515977,0</coordinates>
</LinearRing></outerBoundaryIs></Polygon>
</Placemark>
<Placemark>
<name>SWCB_329_1</name>
<ExtendedData>
<Data name="events"><value>0403花蓮地震</value></Data>
<Data name="area_ha"><value>0.0896245130838</value></Data>
<Data name="source"><value>民國113年農村水保署災後衛星影像判釋</value></Data>
</ExtendedData>
<Polygon><outerBoundaryIs><LinearRing>
<coordinates>121.61337376,24.12558081,0 121.61337912,24.12544373,0 121.61295533,24.12558081,0 121.61312163,24.12577665,0 121.61337376,24.12558081,0</coordinates>
</LinearRing></outerBoundaryIs></Polygon>
</Placemark>
<Placemark>
<name>SWCB_341_1</name>
<ExtendedData>
<Data name="events"><value>0403花蓮地震</value></Data>
<Data name="area_ha"><value>1.67150420791</value></Data>
<Data name="source"><value>民國113年農村水保署災後衛星影像判釋</value></Data>
</ExtendedData>
<Polygon><outerBoundaryIs><LinearRing>
<coordinates>121.61370635,24.12698591,0 121.61333084,24.12661383,0 121.61339521,24.12708873,0 121.61313236,24.12699081,0 121.61317527,24.12747060,0 121.61298752,24.12749997,0 121.61241889,24.12715237,0 121.61196828,24.12781820,0 121.61217213,24.12786226,0 121.61223571,24.12822011,0 121.61207020,24.12831756,0 121.61197364,24.12802871,0 121.61189854,24.12806298,0 121.61188245,24.12842037,0 121.61244035,24.12885609,0 121.61251009,24.12866516,0 121.61232769,24.12830777,0 121.61241353,24.12768112,0 121.61300898,24.12763705,0 121.61335766,24.12813642,0 121.61318600,24.12756851,0 121.61336839,24.12735310,0 121.61359906,24.12738737,0 121.61360443,24.12753424,0 121.61334157,24.12750976,0 121.61351323,24.12793080,0 121.61383510,24.12801892,0 121.61409259,24.12745101,0 121.61405504,24.12709852,0 121.61370635,24.12698591,0</coordinates>
</LinearRing></outerBoundaryIs></Polygon>
</Placemark>
<Placemark>
<name>SWCB_348_1</name>
<ExtendedData>
<Data name="events"><value>0403花蓮地震</value></Data>
<Data name="area_ha"><value>0.049395656225</value></Data>
<Data name="source"><value>民國113年農村水保署災後衛星影像判釋</value></Data>
</ExtendedData>
<Polygon><outerBoundaryIs><LinearRing>
<coordinates>121.61490262,24.11054969,0 121.61497235,24.11047134,0 121.61505818,24.11007963,0 121.61481142,24.11043707,0 121.61490262,24.11054969,0</coordinates>
</LinearRing></outerBoundaryIs></Polygon>
</Placemark>
<Placemark>
<name>SWCB_3502_1</name>
<ExtendedData>
<Data name="events"><value>凱米颱風</value></Data>
<Data name="area_ha"><value>0.790164294374</value></Data>
<Data name="source"><value>民國113年農村水保署災後衛星影像判釋</value></Data>
</ExtendedData>
<Polygon><outerBoundaryIs><LinearRing>
<coordinates>121.61647439,24.11832007,0 121.61637247,24.11850123,0 121.61607742,24.11849633,0 121.61587894,24.11867749,0 121.61568582,24.11867259,0 121.61568582,24.11858446,0 121.61528885,24.11867259,0 121.61518693,24.11903001,0 121.61538541,24.11921116,0 121.61568046,24.11921606,0 121.61607742,24.11894677,0 121.61627054,24.11895167,0 121.61676943,24.11859425,0 121.61676943,24.11832497,0 121.61647439,24.11832007,0</coordinates>
</LinearRing></outerBoundaryIs></Polygon>
</Placemark>
<Placemark>
<name>SWCB_3503_1</name>
<ExtendedData>
<Data name="events"><value>凱米颱風</value></Data>
<Data name="area_ha"><value>0.34006704603</value></Data>
<Data name="source"><value>民國113年農村水保署災後衛星影像判釋</value></Data>
</ExtendedData>
<Polygon><outerBoundaryIs><LinearRing>
<coordinates>121.60428107,24.10845400,0 121.60427570,24.10908565,0 121.60447419,24.10909054,0 121.60457611,24.10890937,0 121.60487115,24.10882124,0 121.60467803,24.10837076,0 121.60428107,24.10845400,0</coordinates>
</LinearRing></outerBoundaryIs></Polygon>
</Placemark>
<Placemark>
<name>SWCB_1069_1</name>
<ExtendedData>
<Data name="events"><value>0403花蓮地震</value></Data>
<Data name="area_ha"><value>0.254618525288</value></Data>
<Data name="source"><value>民國113年農村水保署災後衛星影像判釋</value></Data>
</ExtendedData>
<Polygon><outerBoundaryIs><LinearRing>
<coordinates>121.63329720,24.24832919,0 121.63317919,24.24836343,0 121.63327038,24.24889167,0 121.63361907,24.24931719,0 121.63369417,24.24894058,0 121.63349569,24.24877917,0 121.63329720,24.24832919,0</coordinates>
</LinearRing></outerBoundaryIs></Polygon>
</Placemark>
<Placemark>
<name>SWCB_1074_1</name>
<ExtendedData>
<Data name="events"><value>0403花蓮地震</value></Data>
<Data name="area_ha"><value>0.194257163438</value></Data>
<Data name="source"><value>民國113年農村水保署災後衛星影像判釋</value></Data>
</ExtendedData>
<Polygon><outerBoundaryIs><LinearRing>
<coordinates>121.63354397,24.24655858,0 121.63347423,24.24671021,0 121.63356543,24.24692542,0 121.63335621,24.24676402,0 121.63330257,24.24688630,0 121.63379073,24.24714064,0 121.63385510,24.24679825,0 121.63354397,24.24655858,0</coordinates>
</LinearRing></outerBoundaryIs></Polygon>
</Placemark>
<Placemark>
<name>SWCB_1093_1</name>
<ExtendedData>
<Data name="events"><value>0403花蓮地震</value></Data>
<Data name="area_ha"><value>1.05306461448</value></Data>
<Data name="source"><value>民國113年農村水保署災後衛星影像判釋</value></Data>
</ExtendedData>
<Polygon><outerBoundaryIs><LinearRing>
<coordinates>121.63186491,24.24723357,0 121.63070619,24.24589338,0 121.63054526,24.24593740,0 121.63126409,24.24748302,0 121.63171470,24.24783518,0 121.63194001,24.24750748,0 121.63186491,24.24723357,0</coordinates>
</LinearRing></outerBoundaryIs></Polygon>
</Placemark>
<Placemark>
<name>SWCB_1152_1</name>
<ExtendedData>
<Data name="events"><value>0403花蓮地震</value></Data>
<Data name="area_ha"><value>0.0629777345163</value></Data>
<Data name="source"><value>民國113年農村水保署災後衛星影像判釋</value></Data>
</ExtendedData>
<Polygon><outerBoundaryIs><LinearRing>
<coordinates>121.63274467,24.24828517,0 121.63273931,24.24837321,0 121.63294852,24.24841234,0 121.63297534,24.24816289,0 121.63274467,24.24828517,0</coordinates>
</LinearRing></outerBoundaryIs></Polygon>
</Placemark>
<Placemark>
<name>SWCB_1239_1</name>
<ExtendedData>
<Data name="events"><value>0403花蓮地震</value></Data>
<Data name="area_ha"><value>0.0269286023878</value></Data>
<Data name="source"><value>民國113年農村水保署災後衛星影像判釋</value></Data>
</ExtendedData>
<Polygon><outerBoundaryIs><LinearRing>
<coordinates>121.63030386,24.24793301,0 121.63035750,24.24806018,0 121.63047016,24.24795257,0 121.63041651,24.24786453,0 121.63030386,24.24793301,0</coordinates>
</LinearRing></outerBoundaryIs></Polygon>
</Placemark>
<Placemark>
<name>SWCB_1270_1</name>
<ExtendedData>
<Data name="events"><value>0403花蓮地震</value></Data>
<Data name="area_ha"><value>0.087423065298</value></Data>
<Data name="source"><value>民國113年農村水保署災後衛星影像判釋</value></Data>
</ExtendedData>
<Polygon><outerBoundaryIs><LinearRing>
<coordinates>121.62926853,24.24693521,0 121.62931144,24.24707705,0 121.62952065,24.24702814,0 121.62952602,24.24675423,0 121.62939727,24.24674445,0 121.62926853,24.24693521,0</coordinates>
</LinearRing></outerBoundaryIs></Polygon>
</Placemark>
<Placemark>
<name>SWCB_4732_1</name>
<ExtendedData>
<Data name="events"><value>山陀兒颱風</value></Data>
<Data name="area_ha"><value>0.38801109359</value></Data>
<Data name="source"><value>民國113年農村水保署災後衛星影像判釋</value></Data>
</ExtendedData>
<Polygon><outerBoundaryIs><LinearRing>
<coordinates>121.63081884,24.24855418,0 121.63111925,24.24811398,0 121.63089395,24.24772269,0 121.63071156,24.24775692,0 121.63062572,24.24803083,0 121.63021803,24.24806996,0 121.63081884,24.24855418,0</coordinates>
</LinearRing></outerBoundaryIs></Polygon>
</Placemark>
<Placemark>
<name>SWCB_1268_1</name>
<ExtendedData>
<Data name="events"><value>0403花蓮地震</value></Data>
<Data name="area_ha"><value>1.00142801195</value></Data>
<Data name="source"><value>民國113年農村水保署災後衛星影像判釋</value></Data>
</ExtendedData>
<Polygon><outerBoundaryIs><LinearRing>
<coordinates>121.63724542,24.24654391,0 121.63749754,24.24688140,0 121.63745999,24.24711129,0 121.63763702,24.24732650,0 121.63769603,24.24773736,0 121.63786769,24.24791344,0 121.63809836,24.24794768,0 121.63818419,24.24786942,0 121.63801789,24.24765421,0 121.63813055,24.24750748,0 121.63802326,24.24734607,0 121.63806617,24.24706727,0 121.63862944,24.24690586,0 121.63831830,24.24672489,0 121.63814664,24.24690586,0 121.63793743,24.24692053,0 121.63789451,24.24640207,0 121.63761556,24.24641674,0 121.63748145,24.24608414,0 121.63737416,24.24625533,0 121.63720787,24.24627489,0 121.63724542,24.24654391,0</coordinates>
</LinearRing></outerBoundaryIs></Polygon>
</Placemark>
<Placemark>
<name>SWCB_1108_1</name>
<ExtendedData>
<Data name="events"><value>0403花蓮地震</value></Data>
<Data name="area_ha"><value>0.95902819085</value></Data>
<Data name="source"><value>民國113年農村水保署災後衛星影像判釋</value></Data>
</ExtendedData>
<Polygon><outerBoundaryIs><LinearRing>
<coordinates>121.62582994,24.24697434,0 121.62598014,24.24695966,0 121.62623227,24.24662706,0 121.62613034,24.24625533,0 121.62571192,24.24593740,0 121.62522912,24.24529176,0 121.62517011,24.24547762,0 121.62576020,24.24647054,0 121.62549198,24.24631892,0 121.62493408,24.24540915,0 121.62474632,24.24537002,0 121.62509501,24.24622109,0 121.62551343,24.24649011,0 121.62582994,24.24697434,0</coordinates>
</LinearRing></outerBoundaryIs></Polygon>
</Placemark>
<Placemark>
<name>SWCB_1161_1</name>
<ExtendedData>
<Data name="events"><value>0403花蓮地震</value></Data>
<Data name="area_ha"><value>0.222253417743</value></Data>
<Data name="source"><value>民國113年農村水保署災後衛星影像判釋</value></Data>
</ExtendedData>
<Polygon><outerBoundaryIs><LinearRing>
<coordinates>121.62286878,24.24699879,0 121.62304044,24.24730694,0 121.62316918,24.24732650,0 121.62316918,24.24695966,0 121.62287951,24.24669065,0 121.62262738,24.24695966,0 121.62245572,24.24732650,0 121.62286878,24.24699879,0</coordinates>
</LinearRing></outerBoundaryIs></Polygon>
</Placemark>
<Placemark>
<name>SWCB_1272_1</name>
<ExtendedData>
<Data name="events"><value>0403花蓮地震</value></Data>
<Data name="area_ha"><value>0.56194119066</value></Data>
<Data name="source"><value>民國113年農村水保署災後衛星影像判釋</value></Data>
</ExtendedData>
<Polygon><outerBoundaryIs><LinearRing>
<coordinates>121.62407577,24.24726292,0 121.62422061,24.24708683,0 121.62387729,24.24630913,0 121.62360907,24.24633359,0 121.62345886,24.24654880,0 121.62361443,24.24726781,0 121.62383437,24.24717488,0 121.62407577,24.24726292,0</coordinates>
</LinearRing></outerBoundaryIs></Polygon>
</Placemark>
<Placemark>
<name>SWCB_1289_1</name>
<ExtendedData>
<Data name="events"><value>0403花蓮地震</value></Data>
<Data name="area_ha"><value>0.0788443522133</value></Data>
<Data name="source"><value>民國113年農村水保署災後衛星影像判釋</value></Data>
</ExtendedData>
<Polygon><outerBoundaryIs><LinearRing>
<coordinates>121.61965013,24.24994814,0 121.61955292,24.25000000,0 121.61962718,24.25000000,0 121.61965013,24.24994814,0</coordinates>
</LinearRing></outerBoundaryIs></Polygon>
</Placemark>
<Placemark>
<name>SWCB_1313_1</name>
<ExtendedData>
<Data name="events"><value>0403花蓮地震</value></Data>
<Data name="area_ha"><value>0.215212148033</value></Data>
<Data name="source"><value>民國113年農村水保署災後衛星影像判釋</value></Data>
</ExtendedData>
<Polygon><outerBoundaryIs><LinearRing>
<coordinates>121.61967695,24.24833897,0 121.61973596,24.24856396,0 121.62022412,24.24835854,0 121.62029922,24.24806507,0 121.62022412,24.24798681,0 121.61986470,24.24818735,0 121.61967695,24.24833897,0</coordinates>
</LinearRing></outerBoundaryIs></Polygon>
</Placemark>
<Placemark>
<name>SWCB_3324_1</name>
<ExtendedData>
<Data name="events"><value>凱米颱風</value></Data>
<Data name="area_ha"><value>0.0600133381416</value></Data>
<Data name="source"><value>民國113年農村水保署災後衛星影像判釋</value></Data>
</ExtendedData>
<Polygon><outerBoundaryIs><LinearRing>
<coordinates>121.62618935,24.24952751,0 121.62638783,24.24952751,0 121.62638783,24.24925850,0 121.62618935,24.24925850,0 121.62618935,24.24952751,0</coordinates>
</LinearRing></outerBoundaryIs></Polygon>
</Placemark>
<Placemark>
<name>SWCB_3325_1</name>
<ExtendedData>
<Data name="events"><value>凱米颱風</value></Data>
<Data name="area_ha"><value>0.120026223412</value></Data>
<Data name="source"><value>民國113年農村水保署災後衛星影像判釋</value></Data>
</ExtendedData>
<Polygon><outerBoundaryIs><LinearRing>
<coordinates>121.62619472,24.24898460,0 121.62580311,24.24898460,0 121.62579775,24.24925361,0 121.62618935,24.24925850,0 121.62619472,24.24898460,0</coordinates>
</LinearRing></outerBoundaryIs></Polygon>
</Placemark>
<Placemark>
<name>SWCB_3326_1</name>
<ExtendedData>
<Data name="events"><value>凱米颱風</value></Data>
<Data name="area_ha"><value>0.100021958547</value></Data>
<Data name="source"><value>民國113年農村水保署災後衛星影像判釋</value></Data>
</ExtendedData>
<Polygon><outerBoundaryIs><LinearRing>
<coordinates>121.62560999,24.24843679,0 121.62570655,24.24879874,0 121.62589967,24.24880363,0 121.62580848,24.24844168,0 121.62560999,24.24843679,0</coordinates>
</LinearRing></outerBoundaryIs></Polygon>
</Placemark>
<Placemark>
<name>SWCB_1301_1</name>
<ExtendedData>
<Data name="events"><value>0403花蓮地震</value></Data>
<Data name="area_ha"><value>0.238493329481</value></Data>
<Data name="source"><value>民國113年農村水保署災後衛星影像判釋</value></Data>
</ExtendedData>
<Polygon><outerBoundaryIs><LinearRing>
<coordinates>121.63973451,24.24837321,0 121.64023340,24.24816289,0 121.64016902,24.24807485,0 121.63943410,24.24829006,0 121.63884401,24.24823137,0 121.63870990,24.24837321,0 121.63913369,24.24834386,0 121.63973451,24.24837321,0</coordinates>
</LinearRing></outerBoundaryIs></Polygon>
</Placemark>
<Placemark>
<name>SWCB_3307_1</name>
<ExtendedData>
<Data name="events"><value>凱米颱風</value></Data>
<Data name="area_ha"><value>0.220050981263</value></Data>
<Data name="source"><value>民國113年農村水保署災後衛星影像判釋</value></Data>
</ExtendedData>
<Polygon><outerBoundaryIs><LinearRing>
<coordinates>121.63742781,24.24827539,0 121.63742244,24.24881830,0 121.63771749,24.24881830,0 121.63772285,24.24845636,0 121.63781941,24.24845636,0 121.63772821,24.24818735,0 121.63742781,24.24827539,0</coordinates>
</LinearRing></outerBoundaryIs></Polygon>
</Placemark>
<Placemark>
<name>SWCB_3308_1</name>
<ExtendedData>
<Data name="events"><value>凱米颱風</value></Data>
<Data name="area_ha"><value>0.0200046119976</value></Data>
<Data name="source"><value>民國113年農村水保署災後衛星影像判釋</value></Data>
</ExtendedData>
<Polygon><outerBoundaryIs><LinearRing>
<coordinates>121.63674653,24.24781562,0 121.63674653,24.24790855,0 121.63693964,24.24790855,0 121.63693964,24.24782051,0 121.63674653,24.24781562,0</coordinates>
</LinearRing></outerBoundaryIs></Polygon>
</Placemark>
<Placemark>
<name>SWCB_1029_1</name>
<ExtendedData>
<Data name="events"><value>0403花蓮地震</value></Data>
<Data name="area_ha"><value>4.44933763193</value></Data>
<Data name="source"><value>民國113年農村水保署災後衛星影像判釋</value></Data>
</ExtendedData>
<Polygon><outerBoundaryIs><LinearRing>
<coordinates>121.63832366,24.24931719,0 121.63810909,24.24945415,0 121.63821101,24.24967914,0 121.63852751,24.24958620,0 121.63837464,24.25000000,0 121.63871740,24.25000000,0 121.63874745,24.24998238,0 121.63861871,24.24974761,0 121.63880110,24.24946393,0 121.63939655,24.24916557,0 121.63950920,24.24925850,0 121.63937509,24.24947860,0 121.63951993,24.24962533,0 121.63958429,24.25000000,0 121.64088881,24.25000000,0 121.64073765,24.24968403,0 121.64150476,24.24905797,0 121.64058208,24.24840256,0 121.63961649,24.24867646,0 121.63918197,24.24861287,0 121.63910687,24.24873026,0 121.63919270,24.24878895,0 121.63897276,24.24889167,0 121.63870454,24.24866179,0 121.63857579,24.24882319,0 121.63838267,24.24883787,0 121.63837731,24.24896014,0 121.63875282,24.24905308,0 121.63879573,24.24930741,0 121.63852215,24.24941013,0 121.63832366,24.24931719,0</coordinates>
</LinearRing></outerBoundaryIs></Polygon>
</Placemark>
<Placemark>
<name>SWCB_1029_2</name>
<ExtendedData>
<Data name="events"><value>0403花蓮地震</value></Data>
<Data name="area_ha"><value>4.44933763193</value></Data>
<Data name="source"><value>民國113年農村水保署災後衛星影像判釋</value></Data>
</ExtendedData>
<Polygon><outerBoundaryIs><LinearRing>
<coordinates>121.64142085,24.25000000,0 121.64229358,24.25000000,0 121.64252937,24.24997260,0 121.64196610,24.24983076,0 121.64142085,24.25000000,0</coordinates>
</LinearRing></outerBoundaryIs></Polygon>
</Placemark>
<Placemark>
<name>SWCB_286_1</name>
<ExtendedData>
<Data name="events"><value>0403花蓮地震</value></Data>
<Data name="area_ha"><value>15.7698945676</value></Data>
<Data name="source"><value>民國113年農村水保署災後衛星影像判釋</value></Data>
</ExtendedData>
<Polygon><outerBoundaryIs><LinearRing>
<coordinates>121.60928607,24.13120602,0 121.60965085,24.13084374,0 121.60978496,24.13105915,0 121.60994053,24.13089270,0 121.60988688,24.13029053,0 121.60998344,24.13012408,0 121.60967231,24.13000658,0 121.60951138,24.12975690,0 121.60967231,24.12940931,0 121.60983324,24.12949743,0 121.60992980,24.12986950,0 121.61012828,24.12957087,0 121.61036968,24.12949743,0 121.61029994,24.12894911,0 121.61050916,24.12883162,0 121.61059499,24.12859662,0 121.61079347,24.12856725,0 121.61114216,24.12875328,0 121.61095440,24.12821965,0 121.61058426,24.12798955,0 121.61033750,24.12819517,0 121.61020339,24.12802382,0 121.60994053,24.12802871,0 121.60999954,24.12775945,0 121.60959721,24.12807767,0 121.60909295,24.12931139,0 121.60891056,24.12930160,0 121.60877109,24.12910578,0 121.60832047,24.12905682,0 121.60855651,24.12798955,0 121.60893202,24.12764685,0 121.60893202,24.12724539,0 121.60864234,24.12743143,0 121.60792887,24.12936035,0 121.60769820,24.12949254,0 121.60711884,24.12933098,0 121.60677552,24.12907640,0 121.60670578,24.12852318,0 121.60708666,24.12770070,0 121.60651803,24.12861620,0 121.60641611,24.12921348,0 121.60602450,24.12955128,0 121.60502136,24.13001637,0 121.60502136,24.12966878,0 121.60540760,24.12915963,0 121.60534859,24.12905682,0 121.60449564,24.12993315,0 121.60393775,24.13162215,0 121.60399139,24.13181797,0 121.60433471,24.13176412,0 121.60481751,24.13106404,0 121.60525739,24.13077031,0 121.60623372,24.13170048,0 121.60636783,24.13196973,0 121.60674334,24.13180818,0 121.60663068,24.13154382,0 121.60685599,24.13138716,0 121.60685062,24.13110811,0 121.60711884,24.13105915,0 121.60725832,24.13179349,0 121.60805762,24.13206275,0 121.60855114,24.13196484,0 121.60880864,24.13209702,0 121.60898566,24.13204317,0 121.60928607,24.13120602,0</coordinates>
</LinearRing></outerBoundaryIs></Polygon>
</Placemark>
<Placemark>
<name>SWCB_290_1</name>
<ExtendedData>
<Data name="events"><value>0403花蓮地震</value></Data>
<Data name="area_ha"><value>1.39846641431</value></Data>
<Data name="source"><value>民國113年農村水保署災後衛星影像判釋</value></Data>
</ExtendedData>
<Polygon><outerBoundaryIs><LinearRing>
<coordinates>121.61172688,24.12956108,0 121.61158204,24.12938973,0 121.61125481,24.12946806,0 121.61176980,24.13015835,0 121.61217213,24.13027584,0 121.61239207,24.13047167,0 121.61237061,24.13074583,0 121.61290169,24.13119133,0 121.61301434,24.13115217,0 121.61294997,24.13088780,0 121.61241889,24.13032480,0 121.61265492,24.13036886,0 121.61270857,24.13010939,0 121.61284268,24.13006533,0 121.61381364,24.13036886,0 121.61367416,24.13012897,0 121.61344886,24.13012408,0 121.61314309,24.12986461,0 121.61270320,24.12984013,0 121.61229014,24.12963941,0 121.61172688,24.12956108,0</coordinates>
</LinearRing></outerBoundaryIs></Polygon>
</Placemark>
<Placemark>
<name>SWCB_334_1</name>
<ExtendedData>
<Data name="events"><value>0403花蓮地震</value></Data>
<Data name="area_ha"><value>0.168092594961</value></Data>
<Data name="source"><value>民國113年農村水保署災後衛星影像判釋</value></Data>
</ExtendedData>
<Polygon><outerBoundaryIs><LinearRing>
<coordinates>121.61053061,24.12729435,0 121.61040187,24.12695164,0 121.61020875,24.12701529,0 121.60999417,24.12740206,0 121.61012292,24.12746081,0 121.61020875,24.12733352,0 121.61053061,24.12729435,0</coordinates>
</LinearRing></outerBoundaryIs></Polygon>
</Placemark>
<Placemark>
<name>SWCB_340_1</name>
<ExtendedData>
<Data name="events"><value>0403花蓮地震</value></Data>
<Data name="area_ha"><value>0.174555831492</value></Data>
<Data name="source"><value>民國113年農村水保署災後衛星影像判釋</value></Data>
</ExtendedData>
<Polygon><outerBoundaryIs><LinearRing>
<coordinates>121.59850895,24.13003106,0 121.59840703,24.12985971,0 121.59865379,24.12959045,0 121.59820855,24.12951212,0 121.59823000,24.12995763,0 121.59850895,24.13003106,0</coordinates>
</LinearRing></outerBoundaryIs></Polygon>
</Placemark>
<Placemark>
<name>SWCB_1588_1</name>
<ExtendedData>
<Data name="events"><value>0403花蓮地震</value></Data>
<Data name="area_ha"><value>0.0351090537578</value></Data>
<Data name="source"><value>民國113年農村水保署災後衛星影像判釋</value></Data>
</ExtendedData>
<Polygon><outerBoundaryIs><LinearRing>
<coordinates>121.61824465,24.14288156,0 121.61826611,24.14282282,0 121.61806762,24.14273960,0 121.61800325,24.14285219,0 121.61810517,24.14289135,0 121.61824465,24.14288156,0</coordinates>
</LinearRing></outerBoundaryIs></Polygon>
</Placemark>
<Placemark>
<name>SWCB_1382_1</name>
<ExtendedData>
<Data name="events"><value>0403花蓮地震</value></Data>
<Data name="area_ha"><value>0.095094075752</value></Data>
<Data name="source"><value>民國113年農村水保署災後衛星影像判釋</value></Data>
</ExtendedData>
<Polygon><outerBoundaryIs><LinearRing>
<coordinates>121.61867917,24.13874507,0 121.61829293,24.13880871,0 121.61843240,24.13905347,0 121.61871135,24.13884787,0 121.61867917,24.13874507,0</coordinates>
</LinearRing></outerBoundaryIs></Polygon>
</Placemark>
<Placemark>
<name>SWCB_1389_1</name>
<ExtendedData>
<Data name="events"><value>0403花蓮地震</value></Data>
<Data name="area_ha"><value>0.186487056239</value></Data>
<Data name="source"><value>民國113年農村水保署災後衛星影像判釋</value></Data>
</ExtendedData>
<Polygon><outerBoundaryIs><LinearRing>
<coordinates>121.61778867,24.14204448,0 121.61793888,24.14197106,0 121.61790133,24.14187315,0 121.61756873,24.14183399,0 121.61764383,24.14172629,0 121.61733806,24.14177525,0 121.61697328,24.14160881,0 121.61665678,24.14172629,0 121.61751509,24.14187805,0 121.61778867,24.14204448,0</coordinates>
</LinearRing></outerBoundaryIs></Polygon>
</Placemark>
<Placemark>
<name>SWCB_1505_1</name>
<ExtendedData>
<Data name="events"><value>0403花蓮地震</value></Data>
<Data name="area_ha"><value>0.592003246147</value></Data>
<Data name="source"><value>民國113年農村水保署災後衛星影像判釋</value></Data>
</ExtendedData>
<Polygon><outerBoundaryIs><LinearRing>
<coordinates>121.61782622,24.13232222,0 121.61789060,24.13257679,0 121.61836803,24.13253273,0 121.61809444,24.13274324,0 121.61796570,24.13308593,0 121.61793351,24.13339435,0 121.61804616,24.13354121,0 121.61789060,24.13359996,0 121.61799252,24.13377130,0 121.61791742,24.13397202,0 121.61810517,24.13386921,0 121.61811054,24.13328175,0 121.61836803,24.13311530,0 121.61841631,24.13273834,0 121.61874890,24.13254741,0 121.61846459,24.13249846,0 121.61817491,24.13219983,0 121.61755800,24.13231243,0 121.61782622,24.13232222,0</coordinates>
</LinearRing></outerBoundaryIs></Polygon>
</Placemark>
<Placemark>
<name>SWCB_1535_1</name>
<ExtendedData>
<Data name="events"><value>0403花蓮地震</value></Data>
<Data name="area_ha"><value>0.367342415239</value></Data>
<Data name="source"><value>民國113年農村水保署災後衛星影像判釋</value></Data>
</ExtendedData>
<Polygon><outerBoundaryIs><LinearRing>
<coordinates>121.61145329,24.13455459,0 121.61091149,24.13403566,0 121.61062181,24.13397202,0 121.61065400,24.13415315,0 121.61042869,24.13442730,0 121.61080956,24.13460354,0 121.61145329,24.13455459,0</coordinates>
</LinearRing></outerBoundaryIs></Polygon>
</Placemark>
<Placemark>
<name>SWCB_1542_1</name>
<ExtendedData>
<Data name="events"><value>0403花蓮地震</value></Data>
<Data name="area_ha"><value>0.135419297818</value></Data>
<Data name="source"><value>民國113年農村水保署災後衛星影像判釋</value></Data>
</ExtendedData>
<Polygon><outerBoundaryIs><LinearRing>
<coordinates>121.61920488,24.13406503,0 121.61865234,24.13392306,0 121.61840022,24.13402587,0 121.61890447,24.13416784,0 121.61920488,24.13406503,0</coordinates>
</LinearRing></outerBoundaryIs></Polygon>
</Placemark>
<Placemark>
<name>SWCB_1560_1</name>
<ExtendedData>
<Data name="events"><value>0403花蓮地震</value></Data>
<Data name="area_ha"><value>0.0667178144769</value></Data>
<Data name="source"><value>民國113年農村水保署災後衛星影像判釋</value></Data>
</ExtendedData>
<Polygon><outerBoundaryIs><LinearRing>
<coordinates>121.61602914,24.13446157,0 121.61592185,24.13430491,0 121.61583066,24.13474551,0 121.61588967,24.13480915,0 121.61602914,24.13446157,0</coordinates>
</LinearRing></outerBoundaryIs></Polygon>
</Placemark>
<Placemark>
<name>SWCB_1601_1</name>
<ExtendedData>
<Data name="events"><value>0403花蓮地震</value></Data>
<Data name="area_ha"><value>0.104853779962</value></Data>
<Data name="source"><value>民國113年農村水保署災後衛星影像判釋</value></Data>
</ExtendedData>
<Polygon><outerBoundaryIs><LinearRing>
<coordinates>121.61459148,24.13716876,0 121.61460221,24.13671838,0 121.61444128,24.13683587,0 121.61447346,24.13696315,0 121.61431253,24.13697784,0 121.61441982,24.13726666,0 121.61459148,24.13716876,0</coordinates>
</LinearRing></outerBoundaryIs></Polygon>
</Placemark>
<Placemark>
<name>SWCB_1629_1</name>
<ExtendedData>
<Data name="events"><value>0403花蓮地震</value></Data>
<Data name="area_ha"><value>0.118432090853</value></Data>
<Data name="source"><value>民國113年農村水保署災後衛星影像判釋</value></Data>
</ExtendedData>
<Polygon><outerBoundaryIs><LinearRing>
<coordinates>121.61686599,24.13221451,0 121.61678553,24.13189630,0 121.61662996,24.13191099,0 121.61669970,24.13209212,0 121.61647975,24.13210192,0 121.61654413,24.13228305,0 121.61686599,24.13221451,0</coordinates>
</LinearRing></outerBoundaryIs></Polygon>
</Placemark>
<Placemark>
<name>SWCB_1642_1</name>
<ExtendedData>
<Data name="events"><value>0403花蓮地震</value></Data>
<Data name="area_ha"><value>0.237239171835</value></Data>
<Data name="source"><value>民國113年農村水保署災後衛星影像判釋</value></Data>
</ExtendedData>
<Polygon><outerBoundaryIs><LinearRing>
<coordinates>121.61901176,24.13825553,0 121.61961257,24.13805972,0 121.61981642,24.13815762,0 121.62000954,24.13793733,0 121.62035823,24.13783453,0 121.62047625,24.13764361,0 121.61965549,24.13800587,0 121.61909759,24.13809398,0 121.61850750,24.13843666,0 121.61835730,24.13866185,0 121.61851287,24.13847093,0 121.61901176,24.13825553,0</coordinates>
</LinearRing></outerBoundaryIs></Polygon>
</Placemark>
<Placemark>
<name>SWCB_1660_1</name>
<ExtendedData>
<Data name="events"><value>0403花蓮地震</value></Data>
<Data name="area_ha"><value>0.136798705737</value></Data>
<Data name="source"><value>民國113年農村水保署災後衛星影像判釋</value></Data>
</ExtendedData>
<Polygon><outerBoundaryIs><LinearRing>
<coordinates>121.61788523,24.14152559,0 121.61793888,24.14147664,0 121.61695719,24.14135426,0 121.61687672,24.14149132,0 121.61701620,24.14156475,0 121.61788523,24.14152559,0</coordinates>
</LinearRing></outerBoundaryIs></Polygon>
</Placemark>
<Placemark>
<name>SWCB_3345_1</name>
<ExtendedData>
<Data name="events"><value>凱米颱風</value></Data>
<Data name="area_ha"><value>0.17003844214</value></Data>
<Data name="source"><value>民國113年農村水保署災後衛星影像判釋</value></Data>
</ExtendedData>
<Polygon><outerBoundaryIs><LinearRing>
<coordinates>121.63087785,24.22546107,0 121.63077593,24.22573013,0 121.63116753,24.22582308,0 121.63126945,24.22546107,0 121.63087785,24.22546107,0</coordinates>
</LinearRing></outerBoundaryIs></Polygon>
</Placemark>
<Placemark>
<name>SWCB_3346_1</name>
<ExtendedData>
<Data name="events"><value>凱米颱風</value></Data>
<Data name="area_ha"><value>0.130029428894</value></Data>
<Data name="source"><value>民國113年農村水保署災後衛星影像判釋</value></Data>
</ExtendedData>
<Polygon><outerBoundaryIs><LinearRing>
<coordinates>121.63246036,24.22465878,0 121.63246036,24.22493273,0 121.63285196,24.22484467,0 121.63276076,24.22457072,0 121.63246036,24.22465878,0</coordinates>
</LinearRing></outerBoundaryIs></Polygon>
</Placemark>
<Placemark>
<name>SWCB_3347_1</name>
<ExtendedData>
<Data name="events"><value>凱米颱風</value></Data>
<Data name="area_ha"><value>0.180040737032</value></Data>
<Data name="source"><value>民國113年農村水保署災後衛星影像判釋</value></Data>
</ExtendedData>
<Polygon><outerBoundaryIs><LinearRing>
<coordinates>121.63306117,24.22376353,0 121.63306117,24.22394453,0 121.63325429,24.22412554,0 121.63354933,24.22413043,0 121.63345814,24.22367547,0 121.63306117,24.22376353,0</coordinates>
</LinearRing></outerBoundaryIs></Polygon>
</Placemark>
<Placemark>
<name>SWCB_1282_1</name>
<ExtendedData>
<Data name="events"><value>0403花蓮地震</value></Data>
<Data name="area_ha"><value>0.721914040168</value></Data>
<Data name="source"><value>民國113年農村水保署災後衛星影像判釋</value></Data>
</ExtendedData>
<Polygon><outerBoundaryIs><LinearRing>
<coordinates>121.63943410,24.22565186,0 121.63935363,24.22552466,0 121.63884401,24.22626336,0 121.63864553,24.22626336,0 121.63842022,24.22647860,0 121.63812518,24.22703140,0 121.63706839,24.22763311,0 121.63738489,24.22773584,0 121.63818419,24.22724664,0 121.63865626,24.22636120,0 121.63955748,24.22597962,0 121.64012074,24.22602854,0 121.64047480,24.22583286,0 121.63973987,24.22587200,0 121.63925707,24.22594538,0 121.63943410,24.22565186,0</coordinates>
</LinearRing></outerBoundaryIs></Polygon>
</Placemark>
<Placemark>
<name>SWCB_3343_1</name>
<ExtendedData>
<Data name="events"><value>凱米颱風</value></Data>
<Data name="area_ha"><value>0.120027927563</value></Data>
<Data name="source"><value>民國113年農村水保署災後衛星影像判釋</value></Data>
</ExtendedData>
<Polygon><outerBoundaryIs><LinearRing>
<coordinates>121.63884938,24.22580351,0 121.63894594,24.22607257,0 121.63924098,24.22598451,0 121.63914979,24.22571545,0 121.63884938,24.22580351,0</coordinates>
</LinearRing></outerBoundaryIs></Polygon>
</Placemark>
<Placemark>
<name>SWCB_3361_1</name>
<ExtendedData>
<Data name="events"><value>凱米颱風</value></Data>
<Data name="area_ha"><value>0.180038128418</value></Data>
<Data name="source"><value>民國113年農村水保署災後衛星影像判釋</value></Data>
</ExtendedData>
<Polygon><outerBoundaryIs><LinearRing>
<coordinates>121.61980569,24.22057385,0 121.61980033,24.22084292,0 121.62039042,24.22084781,0 121.62039578,24.22057874,0 121.61980569,24.22057385,0</coordinates>
</LinearRing></outerBoundaryIs></Polygon>
</Placemark>
<Placemark>
<name>SWCB_3408_1</name>
<ExtendedData>
<Data name="events"><value>凱米颱風</value></Data>
<Data name="area_ha"><value>3.63078177548</value></Data>
<Data name="source"><value>民國113年農村水保署災後衛星影像判釋</value></Data>
</ExtendedData>
<Polygon><outerBoundaryIs><LinearRing>
<coordinates>121.62266493,24.22023629,0 121.62256300,24.22041730,0 121.62226796,24.22050536,0 121.62226260,24.22068637,0 121.62167251,24.22068148,0 121.62167251,24.22076954,0 121.62069082,24.22058364,0 121.62058890,24.22085271,0 121.62088394,24.22094566,0 121.62098050,24.22112667,0 121.62157059,24.22121962,0 121.62176371,24.22167459,0 121.62234843,24.22177244,0 121.62244499,24.22195344,0 121.62274539,24.22195344,0 121.62303507,24.22222741,0 121.62283659,24.22240841,0 121.62214458,24.22239863,0 121.62214994,24.22231057,0 121.62136137,24.22221273,0 121.62145793,24.22248669,0 121.62184954,24.22257964,0 121.62194610,24.22276065,0 121.62302971,24.22267748,0 121.62302971,24.22277043,0 121.62332475,24.22277043,0 121.62342668,24.22268237,0 121.62430644,24.22323518,0 121.62430644,24.22296122,0 121.62381828,24.22259432,0 121.62382364,24.22241331,0 121.62323356,24.22187028,0 121.62293851,24.22186539,0 121.62284195,24.22168438,0 121.62245035,24.22167948,0 121.62216067,24.22131746,0 121.62226260,24.22086738,0 121.62285268,24.22087228,0 121.62324965,24.22051514,0 121.62403822,24.22043198,0 121.62414014,24.22016291,0 121.62266493,24.22023629,0</coordinates>
</LinearRing></outerBoundaryIs></Polygon>
</Placemark>
<Placemark>
<name>SWCB_1142_1</name>
<ExtendedData>
<Data name="events"><value>0403花蓮地震</value></Data>
<Data name="area_ha"><value>3.10199178955</value></Data>
<Data name="source"><value>民國113年農村水保署災後衛星影像判釋</value></Data>
</ExtendedData>
<Polygon><outerBoundaryIs><LinearRing>
<coordinates>121.62280977,24.21244275,0 121.62277222,24.21258952,0 121.62300825,24.21262866,0 121.62380219,24.21236447,0 121.62398458,24.21262377,0 121.62450492,24.21274608,0 121.62533641,24.21238404,0 121.62556708,24.21218345,0 121.62558854,24.21198774,0 121.62535250,24.21191925,0 121.62519693,24.21169419,0 121.62523448,24.21111198,0 121.62511647,24.21091138,0 121.62465513,24.21112666,0 121.62360907,24.21123429,0 121.62366807,24.21196817,0 121.62329793,24.21229597,0 121.62303507,24.21234001,0 121.62280977,24.21244275,0</coordinates>
</LinearRing></outerBoundaryIs></Polygon>
</Placemark>
<Placemark>
<name>SWCB_3341_1</name>
<ExtendedData>
<Data name="events"><value>凱米颱風</value></Data>
<Data name="area_ha"><value>0.210045152496</value></Data>
<Data name="source"><value>民國113年農村水保署災後衛星影像判釋</value></Data>
</ExtendedData>
<Polygon><outerBoundaryIs><LinearRing>
<coordinates>121.62102342,24.22618508,0 121.62092149,24.22663515,0 121.62111461,24.22663515,0 121.62131846,24.22636609,0 121.62161350,24.22637098,0 121.62161350,24.22609703,0 121.62102342,24.22618508,0</coordinates>
</LinearRing></outerBoundaryIs></Polygon>
</Placemark>
<Placemark>
<name>SWCB_1295_1</name>
<ExtendedData>
<Data name="events"><value>0403花蓮地震</value></Data>
<Data name="area_ha"><value>0.197876070184</value></Data>
<Data name="source"><value>民國113年農村水保署災後衛星影像判釋</value></Data>
</ExtendedData>
<Polygon><outerBoundaryIs><LinearRing>
<coordinates>121.62424207,24.21535866,0 121.62416697,24.21556903,0 121.62438154,24.21564241,0 121.62476242,24.21543693,0 121.62482142,24.21524124,0 121.62470341,24.21519721,0 121.62424207,24.21535866,0</coordinates>
</LinearRing></outerBoundaryIs></Polygon>
</Placemark>
<Placemark>
<name>SWCB_3409_1</name>
<ExtendedData>
<Data name="events"><value>凱米颱風</value></Data>
<Data name="area_ha"><value>0.340072574801</value></Data>
<Data name="source"><value>民國113年農村水保署災後衛星影像判釋</value></Data>
</ExtendedData>
<Polygon><outerBoundaryIs><LinearRing>
<coordinates>121.62074447,24.21543693,0 121.62074447,24.21570602,0 121.62093759,24.21588703,0 121.62162423,24.21598488,0 121.62162960,24.21571580,0 121.62113607,24.21561795,0 121.62103951,24.21543693,0 121.62074447,24.21543693,0</coordinates>
</LinearRing></outerBoundaryIs></Polygon>
</Placemark>
<Placemark>
<name>SWCB_3399_1</name>
<ExtendedData>
<Data name="events"><value>凱米颱風</value></Data>
<Data name="area_ha"><value>0.270062271187</value></Data>
<Data name="source"><value>民國113年農村水保署災後衛星影像判釋</value></Data>
</ExtendedData>
<Polygon><outerBoundaryIs><LinearRing>
<coordinates>121.63591504,24.21475689,0 121.63571119,24.21556903,0 121.63600624,24.21557392,0 121.63621008,24.21476178,0 121.63591504,24.21475689,0</coordinates>
</LinearRing></outerBoundaryIs></Polygon>
</Placemark>
<Placemark>
<name>SWCB_3362_1</name>
<ExtendedData>
<Data name="events"><value>凱米颱風</value></Data>
<Data name="area_ha"><value>0.120026419669</value></Data>
<Data name="source"><value>民國113年農村水保署災後衛星影像判釋</value></Data>
</ExtendedData>
<Polygon><outerBoundaryIs><LinearRing>
<coordinates>121.62600696,24.22035859,0 121.62600696,24.22053961,0 121.62620008,24.22072062,0 121.62639856,24.22072551,0 121.62630737,24.22036349,0 121.62600696,24.22035859,0</coordinates>
</LinearRing></outerBoundaryIs></Polygon>
</Placemark>
<Placemark>
<name>SWCB_3363_1</name>
<ExtendedData>
<Data name="events"><value>凱米颱風</value></Data>
<Data name="area_ha"><value>0.100021664121</value></Data>
<Data name="source"><value>民國113年農村水保署災後衛星影像判釋</value></Data>
</ExtendedData>
<Polygon><outerBoundaryIs><LinearRing>
<coordinates>121.62433863,24.21989383,0 121.62433863,24.22016291,0 121.62463367,24.22007485,0 121.62463903,24.21980577,0 121.62433863,24.21989383,0</coordinates>
</LinearRing></outerBoundaryIs></Polygon>
</Placemark>
<Placemark>
<name>SWCB_3364_1</name>
<ExtendedData>
<Data name="events"><value>凱米颱風</value></Data>
<Data name="area_ha"><value>0.340074451307</value></Data>
<Data name="source"><value>民國113年農村水保署災後衛星影像判釋</value></Data>
</ExtendedData>
<Polygon><outerBoundaryIs><LinearRing>
<coordinates>121.62542760,24.21972260,0 121.62542224,24.21981066,0 121.62493408,24.21971771,0 121.62483215,24.21998679,0 121.62492871,24.22007974,0 121.62581384,24.22008463,0 121.62581921,24.21981556,0 121.62562072,24.21981556,0 121.62562072,24.21972260,0 121.62542760,24.21972260,0</coordinates>
</LinearRing></outerBoundaryIs></Polygon>
</Placemark>
<Placemark>
<name>SWCB_1078_1</name>
<ExtendedData>
<Data name="events"><value>0403花蓮地震</value></Data>
<Data name="area_ha"><value>0.0660686246813</value></Data>
<Data name="source"><value>民國113年農村水保署災後衛星影像判釋</value></Data>
</ExtendedData>
<Polygon><outerBoundaryIs><LinearRing>
<coordinates>121.61964476,24.22313245,0 121.61997736,24.22302482,0 121.61984324,24.22290741,0 121.61967158,24.22290252,0 121.61964476,24.22313245,0</coordinates>
</LinearRing></outerBoundaryIs></Polygon>
</Placemark>
<Placemark>
<name>SWCB_1166_1</name>
<ExtendedData>
<Data name="events"><value>0403花蓮地震</value></Data>
<Data name="area_ha"><value>0.256293226288</value></Data>
<Data name="source"><value>民國113年農村水保署災後衛星影像判釋</value></Data>
</ExtendedData>
<Polygon><outerBoundaryIs><LinearRing>
<coordinates>121.62293851,24.22501100,0 121.62256300,24.22528496,0 121.62286878,24.22532409,0 121.62323892,24.22510884,0 121.62379146,24.22504035,0 121.62367880,24.22484957,0 121.62293851,24.22501100,0</coordinates>
</LinearRing></outerBoundaryIs></Polygon>
</Placemark>
<Placemark>
<name>SWCB_1167_1</name>
<ExtendedData>
<Data name="events"><value>0403花蓮地震</value></Data>
<Data name="area_ha"><value>0.612064247251</value></Data>
<Data name="source"><value>民國113年農村水保署災後衛星影像判釋</value></Data>
</ExtendedData>
<Polygon><outerBoundaryIs><LinearRing>
<coordinates>121.62117362,24.22308353,0 121.62089467,24.22315202,0 121.62078738,24.22307863,0 121.62083030,24.22295633,0 121.62051916,24.22301504,0 121.62026167,24.22312266,0 121.62017047,24.22331835,0 121.62030458,24.22338684,0 121.62056744,24.22320583,0 121.62073910,24.22336727,0 121.62096441,24.22337705,0 121.62139893,24.22310310,0 121.62173688,24.22316669,0 121.62193000,24.22290252,0 121.62181735,24.22274597,0 121.62146866,24.22265791,0 121.62113070,24.22290252,0 121.62117362,24.22308353,0</coordinates>
</LinearRing></outerBoundaryIs></Polygon>
</Placemark>
<Placemark>
<name>SWCB_1238_1</name>
<ExtendedData>
<Data name="events"><value>0403花蓮地震</value></Data>
<Data name="area_ha"><value>0.690882049888</value></Data>
<Data name="source"><value>民國113年農村水保署災後衛星影像判釋</value></Data>
</ExtendedData>
<Polygon><outerBoundaryIs><LinearRing>
<coordinates>121.62263274,24.22401302,0 121.62315845,24.22377331,0 121.62324429,24.22355806,0 121.62314773,24.22338684,0 121.62291169,24.22334770,0 121.62258446,24.22371950,0 121.62237525,24.22350425,0 121.62218750,24.22396900,0 121.62179053,24.22415979,0 121.62179589,24.22426252,0 121.62220895,24.22423806,0 121.62190318,24.22468324,0 121.62232697,24.22436036,0 121.62263274,24.22401302,0</coordinates>
</LinearRing></outerBoundaryIs></Polygon>
</Placemark>
<Placemark>
<name>SWCB_3342_1</name>
<ExtendedData>
<Data name="events"><value>凱米颱風</value></Data>
<Data name="area_ha"><value>0.130027927453</value></Data>
<Data name="source"><value>民國113年農村水保署災後衛星影像判釋</value></Data>
</ExtendedData>
<Polygon><outerBoundaryIs><LinearRing>
<coordinates>121.62181735,24.22573991,0 121.62181199,24.22610192,0 121.62210703,24.22601387,0 121.62211239,24.22565186,0 121.62181735,24.22573991,0</coordinates>
</LinearRing></outerBoundaryIs></Polygon>
</Placemark>
<Placemark>
<name>SWCB_3344_1</name>
<ExtendedData>
<Data name="events"><value>凱米颱風</value></Data>
<Data name="area_ha"><value>0.160034389346</value></Data>
<Data name="source"><value>民國113年農村水保署災後衛星影像判釋</value></Data>
</ExtendedData>
<Polygon><outerBoundaryIs><LinearRing>
<coordinates>121.62113070,24.22546107,0 121.62102878,24.22591113,0 121.62132382,24.22591603,0 121.62142575,24.22546596,0 121.62113070,24.22546107,0</coordinates>
</LinearRing></outerBoundaryIs></Polygon>
</Placemark>
<Placemark>
<name>SWCB_3360_1</name>
<ExtendedData>
<Data name="events"><value>凱米颱風</value></Data>
<Data name="area_ha"><value>0.970211999499</value></Data>
<Data name="source"><value>民國113年農村水保署災後衛星影像判釋</value></Data>
</ExtendedData>
<Polygon><outerBoundaryIs><LinearRing>
<coordinates>121.62440300,24.22332324,0 121.62440300,24.22341619,0 121.62449956,24.22341619,0 121.62449956,24.22359720,0 121.62469268,24.22359720,0 121.62489116,24.22377820,0 121.62528276,24.22378310,0 121.62537932,24.22396410,0 121.62567437,24.22396900,0 121.62567437,24.22405705,0 121.62606597,24.22406194,0 121.62636638,24.22388583,0 121.62636638,24.22361187,0 121.62607670,24.22343087,0 121.62508965,24.22342108,0 121.62508965,24.22332813,0 121.62440300,24.22332324,0</coordinates>
</LinearRing></outerBoundaryIs></Polygon>
</Placemark>
<Placemark>
<name>SWCB_3401_1</name>
<ExtendedData>
<Data name="events"><value>凱米颱風</value></Data>
<Data name="area_ha"><value>0.120027513236</value></Data>
<Data name="source"><value>民國113年農村水保署災後衛星影像判釋</value></Data>
</ExtendedData>
<Polygon><outerBoundaryIs><LinearRing>
<coordinates>121.63657486,24.21747216,0 121.63667142,24.21774613,0 121.63696647,24.21765806,0 121.63686991,24.21738409,0 121.63657486,24.21747216,0</coordinates>
</LinearRing></outerBoundaryIs></Polygon>
</Placemark>
<Placemark>
<name>SWCB_3402_1</name>
<ExtendedData>
<Data name="events"><value>凱米颱風</value></Data>
<Data name="area_ha"><value>0.0600138551866</value></Data>
<Data name="source"><value>民國113年農村水保署災後衛星影像判釋</value></Data>
</ExtendedData>
<Polygon><outerBoundaryIs><LinearRing>
<coordinates>121.63628519,24.21729114,0 121.63627982,24.21756022,0 121.63647830,24.21756511,0 121.63647830,24.21729114,0 121.63628519,24.21729114,0</coordinates>
</LinearRing></outerBoundaryIs></Polygon>
</Placemark>
<Placemark>
<name>SWCB_3403_1</name>
<ExtendedData>
<Data name="events"><value>凱米颱風</value></Data>
<Data name="area_ha"><value>0.210048226742</value></Data>
<Data name="source"><value>民國113年農村水保署災後衛星影像判釋</value></Data>
</ExtendedData>
<Polygon><outerBoundaryIs><LinearRing>
<coordinates>121.63540006,24.21701228,0 121.63549125,24.21746237,0 121.63579166,24.21737431,0 121.63579166,24.21692421,0 121.63540006,24.21701228,0</coordinates>
</LinearRing></outerBoundaryIs></Polygon>
</Placemark>
<Placemark>
<name>SWCB_1061_1</name>
<ExtendedData>
<Data name="events"><value>0403花蓮地震</value></Data>
<Data name="area_ha"><value>0.660006610189</value></Data>
<Data name="source"><value>民國113年農村水保署災後衛星影像判釋</value></Data>
</ExtendedData>
<Polygon><outerBoundaryIs><LinearRing>
<coordinates>121.62526667,24.21325001,0 121.62510037,24.21322066,0 121.62511647,24.21308856,0 121.62490189,24.21320109,0 121.62410796,24.21317662,0 121.62394166,24.21341636,0 121.62464976,24.21342614,0 121.62490726,24.21388114,0 121.62514329,24.21399856,0 121.62533104,24.21386157,0 121.62520766,24.21335765,0 121.62548125,24.21325490,0 121.62548125,24.21302985,0 121.62534177,24.21305431,0 121.62526667,24.21325001,0</coordinates>
</LinearRing></outerBoundaryIs></Polygon>
</Placemark>
<Placemark>
<name>SWCB_3410_1</name>
<ExtendedData>
<Data name="events"><value>凱米颱風</value></Data>
<Data name="area_ha"><value>0.140030407308</value></Data>
<Data name="source"><value>民國113年農村水保署災後衛星影像判釋</value></Data>
</ExtendedData>
<Polygon><outerBoundaryIs><LinearRing>
<coordinates>121.62458539,24.21537822,0 121.62468195,24.21574026,0 121.62497699,24.21574515,0 121.62488043,24.21538312,0 121.62458539,24.21537822,0</coordinates>
</LinearRing></outerBoundaryIs></Polygon>
</Placemark>
<Placemark>
<name>SWCB_1183_1</name>
<ExtendedData>
<Data name="events"><value>0403花蓮地震</value></Data>
<Data name="area_ha"><value>0.0912851758612</value></Data>
<Data name="source"><value>民國113年農村水保署災後衛星影像判釋</value></Data>
</ExtendedData>
<Polygon><outerBoundaryIs><LinearRing>
<coordinates>121.62977278,24.21817665,0 121.63004100,24.21783908,0 121.62985325,24.21777548,0 121.62967622,24.21785376,0 121.62977278,24.21817665,0</coordinates>
</LinearRing></outerBoundaryIs></Polygon>
</Placemark>
<Placemark>
<name>SWCB_1308_1</name>
<ExtendedData>
<Data name="events"><value>0403花蓮地震</value></Data>
<Data name="area_ha"><value>0.330018892756</value></Data>
<Data name="source"><value>民國113年農村水保署災後衛星影像判釋</value></Data>
</ExtendedData>
<Polygon><outerBoundaryIs><LinearRing>
<coordinates>121.64152622,24.21965411,0 121.64052844,24.21969814,0 121.64020121,24.21988405,0 121.64050162,24.22002103,0 121.64150476,24.21983023,0 121.64152622,24.21965411,0</coordinates>
</LinearRing></outerBoundaryIs></Polygon>
</Placemark>
<Placemark>
<name>SWCB_3348_1</name>
<ExtendedData>
<Data name="events"><value>凱米颱風</value></Data>
<Data name="area_ha"><value>0.0800177128737</value></Data>
<Data name="source"><value>民國113年農村水保署災後衛星影像判釋</value></Data>
</ExtendedData>
<Polygon><outerBoundaryIs><LinearRing>
<coordinates>121.62786305,24.22218338,0 121.62776113,24.22245244,0 121.62805617,24.22245244,0 121.62805617,24.22218338,0 121.62786305,24.22218338,0</coordinates>
</LinearRing></outerBoundaryIs></Polygon>
</Placemark>
<Placemark>
<name>SWCB_3397_1</name>
<ExtendedData>
<Data name="events"><value>凱米颱風</value></Data>
<Data name="area_ha"><value>0.0600136087622</value></Data>
<Data name="source"><value>民國113年農村水保署災後衛星影像判釋</value></Data>
</ExtendedData>
<Polygon><outerBoundaryIs><LinearRing>
<coordinates>121.63606524,24.21945353,0 121.63605988,24.21963454,0 121.63635492,24.21963944,0 121.63636029,24.21945842,0 121.63606524,24.21945353,0</coordinates>
</LinearRing></outerBoundaryIs></Polygon>
</Placemark>
<Placemark>
<name>SWCB_3400_1</name>
<ExtendedData>
<Data name="events"><value>凱米颱風</value></Data>
<Data name="area_ha"><value>0.0800185628822</value></Data>
<Data name="source"><value>民國113年農村水保署災後衛星影像判釋</value></Data>
</ExtendedData>
<Polygon><outerBoundaryIs><LinearRing>
<coordinates>121.63911760,24.21903280,0 121.63911760,24.21930187,0 121.63941264,24.21930676,0 121.63931608,24.21903280,0 121.63911760,24.21903280,0</coordinates>
</LinearRing></outerBoundaryIs></Polygon>
</Placemark>
<Placemark>
<name>SWCB_3398_1</name>
<ExtendedData>
<Data name="events"><value>凱米颱風</value></Data>
<Data name="area_ha"><value>0.0800182107307</value></Data>
<Data name="source"><value>民國113年農村水保署災後衛星影像判釋</value></Data>
</ExtendedData>
<Polygon><outerBoundaryIs><LinearRing>
<coordinates>121.63381219,24.21799074,0 121.63381219,24.21825982,0 121.63400531,24.21826471,0 121.63410723,24.21799563,0 121.63381219,24.21799074,0</coordinates>
</LinearRing></outerBoundaryIs></Polygon>
</Placemark>
<Placemark>
<name>SWCB_1285_1</name>
<ExtendedData>
<Data name="events"><value>0403花蓮地震</value></Data>
<Data name="area_ha"><value>0.528176759321</value></Data>
<Data name="source"><value>民國113年農村水保署災後衛星影像判釋</value></Data>
</ExtendedData>
<Polygon><outerBoundaryIs><LinearRing>
<coordinates>121.63685381,24.22980510,0 121.63651049,24.23027961,0 121.63660169,24.23052420,0 121.63627446,24.23092533,0 121.63633347,24.23108187,0 121.63681090,24.23079325,0 121.63703620,24.22999099,0 121.63703620,24.22974640,0 121.63665533,24.22929146,0 121.63685381,24.22980510,0</coordinates>
</LinearRing></outerBoundaryIs></Polygon>
</Placemark>
<Placemark>
<name>SWCB_1049_1</name>
<ExtendedData>
<Data name="events"><value>0403花蓮地震</value></Data>
<Data name="area_ha"><value>0.0618162463456</value></Data>
<Data name="source"><value>民國113年農村水保署災後衛星影像判釋</value></Data>
</ExtendedData>
<Polygon><outerBoundaryIs><LinearRing>
<coordinates>121.64085567,24.24294882,0 121.64074838,24.24257219,0 121.64061964,24.24239121,0 121.64060354,24.24260154,0 121.64085567,24.24294882,0</coordinates>
</LinearRing></outerBoundaryIs></Polygon>
</Placemark>
<Placemark>
<name>SWCB_1297_1</name>
<ExtendedData>
<Data name="events"><value>0403花蓮地震</value></Data>
<Data name="area_ha"><value>0.359878321439</value></Data>
<Data name="source"><value>民國113年農村水保署災後衛星影像判釋</value></Data>
</ExtendedData>
<Polygon><outerBoundaryIs><LinearRing>
<coordinates>121.63941801,24.24536513,0 121.63920879,24.24588360,0 121.63928926,24.24604501,0 121.63976669,24.24584936,0 121.63980961,24.24548741,0 121.63963258,24.24522817,0 121.63941801,24.24536513,0</coordinates>
</LinearRing></outerBoundaryIs></Polygon>
</Placemark>
<Placemark>
<name>SWCB_3331_1</name>
<ExtendedData>
<Data name="events"><value>凱米颱風</value></Data>
<Data name="area_ha"><value>0.120027864822</value></Data>
<Data name="source"><value>民國113年農村水保署災後衛星影像判釋</value></Data>
</ExtendedData>
<Polygon><outerBoundaryIs><LinearRing>
<coordinates>121.63914979,24.24422546,0 121.63924098,24.24449937,0 121.63954139,24.24441133,0 121.63944483,24.24413742,0 121.63914979,24.24422546,0</coordinates>
</LinearRing></outerBoundaryIs></Polygon>
</Placemark>
<Placemark>
<name>SWCB_3332_1</name>
<ExtendedData>
<Data name="events"><value>凱米颱風</value></Data>
<Data name="area_ha"><value>0.44010222239</value></Data>
<Data name="source"><value>民國113年農村水保署災後衛星影像判釋</value></Data>
</ExtendedData>
<Polygon><outerBoundaryIs><LinearRing>
<coordinates>121.63808763,24.24196077,0 121.63808763,24.24214175,0 121.63867235,24.24232762,0 121.63906395,24.24268958,0 121.63935900,24.24269447,0 121.63936436,24.24251349,0 121.63887620,24.24205860,0 121.63847923,24.24205371,0 121.63847923,24.24196077,0 121.63808763,24.24196077,0</coordinates>
</LinearRing></outerBoundaryIs></Polygon>
</Placemark>
<Placemark>
<name>SWCB_3333_1</name>
<ExtendedData>
<Data name="events"><value>凱米颱風</value></Data>
<Data name="area_ha"><value>0.0900208943147</value></Data>
<Data name="source"><value>民國113年農村水保署災後衛星影像判釋</value></Data>
</ExtendedData>
<Polygon><outerBoundaryIs><LinearRing>
<coordinates>121.63769603,24.24186294,0 121.63769066,24.24213686,0 121.63798571,24.24213686,0 121.63799107,24.24186783,0 121.63769603,24.24186294,0</coordinates>
</LinearRing></outerBoundaryIs></Polygon>
</Placemark>
<Placemark>
<name>SWCB_561_1</name>
<ExtendedData>
<Data name="events"><value>0403花蓮地震</value></Data>
<Data name="area_ha"><value>0.193829103867</value></Data>
<Data name="source"><value>民國113年農村水保署災後衛星影像判釋</value></Data>
</ExtendedData>
<Polygon><outerBoundaryIs><LinearRing>
<coordinates>121.63233161,24.22746189,0 121.63212776,24.22744721,0 121.63251936,24.22781900,0 121.63262129,24.22874357,0 121.63277149,24.22835711,0 121.63270175,24.22793151,0 121.63233161,24.22746189,0</coordinates>
</LinearRing></outerBoundaryIs></Polygon>
</Placemark>
<Placemark>
<name>SWCB_1084_1</name>
<ExtendedData>
<Data name="events"><value>0403花蓮地震</value></Data>
<Data name="area_ha"><value>0.0451070720019</value></Data>
<Data name="source"><value>民國113年農村水保署災後衛星影像判釋</value></Data>
</ExtendedData>
<Polygon><outerBoundaryIs><LinearRing>
<coordinates>121.63486898,24.24432818,0 121.63503528,24.24438687,0 121.63512647,24.24427437,0 121.63495481,24.24415209,0 121.63486898,24.24432818,0</coordinates>
</LinearRing></outerBoundaryIs></Polygon>
</Placemark>
<Placemark>
<name>SWCB_1155_1</name>
<ExtendedData>
<Data name="events"><value>0403花蓮地震</value></Data>
<Data name="area_ha"><value>0.102938452519</value></Data>
<Data name="source"><value>民國113年農村水保署災後衛星影像判釋</value></Data>
</ExtendedData>
<Polygon><outerBoundaryIs><LinearRing>
<coordinates>121.63003027,24.23490231,0 121.63035214,24.23437890,0 121.63012683,24.23439358,0 121.63014293,24.23453543,0 121.62991762,24.23479469,0 121.63003027,24.23490231,0</coordinates>
</LinearRing></outerBoundaryIs></Polygon>
</Placemark>
<Placemark>
<name>SWCB_1233_1</name>
<ExtendedData>
<Data name="events"><value>0403花蓮地震</value></Data>
<Data name="area_ha"><value>0.0800319047947</value></Data>
<Data name="source"><value>民國113年農村水保署災後衛星影像判釋</value></Data>
</ExtendedData>
<Polygon><outerBoundaryIs><LinearRing>
<coordinates>121.63058817,24.23713778,0 121.63078129,24.23711332,0 121.63098514,24.23690787,0 121.63101196,24.23667797,0 121.63079202,24.23699592,0 121.63056672,24.23702527,0 121.63058817,24.23713778,0</coordinates>
</LinearRing></outerBoundaryIs></Polygon>
</Placemark>
<Placemark>
<name>SWCB_1264_1</name>
<ExtendedData>
<Data name="events"><value>0403花蓮地震</value></Data>
<Data name="area_ha"><value>0.0498278674092</value></Data>
<Data name="source"><value>民國113年農村水保署災後衛星影像判釋</value></Data>
</ExtendedData>
<Polygon><outerBoundaryIs><LinearRing>
<coordinates>121.63031995,24.23737746,0 121.63036823,24.23748508,0 121.63048089,24.23749975,0 121.63061500,24.23727963,0 121.63054526,24.23717202,0 121.63031995,24.23737746,0</coordinates>
</LinearRing></outerBoundaryIs></Polygon>
</Placemark>
<Placemark>
<name>SWCB_3334_1</name>
<ExtendedData>
<Data name="events"><value>凱米颱風</value></Data>
<Data name="area_ha"><value>0.120026751907</value></Data>
<Data name="source"><value>民國113年農村水保署災後衛星影像判釋</value></Data>
</ExtendedData>
<Polygon><outerBoundaryIs><LinearRing>
<coordinates>121.63172543,24.23829218,0 121.63172007,24.23864926,0 121.63201511,24.23865415,0 121.63202047,24.23829218,0 121.63172543,24.23829218,0</coordinates>
</LinearRing></outerBoundaryIs></Polygon>
</Placemark>
<Placemark>
<name>SWCB_4928_1</name>
<ExtendedData>
<Data name="events"><value>康芮颱風</value></Data>
<Data name="area_ha"><value>1.75642111239</value></Data>
<Data name="source"><value>民國113年農村水保署災後衛星影像判釋</value></Data>
</ExtendedData>
<Polygon><outerBoundaryIs><LinearRing>
<coordinates>121.62925243,24.23310217,0 121.62968159,24.23278910,0 121.62978888,24.23321957,0 121.62873745,24.23413921,0 121.62847996,24.23498058,0 121.62929535,24.23441314,0 121.62983179,24.23435444,0 121.62944555,24.23413921,0 121.63008928,24.23388484,0 121.63004637,24.23304347,0 121.62955284,24.23173248,0 121.62925243,24.23310217,0</coordinates>
</LinearRing></outerBoundaryIs></Polygon>
</Placemark>
<Placemark>
<name>SWCB_3336_1</name>
<ExtendedData>
<Data name="events"><value>凱米颱風</value></Data>
<Data name="area_ha"><value>0.190040927757</value></Data>
<Data name="source"><value>民國113年農村水保署災後衛星影像判釋</value></Data>
</ExtendedData>
<Polygon><outerBoundaryIs><LinearRing>
<coordinates>121.62249327,24.23586107,0 121.62249327,24.23603717,0 121.62268639,24.23622305,0 121.62298679,24.23613500,0 121.62289023,24.23577302,0 121.62249327,24.23586107,0</coordinates>
</LinearRing></outerBoundaryIs></Polygon>
</Placemark>
<Placemark>
<name>SWCB_3338_1</name>
<ExtendedData>
<Data name="events"><value>凱米颱風</value></Data>
<Data name="area_ha"><value>0.220047533218</value></Data>
<Data name="source"><value>民國113年農村水保署災後衛星影像判釋</value></Data>
</ExtendedData>
<Polygon><outerBoundaryIs><LinearRing>
<coordinates>121.62202120,24.23387017,0 121.62202120,24.23413921,0 121.62251472,24.23423215,0 121.62271321,24.23405605,0 121.62271321,24.23387506,0 121.62202120,24.23387017,0</coordinates>
</LinearRing></outerBoundaryIs></Polygon>
</Placemark>
<Placemark>
<name>SWCB_1197_1</name>
<ExtendedData>
<Data name="events"><value>0403花蓮地震</value></Data>
<Data name="area_ha"><value>10.6682683689</value></Data>
<Data name="source"><value>民國113年農村水保署災後衛星影像判釋</value></Data>
</ExtendedData>
<Polygon><outerBoundaryIs><LinearRing>
<coordinates>121.63058281,24.24548741,0 121.63085103,24.24527708,0 121.63128555,24.24530643,0 121.63144648,24.24498361,0 121.63118899,24.24478796,0 121.63116753,24.24457274,0 121.63137138,24.24433796,0 121.63120508,24.24416676,0 121.63097978,24.24415698,0 121.62961185,24.24440155,0 121.62850678,24.24397600,0 121.62860870,24.24413742,0 121.62849069,24.24418633,0 121.62806690,24.24394176,0 121.62804544,24.24377057,0 121.62775576,24.24356024,0 121.62713885,24.24343307,0 121.62643611,24.24305154,0 121.62616253,24.24368742,0 121.62596941,24.24479774,0 121.62625372,24.24544828,0 121.62692964,24.24614772,0 121.62825465,24.24688630,0 121.62836730,24.24666619,0 121.62820101,24.24649989,0 121.62828147,24.24627979,0 121.62807763,24.24614772,0 121.62818491,24.24577110,0 121.62785232,24.24537491,0 121.62816882,24.24526241,0 121.62838340,24.24549719,0 121.62882328,24.24538958,0 121.62934363,24.24576132,0 121.62968159,24.24546295,0 121.63058281,24.24548741,0</coordinates>
</LinearRing></outerBoundaryIs></Polygon>
</Placemark>
<Placemark>
<name>SWCB_912_1</name>
<ExtendedData>
<Data name="events"><value>0403花蓮地震</value></Data>
<Data name="area_ha"><value>0.392693541326</value></Data>
<Data name="source"><value>民國113年農村水保署災後衛星影像判釋</value></Data>
</ExtendedData>
<Polygon><outerBoundaryIs><LinearRing>
<coordinates>121.61987007,24.23031386,0 121.61993980,24.23018667,0 121.61973059,24.23021602,0 121.61923170,24.22994697,0 121.61878109,24.23029918,0 121.61886156,24.23053888,0 121.61987007,24.23031386,0</coordinates>
</LinearRing></outerBoundaryIs></Polygon>
</Placemark>
<Placemark>
<name>SWCB_1274_1</name>
<ExtendedData>
<Data name="events"><value>0403花蓮地震</value></Data>
<Data name="area_ha"><value>0.3950924775</value></Data>
<Data name="source"><value>民國113年農村水保署災後衛星影像判釋</value></Data>
</ExtendedData>
<Polygon><outerBoundaryIs><LinearRing>
<coordinates>121.62114680,24.23364515,0 121.62094831,24.23386527,0 121.62172079,24.23382614,0 121.62201583,24.23394354,0 121.62218750,24.23380657,0 121.62254155,24.23378212,0 121.62238598,24.23358645,0 121.62159204,24.23361580,0 121.62114680,24.23364515,0</coordinates>
</LinearRing></outerBoundaryIs></Polygon>
</Placemark>
<Placemark>
<name>SWCB_2006_1</name>
<ExtendedData>
<Data name="events"><value>0629豪雨</value></Data>
<Data name="area_ha"><value>0.425303861564</value></Data>
<Data name="source"><value>民國113年農村水保署災後衛星影像判釋</value></Data>
</ExtendedData>
<Polygon><outerBoundaryIs><LinearRing>
<coordinates>121.62062645,24.23223633,0 121.62046552,24.23237330,0 121.62045479,24.23266191,0 121.62074447,24.23255919,0 121.62086248,24.23264724,0 121.62087321,24.23252494,0 121.62108243,24.23249070,0 121.62106633,24.23231460,0 121.62127554,24.23231460,0 121.62124336,24.23219720,0 121.62131310,24.23232438,0 121.62149012,24.23227057,0 121.62136674,24.23224611,0 121.62137747,24.23216295,0 121.62156522,24.23221187,0 121.62157059,24.23201620,0 121.62176371,24.23199663,0 121.62162960,24.23188902,0 121.62062645,24.23223633,0</coordinates>
</LinearRing></outerBoundaryIs></Polygon>
</Placemark>
<Placemark>
<name>SWCB_3337_1</name>
<ExtendedData>
<Data name="events"><value>凱米颱風</value></Data>
<Data name="area_ha"><value>0.060012923084</value></Data>
<Data name="source"><value>民國113年農村水保署災後衛星影像判釋</value></Data>
</ExtendedData>
<Polygon><outerBoundaryIs><LinearRing>
<coordinates>121.62143111,24.23404138,0 121.62142575,24.23431531,0 121.62162423,24.23431531,0 121.62162960,24.23404627,0 121.62143111,24.23404138,0</coordinates>
</LinearRing></outerBoundaryIs></Polygon>
</Placemark>
<Placemark>
<name>SWCB_3339_1</name>
<ExtendedData>
<Data name="events"><value>凱米颱風</value></Data>
<Data name="area_ha"><value>0.200042959035</value></Data>
<Data name="source"><value>民國113年農村水保署災後衛星影像判釋</value></Data>
</ExtendedData>
<Polygon><outerBoundaryIs><LinearRing>
<coordinates>121.62127554,24.22997632,0 121.62127018,24.23051931,0 121.62156522,24.23052420,0 121.62157595,24.22988827,0 121.62127554,24.22997632,0</coordinates>
</LinearRing></outerBoundaryIs></Polygon>
</Placemark>
<Placemark>
<name>SWCB_566_1</name>
<ExtendedData>
<Data name="events"><value>0403花蓮地震</value></Data>
<Data name="area_ha"><value>0.023061214886</value></Data>
<Data name="source"><value>民國113年農村水保署災後衛星影像判釋</value></Data>
</ExtendedData>
<Polygon><outerBoundaryIs><LinearRing>
<coordinates>121.64015830,24.23411475,0 121.64021194,24.23420280,0 121.64032996,24.23408051,0 121.64025486,24.23400713,0 121.64015830,24.23411475,0</coordinates>
</LinearRing></outerBoundaryIs></Polygon>
</Placemark>
<Placemark>
<name>SWCB_1072_1</name>
<ExtendedData>
<Data name="events"><value>0403花蓮地震</value></Data>
<Data name="area_ha"><value>0.0324141650052</value></Data>
<Data name="source"><value>民國113年農村水保署災後衛星影像判釋</value></Data>
</ExtendedData>
<Polygon><outerBoundaryIs><LinearRing>
<coordinates>121.64022267,24.23372342,0 121.64024413,24.23392887,0 121.64037287,24.23386038,0 121.64027631,24.23370874,0 121.64022267,24.23372342,0</coordinates>
</LinearRing></outerBoundaryIs></Polygon>
</Placemark>
<Placemark>
<name>SWCB_1088_1</name>
<ExtendedData>
<Data name="events"><value>0403花蓮地震</value></Data>
<Data name="area_ha"><value>0.0280442069261</value></Data>
<Data name="source"><value>民國113年農村水保署災後衛星影像判釋</value></Data>
</ExtendedData>
<Polygon><outerBoundaryIs><LinearRing>
<coordinates>121.63938046,24.23392397,0 121.63942873,24.23403159,0 121.63954139,24.23395822,0 121.63947165,24.23383592,0 121.63938046,24.23392397,0</coordinates>
</LinearRing></outerBoundaryIs></Polygon>
</Placemark>
<Placemark>
<name>SWCB_3340_1</name>
<ExtendedData>
<Data name="events"><value>凱米颱風</value></Data>
<Data name="area_ha"><value>0.200046155484</value></Data>
<Data name="source"><value>民國113年農村水保署災後衛星影像判釋</value></Data>
</ExtendedData>
<Polygon><outerBoundaryIs><LinearRing>
<coordinates>121.63803935,24.22805381,0 121.63813055,24.22850387,0 121.63843095,24.22841581,0 121.63833439,24.22796576,0 121.63803935,24.22805381,0</coordinates>
</LinearRing></outerBoundaryIs></Polygon>
</Placemark>
<Placemark>
<name>SWCB_2007_1</name>
<ExtendedData>
<Data name="events"><value>0629豪雨</value></Data>
<Data name="area_ha"><value>0.655185563657</value></Data>
<Data name="source"><value>民國113年農村水保署災後衛星影像判釋</value></Data>
</ExtendedData>
<Polygon><outerBoundaryIs><LinearRing>
<coordinates>121.62184417,24.22798043,0 121.62179053,24.22790216,0 121.62199438,24.22762332,0 121.62182271,24.22726621,0 121.62180126,24.22738851,0 121.62175298,24.22726621,0 121.62144721,24.22741786,0 121.62091076,24.22791684,0 121.62128627,24.22830330,0 121.62152231,24.22822503,0 121.62184417,24.22798043,0</coordinates>
</LinearRing></outerBoundaryIs></Polygon>
</Placemark>
<Placemark>
<name>SWCB_3375_1</name>
<ExtendedData>
<Data name="events"><value>凱米颱風</value></Data>
<Data name="area_ha"><value>0.230049310192</value></Data>
<Data name="source"><value>民國113年農村水保署災後衛星影像判釋</value></Data>
</ExtendedData>
<Polygon><outerBoundaryIs><LinearRing>
<coordinates>121.62150621,24.22717815,0 121.62150085,24.22745210,0 121.62209094,24.22754505,0 121.62199974,24.22709499,0 121.62150621,24.22717815,0</coordinates>
</LinearRing></outerBoundaryIs></Polygon>
</Placemark>
<Placemark>
<name>SWCB_2030_1</name>
<ExtendedData>
<Data name="events"><value>0629豪雨</value></Data>
<Data name="area_ha"><value>0.144145794906</value></Data>
<Data name="source"><value>民國113年農村水保署災後衛星影像判釋</value></Data>
</ExtendedData>
<Polygon><outerBoundaryIs><LinearRing>
<coordinates>121.62392557,24.19727994,0 121.62431180,24.19748545,0 121.62431180,24.19732398,0 121.62383437,24.19682977,0 121.62392557,24.19727994,0</coordinates>
</LinearRing></outerBoundaryIs></Polygon>
</Placemark>
<Placemark>
<name>SWCB_2031_1</name>
<ExtendedData>
<Data name="events"><value>0629豪雨</value></Data>
<Data name="area_ha"><value>0.260674818858</value></Data>
<Data name="source"><value>民國113年農村水保署災後衛星影像判釋</value></Data>
</ExtendedData>
<Polygon><outerBoundaryIs><LinearRing>
<coordinates>121.62398994,24.18956818,0 121.62471414,24.19014071,0 121.62489653,24.19016028,0 121.62497699,24.18999880,0 121.62480533,24.18999880,0 121.62448883,24.18959265,0 121.62414014,24.18952414,0 121.62418842,24.18942628,0 121.62407577,24.18937245,0 121.62398994,24.18956818,0</coordinates>
</LinearRing></outerBoundaryIs></Polygon>
</Placemark>
<Placemark>
<name>SWCB_2032_1</name>
<ExtendedData>
<Data name="events"><value>0629豪雨</value></Data>
<Data name="area_ha"><value>0.570520839883</value></Data>
<Data name="source"><value>民國113年農村水保署災後衛星影像判釋</value></Data>
</ExtendedData>
<Polygon><outerBoundaryIs><LinearRing>
<coordinates>121.62691891,24.18929415,0 121.62681699,24.18923054,0 121.62661850,24.18946542,0 121.62644684,24.18941160,0 121.62647903,24.18955350,0 121.62630200,24.18971499,0 121.62523448,24.18990583,0 121.62503600,24.18997434,0 121.62504673,24.19007710,0 121.62538469,24.19016028,0 121.62607133,24.19001348,0 121.62710667,24.18954372,0 121.62691891,24.18929415,0</coordinates>
</LinearRing></outerBoundaryIs></Polygon>
</Placemark>
<Placemark>
<name>SWCB_2036_1</name>
<ExtendedData>
<Data name="events"><value>0629豪雨</value></Data>
<Data name="area_ha"><value>0.260591475724</value></Data>
<Data name="source"><value>民國113年農村水保署災後衛星影像判釋</value></Data>
</ExtendedData>
<Polygon><outerBoundaryIs><LinearRing>
<coordinates>121.63283587,24.18990583,0 121.63251936,24.18979328,0 121.63265347,24.18978839,0 121.63291633,24.18946542,0 121.63239062,24.18968563,0 121.63226724,24.18994008,0 121.63305581,24.19026304,0 121.63283587,24.18990583,0</coordinates>
</LinearRing></outerBoundaryIs></Polygon>
</Placemark>
<Placemark>
<name>SWCB_2037_1</name>
<ExtendedData>
<Data name="events"><value>0629豪雨</value></Data>
<Data name="area_ha"><value>0.328841173897</value></Data>
<Data name="source"><value>民國113年農村水保署災後衛星影像判釋</value></Data>
</ExtendedData>
<Polygon><outerBoundaryIs><LinearRing>
<coordinates>121.62676871,24.18742486,0 121.62667751,24.18730252,0 121.62630200,24.18722423,0 121.62584603,24.18752762,0 121.62563682,24.18752762,0 121.62555635,24.18769400,0 121.62579238,24.18772336,0 121.62577629,24.18759124,0 121.62658632,24.18764996,0 121.62676871,24.18742486,0</coordinates>
</LinearRing></outerBoundaryIs></Polygon>
</Placemark>
<Placemark>
<name>SWCB_927_1</name>
<ExtendedData>
<Data name="events"><value>0403花蓮地震</value></Data>
<Data name="area_ha"><value>0.700102156602</value></Data>
<Data name="source"><value>民國113年農村水保署災後衛星影像判釋</value></Data>
</ExtendedData>
<Polygon><outerBoundaryIs><LinearRing>
<coordinates>121.63237453,24.19014560,0 121.63237989,24.18974924,0 121.63270712,24.18958286,0 121.63275540,24.18927458,0 121.63246572,24.18926969,0 121.63128018,24.19039027,0 121.63141429,24.19040495,0 121.63237453,24.19014560,0</coordinates>
</LinearRing></outerBoundaryIs></Polygon>
</Placemark>
<Placemark>
<name>SWCB_1171_1</name>
<ExtendedData>
<Data name="events"><value>0403花蓮地震</value></Data>
<Data name="area_ha"><value>0.100412971681</value></Data>
<Data name="source"><value>民國113年農村水保署災後衛星影像判釋</value></Data>
</ExtendedData>
<Polygon><outerBoundaryIs><LinearRing>
<coordinates>121.63876891,24.20365549,0 121.63846314,24.20365059,0 121.63846850,24.20349892,0 121.63828611,24.20354295,0 121.63860798,24.20385609,0 121.63876891,24.20365549,0</coordinates>
</LinearRing></outerBoundaryIs></Polygon>
</Placemark>
<Placemark>
<name>SWCB_1201_1</name>
<ExtendedData>
<Data name="events"><value>0403花蓮地震</value></Data>
<Data name="area_ha"><value>0.683105297247</value></Data>
<Data name="source"><value>民國113年農村水保署災後衛星影像判釋</value></Data>
</ExtendedData>
<Polygon><outerBoundaryIs><LinearRing>
<coordinates>121.62340522,24.20505484,0 121.62336767,24.20475148,0 121.62354469,24.20454598,0 121.62341058,24.20435027,0 121.62340522,24.20362613,0 121.62324429,24.20358699,0 121.62320137,24.20342552,0 121.62301362,24.20367995,0 121.62283659,24.20361634,0 121.62288487,24.20403713,0 121.62319064,24.20452641,0 121.62313700,24.20504505,0 121.62340522,24.20505484,0</coordinates>
</LinearRing></outerBoundaryIs></Polygon>
</Placemark>
<Placemark>
<name>SWCB_1243_1</name>
<ExtendedData>
<Data name="events"><value>0403花蓮地震</value></Data>
<Data name="area_ha"><value>1.07154358692</value></Data>
<Data name="source"><value>民國113年農村水保署災後衛星影像判釋</value></Data>
</ExtendedData>
<Polygon><outerBoundaryIs><LinearRing>
<coordinates>121.62934363,24.19058111,0 121.62987471,24.19047835,0 121.63054526,24.19005752,0 121.63074911,24.18965627,0 121.63145721,24.18911799,0 121.63145721,24.18884885,0 121.63127482,24.18864822,0 121.63182735,24.18813931,0 121.63182735,24.18801208,0 121.63117290,24.18857972,0 121.63013756,24.18988625,0 121.63022876,24.19011624,0 121.62953138,24.19045878,0 121.62932754,24.19044410,0 121.62934363,24.19058111,0</coordinates>
</LinearRing></outerBoundaryIs></Polygon>
</Placemark>
<Placemark>
<name>SWCB_1457_1</name>
<ExtendedData>
<Data name="events"><value>0403花蓮地震</value></Data>
<Data name="area_ha"><value>0.826488650126</value></Data>
<Data name="source"><value>民國113年農村水保署災後衛星影像判釋</value></Data>
</ExtendedData>
<Polygon><outerBoundaryIs><LinearRing>
<coordinates>121.62534177,24.19359538,0 121.62526667,24.19270481,0 121.62506819,24.19264609,0 121.62501991,24.19294947,0 121.62459612,24.19264120,0 121.62451029,24.19319414,0 121.62483215,24.19335562,0 121.62451565,24.19348773,0 121.62478387,24.19363942,0 121.62486434,24.19390366,0 121.62504673,24.19388408,0 121.62534177,24.19359538,0</coordinates>
</LinearRing></outerBoundaryIs></Polygon>
</Placemark>
<Placemark>
<name>SWCB_1520_1</name>
<ExtendedData>
<Data name="events"><value>0403花蓮地震</value></Data>
<Data name="area_ha"><value>1.100296739</value></Data>
<Data name="source"><value>民國113年農村水保署災後衛星影像判釋</value></Data>
</ExtendedData>
<Polygon><outerBoundaryIs><LinearRing>
<coordinates>121.62160277,24.19997112,0 121.62166715,24.19963839,0 121.62195683,24.19955032,0 121.62192464,24.19931545,0 121.62208021,24.19907569,0 121.62180126,24.19890933,0 121.62198901,24.19874297,0 121.62184417,24.19845428,0 121.62193537,24.19813623,0 121.62173152,24.19791604,0 121.62155449,24.19799922,0 121.62162423,24.19822430,0 121.62134528,24.19812644,0 121.62118435,24.19820473,0 121.62112534,24.19853257,0 121.62159204,24.19949649,0 121.62143648,24.19998579,0 121.62160277,24.19997112,0</coordinates>
</LinearRing></outerBoundaryIs></Polygon>
</Placemark>
<Placemark>
<name>SWCB_1582_1</name>
<ExtendedData>
<Data name="events"><value>0403花蓮地震</value></Data>
<Data name="area_ha"><value>5.34427178419</value></Data>
<Data name="source"><value>民國113年農村水保署災後衛星影像判釋</value></Data>
</ExtendedData>
<Polygon><outerBoundaryIs><LinearRing>
<coordinates>121.62382901,24.19506824,0 121.62439764,24.19500463,0 121.62457466,24.19510249,0 121.62379146,24.19568967,0 121.62355542,24.19602730,0 121.62353933,24.19621324,0 121.62391484,24.19626706,0 121.62419379,24.19658023,0 121.62397921,24.19678084,0 121.62424743,24.19702061,0 121.62415624,24.19732398,0 121.62423134,24.19769585,0 121.62440300,24.19798944,0 121.62474096,24.19799922,0 121.62479460,24.19781818,0 121.62517011,24.19802369,0 121.62559390,24.19801880,0 121.62520766,24.19741205,0 121.62527740,24.19727994,0 121.62552416,24.19742184,0 121.62564218,24.19714783,0 121.62494481,24.19662426,0 121.62508428,24.19644322,0 121.62628591,24.19648726,0 121.62663996,24.19603709,0 121.62654877,24.19539119,0 121.62635028,24.19539119,0 121.62607133,24.19581200,0 121.62571728,24.19605666,0 121.62518620,24.19629153,0 121.62441373,24.19642365,0 121.62418842,24.19605666,0 121.62424207,24.19580711,0 121.62542760,24.19541076,0 121.62542224,24.19489698,0 121.62530422,24.19478933,0 121.62464440,24.19496548,0 121.62442446,24.19467189,0 121.62475169,24.19438809,0 121.62431717,24.19391344,0 121.62407041,24.19409449,0 121.62437081,24.19436851,0 121.62367344,24.19437341,0 121.62353933,24.19450063,0 121.62382901,24.19506824,0</coordinates>
</LinearRing></outerBoundaryIs></Polygon>
</Placemark>
<Placemark>
<name>SWCB_1679_1</name>
<ExtendedData>
<Data name="events"><value>0403花蓮地震</value></Data>
<Data name="area_ha"><value>0.566039895394</value></Data>
<Data name="source"><value>民國113年農村水保署災後衛星影像判釋</value></Data>
</ExtendedData>
<Polygon><outerBoundaryIs><LinearRing>
<coordinates>121.62941337,24.19251397,0 121.62918806,24.19243079,0 121.62911832,24.19254333,0 121.62926316,24.19274396,0 121.62964940,24.19281736,0 121.62995517,24.19323818,0 121.62987471,24.19331158,0 121.62964940,24.19315499,0 121.62955821,24.19347305,0 121.63013220,24.19356602,0 121.63035214,24.19309138,0 121.62996054,24.19277821,0 121.62983716,24.19282225,0 121.62941337,24.19251397,0</coordinates>
</LinearRing></outerBoundaryIs></Polygon>
</Placemark>
<Placemark>
<name>SWCB_1919_1</name>
<ExtendedData>
<Data name="events"><value>0403花蓮地震</value></Data>
<Data name="area_ha"><value>0.356733893529</value></Data>
<Data name="source"><value>民國113年農村水保署災後衛星影像判釋</value></Data>
</ExtendedData>
<Polygon><outerBoundaryIs><LinearRing>
<coordinates>121.63132310,24.19110959,0 121.63110852,24.19127597,0 121.63100123,24.19185338,0 121.63124800,24.19190721,0 121.63132846,24.19156957,0 121.63180053,24.19109491,0 121.63132310,24.19110959,0</coordinates>
</LinearRing></outerBoundaryIs></Polygon>
</Placemark>
<Placemark>
<name>SWCB_1940_1</name>
<ExtendedData>
<Data name="events"><value>0403花蓮地震</value></Data>
<Data name="area_ha"><value>0.151653076911</value></Data>
<Data name="source"><value>民國113年農村水保署災後衛星影像判釋</value></Data>
</ExtendedData>
<Polygon><outerBoundaryIs><LinearRing>
<coordinates>121.61955357,24.19432447,0 121.61911905,24.19400642,0 121.61919951,24.19383026,0 121.61874890,24.19375686,0 121.61892056,24.19398684,0 121.61942482,24.19426576,0 121.61955357,24.19432447,0</coordinates>
</LinearRing></outerBoundaryIs></Polygon>
</Placemark>
<Placemark>
<name>SWCB_2075_1</name>
<ExtendedData>
<Data name="events"><value>0629豪雨</value></Data>
<Data name="area_ha"><value>1.12831073933</value></Data>
<Data name="source"><value>民國113年農村水保署災後衛星影像判釋</value></Data>
</ExtendedData>
<Polygon><outerBoundaryIs><LinearRing>
<coordinates>121.62887692,24.19193167,0 121.62914515,24.19126618,0 121.62905395,24.19062026,0 121.62835658,24.18967095,0 121.62741244,24.18911310,0 121.62746072,24.18963669,0 121.62801862,24.18983732,0 121.62843704,24.19017986,0 121.62877500,24.19121235,0 121.62879646,24.19189253,0 121.62887692,24.19193167,0</coordinates>
</LinearRing></outerBoundaryIs></Polygon>
</Placemark>
<Placemark>
<name>SWCB_2038_1</name>
<ExtendedData>
<Data name="events"><value>0629豪雨</value></Data>
<Data name="area_ha"><value>0.109202891633</value></Data>
<Data name="source"><value>民國113年農村水保署災後衛星影像判釋</value></Data>
</ExtendedData>
<Polygon><outerBoundaryIs><LinearRing>
<coordinates>121.61971450,24.18626510,0 121.61970377,24.18647552,0 121.62016511,24.18646084,0 121.62019193,24.18635808,0 121.61991298,24.18622595,0 121.61971450,24.18626510,0</coordinates>
</LinearRing></outerBoundaryIs></Polygon>
</Placemark>
<Placemark>
<name>SWCB_1109_1</name>
<ExtendedData>
<Data name="events"><value>0403花蓮地震</value></Data>
<Data name="area_ha"><value>2.77303138615</value></Data>
<Data name="source"><value>民國113年農村水保署災後衛星影像判釋</value></Data>
</ExtendedData>
<Polygon><outerBoundaryIs><LinearRing>
<coordinates>121.62785232,24.17732433,0 121.62721395,24.17765221,0 121.62726760,24.17774520,0 121.62768602,24.17785286,0 121.62865698,24.17841076,0 121.62891984,24.17840097,0 121.62891448,24.17818075,0 121.62872136,24.17814649,0 121.62873745,24.17791648,0 121.62907541,24.17704537,0 121.63008392,24.17652173,0 121.62955284,24.17654130,0 121.62954211,24.17644832,0 121.62986398,24.17626235,0 121.62956357,24.17592957,0 121.62915587,24.17611554,0 121.62907004,24.17635534,0 121.62878573,24.17658046,0 121.62796497,24.17696218,0 121.62757337,24.17699154,0 121.62785232,24.17732433,0</coordinates>
</LinearRing></outerBoundaryIs></Polygon>
</Placemark>
<Placemark>
<name>SWCB_1134_1</name>
<ExtendedData>
<Data name="events"><value>0403花蓮地震</value></Data>
<Data name="area_ha"><value>0.415389594678</value></Data>
<Data name="source"><value>民國113年農村水保署災後衛星影像判釋</value></Data>
</ExtendedData>
<Polygon><outerBoundaryIs><LinearRing>
<coordinates>121.63062572,24.18629446,0 121.63035750,24.18612808,0 121.63038969,24.18595192,0 121.63128555,24.18525703,0 121.63114071,24.18518852,0 121.63050771,24.18570724,0 121.63007319,24.18582958,0 121.63007855,24.18598128,0 121.63055599,24.18651956,0 121.63062572,24.18629446,0</coordinates>
</LinearRing></outerBoundaryIs></Polygon>
</Placemark>
<Placemark>
<name>SWCB_1283_1</name>
<ExtendedData>
<Data name="events"><value>0403花蓮地震</value></Data>
<Data name="area_ha"><value>0.507007119728</value></Data>
<Data name="source"><value>民國113年農村水保署災後衛星影像判釋</value></Data>
</ExtendedData>
<Polygon><outerBoundaryIs><LinearRing>
<coordinates>121.63010538,24.18340725,0 121.63085639,24.18324576,0 121.63191855,24.18323108,0 121.63253546,24.18343172,0 121.63356006,24.18339257,0 121.63353324,24.18329959,0 121.63258910,24.18332406,0 121.63151622,24.18309406,0 121.62976742,24.18323598,0 121.63010538,24.18340725,0</coordinates>
</LinearRing></outerBoundaryIs></Polygon>
</Placemark>
<Placemark>
<name>SWCB_1378_1</name>
<ExtendedData>
<Data name="events"><value>0403花蓮地震</value></Data>
<Data name="area_ha"><value>0.293207362391</value></Data>
<Data name="source"><value>民國113年農村水保署災後衛星影像判釋</value></Data>
</ExtendedData>
<Polygon><outerBoundaryIs><LinearRing>
<coordinates>121.62262738,24.17226397,0 121.62252009,24.17197033,0 121.62259519,24.17180393,0 121.62232161,24.17138304,0 121.62217140,24.17143687,0 121.62225187,24.17169626,0 121.62195683,24.17144666,0 121.62203193,24.17179414,0 121.62248254,24.17208289,0 121.62246644,24.17235696,0 121.62262738,24.17226397,0</coordinates>
</LinearRing></outerBoundaryIs></Polygon>
</Placemark>
<Placemark>
<name>SWCB_1471_1</name>
<ExtendedData>
<Data name="events"><value>0403花蓮地震</value></Data>
<Data name="area_ha"><value>0.98061097072</value></Data>
<Data name="source"><value>民國113年農村水保署災後衛星影像判釋</value></Data>
</ExtendedData>
<Polygon><outerBoundaryIs><LinearRing>
<coordinates>121.62381828,24.17575828,0 121.62434399,24.17593446,0 121.62489116,24.17589042,0 121.62494481,24.17575828,0 121.62452638,24.17553316,0 121.62424207,24.17512207,0 121.62408113,24.17536677,0 121.62361979,24.17535208,0 121.62365198,24.17505355,0 121.62356079,24.17501929,0 121.62340522,24.17503398,0 121.62312090,24.17547933,0 121.62337303,24.17582679,0 121.62381828,24.17575828,0</coordinates>
</LinearRing></outerBoundaryIs></Polygon>
</Placemark>
<Placemark>
<name>SWCB_1485_1</name>
<ExtendedData>
<Data name="events"><value>0403花蓮地震</value></Data>
<Data name="area_ha"><value>1.4491007146</value></Data>
<Data name="source"><value>民國113年農村水保署災後衛星影像判釋</value></Data>
</ExtendedData>
<Polygon><outerBoundaryIs><LinearRing>
<coordinates>121.62240207,24.17818564,0 121.62250936,24.17848906,0 121.62264884,24.17839118,0 121.62256837,24.17816607,0 121.62295461,24.17789201,0 121.62317455,24.17814649,0 121.62348032,24.17823458,0 121.62363052,24.17810245,0 121.62355006,24.17778924,0 121.62377536,24.17748582,0 121.62371635,24.17712857,0 121.62304044,24.17719708,0 121.62239134,24.17745646,0 121.62193537,24.17825416,0 121.62180662,24.17880716,0 121.62198901,24.17866034,0 121.62226796,24.17792138,0 121.62252009,24.17773052,0 121.62249327,24.17799478,0 121.62240207,24.17818564,0</coordinates>
</LinearRing></outerBoundaryIs></Polygon>
</Placemark>
<Placemark>
<name>SWCB_1489_1</name>
<ExtendedData>
<Data name="events"><value>0403花蓮地震</value></Data>
<Data name="area_ha"><value>3.99011299896</value></Data>
<Data name="source"><value>民國113年農村水保署災後衛星影像判釋</value></Data>
</ExtendedData>
<Polygon><outerBoundaryIs><LinearRing>
<coordinates>121.62295461,24.17947761,0 121.62304044,24.17964400,0 121.62350178,24.17985932,0 121.62339985,24.18012358,0 121.62254155,24.17999145,0 121.62194610,24.18017252,0 121.62130773,24.18009422,0 121.62130237,24.18026550,0 121.62160814,24.18062764,0 121.62110925,24.18093105,0 121.62116289,24.18115616,0 121.62202120,24.18159170,0 121.62301898,24.18144000,0 121.62359834,24.18156723,0 121.62372172,24.18143021,0 121.62363052,24.18117574,0 121.62396848,24.18080871,0 121.62339449,24.18082339,0 121.62319601,24.18059828,0 121.62326574,24.18036827,0 121.62346423,24.18029976,0 121.62386119,24.18039274,0 121.62423134,24.18061296,0 121.62438691,24.18059338,0 121.62453175,24.18037806,0 121.62414551,24.18020188,0 121.62387729,24.17987400,0 121.62338376,24.17967825,0 121.62295461,24.17947761,0</coordinates>
</LinearRing></outerBoundaryIs></Polygon>
</Placemark>
<Placemark>
<name>SWCB_1506_1</name>
<ExtendedData>
<Data name="events"><value>0403花蓮地震</value></Data>
<Data name="area_ha"><value>1.37107902704</value></Data>
<Data name="source"><value>民國113年農村水保署災後衛星影像判釋</value></Data>
</ExtendedData>
<Polygon><outerBoundaryIs><LinearRing>
<coordinates>121.61965013,24.18274172,0 121.61998808,24.18285427,0 121.62022412,24.18327023,0 121.62055135,24.18329959,0 121.62051380,24.18347087,0 121.62009001,24.18385257,0 121.61995053,24.18425385,0 121.62028849,24.18439087,0 121.62045479,24.18413640,0 121.62040114,24.18366172,0 121.62062109,24.18350513,0 121.62090540,24.18299619,0 121.62157595,24.18253129,0 121.62161887,24.18236980,0 121.62130773,24.18227193,0 121.62140429,24.18248725,0 121.62106633,24.18251661,0 121.62075520,24.18279065,0 121.62058353,24.18276129,0 121.62012219,24.18231107,0 121.61976814,24.18242363,0 121.61965013,24.18274172,0</coordinates>
</LinearRing></outerBoundaryIs></Polygon>
</Placemark>
<Placemark>
<name>SWCB_1509_1</name>
<ExtendedData>
<Data name="events"><value>0403花蓮地震</value></Data>
<Data name="area_ha"><value>0.411952712872</value></Data>
<Data name="source"><value>民國113年農村水保署災後衛星影像判釋</value></Data>
</ExtendedData>
<Polygon><outerBoundaryIs><LinearRing>
<coordinates>121.62298143,24.16819694,0 121.62279904,24.16850038,0 121.62327647,24.16874509,0 121.62371635,24.16965052,0 121.62387729,24.16927856,0 121.62363589,24.16939113,0 121.62358224,24.16929814,0 121.62361979,24.16915131,0 121.62382364,24.16908279,0 121.62377000,24.16890660,0 121.62306190,24.16836824,0 121.62298143,24.16819694,0</coordinates>
</LinearRing></outerBoundaryIs></Polygon>
</Placemark>
<Placemark>
<name>SWCB_1539_1</name>
<ExtendedData>
<Data name="events"><value>0403花蓮地震</value></Data>
<Data name="area_ha"><value>0.753641832206</value></Data>
<Data name="source"><value>民國113年農村水保署災後衛星影像判釋</value></Data>
</ExtendedData>
<Polygon><outerBoundaryIs><LinearRing>
<coordinates>121.61968231,24.17357068,0 121.61977887,24.17357068,0 121.61966622,24.17388389,0 121.61992371,24.17384474,0 121.62062109,24.17296871,0 121.62078738,24.17250867,0 121.62041724,24.17269954,0 121.61998272,24.17327214,0 121.61963940,24.17351684,0 121.61890447,24.17382027,0 121.61887765,24.17403561,0 121.61907613,24.17412859,0 121.61968231,24.17357068,0</coordinates>
</LinearRing></outerBoundaryIs></Polygon>
</Placemark>
<Placemark>
<name>SWCB_1557_1</name>
<ExtendedData>
<Data name="events"><value>0403花蓮地震</value></Data>
<Data name="area_ha"><value>3.21129866148</value></Data>
<Data name="source"><value>民國113年農村水保署災後衛星影像判釋</value></Data>
</ExtendedData>
<Polygon><outerBoundaryIs><LinearRing>
<coordinates>121.62088931,24.17625256,0 121.62145793,24.17625256,0 121.61967158,24.17548911,0 121.61896884,24.17636023,0 121.61887228,24.17689366,0 121.61901712,24.17695729,0 121.61925852,24.17681047,0 121.61956429,24.17618894,0 121.61965549,24.17646790,0 121.61955357,24.17704048,0 121.61973596,24.17739284,0 121.62002563,24.17718240,0 121.61999345,24.17738305,0 121.62012219,24.17749561,0 121.62057817,24.17747604,0 121.62093759,24.17734390,0 121.62117362,24.17708453,0 121.62081957,24.17644832,0 121.62088931,24.17625256,0</coordinates>
</LinearRing></outerBoundaryIs></Polygon>
</Placemark>
<Placemark>
<name>SWCB_1576_1</name>
<ExtendedData>
<Data name="events"><value>0403花蓮地震</value></Data>
<Data name="area_ha"><value>1.17747301045</value></Data>
<Data name="source"><value>民國113年農村水保署災後衛星影像判釋</value></Data>
</ExtendedData>
<Polygon><outerBoundaryIs><LinearRing>
<coordinates>121.62247181,24.18391130,0 121.62199438,24.18413640,0 121.62156522,24.18408747,0 121.62155986,24.18418534,0 121.62289560,24.18445938,0 121.62239671,24.18464044,0 121.62181199,24.18435661,0 121.62162960,24.18442023,0 121.62166178,24.18458172,0 121.62189245,24.18462576,0 121.62161887,24.18520810,0 121.62193000,24.18508086,0 121.62220359,24.18477746,0 121.62277758,24.18473831,0 121.62274003,24.18484597,0 121.62226796,24.18497320,0 121.62276149,24.18499278,0 121.62302434,24.18476767,0 121.62280440,24.18466002,0 121.62294924,24.18451321,0 121.62340522,24.18444470,0 121.62344277,24.18424406,0 121.62313163,24.18424895,0 121.62301898,24.18409725,0 121.62310481,24.18378896,0 121.62270784,24.18394555,0 121.62247181,24.18391130,0</coordinates>
</LinearRing></outerBoundaryIs></Polygon>
</Placemark>
<Placemark>
<name>SWCB_1624_1</name>
<ExtendedData>
<Data name="events"><value>0403花蓮地震</value></Data>
<Data name="area_ha"><value>0.483972658059</value></Data>
<Data name="source"><value>民國113年農村水保署災後衛星影像判釋</value></Data>
</ExtendedData>
<Polygon><outerBoundaryIs><LinearRing>
<coordinates>121.62749290,24.17626725,0 121.62773430,24.17563593,0 121.62724614,24.17535698,0 121.62703156,24.17539613,0 121.62694573,24.17565061,0 121.62743390,24.17606660,0 121.62732661,24.17626235,0 121.62712276,24.17622810,0 121.62717104,24.17643853,0 121.62749290,24.17626725,0</coordinates>
</LinearRing></outerBoundaryIs></Polygon>
</Placemark>
<Placemark>
<name>SWCB_1645_1</name>
<ExtendedData>
<Data name="events"><value>0403花蓮地震</value></Data>
<Data name="area_ha"><value>0.513484619411</value></Data>
<Data name="source"><value>民國113年農村水保署災後衛星影像判釋</value></Data>
</ExtendedData>
<Polygon><outerBoundaryIs><LinearRing>
<coordinates>121.62292778,24.18558490,0 121.62289560,24.18516895,0 121.62261128,24.18530107,0 121.62250400,24.18515916,0 121.62240744,24.18546256,0 121.62274003,24.18550660,0 121.62280440,24.18562894,0 121.62257373,24.18610851,0 121.62231624,24.18625531,0 121.62217677,24.18651956,0 121.62247717,24.18649510,0 121.62295997,24.18619170,0 121.62300825,24.18609383,0 121.62277222,24.18595192,0 121.62292778,24.18558490,0</coordinates>
</LinearRing></outerBoundaryIs></Polygon>
</Placemark>
<Placemark>
<name>SWCB_1647_1</name>
<ExtendedData>
<Data name="events"><value>0403花蓮地震</value></Data>
<Data name="area_ha"><value>0.213929712683</value></Data>
<Data name="source"><value>民國113年農村水保署災後衛星影像判釋</value></Data>
</ExtendedData>
<Polygon><outerBoundaryIs><LinearRing>
<coordinates>121.62612498,24.17602745,0 121.62620008,24.17574849,0 121.62604988,24.17556742,0 121.62583530,24.17573870,0 121.62586749,24.17607638,0 121.62570119,24.17629661,0 121.62612498,24.17602745,0</coordinates>
</LinearRing></outerBoundaryIs></Polygon>
</Placemark>
<Placemark>
<name>SWCB_1682_1</name>
<ExtendedData>
<Data name="events"><value>0403花蓮地震</value></Data>
<Data name="area_ha"><value>0.245551183616</value></Data>
<Data name="source"><value>民國113年農村水保署災後衛星影像判釋</value></Data>
</ExtendedData>
<Polygon><outerBoundaryIs><LinearRing>
<coordinates>121.62324965,24.17053146,0 121.62306190,24.17032101,0 121.62310481,24.17019377,0 121.62286878,24.17008610,0 121.62285268,24.16967499,0 121.62270784,24.16999311,0 121.62306726,24.17060977,0 121.62301362,24.17087405,0 121.62321746,24.17092789,0 121.62324965,24.17053146,0</coordinates>
</LinearRing></outerBoundaryIs></Polygon>
</Placemark>
<Placemark>
<name>SWCB_3474_1</name>
<ExtendedData>
<Data name="events"><value>凱米颱風</value></Data>
<Data name="area_ha"><value>0.370079309836</value></Data>
<Data name="source"><value>民國113年農村水保署災後衛星影像判釋</value></Data>
</ExtendedData>
<Polygon><outerBoundaryIs><LinearRing>
<coordinates>121.62143648,24.16956732,0 121.62133455,24.16983649,0 121.62162960,24.16992948,0 121.62172616,24.16974840,0 121.62192464,24.16975329,0 121.62202120,24.16993438,0 121.62221968,24.16993438,0 121.62232161,24.16975329,0 121.62221968,24.16975329,0 121.62212849,24.16939113,0 121.62143648,24.16956732,0</coordinates>
</LinearRing></outerBoundaryIs></Polygon>
</Placemark>
<Placemark>
<name>SWCB_2053_1</name>
<ExtendedData>
<Data name="events"><value>0629豪雨</value></Data>
<Data name="area_ha"><value>0.800161760987</value></Data>
<Data name="source"><value>民國113年農村水保署災後衛星影像判釋</value></Data>
</ExtendedData>
<Polygon><outerBoundaryIs><LinearRing>
<coordinates>121.61961257,24.16389486,0 121.61972523,24.16383613,0 121.61989152,24.16395359,0 121.61986470,24.16446750,0 121.61980569,24.16458986,0 121.61961257,24.16456049,0 121.61949456,24.16475137,0 121.61956966,24.16483947,0 121.61954820,24.16491288,0 121.61943555,24.16482968,0 121.61943555,24.16555894,0 121.61917806,24.16598474,0 121.61960185,24.16574981,0 121.61993980,24.16494225,0 121.62009537,24.16497162,0 121.62009001,24.16464370,0 121.62025094,24.16458986,0 121.61992908,24.16411510,0 121.61999881,24.16391933,0 121.61964476,24.16364524,0 121.61961257,24.16389486,0</coordinates>
</LinearRing></outerBoundaryIs></Polygon>
</Placemark>
<Placemark>
<name>SWCB_1208_1</name>
<ExtendedData>
<Data name="events"><value>0403花蓮地震</value></Data>
<Data name="area_ha"><value>0.205490102346</value></Data>
<Data name="source"><value>民國113年農村水保署災後衛星影像判釋</value></Data>
</ExtendedData>
<Polygon><outerBoundaryIs><LinearRing>
<coordinates>121.63345277,24.16257337,0 121.63305581,24.16209371,0 121.63288951,24.16249995,0 121.63305581,24.16258805,0 121.63345277,24.16257337,0</coordinates>
</LinearRing></outerBoundaryIs></Polygon>
</Placemark>
<Placemark>
<name>SWCB_563_1</name>
<ExtendedData>
<Data name="events"><value>0403花蓮地震</value></Data>
<Data name="area_ha"><value>0.0921769017611</value></Data>
<Data name="source"><value>民國113年農村水保署災後衛星影像判釋</value></Data>
</ExtendedData>
<Polygon><outerBoundaryIs><LinearRing>
<coordinates>121.63254082,24.15565735,0 121.63246036,24.15542730,0 121.63237453,24.15541262,0 121.63241208,24.15560351,0 121.63220823,24.15573077,0 121.63213313,24.15599998,0 121.63254082,24.15565735,0</coordinates>
</LinearRing></outerBoundaryIs></Polygon>
</Placemark>
<Placemark>
<name>SWCB_1437_1</name>
<ExtendedData>
<Data name="events"><value>0403花蓮地震</value></Data>
<Data name="area_ha"><value>0.149918406111</value></Data>
<Data name="source"><value>民國113年農村水保署災後衛星影像判釋</value></Data>
</ExtendedData>
<Polygon><outerBoundaryIs><LinearRing>
<coordinates>121.62047625,24.16484926,0 121.62022412,24.16454091,0 121.61997736,24.16485905,0 121.62014365,24.16500588,0 121.62047625,24.16484926,0</coordinates>
</LinearRing></outerBoundaryIs></Polygon>
</Placemark>
<Placemark>
<name>SWCB_944_1</name>
<ExtendedData>
<Data name="events"><value>0403花蓮地震</value></Data>
<Data name="area_ha"><value>0.152246072471</value></Data>
<Data name="source"><value>民國113年農村水保署災後衛星影像判釋</value></Data>
</ExtendedData>
<Polygon><outerBoundaryIs><LinearRing>
<coordinates>121.63892448,24.16191262,0 121.63874209,24.16170705,0 121.63877964,24.16147701,0 121.63866162,24.16145254,0 121.63861334,24.16192730,0 121.63889766,24.16216224,0 121.63892448,24.16191262,0</coordinates>
</LinearRing></outerBoundaryIs></Polygon>
</Placemark>
<Placemark>
<name>SWCB_1077_1</name>
<ExtendedData>
<Data name="events"><value>0403花蓮地震</value></Data>
<Data name="area_ha"><value>0.680823314508</value></Data>
<Data name="source"><value>民國113年農村水保署災後衛星影像判釋</value></Data>
</ExtendedData>
<Polygon><outerBoundaryIs><LinearRing>
<coordinates>121.63502991,24.16026318,0 121.63486362,24.16008208,0 121.63485825,24.15960242,0 121.63429499,24.15878992,0 121.63409650,24.15881929,0 121.63410187,24.15924022,0 121.63472950,24.15989119,0 121.63467586,24.16050790,0 121.63483679,24.16067432,0 121.63502991,24.16026318,0</coordinates>
</LinearRing></outerBoundaryIs></Polygon>
</Placemark>
<Placemark>
<name>SWCB_1195_1</name>
<ExtendedData>
<Data name="events"><value>0403花蓮地震</value></Data>
<Data name="area_ha"><value>0.362210187285</value></Data>
<Data name="source"><value>民國113年農村水保署災後衛星影像判釋</value></Data>
</ExtendedData>
<Polygon><outerBoundaryIs><LinearRing>
<coordinates>121.62794352,24.16011145,0 121.62756801,24.15975415,0 121.62754655,24.15941153,0 121.62732661,24.15928916,0 121.62690282,24.15869692,0 121.62755728,24.15998419,0 121.62807763,24.16049322,0 121.62794352,24.16011145,0</coordinates>
</LinearRing></outerBoundaryIs></Polygon>
</Placemark>
<Placemark>
<name>SWCB_1202_1</name>
<ExtendedData>
<Data name="events"><value>0403花蓮地震</value></Data>
<Data name="area_ha"><value>0.0238793642328</value></Data>
<Data name="source"><value>民國113年農村水保署災後衛星影像判釋</value></Data>
</ExtendedData>
<Polygon><outerBoundaryIs><LinearRing>
<coordinates>121.63209021,24.15640624,0 121.63192391,24.15625450,0 121.63194001,24.15641113,0 121.63210094,24.15655797,0 121.63209021,24.15640624,0</coordinates>
</LinearRing></outerBoundaryIs></Polygon>
</Placemark>
<Placemark>
<name>SWCB_1205_1</name>
<ExtendedData>
<Data name="events"><value>0403花蓮地震</value></Data>
<Data name="area_ha"><value>0.464578876391</value></Data>
<Data name="source"><value>民國113年農村水保署災後衛星影像判釋</value></Data>
</ExtendedData>
<Polygon><outerBoundaryIs><LinearRing>
<coordinates>121.63110852,24.16170705,0 121.63136065,24.16161895,0 121.63136601,24.16145743,0 121.63124263,24.16101204,0 121.63070083,24.16141338,0 121.63085103,24.16084562,0 121.63074911,24.16057153,0 121.63056672,24.16079178,0 121.63070619,24.16087989,0 121.63051307,24.16150638,0 121.63079202,24.16149659,0 121.63121045,24.16119313,0 121.63092613,24.16167769,0 121.63087249,24.16216224,0 121.63110852,24.16170705,0</coordinates>
</LinearRing></outerBoundaryIs></Polygon>
</Placemark>
<Placemark>
<name>SWCB_1254_1</name>
<ExtendedData>
<Data name="events"><value>0403花蓮地震</value></Data>
<Data name="area_ha"><value>0.116135564733</value></Data>
<Data name="source"><value>民國113年農村水保署災後衛星影像判釋</value></Data>
</ExtendedData>
<Polygon><outerBoundaryIs><LinearRing>
<coordinates>121.63088858,24.15568183,0 121.63107634,24.15559372,0 121.63125336,24.15576993,0 121.63133383,24.15561820,0 121.63111925,24.15540772,0 121.63095832,24.15541751,0 121.63100123,24.15560841,0 121.63082957,24.15569651,0 121.63100660,24.15593635,0 121.63088858,24.15568183,0</coordinates>
</LinearRing></outerBoundaryIs></Polygon>
</Placemark>
<Placemark>
<name>SWCB_1255_1</name>
<ExtendedData>
<Data name="events"><value>0403花蓮地震</value></Data>
<Data name="area_ha"><value>0.097030538879</value></Data>
<Data name="source"><value>民國113年農村水保署災後衛星影像判釋</value></Data>
</ExtendedData>
<Polygon><outerBoundaryIs><LinearRing>
<coordinates>121.63325965,24.15376309,0 121.63291633,24.15366520,0 121.63288414,24.15379246,0 121.63348496,24.15400294,0 121.63325965,24.15376309,0</coordinates>
</LinearRing></outerBoundaryIs></Polygon>
</Placemark>
<Placemark>
<name>SWCB_1342_1</name>
<ExtendedData>
<Data name="events"><value>0403花蓮地震</value></Data>
<Data name="area_ha"><value>0.0165630180899</value></Data>
<Data name="source"><value>民國113年農村水保署災後衛星影像判釋</value></Data>
</ExtendedData>
<Polygon><outerBoundaryIs><LinearRing>
<coordinates>121.62184417,24.16176089,0 121.62174225,24.16167769,0 121.62173152,24.16177068,0 121.62182271,24.16187346,0 121.62184417,24.16176089,0</coordinates>
</LinearRing></outerBoundaryIs></Polygon>
</Placemark>
<Placemark>
<name>SWCB_1356_1</name>
<ExtendedData>
<Data name="events"><value>0403花蓮地震</value></Data>
<Data name="area_ha"><value>0.0428225062992</value></Data>
<Data name="source"><value>民國113年農村水保署災後衛星影像判釋</value></Data>
</ExtendedData>
<Polygon><outerBoundaryIs><LinearRing>
<coordinates>121.62274539,24.15712086,0 121.62276149,24.15695934,0 121.62266493,24.15703275,0 121.62244499,24.15688592,0 121.62231088,24.15692997,0 121.62255764,24.15707681,0 121.62274539,24.15712086,0</coordinates>
</LinearRing></outerBoundaryIs></Polygon>
</Placemark>
<Placemark>
<name>SWCB_1454_1</name>
<ExtendedData>
<Data name="events"><value>0403花蓮地震</value></Data>
<Data name="area_ha"><value>0.578921258608</value></Data>
<Data name="source"><value>民國113年農村水保署災後衛星影像判釋</value></Data>
</ExtendedData>
<Polygon><outerBoundaryIs><LinearRing>
<coordinates>121.62082493,24.14757106,0 121.62088931,24.14737526,0 121.62036359,24.14740463,0 121.62005782,24.14728715,0 121.61996663,24.14757106,0 121.61971986,24.14780113,0 121.61988080,24.14797245,0 121.61971450,24.14806546,0 121.61976278,24.14827594,0 121.62022948,24.14801161,0 121.62082493,24.14757106,0</coordinates>
</LinearRing></outerBoundaryIs></Polygon>
</Placemark>
<Placemark>
<name>SWCB_1460_1</name>
<ExtendedData>
<Data name="events"><value>0403花蓮地震</value></Data>
<Data name="area_ha"><value>0.147039289834</value></Data>
<Data name="source"><value>民國113年農村水保署災後衛星影像判釋</value></Data>
</ExtendedData>
<Polygon><outerBoundaryIs><LinearRing>
<coordinates>121.62318528,24.16522123,0 121.62348568,24.16500098,0 121.62343740,24.16478074,0 121.62297070,24.16542679,0 121.62297070,24.16574002,0 121.62315309,24.16546105,0 121.62318528,24.16522123,0</coordinates>
</LinearRing></outerBoundaryIs></Polygon>
</Placemark>
<Placemark>
<name>SWCB_1466_1</name>
<ExtendedData>
<Data name="events"><value>0403花蓮地震</value></Data>
<Data name="area_ha"><value>0.202149423364</value></Data>
<Data name="source"><value>民國113年農村水保署災後衛星影像判釋</value></Data>
</ExtendedData>
<Polygon><outerBoundaryIs><LinearRing>
<coordinates>121.62441909,24.16614625,0 121.62460685,24.16617072,0 121.62476242,24.16573513,0 121.62454784,24.16555894,0 121.62433863,24.16597495,0 121.62441909,24.16614625,0</coordinates>
</LinearRing></outerBoundaryIs></Polygon>
</Placemark>
<Placemark>
<name>SWCB_1530_1</name>
<ExtendedData>
<Data name="events"><value>0403花蓮地震</value></Data>
<Data name="area_ha"><value>0.0735502206261</value></Data>
<Data name="source"><value>民國113年農村水保署災後衛星影像判釋</value></Data>
</ExtendedData>
<Polygon><outerBoundaryIs><LinearRing>
<coordinates>121.62219286,24.16231396,0 121.62209630,24.16227970,0 121.62209630,24.16202519,0 121.62194073,24.16194199,0 121.62198365,24.16238738,0 121.62219286,24.16231396,0</coordinates>
</LinearRing></outerBoundaryIs></Polygon>
</Placemark>
<Placemark>
<name>SWCB_1544_1</name>
<ExtendedData>
<Data name="events"><value>0403花蓮地震</value></Data>
<Data name="area_ha"><value>0.0604383843215</value></Data>
<Data name="source"><value>民國113年農村水保署災後衛星影像判釋</value></Data>
</ExtendedData>
<Polygon><outerBoundaryIs><LinearRing>
<coordinates>121.62137210,24.16104140,0 121.62123799,24.16092883,0 121.62134528,24.16119313,0 121.62126482,24.16128123,0 121.62147939,24.16147701,0 121.62137210,24.16104140,0</coordinates>
</LinearRing></outerBoundaryIs></Polygon>
</Placemark>
<Placemark>
<name>SWCB_1546_1</name>
<ExtendedData>
<Data name="events"><value>0403花蓮地震</value></Data>
<Data name="area_ha"><value>0.685281398026</value></Data>
<Data name="source"><value>民國113年農村水保署災後衛星影像判釋</value></Data>
</ExtendedData>
<Polygon><outerBoundaryIs><LinearRing>
<coordinates>121.62052453,24.14975911,0 121.62036896,24.15006260,0 121.62059426,24.15003323,0 121.62074983,24.15028287,0 121.62111998,24.15025350,0 121.62098050,24.15003323,0 121.62114680,24.14983253,0 121.62085176,24.14977869,0 121.62068009,24.14936262,0 121.62043333,24.14926472,0 121.62042797,24.14906403,0 121.61975741,24.14884865,0 121.62052453,24.14975911,0</coordinates>
</LinearRing></outerBoundaryIs></Polygon>
</Placemark>
<Placemark>
<name>SWCB_1580_1</name>
<ExtendedData>
<Data name="events"><value>0403花蓮地震</value></Data>
<Data name="area_ha"><value>0.157296725547</value></Data>
<Data name="source"><value>民國113年農村水保署災後衛星影像判釋</value></Data>
</ExtendedData>
<Polygon><outerBoundaryIs><LinearRing>
<coordinates>121.62069082,24.16155532,0 121.62072301,24.16106588,0 121.62059426,24.16136444,0 121.62016511,24.16144275,0 121.62039578,24.16168258,0 121.62069082,24.16155532,0</coordinates>
</LinearRing></outerBoundaryIs></Polygon>
</Placemark>
<Placemark>
<name>SWCB_1613_1</name>
<ExtendedData>
<Data name="events"><value>0403花蓮地震</value></Data>
<Data name="area_ha"><value>0.0406979631843</value></Data>
<Data name="source"><value>民國113年農村水保署災後衛星影像判釋</value></Data>
</ExtendedData>
<Polygon><outerBoundaryIs><LinearRing>
<coordinates>121.62532568,24.16641544,0 121.62558317,24.16615604,0 121.62527204,24.16629308,0 121.62520230,24.16645459,0 121.62532568,24.16641544,0</coordinates>
</LinearRing></outerBoundaryIs></Polygon>
</Placemark>
<Placemark>
<name>SWCB_1622_1</name>
<ExtendedData>
<Data name="events"><value>0403花蓮地震</value></Data>
<Data name="area_ha"><value>0.103838821982</value></Data>
<Data name="source"><value>民國113年農村水保署災後衛星影像判釋</value></Data>
</ExtendedData>
<Polygon><outerBoundaryIs><LinearRing>
<coordinates>121.61989152,24.16590154,0 121.61998808,24.16554425,0 121.61945164,24.16615604,0 121.61956966,24.16627350,0 121.61989152,24.16590154,0</coordinates>
</LinearRing></outerBoundaryIs></Polygon>
</Placemark>
<Placemark>
<name>SWCB_1625_1</name>
<ExtendedData>
<Data name="events"><value>0403花蓮地震</value></Data>
<Data name="area_ha"><value>0.234081371596</value></Data>
<Data name="source"><value>民國113年農村水保署災後衛星影像判釋</value></Data>
</ExtendedData>
<Polygon><outerBoundaryIs><LinearRing>
<coordinates>121.61974132,24.16078689,0 121.61993444,24.16059600,0 121.61978424,24.16057153,0 121.61978960,24.16022402,0 121.61944091,24.15988140,0 121.61949992,24.16042959,0 121.61978424,24.16099735,0 121.61974132,24.16078689,0</coordinates>
</LinearRing></outerBoundaryIs></Polygon>
</Placemark>
<Placemark>
<name>SWCB_3468_1</name>
<ExtendedData>
<Data name="events"><value>凱米颱風</value></Data>
<Data name="area_ha"><value>0.120027905944</value></Data>
<Data name="source"><value>民國113年農村水保署災後衛星影像判釋</value></Data>
</ExtendedData>
<Polygon><outerBoundaryIs><LinearRing>
<coordinates>121.63932681,24.16232375,0 121.63942337,24.16259295,0 121.63971841,24.16250485,0 121.63962185,24.16223565,0 121.63932681,24.16232375,0</coordinates>
</LinearRing></outerBoundaryIs></Polygon>
</Placemark>
<Placemark>
<name>SWCB_301_1</name>
<ExtendedData>
<Data name="events"><value>0403花蓮地震</value></Data>
<Data name="area_ha"><value>0.0517051058228</value></Data>
<Data name="source"><value>民國113年農村水保署災後衛星影像判釋</value></Data>
</ExtendedData>
<Polygon><outerBoundaryIs><LinearRing>
<coordinates>121.62615716,24.13084374,0 121.62628591,24.13061365,0 121.62601233,24.13104446,0 121.62611425,24.13121091,0 121.62615716,24.13084374,0</coordinates>
</LinearRing></outerBoundaryIs></Polygon>
</Placemark>
<Placemark>
<name>SWCB_1478_1</name>
<ExtendedData>
<Data name="events"><value>0403花蓮地震</value></Data>
<Data name="area_ha"><value>0.0630369613915</value></Data>
<Data name="source"><value>民國113年農村水保署災後衛星影像判釋</value></Data>
</ExtendedData>
<Polygon><outerBoundaryIs><LinearRing>
<coordinates>121.62130237,24.13604770,0 121.62115753,24.13591063,0 121.62104487,24.13617009,0 121.62127554,24.13618478,0 121.62130237,24.13604770,0</coordinates>
</LinearRing></outerBoundaryIs></Polygon>
</Placemark>
<Placemark>
<name>SWCB_1343_1</name>
<ExtendedData>
<Data name="events"><value>0403花蓮地震</value></Data>
<Data name="area_ha"><value>0.0691393174272</value></Data>
<Data name="source"><value>民國113年農村水保署災後衛星影像判釋</value></Data>
</ExtendedData>
<Polygon><outerBoundaryIs><LinearRing>
<coordinates>121.62467122,24.13198932,0 121.62508428,24.13196973,0 121.62482142,24.13184245,0 121.62439764,24.13215577,0 121.62467122,24.13198932,0</coordinates>
</LinearRing></outerBoundaryIs></Polygon>
</Placemark>
<Placemark>
<name>SWCB_1447_1</name>
<ExtendedData>
<Data name="events"><value>0403花蓮地震</value></Data>
<Data name="area_ha"><value>0.0846730628802</value></Data>
<Data name="source"><value>民國113年農村水保署災後衛星影像判釋</value></Data>
</ExtendedData>
<Polygon><outerBoundaryIs><LinearRing>
<coordinates>121.62531495,24.13221451,0 121.62535250,24.13213129,0 121.62442982,24.13247888,0 121.62475705,24.13246908,0 121.62531495,24.13221451,0</coordinates>
</LinearRing></outerBoundaryIs></Polygon>
</Placemark>
<Placemark>
<name>SWCB_1407_1</name>
<ExtendedData>
<Data name="events"><value>0403花蓮地震</value></Data>
<Data name="area_ha"><value>0.152692050323</value></Data>
<Data name="source"><value>民國113年農村水保署災後衛星影像判釋</value></Data>
</ExtendedData>
<Polygon><outerBoundaryIs><LinearRing>
<coordinates>121.62218750,24.13976819,0 121.62221432,24.13995911,0 121.62238061,24.14006680,0 121.62254691,24.13992484,0 121.62199438,24.13963112,0 121.62209630,24.13977308,0 121.62182271,24.13995421,0 121.62186563,24.14017450,0 121.62218750,24.13976819,0</coordinates>
</LinearRing></outerBoundaryIs></Polygon>
</Placemark>
<Placemark>
<name>SWCB_1417_1</name>
<ExtendedData>
<Data name="events"><value>0403花蓮地震</value></Data>
<Data name="area_ha"><value>0.0775373443971</value></Data>
<Data name="source"><value>民國113年農村水保署災後衛星影像判釋</value></Data>
</ExtendedData>
<Polygon><outerBoundaryIs><LinearRing>
<coordinates>121.62293851,24.13952832,0 121.62275612,24.13933251,0 121.62268102,24.13970455,0 121.62271857,24.13978287,0 121.62293851,24.13952832,0</coordinates>
</LinearRing></outerBoundaryIs></Polygon>
</Placemark>
<Placemark>
<name>SWCB_1495_1</name>
<ExtendedData>
<Data name="events"><value>0403花蓮地震</value></Data>
<Data name="area_ha"><value>0.0585250344139</value></Data>
<Data name="source"><value>民國113年農村水保署災後衛星影像判釋</value></Data>
</ExtendedData>
<Polygon><outerBoundaryIs><LinearRing>
<coordinates>121.62373245,24.13730093,0 121.62384510,24.13719813,0 121.62365735,24.13712470,0 121.62346423,24.13730093,0 121.62373245,24.13730093,0</coordinates>
</LinearRing></outerBoundaryIs></Polygon>
</Placemark>
<Placemark>
<name>SWCB_1526_1</name>
<ExtendedData>
<Data name="events"><value>0403花蓮地震</value></Data>
<Data name="area_ha"><value>0.161234703847</value></Data>
<Data name="source"><value>民國113年農村水保署災後衛星影像判釋</value></Data>
</ExtendedData>
<Polygon><outerBoundaryIs><LinearRing>
<coordinates>121.62202656,24.13894578,0 121.62211776,24.13884297,0 121.62189782,24.13878423,0 121.62144721,24.13896046,0 121.62124872,24.13920033,0 121.62202656,24.13894578,0</coordinates>
</LinearRing></outerBoundaryIs></Polygon>
</Placemark>
<Placemark>
<name>SWCB_1605_1</name>
<ExtendedData>
<Data name="events"><value>0403花蓮地震</value></Data>
<Data name="area_ha"><value>2.17965316547</value></Data>
<Data name="source"><value>民國113年農村水保署災後衛星影像判釋</value></Data>
</ExtendedData>
<Polygon><outerBoundaryIs><LinearRing>
<coordinates>121.62206948,24.14042905,0 121.62368953,24.14058570,0 121.62440300,24.14078151,0 121.62447274,24.14054654,0 121.62319601,24.13984162,0 121.62269711,24.14009128,0 121.62317455,24.13994442,0 121.62358761,24.14013044,0 121.62364662,24.14026751,0 121.62325501,24.14037520,0 121.62205338,24.14029199,0 121.62157059,24.14044374,0 121.62132382,24.14074725,0 121.62277222,24.14141790,0 121.62374318,24.14211791,0 121.62397385,24.14195148,0 121.62393630,24.14182909,0 121.62349105,24.14153538,0 121.62316918,24.14104586,0 121.62256837,24.14084026,0 121.62242353,24.14061507,0 121.62240744,24.14082067,0 121.62206948,24.14042905,0</coordinates>
</LinearRing></outerBoundaryIs></Polygon>
</Placemark>
<Placemark>
<name>SWCB_4231_1</name>
<ExtendedData>
<Data name="events"><value>凱米颱風</value></Data>
<Data name="area_ha"><value>0.367484198265</value></Data>
<Data name="source"><value>民國113年農村水保署災後衛星影像判釋</value></Data>
</ExtendedData>
<Polygon><outerBoundaryIs><LinearRing>
<coordinates>121.62203193,24.13439793,0 121.62194073,24.13443220,0 121.62157595,24.13407972,0 121.62115753,24.13402097,0 121.62093222,24.13419232,0 121.62124336,24.13422169,0 121.62154913,24.13475530,0 121.62169397,24.13477488,0 121.62150621,24.13437835,0 121.62170470,24.13455948,0 121.62180662,24.13449094,0 121.62181199,24.13461333,0 121.62208021,24.13462312,0 121.62203193,24.13439793,0</coordinates>
</LinearRing></outerBoundaryIs></Polygon>
</Placemark>
<Placemark>
<name>SWCB_1226_1</name>
<ExtendedData>
<Data name="events"><value>0403花蓮地震</value></Data>
<Data name="area_ha"><value>0.574978974002</value></Data>
<Data name="source"><value>民國113年農村水保署災後衛星影像判釋</value></Data>
</ExtendedData>
<Polygon><outerBoundaryIs><LinearRing>
<coordinates>121.64198220,24.22850876,0 121.64253473,24.22814676,0 121.64266884,24.22778476,0 121.64197147,24.22799511,0 121.64113998,24.22852833,0 121.64198220,24.22850876,0</coordinates>
</LinearRing></outerBoundaryIs></Polygon>
</Placemark>
<Placemark>
<name>SWCB_1319_1</name>
<ExtendedData>
<Data name="events"><value>0403花蓮地震</value></Data>
<Data name="area_ha"><value>0.305045235679</value></Data>
<Data name="source"><value>民國113年農村水保署災後衛星影像判釋</value></Data>
</ExtendedData>
<Polygon><outerBoundaryIs><LinearRing>
<coordinates>121.64273858,24.23404138,0 121.64262056,24.23394843,0 121.64245427,24.23409029,0 121.64252400,24.23440336,0 121.64240599,24.23445717,0 121.64238453,24.23470175,0 121.64274395,24.23487296,0 121.64273858,24.23404138,0</coordinates>
</LinearRing></outerBoundaryIs></Polygon>
</Placemark>
<Placemark>
<name>SWCB_2005_1</name>
<ExtendedData>
<Data name="events"><value>0629豪雨</value></Data>
<Data name="area_ha"><value>0.575560645826</value></Data>
<Data name="source"><value>民國113年農村水保署災後衛星影像判釋</value></Data>
</ExtendedData>
<Polygon><outerBoundaryIs><LinearRing>
<coordinates>121.64184272,24.22940397,0 121.64204657,24.22936484,0 121.64224505,24.22898816,0 121.64240062,24.22904687,0 121.64220214,24.22907133,0 121.64225042,24.22918384,0 121.64294243,24.22930614,0 121.64267421,24.22908111,0 121.64281905,24.22899795,0 121.64279759,24.22892457,0 121.64275467,24.22900284,0 121.64246500,24.22882184,0 121.64175689,24.22904687,0 121.64158523,24.22886097,0 121.64111853,24.22881206,0 121.64148867,24.22923765,0 121.64184272,24.22940397,0</coordinates>
</LinearRing></outerBoundaryIs></Polygon>
</Placemark>
<Placemark>
<name>SWCB_1236_1</name>
<ExtendedData>
<Data name="events"><value>0403花蓮地震</value></Data>
<Data name="area_ha"><value>0.0568201762865</value></Data>
<Data name="source"><value>民國113年農村水保署災後衛星影像判釋</value></Data>
</ExtendedData>
<Polygon><outerBoundaryIs><LinearRing>
<coordinates>121.64488435,24.24383415,0 121.64488435,24.24397600,0 121.64509892,24.24396622,0 121.64502382,24.24374611,0 121.64488435,24.24383415,0</coordinates>
</LinearRing></outerBoundaryIs></Polygon>
</Placemark>
<Placemark>
<name>SWCB_945_1</name>
<ExtendedData>
<Data name="events"><value>0403花蓮地震</value></Data>
<Data name="area_ha"><value>0.731128013141</value></Data>
<Data name="source"><value>民國113年農村水保署災後衛星影像判釋</value></Data>
</ExtendedData>
<Polygon><outerBoundaryIs><LinearRing>
<coordinates>121.65716350,24.23077369,0 121.65636957,24.23093512,0 121.65608525,24.23112590,0 121.65609598,24.23123352,0 121.65710449,24.23109165,0 121.65739954,24.23091066,0 121.65780187,24.23024537,0 121.65748537,24.22996164,0 121.65716350,24.23077369,0</coordinates>
</LinearRing></outerBoundaryIs></Polygon>
</Placemark>
<Placemark>
<name>SWCB_1135_1</name>
<ExtendedData>
<Data name="events"><value>0403花蓮地震</value></Data>
<Data name="area_ha"><value>0.390515201822</value></Data>
<Data name="source"><value>民國113年農村水保署災後衛星影像判釋</value></Data>
</ExtendedData>
<Polygon><outerBoundaryIs><LinearRing>
<coordinates>121.65933073,24.23568497,0 121.65910006,24.23543061,0 121.65897667,24.23546974,0 121.65930390,24.23591977,0 121.65894449,24.23622794,0 121.65901423,24.23641382,0 121.65942729,24.23634045,0 121.65948629,24.23611054,0 121.65971696,24.23595890,0 121.65973306,24.23580237,0 121.65953994,24.23568497,0 121.65933073,24.23568497,0</coordinates>
</LinearRing></outerBoundaryIs></Polygon>
</Placemark>
<Placemark>
<name>SWCB_641_1</name>
<ExtendedData>
<Data name="events"><value>0403花蓮地震</value></Data>
<Data name="area_ha"><value>0.0528906876549</value></Data>
<Data name="source"><value>民國113年農村水保署災後衛星影像判釋</value></Data>
</ExtendedData>
<Polygon><outerBoundaryIs><LinearRing>
<coordinates>121.64280295,24.24672978,0 121.64325893,24.24688630,0 121.64322138,24.24676891,0 121.64293706,24.24668086,0 121.64280295,24.24672978,0</coordinates>
</LinearRing></outerBoundaryIs></Polygon>
</Placemark>
<Placemark>
<name>SWCB_923_1</name>
<ExtendedData>
<Data name="events"><value>0403花蓮地震</value></Data>
<Data name="area_ha"><value>0.0589260808598</value></Data>
<Data name="source"><value>民國113年農村水保署災後衛星影像判釋</value></Data>
</ExtendedData>
<Polygon><outerBoundaryIs><LinearRing>
<coordinates>121.65638566,24.23183521,0 121.65632665,24.23206023,0 121.65655732,24.23197218,0 121.65653050,24.23180096,0 121.65638566,24.23183521,0</coordinates>
</LinearRing></outerBoundaryIs></Polygon>
</Placemark>
<Placemark>
<name>SWCB_1212_1</name>
<ExtendedData>
<Data name="events"><value>0403花蓮地震</value></Data>
<Data name="area_ha"><value>0.0917977447267</value></Data>
<Data name="source"><value>民國113年農村水保署災後衛星影像判釋</value></Data>
</ExtendedData>
<Polygon><outerBoundaryIs><LinearRing>
<coordinates>121.65470123,24.23055845,0 121.65451348,24.23088620,0 121.65467441,24.23087642,0 121.65478706,24.23062693,0 121.65500700,24.23049975,0 121.65491581,24.23044594,0 121.65470123,24.23055845,0</coordinates>
</LinearRing></outerBoundaryIs></Polygon>
</Placemark>
<Placemark>
<name>SWCB_752_1</name>
<ExtendedData>
<Data name="events"><value>0403花蓮地震</value></Data>
<Data name="area_ha"><value>1.07206857533</value></Data>
<Data name="source"><value>民國113年農村水保署災後衛星影像判釋</value></Data>
</ExtendedData>
<Polygon><outerBoundaryIs><LinearRing>
<coordinates>121.66293025,24.23926070,0 121.66285515,24.23884003,0 121.66267812,24.23872752,0 121.66224897,24.24133956,0 121.66234016,24.24203414,0 121.66250110,24.24193142,0 121.66293025,24.23926070,0</coordinates>
</LinearRing></outerBoundaryIs></Polygon>
</Placemark>
<Placemark>
<name>SWCB_1117_1</name>
<ExtendedData>
<Data name="events"><value>0403花蓮地震</value></Data>
<Data name="area_ha"><value>0.243141912713</value></Data>
<Data name="source"><value>民國113年農村水保署災後衛星影像判釋</value></Data>
</ExtendedData>
<Polygon><outerBoundaryIs><LinearRing>
<coordinates>121.65462613,24.23230971,0 121.65453494,24.23254451,0 121.65489435,24.23249070,0 121.65535033,24.23202598,0 121.65518939,24.23196239,0 121.65503919,24.23206023,0 121.65462613,24.23230971,0</coordinates>
</LinearRing></outerBoundaryIs></Polygon>
</Placemark>
<Placemark>
<name>SWCB_1111_1</name>
<ExtendedData>
<Data name="events"><value>0403花蓮地震</value></Data>
<Data name="area_ha"><value>0.182479943482</value></Data>
<Data name="source"><value>民國113年農村水保署災後衛星影像判釋</value></Data>
</ExtendedData>
<Polygon><outerBoundaryIs><LinearRing>
<coordinates>121.65152013,24.22914470,0 121.65160596,24.22930124,0 121.65184200,24.22922787,0 121.65202975,24.22889033,0 121.65176153,24.22877292,0 121.65152013,24.22914470,0</coordinates>
</LinearRing></outerBoundaryIs></Polygon>
</Placemark>
<Placemark>
<name>SWCB_1095_1</name>
<ExtendedData>
<Data name="events"><value>0403花蓮地震</value></Data>
<Data name="area_ha"><value>0.3059130231</value></Data>
<Data name="source"><value>民國113年農村水保署災後衛星影像判釋</value></Data>
</ExtendedData>
<Polygon><outerBoundaryIs><LinearRing>
<coordinates>121.65489435,24.23757312,0 121.65461540,24.23750464,0 121.65445983,24.23769541,0 121.65524304,24.23795466,0 121.65538788,24.23771009,0 121.65514648,24.23748508,0 121.65489435,24.23757312,0</coordinates>
</LinearRing></outerBoundaryIs></Polygon>
</Placemark>
<Placemark>
<name>SWCB_1178_1</name>
<ExtendedData>
<Data name="events"><value>0403花蓮地震</value></Data>
<Data name="area_ha"><value>0.51329572294</value></Data>
<Data name="source"><value>民國113年農村水保署災後衛星影像判釋</value></Data>
</ExtendedData>
<Polygon><outerBoundaryIs><LinearRing>
<coordinates>121.65458322,24.23308260,0 121.65426135,24.23321468,0 121.65365517,24.23322446,0 121.65355861,24.23340056,0 121.65382147,24.23357666,0 121.65407896,24.23345437,0 121.65469587,24.23345926,0 121.65530205,24.23315598,0 121.65477097,24.23315598,0 121.65458322,24.23308260,0</coordinates>
</LinearRing></outerBoundaryIs></Polygon>
</Placemark>
<Placemark>
<name>SWCB_1190_1</name>
<ExtendedData>
<Data name="events"><value>0403花蓮地震</value></Data>
<Data name="area_ha"><value>0.619368832148</value></Data>
<Data name="source"><value>民國113年農村水保署災後衛星影像判釋</value></Data>
</ExtendedData>
<Polygon><outerBoundaryIs><LinearRing>
<coordinates>121.65700257,24.23585618,0 121.65688992,24.23613500,0 121.65708840,24.23672199,0 121.65736198,24.23663883,0 121.65759802,24.23639915,0 121.65759265,24.23603228,0 121.65773213,24.23582683,0 121.65761948,24.23574367,0 121.65738881,24.23599803,0 121.65720105,24.23574367,0 121.65700257,24.23585618,0</coordinates>
</LinearRing></outerBoundaryIs></Polygon>
</Placemark>
<Placemark>
<name>SWCB_1213_1</name>
<ExtendedData>
<Data name="events"><value>0403花蓮地震</value></Data>
<Data name="area_ha"><value>0.3592399337</value></Data>
<Data name="source"><value>民國113年農村水保署災後衛星影像判釋</value></Data>
</ExtendedData>
<Polygon><outerBoundaryIs><LinearRing>
<coordinates>121.65384293,24.23423215,0 121.65369272,24.23430553,0 121.65375710,24.23489742,0 121.65418088,24.23481915,0 121.65445983,24.23458435,0 121.65443838,24.23439847,0 121.65394485,24.23436912,0 121.65384293,24.23423215,0</coordinates>
</LinearRing></outerBoundaryIs></Polygon>
</Placemark>
<Placemark>
<name>SWCB_3349_1</name>
<ExtendedData>
<Data name="events"><value>凱米颱風</value></Data>
<Data name="area_ha"><value>0.0900208642265</value></Data>
<Data name="source"><value>民國113年農村水保署災後衛星影像判釋</value></Data>
</ExtendedData>
<Polygon><outerBoundaryIs><LinearRing>
<coordinates>121.64146721,24.22040752,0 121.64146721,24.22067659,0 121.64176226,24.22068148,0 121.64176226,24.22040752,0 121.64146721,24.22040752,0</coordinates>
</LinearRing></outerBoundaryIs></Polygon>
</Placemark>
<Placemark>
<name>SWCB_1105_1</name>
<ExtendedData>
<Data name="events"><value>0403花蓮地震</value></Data>
<Data name="area_ha"><value>2.20724311937</value></Data>
<Data name="source"><value>民國113年農村水保署災後衛星影像判釋</value></Data>
</ExtendedData>
<Polygon><outerBoundaryIs><LinearRing>
<coordinates>121.66063428,24.21584789,0 121.66081667,24.21594574,0 121.66080594,24.21620993,0 121.66053772,24.21640563,0 121.66017294,24.21698292,0 121.66062355,24.21716883,0 121.66143894,24.21679701,0 121.66139603,24.21636649,0 121.66199684,24.21592617,0 121.66158915,24.21562284,0 121.66045189,24.21561306,0 121.66010857,24.21584789,0 121.65953994,24.21671874,0 121.65917516,24.21652304,0 121.65901423,24.21659153,0 121.65905714,24.21680680,0 121.65948629,24.21686551,0 121.66009784,24.21620993,0 121.66051626,24.21609251,0 121.66063428,24.21584789,0</coordinates>
</LinearRing></outerBoundaryIs></Polygon>
</Placemark>
<Placemark>
<name>SWCB_1271_1</name>
<ExtendedData>
<Data name="events"><value>0403花蓮地震</value></Data>
<Data name="area_ha"><value>1.68381906882</value></Data>
<Data name="source"><value>民國113年農村水保署災後衛星影像判釋</value></Data>
</ExtendedData>
<Polygon><outerBoundaryIs><LinearRing>
<coordinates>121.65425062,24.21771677,0 121.65392876,24.21791246,0 121.65413260,24.21811794,0 121.65477633,24.21819622,0 121.65519476,24.21857782,0 121.65545225,24.21855825,0 121.65584922,24.21801031,0 121.65585995,24.21769720,0 121.65505528,24.21733517,0 121.65422916,24.21740366,0 121.65425062,24.21771677,0</coordinates>
</LinearRing></outerBoundaryIs></Polygon>
</Placemark>
<Placemark>
<name>SWCB_1277_1</name>
<ExtendedData>
<Data name="events"><value>0403花蓮地震</value></Data>
<Data name="area_ha"><value>0.569255600789</value></Data>
<Data name="source"><value>民國113年農村水保署災後衛星影像判釋</value></Data>
</ExtendedData>
<Polygon><outerBoundaryIs><LinearRing>
<coordinates>121.66251183,24.22381245,0 121.66207731,24.22348957,0 121.66222215,24.22393475,0 121.66304290,24.22431633,0 121.66353106,24.22491805,0 121.66331649,24.22414511,0 121.66251183,24.22381245,0</coordinates>
</LinearRing></outerBoundaryIs></Polygon>
</Placemark>
<Placemark>
<name>SWCB_3351_1</name>
<ExtendedData>
<Data name="events"><value>凱米颱風</value></Data>
<Data name="area_ha"><value>1.04024565321</value></Data>
<Data name="source"><value>民國113年農村水保署災後衛星影像判釋</value></Data>
</ExtendedData>
<Polygon><outerBoundaryIs><LinearRing>
<coordinates>121.64138138,24.21950245,0 121.64137602,24.21977642,0 121.64226115,24.21987426,0 121.64225578,24.22023140,0 121.64255083,24.22023629,0 121.64275467,24.21996722,0 121.64334476,24.21988405,0 121.64334476,24.21970304,0 121.64315164,24.21951713,0 121.64285660,24.21951713,0 121.64285660,24.21942418,0 121.64138138,24.21950245,0</coordinates>
</LinearRing></outerBoundaryIs></Polygon>
</Placemark>
<Placemark>
<name>SWCB_1097_1</name>
<ExtendedData>
<Data name="events"><value>0403花蓮地震</value></Data>
<Data name="area_ha"><value>11.3209968267</value></Data>
<Data name="source"><value>民國113年農村水保署災後衛星影像判釋</value></Data>
</ExtendedData>
<Polygon><outerBoundaryIs><LinearRing>
<coordinates>121.65071011,24.21785376,0 121.65087104,24.21831363,0 121.65114999,24.21834788,0 121.65119827,24.21801031,0 121.65088177,24.21767274,0 121.65081739,24.21712969,0 121.65100515,24.21711991,0 121.65130019,24.21735963,0 121.65138066,24.21770210,0 121.65155232,24.21762871,0 121.65164351,24.21725689,0 121.65136456,24.21676277,0 121.65079057,24.21636159,0 121.65079594,24.21625396,0 121.65135920,24.21586746,0 121.65159523,24.21602891,0 121.65154696,24.21635181,0 121.65257156,24.21623928,0 121.65264666,24.21599467,0 121.65217996,24.21587725,0 121.65216923,24.21553478,0 121.65241063,24.21522167,0 121.65303290,24.21512871,0 121.65210485,24.21502597,0 121.65207267,24.21463947,0 121.65222287,24.21441442,0 121.65294707,24.21466393,0 121.65315092,24.21461012,0 121.65264666,24.21423340,0 121.65244281,24.21385668,0 121.65197074,24.21354356,0 121.65177226,24.21325001,0 121.65113926,24.21310324,0 121.65113926,24.21271184,0 121.65062428,24.21251614,0 121.65021658,24.21265802,0 121.64967477,24.21324512,0 121.64970696,24.21379308,0 121.65015221,24.21398877,0 121.65080667,24.21404748,0 121.65111780,24.21426275,0 121.65079594,24.21461501,0 121.64944410,24.21429700,0 121.64932609,24.21439974,0 121.64987326,24.21463947,0 121.64964259,24.21494280,0 121.64983034,24.21514339,0 121.64931536,24.21565220,0 121.64927244,24.21591639,0 121.64937973,24.21604848,0 121.65003955,24.21602891,0 121.65038288,24.21615611,0 121.65061891,24.21642030,0 121.65055454,24.21654261,0 121.65002346,24.21642519,0 121.64964259,24.21658175,0 121.64948165,24.21679701,0 121.64953530,24.21696335,0 121.65017903,24.21743302,0 121.65071011,24.21785376,0</coordinates>
</LinearRing></outerBoundaryIs></Polygon>
</Placemark>
<Placemark>
<name>SWCB_1112_1</name>
<ExtendedData>
<Data name="events"><value>0403花蓮地震</value></Data>
<Data name="area_ha"><value>0.708233502195</value></Data>
<Data name="source"><value>民國113年農村水保署災後衛星影像判釋</value></Data>
</ExtendedData>
<Polygon><outerBoundaryIs><LinearRing>
<coordinates>121.65305436,24.20761374,0 121.65264666,24.20696301,0 121.65231943,24.20685537,0 121.65237308,24.20706576,0 121.65271640,24.20731529,0 121.65271640,24.20746207,0 121.65220678,24.20710001,0 121.65196538,24.20674773,0 121.65167570,24.20676241,0 121.65145576,24.20694344,0 121.65237308,24.20728104,0 121.65244281,24.20746696,0 121.65153623,24.20732018,0 121.65156841,24.20756482,0 121.65305436,24.20761374,0</coordinates>
</LinearRing></outerBoundaryIs></Polygon>
</Placemark>
<Placemark>
<name>SWCB_1227_1</name>
<ExtendedData>
<Data name="events"><value>0403花蓮地震</value></Data>
<Data name="area_ha"><value>0.73852847592</value></Data>
<Data name="source"><value>民國113年農村水保署災後衛星影像判釋</value></Data>
</ExtendedData>
<Polygon><outerBoundaryIs><LinearRing>
<coordinates>121.65410042,24.21143489,0 121.65443301,24.21150338,0 121.65459931,24.21168441,0 121.65440083,24.21192414,0 121.65466368,24.21196817,0 121.65488362,24.21218834,0 121.65531278,24.21223726,0 121.65499628,24.21188011,0 121.65524840,24.21154742,0 121.65494800,24.21166973,0 121.65448666,24.21128322,0 121.65352643,24.21116090,0 121.65344059,24.21129790,0 121.65364444,24.21154742,0 121.65338159,24.21166973,0 121.65410042,24.21143489,0</coordinates>
</LinearRing></outerBoundaryIs></Polygon>
</Placemark>
<Placemark>
<name>SWCB_1263_1</name>
<ExtendedData>
<Data name="events"><value>0403花蓮地震</value></Data>
<Data name="area_ha"><value>0.435983352278</value></Data>
<Data name="source"><value>民國113年農村水保署災後衛星影像判釋</value></Data>
</ExtendedData>
<Polygon><outerBoundaryIs><LinearRing>
<coordinates>121.65474951,24.21327937,0 121.65506065,24.21299560,0 121.65464759,24.21278522,0 121.65420234,24.21276076,0 121.65414333,24.21293200,0 121.65425599,24.21306899,0 121.65444911,24.21302496,0 121.65463686,24.21322066,0 121.65423989,24.21322066,0 121.65416479,24.21337232,0 121.65473878,24.21347996,0 121.65474951,24.21327937,0</coordinates>
</LinearRing></outerBoundaryIs></Polygon>
</Placemark>
<Placemark>
<name>SWCB_1302_1</name>
<ExtendedData>
<Data name="events"><value>0403花蓮地震</value></Data>
<Data name="area_ha"><value>13.1129285091</value></Data>
<Data name="source"><value>民國113年農村水保署災後衛星影像判釋</value></Data>
</ExtendedData>
<Polygon><outerBoundaryIs><LinearRing>
<coordinates>121.65516257,24.20916961,0 121.65510893,24.20894944,0 121.65442228,24.20851889,0 121.65473878,24.20821555,0 121.65484071,24.20729572,0 121.65443838,24.20618996,0 121.65234625,24.20399309,0 121.65146649,24.20350870,0 121.65136993,24.20328852,0 121.65097833,24.20329831,0 121.65058136,24.20350870,0 121.65005565,24.20299006,0 121.64930999,24.20374356,0 121.64931122,24.20374720,0 121.64930999,24.20374845,0 121.64935291,24.20387077,0 121.65141284,24.20562729,0 121.65337086,24.20667923,0 121.65355861,24.20710980,0 121.65343523,24.20776053,0 121.65363371,24.20788284,0 121.65371954,24.20819108,0 121.65138602,24.20789263,0 121.65074766,24.20805898,0 121.65065646,24.20822044,0 121.65102124,24.20847975,0 121.65161669,24.20840147,0 121.65183663,24.20812258,0 121.65283442,24.20840147,0 121.65383756,24.20842593,0 121.65425599,24.20887605,0 121.65486217,24.20921854,0 121.65499628,24.20929193,0 121.65516257,24.20916961,0</coordinates>
</LinearRing></outerBoundaryIs></Polygon>
</Placemark>
<Placemark>
<name>SWCB_1304_1</name>
<ExtendedData>
<Data name="events"><value>0403花蓮地震</value></Data>
<Data name="area_ha"><value>7.53688983827</value></Data>
<Data name="source"><value>民國113年農村水保署災後衛星影像判釋</value></Data>
</ExtendedData>
<Polygon><outerBoundaryIs><LinearRing>
<coordinates>121.65114999,24.21050530,0 121.64976597,24.21035852,0 121.64892912,24.21066186,0 121.64877892,24.21101413,0 121.64899349,24.21133704,0 121.64882183,24.21159145,0 121.64894521,24.21182140,0 121.64909542,24.21189968,0 121.64928317,24.21167951,0 121.65067255,24.21133704,0 121.65080130,24.21144467,0 121.65082276,24.21179204,0 121.65102661,24.21187032,0 121.65208876,24.21165016,0 121.65298998,24.21098966,0 121.65336013,24.21033895,0 121.65320992,24.21015303,0 121.65339231,24.20970291,0 121.65369809,24.20943382,0 121.65302753,24.20920875,0 121.65214241,24.20920875,0 121.65179372,24.20940935,0 121.65174544,24.20969313,0 121.65197611,24.20972248,0 121.65202439,24.20989372,0 121.65160060,24.21010900,0 121.65141821,24.21035852,0 121.65114999,24.21050530,0</coordinates>
</LinearRing></outerBoundaryIs></Polygon>
</Placemark>
<Placemark>
<name>SWCB_1126_1</name>
<ExtendedData>
<Data name="events"><value>0403花蓮地震</value></Data>
<Data name="area_ha"><value>1.18785023958</value></Data>
<Data name="source"><value>民國113年農村水保署災後衛星影像判釋</value></Data>
</ExtendedData>
<Polygon><outerBoundaryIs><LinearRing>
<coordinates>121.64909542,24.20891520,0 121.64935827,24.20845039,0 121.64926171,24.20818130,0 121.64846778,24.20787795,0 121.64810300,24.20786816,0 121.64789379,24.20799537,0 121.64779186,24.20824490,0 121.64789915,24.20846507,0 121.64883792,24.20884181,0 121.64909542,24.20891520,0</coordinates>
</LinearRing></outerBoundaryIs></Polygon>
</Placemark>
<Placemark>
<name>SWCB_1127_1</name>
<ExtendedData>
<Data name="events"><value>0403花蓮地震</value></Data>
<Data name="area_ha"><value>5.81397306987</value></Data>
<Data name="source"><value>民國113年農村水保署災後衛星影像判釋</value></Data>
</ExtendedData>
<Polygon><outerBoundaryIs><LinearRing>
<coordinates>121.64797962,24.21877840,0 121.64770603,24.21893984,0 121.64764702,24.21927741,0 121.64800644,24.21945842,0 121.64795280,24.21955627,0 121.64749146,24.21958073,0 121.64747536,24.21969325,0 121.64767385,24.21978131,0 121.64817810,24.21960030,0 121.64829612,24.21980577,0 121.64809227,24.22037327,0 121.64769530,24.22052493,0 121.64766312,24.22062767,0 121.64790452,24.22065213,0 121.64741099,24.22074019,0 121.64730370,24.22090652,0 121.64807618,24.22077443,0 121.64767921,24.22122940,0 121.64723396,24.22118048,0 121.64712667,24.22133703,0 121.64785624,24.22187028,0 121.64921343,24.22160121,0 121.64866626,24.22150337,0 121.64801717,24.22164035,0 121.64782405,24.22151315,0 121.64837658,24.22118048,0 121.64859116,24.22074997,0 121.64949238,24.22049558,0 121.64969087,24.22032924,0 121.64956748,24.22010420,0 121.64910614,24.22033413,0 121.64902031,24.22019226,0 121.64950848,24.21983513,0 121.64948702,24.21939482,0 121.64936364,24.21923827,0 121.64973915,24.21871969,0 121.64972305,24.21834788,0 121.64925098,24.21798096,0 121.64869308,24.21794671,0 121.64791524,24.21821579,0 121.64779186,24.21834788,0 121.64787769,24.21855335,0 121.64797962,24.21877840,0</coordinates>
</LinearRing></outerBoundaryIs></Polygon>
</Placemark>
<Placemark>
<name>SWCB_3350_1</name>
<ExtendedData>
<Data name="events"><value>凱米颱風</value></Data>
<Data name="area_ha"><value>0.130031118171</value></Data>
<Data name="source"><value>民國113年農村水保署災後衛星影像判釋</value></Data>
</ExtendedData>
<Polygon><outerBoundaryIs><LinearRing>
<coordinates>121.64512038,24.21971771,0 121.64501846,24.21998679,0 121.64541006,24.21999168,0 121.64551198,24.21972260,0 121.64512038,24.21971771,0</coordinates>
</LinearRing></outerBoundaryIs></Polygon>
</Placemark>
<Placemark>
<name>SWCB_919_1</name>
<ExtendedData>
<Data name="events"><value>0403花蓮地震</value></Data>
<Data name="area_ha"><value>0.0623282025539</value></Data>
<Data name="source"><value>民國113年農村水保署災後衛星影像判釋</value></Data>
</ExtendedData>
<Polygon><outerBoundaryIs><LinearRing>
<coordinates>121.66258693,24.20922833,0 121.66255474,24.20904241,0 121.66242063,24.20905219,0 121.66225970,24.20922343,0 121.66258693,24.20922833,0</coordinates>
</LinearRing></outerBoundaryIs></Polygon>
</Placemark>
<Placemark>
<name>SWCB_1131_1</name>
<ExtendedData>
<Data name="events"><value>0403花蓮地震</value></Data>
<Data name="area_ha"><value>0.200621482522</value></Data>
<Data name="source"><value>民國113年農村水保署災後衛星影像判釋</value></Data>
</ExtendedData>
<Polygon><outerBoundaryIs><LinearRing>
<coordinates>121.66261375,24.21010410,0 121.66277468,24.20948764,0 121.66258156,24.20957570,0 121.66221678,24.21014814,0 121.66228652,24.21024599,0 121.66261375,24.21010410,0</coordinates>
</LinearRing></outerBoundaryIs></Polygon>
</Placemark>
<Placemark>
<name>SWCB_569_1</name>
<ExtendedData>
<Data name="events"><value>0403花蓮地震</value></Data>
<Data name="area_ha"><value>0.702086007606</value></Data>
<Data name="source"><value>民國113年農村水保署災後衛星影像判釋</value></Data>
</ExtendedData>
<Polygon><outerBoundaryIs><LinearRing>
<coordinates>121.65498555,24.21417469,0 121.65533960,24.21402791,0 121.65548444,24.21414533,0 121.65564537,24.21395453,0 121.65529668,24.21384200,0 121.65465295,24.21406705,0 121.65411651,24.21366587,0 121.65387511,24.21365609,0 121.65361762,24.21373437,0 121.65333867,24.21416001,0 121.65428817,24.21422361,0 121.65498555,24.21417469,0</coordinates>
</LinearRing></outerBoundaryIs></Polygon>
</Placemark>
<Placemark>
<name>SWCB_1085_1</name>
<ExtendedData>
<Data name="events"><value>0403花蓮地震</value></Data>
<Data name="area_ha"><value>1.18245573971</value></Data>
<Data name="source"><value>民國113年農村水保署災後衛星影像判釋</value></Data>
</ExtendedData>
<Polygon><outerBoundaryIs><LinearRing>
<coordinates>121.65636420,24.21951713,0 121.65651441,24.21960519,0 121.65677190,24.21949756,0 121.65713668,24.21955627,0 121.65714741,24.21981066,0 121.65742636,24.21988894,0 121.65757656,24.22021183,0 121.65770531,24.22016291,0 121.65797353,24.21959541,0 121.65789843,24.21931166,0 121.65740490,24.21925295,0 121.65735126,24.21909640,0 121.65761948,24.21890071,0 121.65710449,24.21868545,0 121.65636420,24.21951713,0</coordinates>
</LinearRing></outerBoundaryIs></Polygon>
</Placemark>
<Placemark>
<name>SWCB_1145_1</name>
<ExtendedData>
<Data name="events"><value>0403花蓮地震</value></Data>
<Data name="area_ha"><value>1.02456079935</value></Data>
<Data name="source"><value>民國113年農村水保署災後衛星影像判釋</value></Data>
</ExtendedData>
<Polygon><outerBoundaryIs><LinearRing>
<coordinates>121.66044652,24.21927252,0 121.66073620,24.21942907,0 121.66220605,24.21928230,0 121.66267812,24.21957095,0 121.66284442,24.21948288,0 121.66210949,24.21905237,0 121.66026950,24.21901323,0 121.66006565,24.21891538,0 121.65956140,24.21896431,0 121.65945947,24.21910618,0 121.65997982,24.21935569,0 121.66044652,24.21927252,0</coordinates>
</LinearRing></outerBoundaryIs></Polygon>
</Placemark>
<Placemark>
<name>SWCB_1191_1</name>
<ExtendedData>
<Data name="events"><value>0403花蓮地震</value></Data>
<Data name="area_ha"><value>2.28761448727</value></Data>
<Data name="source"><value>民國113年農村水保署災後衛星影像判釋</value></Data>
</ExtendedData>
<Polygon><outerBoundaryIs><LinearRing>
<coordinates>121.65245891,24.22122940,0 121.65257692,24.22147401,0 121.65316701,24.22188495,0 121.65382147,24.22207086,0 121.65405750,24.22197301,0 121.65391803,24.22156207,0 121.65349960,24.22127833,0 121.65314555,24.22080868,0 121.65320992,24.22056407,0 121.65297389,24.22046622,0 121.65284514,24.22017269,0 121.65292025,24.21974217,0 121.65279150,24.21954648,0 121.65256619,24.21962476,0 121.65246964,24.22024118,0 121.65221214,24.22049558,0 121.65200830,24.22097501,0 121.65211558,24.22111199,0 121.65245891,24.22122940,0</coordinates>
</LinearRing></outerBoundaryIs></Polygon>
</Placemark>
<Placemark>
<name>SWCB_560_1</name>
<ExtendedData>
<Data name="events"><value>0403花蓮地震</value></Data>
<Data name="area_ha"><value>1.99013913999</value></Data>
<Data name="source"><value>民國113年農村水保署災後衛星影像判釋</value></Data>
</ExtendedData>
<Polygon><outerBoundaryIs><LinearRing>
<coordinates>121.66072011,24.21070100,0 121.66102052,24.21079885,0 121.66163743,24.21057869,0 121.66122437,24.21041723,0 121.66105807,24.21004539,0 121.66073084,24.20996711,0 121.66059673,24.21005029,0 121.66051090,24.20976651,0 121.66032851,24.20961484,0 121.66033387,24.20939957,0 121.66002274,24.20934086,0 121.65964186,24.20958549,0 121.65963113,24.21018239,0 121.65986717,24.21052976,0 121.65996909,24.21096031,0 121.66039824,24.21132236,0 121.66038752,24.21107284,0 121.66025877,24.21099456,0 121.66036606,24.21091138,0 121.66072011,24.21070100,0</coordinates>
</LinearRing></outerBoundaryIs></Polygon>
</Placemark>
<Placemark>
<name>SWCB_1071_1</name>
<ExtendedData>
<Data name="events"><value>0403花蓮地震</value></Data>
<Data name="area_ha"><value>0.191652362502</value></Data>
<Data name="source"><value>民國113年農村水保署災後衛星影像判釋</value></Data>
</ExtendedData>
<Polygon><outerBoundaryIs><LinearRing>
<coordinates>121.66051090,24.20864610,0 121.66056991,24.20880267,0 121.66080594,24.20856782,0 121.66115999,24.20847486,0 121.66104198,24.20836233,0 121.66106343,24.20814705,0 121.66065037,24.20842593,0 121.66051090,24.20864610,0</coordinates>
</LinearRing></outerBoundaryIs></Polygon>
</Placemark>
<Placemark>
<name>SWCB_1064_1</name>
<ExtendedData>
<Data name="events"><value>0403花蓮地震</value></Data>
<Data name="area_ha"><value>3.00401145428</value></Data>
<Data name="source"><value>民國113年農村水保署災後衛星影像判釋</value></Data>
</ExtendedData>
<Polygon><outerBoundaryIs><LinearRing>
<coordinates>121.65862262,24.20670859,0 121.65807009,24.20690430,0 121.65775359,24.20721254,0 121.65779114,24.20731040,0 121.65804327,24.20720765,0 121.65822029,24.20732507,0 121.65819883,24.20755992,0 121.65841341,24.20778988,0 121.65819883,24.20795623,0 121.65824711,24.20808344,0 121.65871382,24.20810791,0 121.65880501,24.20837211,0 121.65956140,24.20818619,0 121.65970623,24.20775074,0 121.65945947,24.20706576,0 121.65962040,24.20679666,0 121.65997982,24.20680155,0 121.65969551,24.20666456,0 121.65973306,24.20654224,0 121.66041434,24.20609211,0 121.66017294,24.20596000,0 121.65991008,24.20612635,0 121.65891767,24.20640524,0 121.65862262,24.20670859,0</coordinates>
</LinearRing></outerBoundaryIs></Polygon>
</Placemark>
<Placemark>
<name>SWCB_1151_1</name>
<ExtendedData>
<Data name="events"><value>0403花蓮地震</value></Data>
<Data name="area_ha"><value>0.676547389068</value></Data>
<Data name="source"><value>民國113年農村水保署災後衛星影像判釋</value></Data>
</ExtendedData>
<Polygon><outerBoundaryIs><LinearRing>
<coordinates>121.65621400,24.21095052,0 121.65618718,24.21124408,0 121.65693283,24.21156699,0 121.65713668,24.21148381,0 121.65708840,24.21138596,0 121.65731370,24.21113644,0 121.65723860,24.21094563,0 121.65694356,24.21100434,0 121.65710449,24.21069122,0 121.65635347,24.21094563,0 121.65621400,24.21095052,0</coordinates>
</LinearRing></outerBoundaryIs></Polygon>
</Placemark>
<Placemark>
<name>SWCB_1185_1</name>
<ExtendedData>
<Data name="events"><value>0403花蓮地震</value></Data>
<Data name="area_ha"><value>0.264856665537</value></Data>
<Data name="source"><value>民國113年農村水保署災後衛星影像判釋</value></Data>
</ExtendedData>
<Polygon><outerBoundaryIs><LinearRing>
<coordinates>121.65664315,24.21221280,0 121.65724933,24.21215898,0 121.65726542,24.21188500,0 121.65701866,24.21174801,0 121.65669680,24.21189479,0 121.65664315,24.21221280,0</coordinates>
</LinearRing></outerBoundaryIs></Polygon>
</Placemark>
<Placemark>
<name>SWCB_2065_1</name>
<ExtendedData>
<Data name="events"><value>0629豪雨</value></Data>
<Data name="area_ha"><value>0.263983172384</value></Data>
<Data name="source"><value>民國113年農村水保署災後衛星影像判釋</value></Data>
</ExtendedData>
<Polygon><outerBoundaryIs><LinearRing>
<coordinates>121.65639639,24.21039766,0 121.65654659,24.21054444,0 121.65660024,24.21043191,0 121.65680408,24.21083799,0 121.65691137,24.21071568,0 121.65698111,24.21083310,0 121.65689528,24.21040745,0 121.65698647,24.21037320,0 121.65662706,24.21033406,0 121.65655732,24.21019217,0 121.65646613,24.21027535,0 121.65619791,24.20987415,0 121.65639639,24.21039766,0</coordinates>
</LinearRing></outerBoundaryIs></Polygon>
</Placemark>
<Placemark>
<name>SWCB_2073_1</name>
<ExtendedData>
<Data name="events"><value>0629豪雨</value></Data>
<Data name="area_ha"><value>0.132579520039</value></Data>
<Data name="source"><value>民國113年農村水保署災後衛星影像判釋</value></Data>
</ExtendedData>
<Polygon><outerBoundaryIs><LinearRing>
<coordinates>121.65761948,24.21086735,0 121.65739954,24.21066186,0 121.65702403,24.21072057,0 121.65765703,24.21101902,0 121.65782869,24.21075482,0 121.65761948,24.21086735,0</coordinates>
</LinearRing></outerBoundaryIs></Polygon>
</Placemark>
<Placemark>
<name>SWCB_623_1</name>
<ExtendedData>
<Data name="events"><value>0403花蓮地震</value></Data>
<Data name="area_ha"><value>0.408580659134</value></Data>
<Data name="source"><value>民國113年農村水保署災後衛星影像判釋</value></Data>
</ExtendedData>
<Polygon><outerBoundaryIs><LinearRing>
<coordinates>121.64263666,24.24726781,0 121.64289951,24.24730694,0 121.64288878,24.24756617,0 121.64363444,24.24776182,0 121.64404750,24.24773247,0 121.64404213,24.24762486,0 121.64384902,24.24762975,0 121.64366126,24.24744878,0 121.64315164,24.24745856,0 121.64309800,24.24717977,0 121.64274931,24.24711618,0 121.64263666,24.24726781,0</coordinates>
</LinearRing></outerBoundaryIs></Polygon>
</Placemark>
<Placemark>
<name>SWCB_2040_1</name>
<ExtendedData>
<Data name="events"><value>0629豪雨</value></Data>
<Data name="area_ha"><value>0.148894175142</value></Data>
<Data name="source"><value>民國113年農村水保署災後衛星影像判釋</value></Data>
</ExtendedData>
<Polygon><outerBoundaryIs><LinearRing>
<coordinates>121.65259838,24.19211762,0 121.65285587,24.19208826,0 121.65297389,24.19219591,0 121.65300608,24.19198060,0 121.65316701,24.19201486,0 121.65317774,24.19192189,0 121.65292025,24.19192189,0 121.65285051,24.19156467,0 121.65259838,24.19211762,0</coordinates>
</LinearRing></outerBoundaryIs></Polygon>
</Placemark>
<Placemark>
<name>SWCB_2044_1</name>
<ExtendedData>
<Data name="events"><value>0629豪雨</value></Data>
<Data name="area_ha"><value>0.218803118387</value></Data>
<Data name="source"><value>民國113年農村水保署災後衛星影像判釋</value></Data>
</ExtendedData>
<Polygon><outerBoundaryIs><LinearRing>
<coordinates>121.65132701,24.18894672,0 121.65148795,24.18865801,0 121.65108025,24.18889289,0 121.65098369,24.18873141,0 121.65057600,24.18916203,0 121.65065110,24.18924522,0 121.65071547,24.18914735,0 121.65103197,24.18918650,0 121.65118754,24.18897119,0 121.65132701,24.18894672,0</coordinates>
</LinearRing></outerBoundaryIs></Polygon>
</Placemark>
<Placemark>
<name>SWCB_2061_1</name>
<ExtendedData>
<Data name="events"><value>0629豪雨</value></Data>
<Data name="area_ha"><value>0.452471083581</value></Data>
<Data name="source"><value>民國113年農村水保署災後衛星影像判釋</value></Data>
</ExtendedData>
<Polygon><outerBoundaryIs><LinearRing>
<coordinates>121.66165888,24.19130043,0 121.66076303,24.19133469,0 121.66082203,24.19144234,0 121.66063428,24.19164297,0 121.66168571,24.19156467,0 121.66200757,24.19134447,0 121.66219532,24.19164786,0 121.66214705,24.19134937,0 121.66192174,24.19107534,0 121.66165888,24.19130043,0</coordinates>
</LinearRing></outerBoundaryIs></Polygon>
</Placemark>
<Placemark>
<name>SWCB_2062_1</name>
<ExtendedData>
<Data name="events"><value>0629豪雨</value></Data>
<Data name="area_ha"><value>0.579879308508</value></Data>
<Data name="source"><value>民國113年農村水保署災後衛星影像判釋</value></Data>
</ExtendedData>
<Polygon><outerBoundaryIs><LinearRing>
<coordinates>121.65888011,24.18974435,0 121.65948629,24.18971009,0 121.65938973,24.18960244,0 121.65947556,24.18957797,0 121.65966868,24.19002327,0 121.65986180,24.18968563,0 121.66032314,24.18960244,0 121.66029096,24.18948010,0 121.66043580,24.18948010,0 121.66043043,24.18933819,0 121.66047335,24.18929415,0 121.66047871,24.18940181,0 121.66062891,24.18941649,0 121.66083276,24.18911310,0 121.66103125,24.18925501,0 121.66109025,24.18914246,0 121.66068256,24.18869716,0 121.66082740,24.18900544,0 121.66070938,24.18914246,0 121.66031778,24.18918161,0 121.66009784,24.18944096,0 121.66003883,24.18934309,0 121.65975451,24.18939692,0 121.65888011,24.18974435,0</coordinates>
</LinearRing></outerBoundaryIs></Polygon>
</Placemark>
<Placemark>
<name>SWCB_2063_1</name>
<ExtendedData>
<Data name="events"><value>0629豪雨</value></Data>
<Data name="area_ha"><value>0.102504278159</value></Data>
<Data name="source"><value>民國113年農村水保署災後衛星影像判釋</value></Data>
</ExtendedData>
<Polygon><outerBoundaryIs><LinearRing>
<coordinates>121.66117609,24.19218123,0 121.66116536,24.19250908,0 121.66150331,24.19280268,0 121.66130483,24.19243079,0 121.66129410,24.19213719,0 121.66117609,24.19218123,0</coordinates>
</LinearRing></outerBoundaryIs></Polygon>
</Placemark>
<Placemark>
<name>SWCB_2067_1</name>
<ExtendedData>
<Data name="events"><value>0629豪雨</value></Data>
<Data name="area_ha"><value>1.04448305312</value></Data>
<Data name="source"><value>民國113年農村水保署災後衛星影像判釋</value></Data>
</ExtendedData>
<Polygon><outerBoundaryIs><LinearRing>
<coordinates>121.66437864,24.20546094,0 121.66397095,24.20561261,0 121.66339159,24.20533862,0 121.66346669,24.20528480,0 121.66337013,24.20522608,0 121.66326284,24.20534351,0 121.66259766,24.20528480,0 121.66222751,24.20544626,0 121.66252792,24.20552944,0 121.66273713,24.20574961,0 121.66282833,24.20568111,0 121.66281223,24.20579365,0 121.66425526,24.20573004,0 121.66429281,24.20587682,0 121.66446447,24.20593554,0 121.66457176,24.20584747,0 121.66442692,24.20562240,0 121.66454494,24.20551965,0 121.66481316,24.20574472,0 121.66455567,24.20591107,0 121.66463077,24.20599914,0 121.66500092,24.20582300,0 121.66448057,24.20523098,0 121.66437864,24.20546094,0</coordinates>
</LinearRing></outerBoundaryIs></Polygon>
</Placemark>
<Placemark>
<name>SWCB_557_1</name>
<ExtendedData>
<Data name="events"><value>0403花蓮地震</value></Data>
<Data name="area_ha"><value>0.825406141663</value></Data>
<Data name="source"><value>民國113年農村水保署災後衛星影像判釋</value></Data>
</ExtendedData>
<Polygon><outerBoundaryIs><LinearRing>
<coordinates>121.65879428,24.19767628,0 121.65918052,24.19713315,0 121.65913761,24.19690317,0 121.65901959,24.19685424,0 121.65881038,24.19705975,0 121.65892839,24.19683467,0 121.65884256,24.19681999,0 121.65822566,24.19715272,0 121.65820956,24.19731419,0 121.65832222,24.19738270,0 121.65799499,24.19761756,0 121.65789843,24.19786711,0 121.65857434,24.19743652,0 121.65870845,24.19715272,0 121.65888548,24.19730441,0 121.65840268,24.19777414,0 121.65751219,24.19820963,0 121.65759802,24.19845917,0 121.65776432,24.19838578,0 121.65879428,24.19767628,0</coordinates>
</LinearRing></outerBoundaryIs></Polygon>
</Placemark>
<Placemark>
<name>SWCB_570_1</name>
<ExtendedData>
<Data name="events"><value>0403花蓮地震</value></Data>
<Data name="area_ha"><value>6.29271959024</value></Data>
<Data name="source"><value>民國113年農村水保署災後衛星影像判釋</value></Data>
</ExtendedData>
<Polygon><outerBoundaryIs><LinearRing>
<coordinates>121.65559709,24.18626510,0 121.65502846,24.18696977,0 121.65417016,24.18721933,0 121.65410578,24.18704806,0 121.65426135,24.18671530,0 121.65477633,24.18629936,0 121.65472806,24.18603511,0 121.65396094,24.18665658,0 121.65341377,24.18753252,0 121.65348887,24.18773804,0 121.65437400,24.18761571,0 121.65478170,24.18774783,0 121.65447056,24.18815399,0 121.65467978,24.18842802,0 121.65496945,24.18836440,0 121.65501773,24.18845738,0 121.65482461,24.18864822,0 121.65506601,24.18877545,0 121.65597260,24.18853567,0 121.65619254,24.18831058,0 121.65681481,24.18809526,0 121.65670753,24.18800718,0 121.65619254,24.18812952,0 121.65615499,24.18795825,0 121.65724933,24.18711657,0 121.65724397,24.18695998,0 121.65686846,24.18675445,0 121.65612280,24.18703827,0 121.65524840,24.18699913,0 121.65563464,24.18660765,0 121.65677190,24.18630425,0 121.65684164,24.18605468,0 121.65658414,24.18595681,0 121.65673435,24.18579043,0 121.65651441,24.18585894,0 121.65628374,24.18575128,0 121.65638566,24.18542831,0 121.65613353,24.18537448,0 121.65573120,24.18556533,0 121.65553272,24.18541363,0 121.65526986,24.18549682,0 121.65494800,24.18594213,0 121.65494968,24.18594467,0 121.65494800,24.18594702,0 121.65510356,24.18617702,0 121.65547371,24.18604979,0 121.65559709,24.18626510,0</coordinates>
</LinearRing></outerBoundaryIs></Polygon>
</Placemark>
<Placemark>
<name>SWCB_574_1</name>
<ExtendedData>
<Data name="events"><value>0403花蓮地震</value></Data>
<Data name="area_ha"><value>0.291536246999</value></Data>
<Data name="source"><value>民國113年農村水保署災後衛星影像判釋</value></Data>
</ExtendedData>
<Polygon><outerBoundaryIs><LinearRing>
<coordinates>121.65790915,24.19120746,0 121.65790379,24.19081599,0 121.65827394,24.19055665,0 121.65750682,24.19074259,0 121.65749073,24.19107534,0 121.65761411,24.19128575,0 121.65790915,24.19120746,0</coordinates>
</LinearRing></outerBoundaryIs></Polygon>
</Placemark>
<Placemark>
<name>SWCB_913_1</name>
<ExtendedData>
<Data name="events"><value>0403花蓮地震</value></Data>
<Data name="area_ha"><value>0.094834151891</value></Data>
<Data name="source"><value>民國113年農村水保署災後衛星影像判釋</value></Data>
</ExtendedData>
<Polygon><outerBoundaryIs><LinearRing>
<coordinates>121.66106343,24.18970520,0 121.66118681,24.18957308,0 121.66102052,24.18942628,0 121.66079521,24.18952414,0 121.66078985,24.18966116,0 121.66106343,24.18970520,0</coordinates>
</LinearRing></outerBoundaryIs></Polygon>
</Placemark>
<Placemark>
<name>SWCB_914_1</name>
<ExtendedData>
<Data name="events"><value>0403花蓮地震</value></Data>
<Data name="area_ha"><value>1.46414768039</value></Data>
<Data name="source"><value>民國113年農村水保署災後衛星影像判釋</value></Data>
</ExtendedData>
<Polygon><outerBoundaryIs><LinearRing>
<coordinates>121.65630519,24.20185980,0 121.65641248,24.20136072,0 121.65627301,24.20112096,0 121.65576339,24.20103289,0 121.65543079,24.20122861,0 121.65528059,24.20147326,0 121.65553808,24.20207998,0 121.65585995,24.20221698,0 121.65584922,24.20277477,0 121.65609598,24.20274052,0 121.65626764,24.20288241,0 121.65662169,24.20280902,0 121.65663779,24.20266713,0 121.65618181,24.20237355,0 121.65610135,24.20214359,0 121.65630519,24.20185980,0</coordinates>
</LinearRing></outerBoundaryIs></Polygon>
</Placemark>
<Placemark>
<name>SWCB_936_1</name>
<ExtendedData>
<Data name="events"><value>0403花蓮地震</value></Data>
<Data name="area_ha"><value>2.10209600472</value></Data>
<Data name="source"><value>民國113年農村水保署災後衛星影像判釋</value></Data>
</ExtendedData>
<Polygon><outerBoundaryIs><LinearRing>
<coordinates>121.65595114,24.19255312,0 121.65610135,24.19270970,0 121.65715814,24.19253355,0 121.65714741,24.19232314,0 121.65650904,24.19225463,0 121.65627837,24.19190721,0 121.65562391,24.19192678,0 121.65517330,24.19177998,0 121.65481925,24.19193167,0 121.65389121,24.19196593,0 121.65311337,24.19230846,0 121.65360689,24.19245036,0 121.65429354,24.19234271,0 121.65507138,24.19248951,0 121.65521622,24.19241121,0 121.65595114,24.19255312,0</coordinates>
</LinearRing></outerBoundaryIs></Polygon>
</Placemark>
<Placemark>
<name>SWCB_938_1</name>
<ExtendedData>
<Data name="events"><value>0403花蓮地震</value></Data>
<Data name="area_ha"><value>0.657330503761</value></Data>
<Data name="source"><value>民國113年農村水保署災後衛星影像判釋</value></Data>
</ExtendedData>
<Polygon><outerBoundaryIs><LinearRing>
<coordinates>121.66052163,24.19894358,0 121.66092396,24.19909037,0 121.66125655,24.19969711,0 121.66084349,24.19972157,0 121.66033387,24.19921759,0 121.66035533,24.19946224,0 121.66019440,24.19948671,0 121.66115463,24.19995644,0 121.66168571,24.20051913,0 121.66170716,24.20036255,0 121.66139603,24.20002983,0 121.66110098,24.19908548,0 121.66008174,24.19839556,0 121.65994763,24.19847385,0 121.66052699,24.19879190,0 121.66052163,24.19894358,0</coordinates>
</LinearRing></outerBoundaryIs></Polygon>
</Placemark>
<Placemark>
<name>SWCB_1116_1</name>
<ExtendedData>
<Data name="events"><value>0403花蓮地震</value></Data>
<Data name="area_ha"><value>2.35401006595</value></Data>
<Data name="source"><value>民國113年農村水保署災後衛星影像判釋</value></Data>
</ExtendedData>
<Polygon><outerBoundaryIs><LinearRing>
<coordinates>121.65565610,24.19844939,0 121.65531814,24.19839067,0 121.65471196,24.19842003,0 121.65399313,24.19864511,0 121.65399313,24.19879190,0 121.65429890,24.19886040,0 121.65449739,24.19922249,0 121.65524840,24.19952096,0 121.65555954,24.19983411,0 121.65625155,24.19981454,0 121.65630519,24.19954053,0 121.65617108,24.19907080,0 121.65625691,24.19892890,0 121.65612817,24.19877722,0 121.65565610,24.19844939,0</coordinates>
</LinearRing></outerBoundaryIs></Polygon>
</Placemark>
<Placemark>
<name>SWCB_1060_1</name>
<ExtendedData>
<Data name="events"><value>0403花蓮地震</value></Data>
<Data name="area_ha"><value>0.0826895271418</value></Data>
<Data name="source"><value>民國113年農村水保署災後衛星影像判釋</value></Data>
</ExtendedData>
<Polygon><outerBoundaryIs><LinearRing>
<coordinates>121.66068256,24.18871673,0 121.66072547,24.18858950,0 121.66037679,24.18872162,0 121.66022658,24.18849163,0 121.66037142,24.18882439,0 121.66068256,24.18871673,0</coordinates>
</LinearRing></outerBoundaryIs></Polygon>
</Placemark>
<Placemark>
<name>SWCB_1056_1</name>
<ExtendedData>
<Data name="events"><value>0403花蓮地震</value></Data>
<Data name="area_ha"><value>3.60116661087</value></Data>
<Data name="source"><value>民國113年農村水保署災後衛星影像判釋</value></Data>
</ExtendedData>
<Polygon><outerBoundaryIs><LinearRing>
<coordinates>121.65838122,24.20453131,0 121.65805399,24.20443834,0 121.65756583,24.20453131,0 121.65686309,24.20546094,0 121.65677190,24.20589639,0 121.65695429,24.20660095,0 121.65709376,24.20669881,0 121.65749073,24.20642481,0 121.65785551,24.20644438,0 121.65847778,24.20540712,0 121.65930390,24.20535819,0 121.65945411,24.20496677,0 121.65972233,24.20489827,0 121.65980816,24.20463405,0 121.65951848,24.20461448,0 121.65875673,24.20494719,0 121.65861726,24.20493741,0 121.65859044,24.20479552,0 121.65838122,24.20453131,0</coordinates>
</LinearRing></outerBoundaryIs></Polygon>
</Placemark>
<Placemark>
<name>SWCB_1062_1</name>
<ExtendedData>
<Data name="events"><value>0403花蓮地震</value></Data>
<Data name="area_ha"><value>0.519762434354</value></Data>
<Data name="source"><value>民國113年農村水保署災後衛星影像判釋</value></Data>
</ExtendedData>
<Polygon><outerBoundaryIs><LinearRing>
<coordinates>121.64433181,24.20252034,0 121.64460003,24.20231973,0 121.64430499,24.20214359,0 121.64421916,24.20190873,0 121.64391875,24.20177662,0 121.64376318,24.20189405,0 121.64387584,24.20206530,0 121.64360225,24.20219252,0 121.64373100,24.20253991,0 121.64433181,24.20252034,0</coordinates>
</LinearRing></outerBoundaryIs></Polygon>
</Placemark>
<Placemark>
<name>SWCB_1065_1</name>
<ExtendedData>
<Data name="events"><value>0403花蓮地震</value></Data>
<Data name="area_ha"><value>0.687801926886</value></Data>
<Data name="source"><value>民國113年農村水保署災後衛星影像判釋</value></Data>
</ExtendedData>
<Polygon><outerBoundaryIs><LinearRing>
<coordinates>121.65802717,24.19234271,0 121.65834904,24.19225952,0 121.65918052,24.19162339,0 121.65812910,24.19156957,0 121.65780187,24.19198060,0 121.65802717,24.19234271,0</coordinates>
</LinearRing></outerBoundaryIs></Polygon>
</Placemark>
<Placemark>
<name>SWCB_1137_1</name>
<ExtendedData>
<Data name="events"><value>0403花蓮地震</value></Data>
<Data name="area_ha"><value>0.0398534938504</value></Data>
<Data name="source"><value>民國113年農村水保署災後衛星影像判釋</value></Data>
</ExtendedData>
<Polygon><outerBoundaryIs><LinearRing>
<coordinates>121.64970160,24.19467679,0 121.64968014,24.19449084,0 121.64950848,24.19458871,0 121.64951384,24.19475018,0 121.64970160,24.19467679,0</coordinates>
</LinearRing></outerBoundaryIs></Polygon>
</Placemark>
<Placemark>
<name>SWCB_1070_1</name>
<ExtendedData>
<Data name="events"><value>0403花蓮地震</value></Data>
<Data name="area_ha"><value>0.258907604943</value></Data>
<Data name="source"><value>民國113年農村水保署災後衛星影像判釋</value></Data>
</ExtendedData>
<Polygon><outerBoundaryIs><LinearRing>
<coordinates>121.64742172,24.20275520,0 121.64737344,24.20245673,0 121.64747000,24.20230505,0 121.64785624,24.20242248,0 121.64751828,24.20188916,0 121.64707303,24.20284816,0 121.64719105,24.20296559,0 121.64742172,24.20275520,0</coordinates>
</LinearRing></outerBoundaryIs></Polygon>
</Placemark>
<Placemark>
<name>SWCB_1083_1</name>
<ExtendedData>
<Data name="events"><value>0403花蓮地震</value></Data>
<Data name="area_ha"><value>1.32068151286</value></Data>
<Data name="source"><value>民國113年農村水保署災後衛星影像判釋</value></Data>
</ExtendedData>
<Polygon><outerBoundaryIs><LinearRing>
<coordinates>121.65057600,24.19631600,0 121.65073156,24.19641386,0 121.65118217,24.19631600,0 121.65146112,24.19598326,0 121.65157914,24.19563585,0 121.65131629,24.19593922,0 121.64996982,24.19643832,0 121.64981961,24.19639429,0 121.65057063,24.19592454,0 121.65047944,24.19576796,0 121.64994836,24.19575328,0 121.65018439,24.19560649,0 121.64998055,24.19542544,0 121.65018439,24.19510249,0 121.65063500,24.19511228,0 121.65061891,24.19489698,0 121.65151477,24.19434405,0 121.65042043,24.19491655,0 121.65014148,24.19472572,0 121.65015221,24.19507313,0 121.64994299,24.19512207,0 121.64988935,24.19538630,0 121.64943874,24.19557713,0 121.64964795,24.19556245,0 121.64963722,24.19565053,0 121.64995372,24.19556245,0 121.64952993,24.19588051,0 121.65001810,24.19597348,0 121.64969087,24.19625728,0 121.64972842,24.19662426,0 121.65027022,24.19647258,0 121.65057600,24.19631600,0</coordinates>
</LinearRing></outerBoundaryIs></Polygon>
</Placemark>
<Placemark>
<name>SWCB_1092_1</name>
<ExtendedData>
<Data name="events"><value>0403花蓮地震</value></Data>
<Data name="area_ha"><value>0.0434832753372</value></Data>
<Data name="source"><value>民國113年農村水保署災後衛星影像判釋</value></Data>
</ExtendedData>
<Polygon><outerBoundaryIs><LinearRing>
<coordinates>121.66022658,24.18771357,0 121.66025341,24.18759124,0 121.65994763,24.18766953,0 121.65989399,24.18782123,0 121.66022658,24.18771357,0</coordinates>
</LinearRing></outerBoundaryIs></Polygon>
</Placemark>
<Placemark>
<name>SWCB_1094_1</name>
<ExtendedData>
<Data name="events"><value>0403花蓮地震</value></Data>
<Data name="area_ha"><value>0.322027425514</value></Data>
<Data name="source"><value>民國113年農村水保署災後衛星影像判釋</value></Data>
</ExtendedData>
<Polygon><outerBoundaryIs><LinearRing>
<coordinates>121.65796816,24.19660958,0 121.65819347,24.19643343,0 121.65819883,24.19625728,0 121.65873528,24.19607623,0 121.65908396,24.19587561,0 121.65910006,24.19573371,0 121.65875673,24.19570925,0 121.65829539,24.19593922,0 121.65800571,24.19644322,0 121.65796816,24.19660958,0</coordinates>
</LinearRing></outerBoundaryIs></Polygon>
</Placemark>
<Placemark>
<name>SWCB_1106_1</name>
<ExtendedData>
<Data name="events"><value>0403花蓮地震</value></Data>
<Data name="area_ha"><value>4.87557392843</value></Data>
<Data name="source"><value>民國113年農村水保署災後衛星影像判釋</value></Data>
</ExtendedData>
<Polygon><outerBoundaryIs><LinearRing>
<coordinates>121.65701866,24.19526886,0 121.65689528,24.19526886,0 121.65690064,24.19511717,0 121.65762484,24.19461317,0 121.65812910,24.19394770,0 121.65773749,24.19380090,0 121.65750682,24.19429022,0 121.65728688,24.19431958,0 121.65700257,24.19369814,0 121.65665925,24.19361496,0 121.65600479,24.19284182,0 121.65559709,24.19280757,0 121.65543616,24.19304245,0 121.65466368,24.19334094,0 121.65407896,24.19325775,0 121.65384293,24.19300330,0 121.65414333,24.19269992,0 121.65437937,24.19265099,0 121.65415406,24.19293969,0 121.65430427,24.19316967,0 121.65449202,24.19315989,0 121.65477633,24.19285161,0 121.65470660,24.19255312,0 121.65426135,24.19250419,0 121.65369272,24.19288097,0 121.65371954,24.19322350,0 121.65434718,24.19340455,0 121.65463686,24.19342412,0 121.65555954,24.19316478,0 121.65585458,24.19351220,0 121.65609062,24.19349752,0 121.65611744,24.19367857,0 121.65596724,24.19384005,0 121.65618181,24.19416300,0 121.65705085,24.19440766,0 121.65624082,24.19481379,0 121.65611207,24.19507803,0 121.65548980,24.19538140,0 121.65529132,24.19598326,0 121.65572047,24.19592454,0 121.65578485,24.19586583,0 121.65562391,24.19572882,0 121.65662706,24.19524440,0 121.65664315,24.19544012,0 121.65627301,24.19570925,0 121.65627837,24.19585604,0 121.65676653,24.19596858,0 121.65677726,24.19615942,0 121.65651977,24.19629153,0 121.65598333,24.19629642,0 121.65548980,24.19665362,0 121.65745854,24.19632578,0 121.65785551,24.19604198,0 121.65795207,24.19577286,0 121.65692747,24.19603219,0 121.65681481,24.19546948,0 121.65701866,24.19526886,0</coordinates>
</LinearRing></outerBoundaryIs></Polygon>
</Placemark>
<Placemark>
<name>SWCB_1114_1</name>
<ExtendedData>
<Data name="events"><value>0403花蓮地震</value></Data>
<Data name="area_ha"><value>0.161405313579</value></Data>
<Data name="source"><value>民國113年農村水保署災後衛星影像判釋</value></Data>
</ExtendedData>
<Polygon><outerBoundaryIs><LinearRing>
<coordinates>121.65226579,24.19092365,0 121.65266275,24.19095301,0 121.65272713,24.19083557,0 121.65249646,24.19052239,0 121.65224433,24.19060558,0 121.65219069,24.19077685,0 121.65226579,24.19092365,0</coordinates>
</LinearRing></outerBoundaryIs></Polygon>
</Placemark>
<Placemark>
<name>SWCB_1129_1</name>
<ExtendedData>
<Data name="events"><value>0403花蓮地震</value></Data>
<Data name="area_ha"><value>0.201664720045</value></Data>
<Data name="source"><value>民國113年農村水保署災後衛星影像判釋</value></Data>
</ExtendedData>
<Polygon><outerBoundaryIs><LinearRing>
<coordinates>121.66065037,24.19753927,0 121.66002274,24.19771053,0 121.65982962,24.19758331,0 121.65960431,24.19814602,0 121.65987253,24.19786711,0 121.66015685,24.19783775,0 121.66065037,24.19753927,0</coordinates>
</LinearRing></outerBoundaryIs></Polygon>
</Placemark>
<Placemark>
<name>SWCB_1133_1</name>
<ExtendedData>
<Data name="events"><value>0403花蓮地震</value></Data>
<Data name="area_ha"><value>0.466185910712</value></Data>
<Data name="source"><value>民國113年農村水保署災後衛星影像判釋</value></Data>
</ExtendedData>
<Polygon><outerBoundaryIs><LinearRing>
<coordinates>121.65147185,24.19708422,0 121.65152550,24.19692274,0 121.65081739,24.19714293,0 121.65068328,24.19703529,0 121.65017366,24.19708911,0 121.64980352,24.19726526,0 121.64986253,24.19758331,0 121.65002346,24.19761267,0 121.65087640,24.19724080,0 121.65147185,24.19708422,0</coordinates>
</LinearRing></outerBoundaryIs></Polygon>
</Placemark>
<Placemark>
<name>SWCB_1147_1</name>
<ExtendedData>
<Data name="events"><value>0403花蓮地震</value></Data>
<Data name="area_ha"><value>0.196741852903</value></Data>
<Data name="source"><value>民國113年農村水保署災後衛星影像判釋</value></Data>
</ExtendedData>
<Polygon><outerBoundaryIs><LinearRing>
<coordinates>121.65179908,24.18690615,0 121.65219069,24.18684254,0 121.65234089,24.18665658,0 121.65232480,24.18642169,0 121.65185809,24.18671041,0 121.65171325,24.18673977,0 121.65179908,24.18690615,0</coordinates>
</LinearRing></outerBoundaryIs></Polygon>
</Placemark>
<Placemark>
<name>SWCB_1149_1</name>
<ExtendedData>
<Data name="events"><value>0403花蓮地震</value></Data>
<Data name="area_ha"><value>0.0571413108633</value></Data>
<Data name="source"><value>民國113年農村水保署災後衛星影像判釋</value></Data>
</ExtendedData>
<Polygon><outerBoundaryIs><LinearRing>
<coordinates>121.66028023,24.18812463,0 121.66041970,24.18804144,0 121.66024804,24.18792399,0 121.66001201,24.18802676,0 121.66028023,24.18812463,0</coordinates>
</LinearRing></outerBoundaryIs></Polygon>
</Placemark>
<Placemark>
<name>SWCB_1153_1</name>
<ExtendedData>
<Data name="events"><value>0403花蓮地震</value></Data>
<Data name="area_ha"><value>0.0473370896764</value></Data>
<Data name="source"><value>民國113年農村水保署災後衛星影像判釋</value></Data>
</ExtendedData>
<Polygon><outerBoundaryIs><LinearRing>
<coordinates>121.66019440,24.18890757,0 121.66008711,24.18885864,0 121.66013002,24.18869716,0 121.65991545,24.18881460,0 121.66004419,24.18896630,0 121.66019440,24.18890757,0</coordinates>
</LinearRing></outerBoundaryIs></Polygon>
</Placemark>
<Placemark>
<name>SWCB_1158_1</name>
<ExtendedData>
<Data name="events"><value>0403花蓮地震</value></Data>
<Data name="area_ha"><value>0.0723055512346</value></Data>
<Data name="source"><value>民國113年農村水保署災後衛星影像判釋</value></Data>
</ExtendedData>
<Polygon><outerBoundaryIs><LinearRing>
<coordinates>121.65580094,24.19455446,0 121.65547907,24.19453488,0 121.65525913,24.19475997,0 121.65555418,24.19470125,0 121.65580094,24.19455446,0</coordinates>
</LinearRing></outerBoundaryIs></Polygon>
</Placemark>
<Placemark>
<name>SWCB_1160_1</name>
<ExtendedData>
<Data name="events"><value>0403花蓮地震</value></Data>
<Data name="area_ha"><value>2.6406382788</value></Data>
<Data name="source"><value>民國113年農村水保署災後衛星影像判釋</value></Data>
</ExtendedData>
<Polygon><outerBoundaryIs><LinearRing>
<coordinates>121.65838659,24.20034788,0 121.65939510,24.20060231,0 121.65947556,24.20050445,0 121.65937364,24.20029405,0 121.65956140,24.20014237,0 121.65973842,24.20047999,0 121.65987790,24.20050934,0 121.65985644,24.20025980,0 121.66006565,24.20002005,0 121.65974915,24.19959925,0 121.65990472,24.19919802,0 121.65960431,24.19903655,0 121.65952384,24.19929099,0 121.65934145,24.19916866,0 121.65871918,24.19961882,0 121.65863335,24.19946714,0 121.65872991,24.19879190,0 121.65825248,24.19846896,0 121.65812373,24.19857660,0 121.65805399,24.19901698,0 121.65823638,24.19959925,0 121.65815055,24.20012280,0 121.65838659,24.20034788,0</coordinates>
</LinearRing></outerBoundaryIs></Polygon>
</Placemark>
<Placemark>
<name>SWCB_1162_1</name>
<ExtendedData>
<Data name="events"><value>0403花蓮地震</value></Data>
<Data name="area_ha"><value>3.94815761213</value></Data>
<Data name="source"><value>民國113年農村水保署災後衛星影像判釋</value></Data>
</ExtendedData>
<Polygon><outerBoundaryIs><LinearRing>
<coordinates>121.65308118,24.19198060,0 121.65346742,24.19180445,0 121.65360153,24.19150595,0 121.65393412,24.19124661,0 121.65406823,24.19130533,0 121.65477097,24.19075727,0 121.65521622,24.19062026,0 121.65578485,24.18998902,0 121.65654659,24.18966116,0 121.65746391,24.18994498,0 121.65753365,24.18978839,0 121.65696502,24.18953882,0 121.65638566,24.18948500,0 121.65602088,24.18907395,0 121.65567756,24.18897608,0 121.65494800,24.18934798,0 121.65442765,24.18935288,0 121.65432036,24.18966605,0 121.65395021,24.18995476,0 121.65335476,24.18994987,0 121.65311873,24.18969541,0 121.65271640,24.18971499,0 121.65271640,24.18999391,0 121.65303826,24.18993030,0 121.65295243,24.19005263,0 121.65329039,24.19006731,0 121.65338695,24.19020922,0 121.65469587,24.18996455,0 121.65487289,24.19025326,0 121.65440083,24.19080621,0 121.65322602,24.19115853,0 121.65281296,24.19170169,0 121.65308118,24.19198060,0</coordinates>
</LinearRing></outerBoundaryIs></Polygon>
</Placemark>
<Placemark>
<name>SWCB_1173_1</name>
<ExtendedData>
<Data name="events"><value>0403花蓮地震</value></Data>
<Data name="area_ha"><value>0.971347333617</value></Data>
<Data name="source"><value>民國113年農村水保署災後衛星影像判釋</value></Data>
</ExtendedData>
<Polygon><outerBoundaryIs><LinearRing>
<coordinates>121.65692210,24.18866290,0 121.65682554,24.18884396,0 121.65717423,24.18893694,0 121.65726006,24.18901034,0 121.65718496,24.18910331,0 121.65682018,24.18918650,0 121.65674508,24.18888800,0 121.65660024,24.18883907,0 121.65654659,24.18899566,0 121.65686846,24.18938224,0 121.65735662,24.18943117,0 121.65739954,24.18891736,0 121.65774286,24.18868737,0 121.65778577,24.18881949,0 121.65762484,24.18904459,0 121.65770531,24.18910820,0 121.65870309,24.18847206,0 121.65859580,24.18837908,0 121.65745854,24.18850631,0 121.65692210,24.18866290,0</coordinates>
</LinearRing></outerBoundaryIs></Polygon>
</Placemark>
<Placemark>
<name>SWCB_1174_1</name>
<ExtendedData>
<Data name="events"><value>0403花蓮地震</value></Data>
<Data name="area_ha"><value>1.69318272711</value></Data>
<Data name="source"><value>民國113年農村水保署災後衛星影像判釋</value></Data>
</ExtendedData>
<Polygon><outerBoundaryIs><LinearRing>
<coordinates>121.65625155,24.20644438,0 121.65664852,24.20635631,0 121.65663779,24.20561751,0 121.65640175,24.20522608,0 121.65656269,24.20462427,0 121.65649831,24.20444323,0 121.65558100,24.20426709,0 121.65543616,24.20436495,0 121.65601552,24.20482487,0 121.65587604,24.20517226,0 121.65584922,24.20605786,0 121.65561318,24.20603828,0 121.65548444,24.20621932,0 121.65625155,24.20644438,0</coordinates>
</LinearRing></outerBoundaryIs></Polygon>
</Placemark>
<Placemark>
<name>SWCB_1187_1</name>
<ExtendedData>
<Data name="events"><value>0403花蓮地震</value></Data>
<Data name="area_ha"><value>0.813212308043</value></Data>
<Data name="source"><value>民國113年農村水保署災後衛星影像判釋</value></Data>
</ExtendedData>
<Polygon><outerBoundaryIs><LinearRing>
<coordinates>121.65141821,24.20128732,0 121.65166497,24.20151729,0 121.65318310,24.20076867,0 121.65298998,24.20070506,0 121.65155232,24.20124329,0 121.65258229,24.20048488,0 121.65281296,24.20050445,0 121.65303826,24.20028916,0 121.65286124,24.20019130,0 121.65133238,24.20100353,0 121.65141821,24.20128732,0</coordinates>
</LinearRing></outerBoundaryIs></Polygon>
</Placemark>
<Placemark>
<name>SWCB_1200_1</name>
<ExtendedData>
<Data name="events"><value>0403花蓮地震</value></Data>
<Data name="area_ha"><value>0.443275334177</value></Data>
<Data name="source"><value>民國113年農村水保署災後衛星影像判釋</value></Data>
</ExtendedData>
<Polygon><outerBoundaryIs><LinearRing>
<coordinates>121.66045189,24.19080131,0 121.66060209,24.19120257,0 121.66078448,24.19132979,0 121.66127801,24.19136405,0 121.66129947,24.19126129,0 121.66105807,24.19109491,0 121.66122437,24.19086003,0 121.66111171,24.19071323,0 121.66045189,24.19080131,0</coordinates>
</LinearRing></outerBoundaryIs></Polygon>
</Placemark>
<Placemark>
<name>SWCB_1203_1</name>
<ExtendedData>
<Data name="events"><value>0403花蓮地震</value></Data>
<Data name="area_ha"><value>1.30760214764</value></Data>
<Data name="source"><value>民國113年農村水保署災後衛星影像判釋</value></Data>
</ExtendedData>
<Polygon><outerBoundaryIs><LinearRing>
<coordinates>121.65110171,24.20029405,0 121.65130019,24.20005919,0 121.65185809,24.19977540,0 121.65155768,24.19970200,0 121.65112317,24.20002005,0 121.65116072,24.19986836,0 121.65207803,24.19933992,0 121.65099978,24.19948671,0 121.65093541,24.19936438,0 121.65121436,24.19922249,0 121.65167034,24.19923227,0 121.65082276,24.19917845,0 121.65072083,24.19909527,0 121.65083349,24.19885551,0 121.65014148,24.19875275,0 121.65064573,24.19889465,0 121.65065646,24.19911484,0 121.65010929,24.19930077,0 121.65002346,24.19917845,0 121.65024340,24.19909037,0 121.64988935,24.19905123,0 121.64972842,24.19914909,0 121.64981425,24.19951607,0 121.65064573,24.19933502,0 121.65087104,24.19942799,0 121.65078521,24.19949160,0 121.65086031,24.19966775,0 121.65066719,24.19983411,0 121.65088713,24.19990261,0 121.65040970,24.20029895,0 121.65110171,24.20029405,0</coordinates>
</LinearRing></outerBoundaryIs></Polygon>
</Placemark>
<Placemark>
<name>SWCB_1211_1</name>
<ExtendedData>
<Data name="events"><value>0403花蓮地震</value></Data>
<Data name="area_ha"><value>0.458864282334</value></Data>
<Data name="source"><value>民國113年農村水保署災後衛星影像判釋</value></Data>
</ExtendedData>
<Polygon><outerBoundaryIs><LinearRing>
<coordinates>121.65772676,24.20301941,0 121.65800571,24.20272584,0 121.65783405,24.20263777,0 121.65735662,24.20295091,0 121.65678263,24.20305367,0 121.65659487,24.20341574,0 121.65677726,24.20348913,0 121.65725470,24.20330320,0 121.65772676,24.20301941,0</coordinates>
</LinearRing></outerBoundaryIs></Polygon>
</Placemark>
<Placemark>
<name>SWCB_1214_1</name>
<ExtendedData>
<Data name="events"><value>0403花蓮地震</value></Data>
<Data name="area_ha"><value>0.437382263093</value></Data>
<Data name="source"><value>民國113年農村水保署災後衛星影像判釋</value></Data>
</ExtendedData>
<Polygon><outerBoundaryIs><LinearRing>
<coordinates>121.66219532,24.19734355,0 121.66220069,24.19756863,0 121.66175544,24.19800412,0 121.66143894,24.19809708,0 121.66151941,24.19821941,0 121.66223288,24.19778393,0 121.66251183,24.19739248,0 121.66222215,24.19716740,0 121.66150331,24.19741205,0 121.66080058,24.19745609,0 121.66079521,24.19756374,0 121.66219532,24.19734355,0</coordinates>
</LinearRing></outerBoundaryIs></Polygon>
</Placemark>
<Placemark>
<name>SWCB_1216_1</name>
<ExtendedData>
<Data name="events"><value>0403花蓮地震</value></Data>
<Data name="area_ha"><value>0.0246171126885</value></Data>
<Data name="source"><value>民國113年農村水保署災後衛星影像判釋</value></Data>
</ExtendedData>
<Polygon><outerBoundaryIs><LinearRing>
<coordinates>121.64926708,24.19411407,0 121.64924562,24.19394280,0 121.64915979,24.19392323,0 121.64915979,24.19407492,0 121.64926708,24.19411407,0</coordinates>
</LinearRing></outerBoundaryIs></Polygon>
</Placemark>
<Placemark>
<name>SWCB_1217_1</name>
<ExtendedData>
<Data name="events"><value>0403花蓮地震</value></Data>
<Data name="area_ha"><value>0.887515866894</value></Data>
<Data name="source"><value>民國113年農村水保署災後衛星影像判釋</value></Data>
</ExtendedData>
<Polygon><outerBoundaryIs><LinearRing>
<coordinates>121.65997982,24.19593922,0 121.66016757,24.19593433,0 121.66017294,24.19619367,0 121.65996909,24.19677106,0 121.65970623,24.19722122,0 121.65926635,24.19763224,0 121.65913224,24.19799922,0 121.65947556,24.19787200,0 121.65947020,24.19769585,0 121.66007638,24.19689338,0 121.66021585,24.19659001,0 121.66023731,24.19577775,0 121.66047871,24.19557713,0 121.66083813,24.19490187,0 121.66096687,24.19435873,0 121.65991545,24.19538140,0 121.65958822,24.19551352,0 121.65986717,24.19552820,0 121.66069329,24.19494102,0 121.66053236,24.19529822,0 121.66008711,24.19570435,0 121.65997982,24.19593922,0</coordinates>
</LinearRing></outerBoundaryIs></Polygon>
</Placemark>
<Placemark>
<name>SWCB_1230_1</name>
<ExtendedData>
<Data name="events"><value>0403花蓮地震</value></Data>
<Data name="area_ha"><value>0.0560404146312</value></Data>
<Data name="source"><value>民國113年農村水保署災後衛星影像判釋</value></Data>
</ExtendedData>
<Polygon><outerBoundaryIs><LinearRing>
<coordinates>121.66146040,24.20603339,0 121.66167498,24.20603828,0 121.66159987,24.20583768,0 121.66136384,24.20583279,0 121.66137993,24.20594043,0 121.66146040,24.20603339,0</coordinates>
</LinearRing></outerBoundaryIs></Polygon>
</Placemark>
<Placemark>
<name>SWCB_1235_1</name>
<ExtendedData>
<Data name="events"><value>0403花蓮地震</value></Data>
<Data name="area_ha"><value>0.349070573916</value></Data>
<Data name="source"><value>民國113年農村水保署災後衛星影像判釋</value></Data>
</ExtendedData>
<Polygon><outerBoundaryIs><LinearRing>
<coordinates>121.66106343,24.20268670,0 121.66125655,24.20268181,0 121.66145504,24.20290199,0 121.66162670,24.20282370,0 121.66163743,24.20267691,0 121.66089714,24.20258395,0 121.66083276,24.20277966,0 121.66046798,24.20280902,0 121.66051090,24.20294113,0 121.66128337,24.20321024,0 121.66098297,24.20293134,0 121.66106343,24.20268670,0</coordinates>
</LinearRing></outerBoundaryIs></Polygon>
</Placemark>
<Placemark>
<name>SWCB_1265_1</name>
<ExtendedData>
<Data name="events"><value>0403花蓮地震</value></Data>
<Data name="area_ha"><value>0.494726208975</value></Data>
<Data name="source"><value>民國113年農村水保署災後衛星影像判釋</value></Data>
</ExtendedData>
<Polygon><outerBoundaryIs><LinearRing>
<coordinates>121.65522158,24.20104757,0 121.65554881,24.20057295,0 121.65591359,24.20037234,0 121.65477633,24.20035766,0 121.65473342,24.20048977,0 121.65485680,24.20056317,0 121.65509820,24.20047509,0 121.65518403,24.20055827,0 121.65468514,24.20078335,0 121.65522158,24.20104757,0</coordinates>
</LinearRing></outerBoundaryIs></Polygon>
</Placemark>
<Placemark>
<name>SWCB_1267_1</name>
<ExtendedData>
<Data name="events"><value>0403花蓮地震</value></Data>
<Data name="area_ha"><value>0.368740042774</value></Data>
<Data name="source"><value>民國113年農村水保署災後衛星影像判釋</value></Data>
</ExtendedData>
<Polygon><outerBoundaryIs><LinearRing>
<coordinates>121.66111171,24.20392949,0 121.66112781,24.20434538,0 121.66078448,24.20454598,0 121.66095078,24.20481509,0 121.66090250,24.20503037,0 121.66110098,24.20492273,0 121.66128337,24.20442856,0 121.66152477,24.20419859,0 121.66147649,24.20385609,0 121.66124046,24.20417413,0 121.66111171,24.20392949,0</coordinates>
</LinearRing></outerBoundaryIs></Polygon>
</Placemark>
<Placemark>
<name>SWCB_1290_1</name>
<ExtendedData>
<Data name="events"><value>0403花蓮地震</value></Data>
<Data name="area_ha"><value>0.331516326438</value></Data>
<Data name="source"><value>民國113年農村水保署災後衛星影像判釋</value></Data>
</ExtendedData>
<Polygon><outerBoundaryIs><LinearRing>
<coordinates>121.65859044,24.20118457,0 121.65831149,24.20098396,0 121.65818810,24.20116989,0 121.65829539,24.20127754,0 121.65874064,24.20123350,0 121.65871382,24.20151240,0 121.65884256,24.20158090,0 121.65927172,24.20142433,0 121.65943265,24.20114054,0 121.65918052,24.20128243,0 121.65900886,24.20122861,0 121.65922344,24.20100353,0 121.65906787,24.20091057,0 121.65891767,24.20113075,0 121.65859044,24.20118457,0</coordinates>
</LinearRing></outerBoundaryIs></Polygon>
</Placemark>
<Placemark>
<name>SWCB_1320_1</name>
<ExtendedData>
<Data name="events"><value>0403花蓮地震</value></Data>
<Data name="area_ha"><value>0.0822564724433</value></Data>
<Data name="source"><value>民國113年農村水保署災後衛星影像判釋</value></Data>
</ExtendedData>
<Polygon><outerBoundaryIs><LinearRing>
<coordinates>121.65800571,24.19157935,0 121.65834367,24.19114385,0 121.65795743,24.19132490,0 121.65785015,24.19151574,0 121.65800571,24.19157935,0</coordinates>
</LinearRing></outerBoundaryIs></Polygon>
</Placemark>
<Placemark>
<name>SWCB_1322_1</name>
<ExtendedData>
<Data name="events"><value>0403花蓮地震</value></Data>
<Data name="area_ha"><value>0.0975025218313</value></Data>
<Data name="source"><value>民國113年農村水保署災後衛星影像判釋</value></Data>
</ExtendedData>
<Polygon><outerBoundaryIs><LinearRing>
<coordinates>121.65977597,24.18716061,0 121.65983498,24.18689636,0 121.65952384,24.18694530,0 121.65957212,24.18717529,0 121.65977597,24.18716061,0</coordinates>
</LinearRing></outerBoundaryIs></Polygon>
</Placemark>
<Placemark>
<name>SWCB_1332_1</name>
<ExtendedData>
<Data name="events"><value>0403花蓮地震</value></Data>
<Data name="area_ha"><value>0.317912292572</value></Data>
<Data name="source"><value>民國113年農村水保署災後衛星影像判釋</value></Data>
</ExtendedData>
<Polygon><outerBoundaryIs><LinearRing>
<coordinates>121.65938437,24.19859618,0 121.65903032,24.19820963,0 121.65908933,24.19800412,0 121.65875137,24.19794051,0 121.65856361,24.19824877,0 121.65921271,24.19853257,0 121.65938437,24.19883594,0 121.65938437,24.19859618,0</coordinates>
</LinearRing></outerBoundaryIs></Polygon>
</Placemark>
<Placemark>
<name>SWCB_1333_1</name>
<ExtendedData>
<Data name="events"><value>0403花蓮地震</value></Data>
<Data name="area_ha"><value>0.906539539042</value></Data>
<Data name="source"><value>民國113年農村水保署災後衛星影像判釋</value></Data>
</ExtendedData>
<Polygon><outerBoundaryIs><LinearRing>
<coordinates>121.65554345,24.20358209,0 121.65511966,24.20372399,0 121.65453494,24.20372399,0 121.65401995,24.20399799,0 121.65425062,24.20406159,0 121.65450811,24.20385609,0 121.65714741,24.20433559,0 121.65727079,24.20423774,0 121.65719569,24.20402734,0 121.65560782,24.20374845,0 121.65554345,24.20358209,0</coordinates>
</LinearRing></outerBoundaryIs></Polygon>
</Placemark>
<Placemark>
<name>SWCB_1938_1</name>
<ExtendedData>
<Data name="events"><value>0403花蓮地震</value></Data>
<Data name="area_ha"><value>0.190668115189</value></Data>
<Data name="source"><value>民國113年農村水保署災後衛星影像判釋</value></Data>
</ExtendedData>
<Polygon><outerBoundaryIs><LinearRing>
<coordinates>121.65782869,24.20374356,0 121.65736198,24.20360656,0 121.65724933,24.20385609,0 121.65760875,24.20410563,0 121.65774822,24.20402245,0 121.65759265,24.20383163,0 121.65773749,24.20374356,0 121.65782869,24.20374356,0</coordinates>
</LinearRing></outerBoundaryIs></Polygon>
</Placemark>
<Placemark>
<name>SWCB_3404_1</name>
<ExtendedData>
<Data name="events"><value>凱米颱風</value></Data>
<Data name="area_ha"><value>0.0400096953545</value></Data>
<Data name="source"><value>民國113年農村水保署災後衛星影像判釋</value></Data>
</ExtendedData>
<Polygon><outerBoundaryIs><LinearRing>
<coordinates>121.65031314,24.20323959,0 121.65031314,24.20341574,0 121.65051162,24.20342063,0 121.65051162,24.20323959,0 121.65031314,24.20323959,0</coordinates>
</LinearRing></outerBoundaryIs></Polygon>
</Placemark>
<Placemark>
<name>SWCB_3405_1</name>
<ExtendedData>
<Data name="events"><value>凱米颱風</value></Data>
<Data name="area_ha"><value>0.280068316037</value></Data>
<Data name="source"><value>民國113年農村水保署災後衛星影像判釋</value></Data>
</ExtendedData>
<Polygon><outerBoundaryIs><LinearRing>
<coordinates>121.65051162,24.20297049,0 121.65060818,24.20333256,0 121.65099978,24.20342552,0 121.65100515,24.20333256,0 121.65119827,24.20333745,0 121.65120363,24.20306345,0 121.65090859,24.20306345,0 121.65081203,24.20288241,0 121.65051162,24.20297049,0</coordinates>
</LinearRing></outerBoundaryIs></Polygon>
</Placemark>
<Placemark>
<name>SWCB_3522_1</name>
<ExtendedData>
<Data name="events"><value>凱米颱風</value></Data>
<Data name="area_ha"><value>0.760876947305</value></Data>
<Data name="source"><value>民國113年農村水保署災後衛星影像判釋</value></Data>
</ExtendedData>
<Polygon><outerBoundaryIs><LinearRing>
<coordinates>121.66272104,24.20638078,0 121.66374028,24.20588661,0 121.66360080,24.20572025,0 121.66240454,24.20564197,0 121.66230798,24.20579854,0 121.66236162,24.20633674,0 121.66272104,24.20638078,0</coordinates>
</LinearRing></outerBoundaryIs></Polygon>
</Placemark>
<Placemark>
<name>SWCB_4242_1</name>
<ExtendedData>
<Data name="events"><value>凱米颱風</value></Data>
<Data name="area_ha"><value>1.25099672295</value></Data>
<Data name="source"><value>民國113年農村水保署災後衛星影像判釋</value></Data>
</ExtendedData>
<Polygon><outerBoundaryIs><LinearRing>
<coordinates>121.66419625,24.20535819,0 121.66450739,24.20510376,0 121.66415334,24.20489827,0 121.66423917,24.20464384,0 121.66390657,24.20475148,0 121.66372418,24.20496677,0 121.66300535,24.20489827,0 121.66227579,24.20507441,0 121.66213632,24.20540712,0 121.66335940,24.20549519,0 121.66419625,24.20535819,0</coordinates>
</LinearRing></outerBoundaryIs></Polygon>
</Placemark>
<Placemark>
<name>SWCB_4255_1</name>
<ExtendedData>
<Data name="events"><value>凱米颱風</value></Data>
<Data name="area_ha"><value>0.153446232528</value></Data>
<Data name="source"><value>民國113年農村水保署災後衛星影像判釋</value></Data>
</ExtendedData>
<Polygon><outerBoundaryIs><LinearRing>
<coordinates>121.66242599,24.19312074,0 121.66237772,24.19305223,0 121.66288197,24.19315010,0 121.66271031,24.19282225,0 121.66260839,24.19294947,0 121.66188955,24.19312074,0 121.66199148,24.19328711,0 121.66228652,24.19308159,0 121.66242599,24.19312074,0</coordinates>
</LinearRing></outerBoundaryIs></Polygon>
</Placemark>
<Placemark>
<name>SWCB_2041_1</name>
<ExtendedData>
<Data name="events"><value>0629豪雨</value></Data>
<Data name="area_ha"><value>2.01130634704</value></Data>
<Data name="source"><value>民國113年農村水保署災後衛星影像判釋</value></Data>
</ExtendedData>
<Polygon><outerBoundaryIs><LinearRing>
<coordinates>121.64581239,24.18108276,0 121.64591968,24.18117574,0 121.64593577,24.18103871,0 121.64603770,24.18115616,0 121.64596796,24.18123446,0 121.64606988,24.18122957,0 121.64596260,24.18087722,0 121.64669216,24.18081850,0 121.64667606,24.18067658,0 121.64646685,24.18075488,0 121.64660633,24.18061785,0 121.64650977,24.18049551,0 121.64630592,24.18078424,0 121.64605916,24.18078424,0 121.64600551,24.18064232,0 121.64584994,24.18074509,0 121.64561391,24.18119531,0 121.64564610,24.18132255,0 121.64575875,24.18123446,0 121.64576948,24.18146936,0 121.64558172,24.18130787,0 121.64554954,24.18146447,0 121.64563537,24.18180213,0 121.64569974,24.18173851,0 121.64606988,24.18190490,0 121.64616644,24.18184618,0 121.64604306,24.18175320,0 121.64627910,24.18163575,0 121.64646149,24.18169447,0 121.64643466,24.18179234,0 121.64654732,24.18170915,0 121.64652586,24.18193426,0 121.64705694,24.18163575,0 121.64728224,24.18167000,0 121.64726615,24.18154766,0 121.64752364,24.18158192,0 121.64770067,24.18143510,0 121.64783478,24.18151340,0 121.64771140,24.18136659,0 121.64804935,24.18121489,0 121.64817274,24.18127851,0 121.64859116,24.18082339,0 121.64844096,24.18078913,0 121.64847851,24.18071083,0 121.64797425,24.18085275,0 121.64790452,24.18097020,0 121.64778113,24.18089190,0 121.64775431,24.18100446,0 121.64679408,24.18100446,0 121.64660096,24.18112191,0 121.64664924,24.18120510,0 121.64628983,24.18120999,0 121.64616108,24.18142532,0 121.64612353,24.18126382,0 121.64587677,24.18126382,0 121.64581239,24.18108276,0</coordinates>
</LinearRing></outerBoundaryIs></Polygon>
</Placemark>
<Placemark>
<name>SWCB_2042_1</name>
<ExtendedData>
<Data name="events"><value>0629豪雨</value></Data>
<Data name="area_ha"><value>0.145031790703</value></Data>
<Data name="source"><value>民國113年農村水保署災後衛星影像判釋</value></Data>
</ExtendedData>
<Polygon><outerBoundaryIs><LinearRing>
<coordinates>121.64617181,24.18198809,0 121.64570510,24.18194405,0 121.64569438,24.18214469,0 121.64612889,24.18211533,0 121.64651513,24.18186086,0 121.64635956,24.18185596,0 121.64617181,24.18198809,0</coordinates>
</LinearRing></outerBoundaryIs></Polygon>
</Placemark>
<Placemark>
<name>SWCB_2043_1</name>
<ExtendedData>
<Data name="events"><value>0629豪雨</value></Data>
<Data name="area_ha"><value>1.55363485019</value></Data>
<Data name="source"><value>民國113年農村水保署災後衛星影像判釋</value></Data>
</ExtendedData>
<Polygon><outerBoundaryIs><LinearRing>
<coordinates>121.65031314,24.18490469,0 121.65041506,24.18484597,0 121.65033460,24.18468938,0 121.65044188,24.18464534,0 121.65057600,24.18478236,0 121.65055990,24.18458661,0 121.65075302,24.18452300,0 121.65063500,24.18439087,0 121.65102661,24.18447895,0 121.65109634,24.18425385,0 121.65067255,24.18417066,0 121.64984643,24.18454257,0 121.64873064,24.18458661,0 121.64864480,24.18481172,0 121.64851069,24.18472363,0 121.64837122,24.18502703,0 121.64847851,24.18542341,0 121.64827466,24.18551639,0 121.64833367,24.18578064,0 121.64866626,24.18591277,0 121.64844096,24.18569256,0 121.64853752,24.18541363,0 121.64914370,24.18529618,0 121.64912224,24.18507108,0 121.64924562,24.18500257,0 121.64920270,24.18514448,0 121.64928317,24.18513469,0 121.64930463,24.18493895,0 121.64956748,24.18503193,0 121.65005565,24.18484108,0 121.65031314,24.18490469,0</coordinates>
</LinearRing></outerBoundaryIs></Polygon>
</Placemark>
<Placemark>
<name>SWCB_2045_1</name>
<ExtendedData>
<Data name="events"><value>0629豪雨</value></Data>
<Data name="area_ha"><value>5.06484776247</value></Data>
<Data name="source"><value>民國113年農村水保署災後衛星影像判釋</value></Data>
</ExtendedData>
<Polygon><outerBoundaryIs><LinearRing>
<coordinates>121.65613353,24.18212022,0 121.65566146,24.18260469,0 121.65503383,24.18254108,0 121.65506601,24.18263406,0 121.65498555,24.18258512,0 121.65502846,24.18265853,0 121.65477097,24.18283470,0 121.65477097,24.18264874,0 121.65432036,24.18255576,0 121.65409505,24.18263895,0 121.65405214,24.18255576,0 121.65400386,24.18268789,0 121.65383756,24.18261448,0 121.65362835,24.18272214,0 121.65360689,24.18288363,0 121.65353715,24.18261938,0 121.65330112,24.18259980,0 121.65327430,24.18274172,0 121.65299535,24.18278087,0 121.65305972,24.18265853,0 121.65291488,24.18262916,0 121.65289879,24.18275640,0 121.65267348,24.18280533,0 121.65267348,24.18292768,0 121.65284514,24.18280044,0 121.65315092,24.18295214,0 121.65331185,24.18280044,0 121.65366054,24.18303044,0 121.65388584,24.18285917,0 121.65403605,24.18301087,0 121.65435255,24.18298640,0 121.65448129,24.18274172,0 121.65462613,24.18278087,0 121.65470660,24.18298640,0 121.65488899,24.18285427,0 121.65514648,24.18295214,0 121.65543079,24.18283959,0 121.65545762,24.18305980,0 121.65530741,24.18303044,0 121.65529132,24.18320661,0 121.65469050,24.18312342,0 121.65501773,24.18320661,0 121.65487826,24.18324576,0 121.65495872,24.18338768,0 121.65483534,24.18344151,0 121.65518939,24.18374491,0 121.65504992,24.18388683,0 121.65488899,24.18378406,0 121.65492654,24.18392108,0 121.65451884,24.18409236,0 121.65442228,24.18430278,0 121.65413260,24.18401406,0 121.65400922,24.18402874,0 121.65415943,24.18415598,0 121.65411115,24.18432725,0 121.65427208,24.18436151,0 121.65408432,24.18442023,0 121.65414333,24.18455236,0 121.65425599,24.18459151,0 121.65444374,24.18434683,0 121.65457785,24.18432236,0 121.65466368,24.18466002,0 121.65476561,24.18460619,0 121.65472269,24.18473342,0 121.65488899,24.18472363,0 121.65499091,24.18449853,0 121.65517867,24.18464044,0 121.65567219,24.18429300,0 121.65646076,24.18421470,0 121.65650368,24.18408747,0 121.65633202,24.18411683,0 121.65635347,24.18403853,0 121.65664315,24.18412172,0 121.65669680,24.18385747,0 121.65645003,24.18371555,0 121.65640175,24.18388683,0 121.65616572,24.18393087,0 121.65630519,24.18375959,0 121.65612817,24.18354427,0 121.65590823,24.18370087,0 121.65598333,24.18388193,0 121.65579557,24.18388193,0 121.65582776,24.18366661,0 121.65566683,24.18338768,0 121.65582776,24.18353938,0 121.65577412,24.18345130,0 121.65598869,24.18340725,0 121.65592968,24.18323108,0 121.65618718,24.18320661,0 121.65626228,24.18332895,0 121.65630519,24.18304512,0 121.65679872,24.18311363,0 121.65691674,24.18300597,0 121.65737808,24.18298640,0 121.65749609,24.18340725,0 121.65742099,24.18361768,0 121.65755510,24.18348555,0 121.65767848,24.18220341,0 121.65738344,24.18211043,0 121.65745318,24.18199299,0 121.65727615,24.18201745,0 121.65712595,24.18214958,0 121.65717423,24.18231597,0 121.65717423,24.18244810,0 121.65713668,24.18245299,0 121.65699184,24.18228171,0 121.65672898,24.18234044,0 121.65637493,24.18214958,0 121.65613353,24.18212022,0</coordinates>
</LinearRing></outerBoundaryIs></Polygon>
</Placemark>
<Placemark>
<name>SWCB_2046_1</name>
<ExtendedData>
<Data name="events"><value>0629豪雨</value></Data>
<Data name="area_ha"><value>0.166945681772</value></Data>
<Data name="source"><value>民國113年農村水保署災後衛星影像判釋</value></Data>
</ExtendedData>
<Polygon><outerBoundaryIs><LinearRing>
<coordinates>121.65170789,24.17773052,0 121.65173471,24.17788712,0 121.65111780,24.17796542,0 121.65101588,24.17813181,0 121.65137529,24.17815628,0 121.65155768,24.17797521,0 121.65199757,24.17789201,0 121.65179908,24.17771094,0 121.65170789,24.17773052,0</coordinates>
</LinearRing></outerBoundaryIs></Polygon>
</Placemark>
<Placemark>
<name>SWCB_2047_1</name>
<ExtendedData>
<Data name="events"><value>0629豪雨</value></Data>
<Data name="area_ha"><value>0.158031170541</value></Data>
<Data name="source"><value>民國113年農村水保署災後衛星影像判釋</value></Data>
</ExtendedData>
<Polygon><outerBoundaryIs><LinearRing>
<coordinates>121.65081203,24.17778435,0 121.65036142,24.17775988,0 121.65026486,24.17787244,0 121.65032387,24.17804372,0 121.65055990,24.17794095,0 121.65062428,24.17802904,0 121.65074229,24.17785776,0 121.65082276,24.17793606,0 121.65100515,24.17775988,0 121.65090859,24.17762285,0 121.65081203,24.17778435,0</coordinates>
</LinearRing></outerBoundaryIs></Polygon>
</Placemark>
<Placemark>
<name>SWCB_2048_1</name>
<ExtendedData>
<Data name="events"><value>0629豪雨</value></Data>
<Data name="area_ha"><value>0.221898072396</value></Data>
<Data name="source"><value>民國113年農村水保署災後衛星影像判釋</value></Data>
</ExtendedData>
<Polygon><outerBoundaryIs><LinearRing>
<coordinates>121.65340304,24.17594914,0 121.65332794,24.17626725,0 121.65396094,24.17596382,0 121.65398777,24.17573870,0 121.65381074,24.17570445,0 121.65340304,24.17594914,0</coordinates>
</LinearRing></outerBoundaryIs></Polygon>
</Placemark>
<Placemark>
<name>SWCB_2049_1</name>
<ExtendedData>
<Data name="events"><value>0629豪雨</value></Data>
<Data name="area_ha"><value>0.153248215414</value></Data>
<Data name="source"><value>民國113年農村水保署災後衛星影像判釋</value></Data>
</ExtendedData>
<Polygon><outerBoundaryIs><LinearRing>
<coordinates>121.65400922,24.17544507,0 121.65396631,24.17571423,0 121.65402532,24.17562125,0 121.65446520,24.17575828,0 121.65427208,24.17560167,0 121.65433109,24.17548422,0 121.65447056,24.17562614,0 121.65441692,24.17538634,0 121.65400922,24.17544507,0</coordinates>
</LinearRing></outerBoundaryIs></Polygon>
</Placemark>
<Placemark>
<name>SWCB_2050_1</name>
<ExtendedData>
<Data name="events"><value>0629豪雨</value></Data>
<Data name="area_ha"><value>0.194163815467</value></Data>
<Data name="source"><value>民國113年農村水保署災後衛星影像判釋</value></Data>
</ExtendedData>
<Polygon><outerBoundaryIs><LinearRing>
<coordinates>121.64454639,24.17953633,0 121.64454639,24.17968804,0 121.64541006,24.17943846,0 121.64545298,24.17930143,0 121.64531887,24.17936016,0 121.64520621,24.17926717,0 121.64454639,24.17953633,0</coordinates>
</LinearRing></outerBoundaryIs></Polygon>
</Placemark>
<Placemark>
<name>SWCB_2051_1</name>
<ExtendedData>
<Data name="events"><value>0629豪雨</value></Data>
<Data name="area_ha"><value>0.106567553026</value></Data>
<Data name="source"><value>民國113年農村水保署災後衛星影像判釋</value></Data>
</ExtendedData>
<Polygon><outerBoundaryIs><LinearRing>
<coordinates>121.64232552,24.16760474,0 121.64221287,24.16779562,0 121.64261520,24.16775157,0 121.64274931,24.16761943,0 121.64266348,24.16754112,0 121.64232552,24.16760474,0</coordinates>
</LinearRing></outerBoundaryIs></Polygon>
</Placemark>
<Placemark>
<name>SWCB_564_1</name>
<ExtendedData>
<Data name="events"><value>0403花蓮地震</value></Data>
<Data name="area_ha"><value>0.308547201477</value></Data>
<Data name="source"><value>民國113年農村水保署災後衛星影像判釋</value></Data>
</ExtendedData>
<Polygon><outerBoundaryIs><LinearRing>
<coordinates>121.64147794,24.17775009,0 121.64157450,24.17760328,0 121.64127409,24.17733411,0 121.64173007,24.17745157,0 121.64173543,24.17735369,0 121.64127409,24.17710410,0 121.64094150,24.17706984,0 121.64091468,24.17723134,0 121.64137065,24.17769136,0 121.64147794,24.17775009,0</coordinates>
</LinearRing></outerBoundaryIs></Polygon>
</Placemark>
<Placemark>
<name>SWCB_918_1</name>
<ExtendedData>
<Data name="events"><value>0403花蓮地震</value></Data>
<Data name="area_ha"><value>12.5645735614</value></Data>
<Data name="source"><value>民國113年農村水保署災後衛星影像判釋</value></Data>
</ExtendedData>
<Polygon><outerBoundaryIs><LinearRing>
<coordinates>121.65235698,24.18301576,0 121.65040970,24.18344640,0 121.65033460,24.18362747,0 121.65003419,24.18378896,0 121.65005028,24.18397002,0 121.65049553,24.18428810,0 121.65057600,24.18453278,0 121.65013611,24.18482150,0 121.64957821,24.18498789,0 121.64930463,24.18484108,0 121.64903104,24.18531086,0 121.64849460,24.18539405,0 121.64839268,24.18571703,0 121.64876819,24.18597638,0 121.64905787,24.18599106,0 121.65088713,24.18523746,0 121.65228724,24.18510044,0 121.65250182,24.18537448,0 121.65284514,24.18513959,0 121.65324211,24.18513959,0 121.65411651,24.18458661,0 121.65445447,24.18469427,0 121.65516257,24.18404342,0 121.65529132,24.18362257,0 121.65601015,24.18289831,0 121.65585995,24.18280044,0 121.65516257,24.18298640,0 121.65476561,24.18268789,0 121.65437937,24.18293746,0 121.65376782,24.18293746,0 121.65235698,24.18301576,0</coordinates>
</LinearRing></outerBoundaryIs></Polygon>
</Placemark>
<Placemark>
<name>SWCB_920_1</name>
<ExtendedData>
<Data name="events"><value>0403花蓮地震</value></Data>
<Data name="area_ha"><value>0.0454482683678</value></Data>
<Data name="source"><value>民國113年農村水保署災後衛星影像判釋</value></Data>
</ExtendedData>
<Polygon><outerBoundaryIs><LinearRing>
<coordinates>121.64407969,24.17798500,0 121.64375246,24.17790669,0 121.64377391,24.17801436,0 121.64396167,24.17806819,0 121.64407969,24.17798500,0</coordinates>
</LinearRing></outerBoundaryIs></Polygon>
</Placemark>
<Placemark>
<name>SWCB_1057_1</name>
<ExtendedData>
<Data name="events"><value>0403花蓮地震</value></Data>
<Data name="area_ha"><value>0.568102512072</value></Data>
<Data name="source"><value>民國113年農村水保署災後衛星影像判釋</value></Data>
</ExtendedData>
<Polygon><outerBoundaryIs><LinearRing>
<coordinates>121.64323747,24.17739773,0 121.64308727,24.17731454,0 121.64303899,24.17753476,0 121.64331257,24.17752008,0 121.64329112,24.17769626,0 121.64338231,24.17771583,0 121.64385974,24.17763753,0 121.64389193,24.17731943,0 121.64440691,24.17714815,0 121.64436400,24.17692792,0 121.64459467,24.17667344,0 121.64433718,24.17685941,0 121.64323747,24.17739773,0</coordinates>
</LinearRing></outerBoundaryIs></Polygon>
</Placemark>
<Placemark>
<name>SWCB_1067_1</name>
<ExtendedData>
<Data name="events"><value>0403花蓮地震</value></Data>
<Data name="area_ha"><value>0.0985463112978</value></Data>
<Data name="source"><value>民國113年農村水保署災後衛星影像判釋</value></Data>
</ExtendedData>
<Polygon><outerBoundaryIs><LinearRing>
<coordinates>121.65071011,24.17706006,0 121.65103734,24.17677132,0 121.65074229,24.17684962,0 121.65054381,24.17715304,0 121.65067255,24.17720198,0 121.65071011,24.17706006,0</coordinates>
</LinearRing></outerBoundaryIs></Polygon>
</Placemark>
<Placemark>
<name>SWCB_1075_1</name>
<ExtendedData>
<Data name="events"><value>0403花蓮地震</value></Data>
<Data name="area_ha"><value>0.403942999962</value></Data>
<Data name="source"><value>民國113年農村水保署災後衛星影像判釋</value></Data>
</ExtendedData>
<Polygon><outerBoundaryIs><LinearRing>
<coordinates>121.64303899,24.17412370,0 121.64317310,24.17451032,0 121.64348960,24.17444670,0 121.64398313,24.17388879,0 121.64340377,24.17436840,0 121.64322674,24.17430478,0 121.64324284,24.17400624,0 121.64393485,24.17372239,0 121.64418697,24.17382027,0 121.64430499,24.17367345,0 121.64396703,24.17358536,0 121.64300144,24.17385453,0 121.64281905,24.17415796,0 121.64288342,24.17428031,0 121.64303899,24.17412370,0</coordinates>
</LinearRing></outerBoundaryIs></Polygon>
</Placemark>
<Placemark>
<name>SWCB_1086_1</name>
<ExtendedData>
<Data name="events"><value>0403花蓮地震</value></Data>
<Data name="area_ha"><value>0.177588815342</value></Data>
<Data name="source"><value>民國113年農村水保署災後衛星影像判釋</value></Data>
</ExtendedData>
<Polygon><outerBoundaryIs><LinearRing>
<coordinates>121.64214313,24.17254293,0 121.64192855,24.17229333,0 121.64165497,24.17249399,0 121.64197683,24.17284636,0 121.64214313,24.17254293,0</coordinates>
</LinearRing></outerBoundaryIs></Polygon>
</Placemark>
<Placemark>
<name>SWCB_1080_1</name>
<ExtendedData>
<Data name="events"><value>0403花蓮地震</value></Data>
<Data name="area_ha"><value>0.318996768188</value></Data>
<Data name="source"><value>民國113年農村水保署災後衛星影像判釋</value></Data>
</ExtendedData>
<Polygon><outerBoundaryIs><LinearRing>
<coordinates>121.64319992,24.17828352,0 121.64307654,24.17850863,0 121.64308727,24.17867992,0 121.64322674,24.17866034,0 121.64337695,24.17884631,0 121.64347887,24.17868971,0 121.64371490,24.17869460,0 121.64393485,24.17848906,0 121.64335012,24.17827863,0 121.64319992,24.17828352,0</coordinates>
</LinearRing></outerBoundaryIs></Polygon>
</Placemark>
<Placemark>
<name>SWCB_1102_1</name>
<ExtendedData>
<Data name="events"><value>0403花蓮地震</value></Data>
<Data name="area_ha"><value>0.23210923104</value></Data>
<Data name="source"><value>民國113年農村水保署災後衛星影像判釋</value></Data>
</ExtendedData>
<Polygon><outerBoundaryIs><LinearRing>
<coordinates>121.65195465,24.17435372,0 121.65206194,24.17408455,0 121.65192783,24.17369792,0 121.65161669,24.17380070,0 121.65181518,24.17432435,0 121.65195465,24.17435372,0</coordinates>
</LinearRing></outerBoundaryIs></Polygon>
</Placemark>
<Placemark>
<name>SWCB_1143_1</name>
<ExtendedData>
<Data name="events"><value>0403花蓮地震</value></Data>
<Data name="area_ha"><value>0.57108563968</value></Data>
<Data name="source"><value>民國113年農村水保署災後衛星影像判釋</value></Data>
</ExtendedData>
<Polygon><outerBoundaryIs><LinearRing>
<coordinates>121.65491581,24.17797521,0 121.65363371,24.17805840,0 121.65333331,24.17821990,0 121.65345132,24.17838140,0 121.65439546,24.17815139,0 121.65451884,24.17826394,0 121.65445447,24.17839118,0 121.65362835,24.17861141,0 121.65411115,24.17858694,0 121.65438473,24.17878758,0 121.65491581,24.17797521,0</coordinates>
</LinearRing></outerBoundaryIs></Polygon>
</Placemark>
<Placemark>
<name>SWCB_1144_1</name>
<ExtendedData>
<Data name="events"><value>0403花蓮地震</value></Data>
<Data name="area_ha"><value>0.0720784496898</value></Data>
<Data name="source"><value>民國113年農村水保署災後衛星影像判釋</value></Data>
</ExtendedData>
<Polygon><outerBoundaryIs><LinearRing>
<coordinates>121.64252400,24.17852332,0 121.64281368,24.17862609,0 121.64287269,24.17832756,0 121.64270103,24.17840097,0 121.64252400,24.17852332,0</coordinates>
</LinearRing></outerBoundaryIs></Polygon>
</Placemark>
<Placemark>
<name>SWCB_1150_1</name>
<ExtendedData>
<Data name="events"><value>0403花蓮地震</value></Data>
<Data name="area_ha"><value>3.65176394385</value></Data>
<Data name="source"><value>民國113年農村水保署災後衛星影像判釋</value></Data>
</ExtendedData>
<Polygon><outerBoundaryIs><LinearRing>
<coordinates>121.65362835,24.17431456,0 121.65413797,24.17416774,0 121.65457249,24.17367835,0 121.65517330,24.17360983,0 121.65498018,24.17259187,0 121.65479243,24.17248910,0 121.65455639,24.17260166,0 121.65425062,24.17248910,0 121.65342450,24.17257719,0 121.65300071,24.17238143,0 121.65287733,24.17253804,0 121.65310264,24.17266528,0 121.65303290,24.17280232,0 121.65325820,24.17345322,0 121.65305436,24.17383495,0 121.65329039,24.17413349,0 121.65326893,24.17435861,0 121.65358543,24.17465714,0 121.65366590,24.17510249,0 121.65408432,24.17515633,0 121.65381074,24.17456416,0 121.65362835,24.17431456,0</coordinates>
</LinearRing></outerBoundaryIs></Polygon>
</Placemark>
<Placemark>
<name>SWCB_1176_1</name>
<ExtendedData>
<Data name="events"><value>0403花蓮地震</value></Data>
<Data name="area_ha"><value>0.0786213993639</value></Data>
<Data name="source"><value>民國113年農村水保署災後衛星影像判釋</value></Data>
</ExtendedData>
<Polygon><outerBoundaryIs><LinearRing>
<coordinates>121.64615035,24.18197830,0 121.64656878,24.18167979,0 121.64601624,24.18183639,0 121.64590359,24.18196362,0 121.64615035,24.18197830,0</coordinates>
</LinearRing></outerBoundaryIs></Polygon>
</Placemark>
<Placemark>
<name>SWCB_1182_1</name>
<ExtendedData>
<Data name="events"><value>0403花蓮地震</value></Data>
<Data name="area_ha"><value>2.63765649902</value></Data>
<Data name="source"><value>民國113年農村水保署災後衛星影像判釋</value></Data>
</ExtendedData>
<Polygon><outerBoundaryIs><LinearRing>
<coordinates>121.65426672,24.17634066,0 121.65389121,24.17621341,0 121.65353715,24.17633087,0 121.65354252,24.17662940,0 121.65305436,24.17683494,0 121.65265739,24.17684473,0 121.65279150,24.17665386,0 121.65271103,24.17654130,0 121.65227652,24.17659514,0 121.65167034,24.17725092,0 121.65170789,24.17749072,0 121.65156841,24.17777945,0 121.65195465,24.17772562,0 121.65201902,24.17756902,0 121.65230334,24.17751519,0 121.65242672,24.17766690,0 121.65280223,24.17763753,0 121.65321529,24.17738795,0 121.65310264,24.17711389,0 121.65384829,24.17678600,0 121.65488362,24.17689366,0 121.65502310,24.17676153,0 121.65495872,24.17621341,0 121.65484607,24.17604213,0 121.65441692,24.17613511,0 121.65426672,24.17634066,0</coordinates>
</LinearRing></outerBoundaryIs></Polygon>
</Placemark>
<Placemark>
<name>SWCB_1196_1</name>
<ExtendedData>
<Data name="events"><value>0403花蓮地震</value></Data>
<Data name="area_ha"><value>0.10059772508</value></Data>
<Data name="source"><value>民國113年農村水保署災後衛星影像判釋</value></Data>
</ExtendedData>
<Polygon><outerBoundaryIs><LinearRing>
<coordinates>121.64306045,24.17598340,0 121.64318919,24.17626235,0 121.64363980,24.17596872,0 121.64332867,24.17597851,0 121.64306045,24.17598340,0</coordinates>
</LinearRing></outerBoundaryIs></Polygon>
</Placemark>
<Placemark>
<name>SWCB_1244_1</name>
<ExtendedData>
<Data name="events"><value>0403花蓮地震</value></Data>
<Data name="area_ha"><value>0.517873134154</value></Data>
<Data name="source"><value>民國113年農村水保署災後衛星影像判釋</value></Data>
</ExtendedData>
<Polygon><outerBoundaryIs><LinearRing>
<coordinates>121.65166497,24.17968315,0 121.65267885,24.17984464,0 121.65310264,24.18004039,0 121.65356934,24.17970761,0 121.65280223,24.17980549,0 121.65179908,24.17965868,0 121.65136993,24.17948250,0 121.65116608,24.17916930,0 121.64987862,24.17870928,0 121.65166497,24.17968315,0</coordinates>
</LinearRing></outerBoundaryIs></Polygon>
</Placemark>
<Placemark>
<name>SWCB_1292_1</name>
<ExtendedData>
<Data name="events"><value>0403花蓮地震</value></Data>
<Data name="area_ha"><value>0.15866011873</value></Data>
<Data name="source"><value>民國113年農村水保署災後衛星影像判釋</value></Data>
</ExtendedData>
<Polygon><outerBoundaryIs><LinearRing>
<coordinates>121.64483607,24.17919377,0 121.64542079,24.17920845,0 121.64456248,24.17909589,0 121.64440691,24.17886588,0 121.64449811,24.17933569,0 121.64483607,24.17919377,0</coordinates>
</LinearRing></outerBoundaryIs></Polygon>
</Placemark>
<Placemark>
<name>SWCB_1269_1</name>
<ExtendedData>
<Data name="events"><value>0403花蓮地震</value></Data>
<Data name="area_ha"><value>0.201132885988</value></Data>
<Data name="source"><value>民國113年農村水保署災後衛星影像判釋</value></Data>
</ExtendedData>
<Polygon><outerBoundaryIs><LinearRing>
<coordinates>121.65307045,24.17556742,0 121.65347278,24.17559189,0 121.65345132,24.17547933,0 121.65314555,24.17534230,0 121.65277004,24.17544996,0 121.65274858,24.17580232,0 121.65307045,24.17556742,0</coordinates>
</LinearRing></outerBoundaryIs></Polygon>
</Placemark>
<Placemark>
<name>SWCB_1296_1</name>
<ExtendedData>
<Data name="events"><value>0403花蓮地震</value></Data>
<Data name="area_ha"><value>16.6657283226</value></Data>
<Data name="source"><value>民國113年農村水保署災後衛星影像判釋</value></Data>
</ExtendedData>
<Polygon><outerBoundaryIs><LinearRing>
<coordinates>121.64610744,24.18149872,0 121.64626837,24.18137149,0 121.64665461,24.18144000,0 121.64709449,24.18134212,0 121.64742708,24.18109744,0 121.64818883,24.18086254,0 121.64836049,24.18093105,0 121.64741635,24.18209575,0 121.64652586,24.18282980,0 121.64639711,24.18309406,0 121.64653659,24.18340725,0 121.64699256,24.18347576,0 121.64712131,24.18339257,0 121.64744318,24.18358342,0 121.64757192,24.18357853,0 121.64804935,24.18295704,0 121.64859653,24.18270257,0 121.64892912,24.18269278,0 121.64924026,24.18243831,0 121.65013611,24.18251172,0 121.65045261,24.18271236,0 121.65072083,24.18250682,0 121.65154696,24.18244810,0 121.65221214,24.18193916,0 121.65281296,24.18193916,0 121.65332794,24.18170426,0 121.65425062,24.18092126,0 121.65420771,24.18078424,0 121.65340304,24.18052977,0 121.65215850,24.18054934,0 121.65196538,24.18034380,0 121.65067792,24.17984464,0 121.65066183,24.17950208,0 121.65023267,24.17961463,0 121.65055454,24.17997188,0 121.64934754,24.18004528,0 121.64919198,24.18012358,0 121.64921880,24.18028508,0 121.64880574,24.18052977,0 121.64828002,24.18066679,0 121.64726615,24.18065700,0 121.64620399,24.18083318,0 121.64590359,24.18096531,0 121.64580166,24.18120021,0 121.64610744,24.18149872,0</coordinates>
</LinearRing></outerBoundaryIs></Polygon>
</Placemark>
<Placemark>
<name>SWCB_1327_1</name>
<ExtendedData>
<Data name="events"><value>0403花蓮地震</value></Data>
<Data name="area_ha"><value>0.203672470384</value></Data>
<Data name="source"><value>民國113年農村水保署災後衛星影像判釋</value></Data>
</ExtendedData>
<Polygon><outerBoundaryIs><LinearRing>
<coordinates>121.64652050,24.18025082,0 121.64657950,24.18011869,0 121.64601088,24.18016273,0 121.64571047,24.18049062,0 121.64613426,24.18050040,0 121.64619863,24.18030465,0 121.64652050,24.18025082,0</coordinates>
</LinearRing></outerBoundaryIs></Polygon>
</Placemark>
<Placemark>
<name>SWCB_1331_1</name>
<ExtendedData>
<Data name="events"><value>0403花蓮地震</value></Data>
<Data name="area_ha"><value>1.7049531693</value></Data>
<Data name="source"><value>民國113年農村水保署災後衛星影像判釋</value></Data>
</ExtendedData>
<Polygon><outerBoundaryIs><LinearRing>
<coordinates>121.65222287,24.16999311,0 121.65254474,24.16942049,0 121.65180445,24.16933729,0 121.65176690,24.16980224,0 121.65129483,24.17026229,0 121.65005028,24.17068807,0 121.65024877,24.17073212,0 121.65064573,24.17058040,0 121.65052235,24.17078106,0 121.64977670,24.17092789,0 121.64990008,24.17073702,0 121.64878964,24.17111876,0 121.64851606,24.17125090,0 121.64841950,24.17145645,0 121.64880574,24.17159838,0 121.64788306,24.17195075,0 121.64954066,24.17152497,0 121.64979279,24.17132920,0 121.64986789,24.17109429,0 121.65066183,24.17088384,0 121.65179908,24.17001758,0 121.65222287,24.16999311,0</coordinates>
</LinearRing></outerBoundaryIs></Polygon>
</Placemark>
<Placemark>
<name>SWCB_2100_1</name>
<ExtendedData>
<Data name="events"><value>凱米颱風</value></Data>
<Data name="area_ha"><value>0.616817966173</value></Data>
<Data name="source"><value>民國113年農村水保署災後衛星影像判釋</value></Data>
</ExtendedData>
<Polygon><outerBoundaryIs><LinearRing>
<coordinates>121.65184736,24.16966031,0 121.65165424,24.16965541,0 121.65155232,24.16992459,0 121.65184200,24.17011057,0 121.65223897,24.17011546,0 121.65253401,24.16984628,0 121.65264130,24.16930303,0 121.65217996,24.16939113,0 121.65184736,24.16966031,0</coordinates>
</LinearRing></outerBoundaryIs></Polygon>
</Placemark>
<Placemark>
<name>SWCB_2216_1</name>
<ExtendedData>
<Data name="events"><value>凱米颱風</value></Data>
<Data name="area_ha"><value>0.37009229719</value></Data>
<Data name="source"><value>民國113年農村水保署災後衛星影像判釋</value></Data>
</ExtendedData>
<Polygon><outerBoundaryIs><LinearRing>
<coordinates>121.65532351,24.17618894,0 121.65532351,24.17646300,0 121.65571511,24.17646300,0 121.65590823,24.17683004,0 121.65620327,24.17683004,0 121.65620863,24.17646790,0 121.65561855,24.17610085,0 121.65532351,24.17618894,0</coordinates>
</LinearRing></outerBoundaryIs></Polygon>
</Placemark>
<Placemark>
<name>SWCB_3430_1</name>
<ExtendedData>
<Data name="events"><value>凱米颱風</value></Data>
<Data name="area_ha"><value>0.170041971957</value></Data>
<Data name="source"><value>民國113年農村水保署災後衛星影像判釋</value></Data>
</ExtendedData>
<Polygon><outerBoundaryIs><LinearRing>
<coordinates>121.65271640,24.18077445,0 121.65271103,24.18104361,0 121.65310800,24.18113659,0 121.65320456,24.18104850,0 121.65310800,24.18077445,0 121.65271640,24.18077445,0</coordinates>
</LinearRing></outerBoundaryIs></Polygon>
</Placemark>
<Placemark>
<name>SWCB_3431_1</name>
<ExtendedData>
<Data name="events"><value>凱米颱風</value></Data>
<Data name="area_ha"><value>0.160037920589</value></Data>
<Data name="source"><value>民國113年農村水保署災後衛星影像判釋</value></Data>
</ExtendedData>
<Polygon><outerBoundaryIs><LinearRing>
<coordinates>121.64475560,24.17970761,0 121.64475024,24.17998167,0 121.64524376,24.18007465,0 121.64524376,24.17980549,0 121.64494872,24.17980060,0 121.64494872,24.17971251,0 121.64475560,24.17970761,0</coordinates>
</LinearRing></outerBoundaryIs></Polygon>
</Placemark>
<Placemark>
<name>SWCB_3432_1</name>
<ExtendedData>
<Data name="events"><value>凱米颱風</value></Data>
<Data name="area_ha"><value>17.555507395</value></Data>
<Data name="source"><value>民國113年農村水保署災後衛星影像判釋</value></Data>
</ExtendedData>
<Polygon><outerBoundaryIs><LinearRing>
<coordinates>121.65666461,24.17954612,0 121.65597796,24.17962931,0 121.65597796,24.17953633,0 121.65518939,24.17953144,0 121.65518939,24.17961953,0 121.65450275,24.17961463,0 121.65430427,24.17979570,0 121.65410578,24.17979081,0 121.65410578,24.17960974,0 121.65371418,24.17960974,0 121.65371418,24.17942867,0 121.65351570,24.17942378,0 121.65361226,24.17978592,0 121.65331721,24.17987400,0 121.65321529,24.18005507,0 121.65292025,24.18005507,0 121.65282369,24.17986911,0 121.65204048,24.17977613,0 121.65193856,24.17986422,0 121.65184200,24.17968315,0 121.65145040,24.17967825,0 121.65135384,24.17949718,0 121.65046871,24.17939931,0 121.65027022,24.17921824,0 121.64928854,24.17902738,0 121.64928854,24.17911547,0 121.64899349,24.17911547,0 121.64879501,24.17929164,0 121.64682627,24.17927696,0 121.64682090,24.17954612,0 121.64633274,24.17954123,0 121.64603233,24.17981038,0 121.64564073,24.17989847,0 121.64543688,24.18016763,0 121.64524376,24.18016763,0 121.64514184,24.18025572,0 121.64513648,24.18070594,0 121.64533496,24.18079892,0 121.64542615,24.18116106,0 121.64572120,24.18116106,0 121.64592505,24.18089190,0 121.64631665,24.18089680,0 121.64641857,24.18062764,0 121.64661169,24.18080871,0 121.64690673,24.18081360,0 121.64711058,24.18054445,0 121.64779723,24.18054934,0 121.64809227,24.18073041,0 121.64877892,24.18064722,0 121.64877892,24.18055913,0 121.64917588,24.18047104,0 121.64927781,24.18020188,0 121.64957285,24.18029487,0 121.64986789,24.18002571,0 121.65055990,24.18003060,0 121.65055990,24.17984953,0 121.65036678,24.17976145,0 121.65056527,24.17958038,0 121.65055990,24.17976145,0 121.65075839,24.17994252,0 121.65105343,24.17994741,0 121.65143967,24.18030955,0 121.65193319,24.18040742,0 121.65212631,24.18058849,0 121.65360689,24.18051019,0 121.65399849,24.18078424,0 121.65419161,24.18078424,0 121.65419161,24.18087722,0 121.65349960,24.18096041,0 121.65349960,24.18114148,0 121.65369809,24.18114148,0 121.65389121,24.18141553,0 121.65418625,24.18142042,0 121.65428281,24.18160149,0 121.65467441,24.18169447,0 121.65467441,24.18178256,0 121.65566146,24.18170426,0 121.65575802,24.18152319,0 121.65605307,24.18170426,0 121.65733516,24.18171894,0 121.65763021,24.18153787,0 121.65763021,24.18135681,0 121.65753365,24.18135681,0 121.65758729,24.18090658,0 121.65721714,24.18005018,0 121.65698111,24.17972719,0 121.65686309,24.17972719,0 121.65666461,24.17954612,0</coordinates>
</LinearRing></outerBoundaryIs></Polygon>
</Placemark>
<Placemark>
<name>SWCB_3463_1</name>
<ExtendedData>
<Data name="events"><value>凱米颱風</value></Data>
<Data name="area_ha"><value>0.0800186956366</value></Data>
<Data name="source"><value>民國113年農村水保署災後衛星影像判釋</value></Data>
</ExtendedData>
<Polygon><outerBoundaryIs><LinearRing>
<coordinates>121.64174080,24.16704190,0 121.64173543,24.16731109,0 121.64203048,24.16731109,0 121.64193392,24.16704190,0 121.64174080,24.16704190,0</coordinates>
</LinearRing></outerBoundaryIs></Polygon>
</Placemark>
<Placemark>
<name>SWCB_2052_1</name>
<ExtendedData>
<Data name="events"><value>0629豪雨</value></Data>
<Data name="area_ha"><value>0.144138001449</value></Data>
<Data name="source"><value>民國113年農村水保署災後衛星影像判釋</value></Data>
</ExtendedData>
<Polygon><outerBoundaryIs><LinearRing>
<coordinates>121.64509892,24.16358162,0 121.64444983,24.16394870,0 121.64470196,24.16398785,0 121.64502919,24.16379208,0 121.64521158,24.16382144,0 121.64527595,24.16356204,0 121.64509892,24.16358162,0</coordinates>
</LinearRing></outerBoundaryIs></Polygon>
</Placemark>
<Placemark>
<name>SWCB_931_1</name>
<ExtendedData>
<Data name="events"><value>0403花蓮地震</value></Data>
<Data name="area_ha"><value>0.250779847241</value></Data>
<Data name="source"><value>民國113年農村水保署災後衛星影像判釋</value></Data>
</ExtendedData>
<Polygon><outerBoundaryIs><LinearRing>
<coordinates>121.64443910,24.16280341,0 121.64420307,24.16310197,0 121.64423525,24.16321454,0 121.64456248,24.16275446,0 121.64462149,24.16242654,0 121.64523840,24.16206924,0 121.64503992,24.16196156,0 121.64477170,24.16201051,0 121.64436400,24.16270062,0 121.64443910,24.16280341,0</coordinates>
</LinearRing></outerBoundaryIs></Polygon>
</Placemark>
<Placemark>
<name>SWCB_1107_1</name>
<ExtendedData>
<Data name="events"><value>0403花蓮地震</value></Data>
<Data name="area_ha"><value>0.0926299530964</value></Data>
<Data name="source"><value>民國113年農村水保署災後衛星影像判釋</value></Data>
</ExtendedData>
<Polygon><outerBoundaryIs><LinearRing>
<coordinates>121.64420307,24.15600977,0 121.64420307,24.15586782,0 121.64353251,24.15627408,0 121.64385438,24.15619577,0 121.64420307,24.15600977,0</coordinates>
</LinearRing></outerBoundaryIs></Polygon>
</Placemark>
<Placemark>
<name>SWCB_1165_1</name>
<ExtendedData>
<Data name="events"><value>0403花蓮地震</value></Data>
<Data name="area_ha"><value>0.0337717109465</value></Data>
<Data name="source"><value>民國113年農村水保署災後衛星影像判釋</value></Data>
</ExtendedData>
<Polygon><outerBoundaryIs><LinearRing>
<coordinates>121.64549053,24.15981778,0 121.64550126,24.15973946,0 121.64541006,24.15971499,0 121.64516330,24.15997929,0 121.64549053,24.15981778,0</coordinates>
</LinearRing></outerBoundaryIs></Polygon>
</Placemark>
<Placemark>
<name>SWCB_1193_1</name>
<ExtendedData>
<Data name="events"><value>0403花蓮地震</value></Data>
<Data name="area_ha"><value>0.111100399996</value></Data>
<Data name="source"><value>民國113年農村水保署災後衛星影像判釋</value></Data>
</ExtendedData>
<Polygon><outerBoundaryIs><LinearRing>
<coordinates>121.64603233,24.15840325,0 121.64601624,24.15825151,0 121.64576411,24.15839346,0 121.64544225,24.15838367,0 121.64523840,24.15855008,0 121.64592505,24.15839835,0 121.64603233,24.15840325,0</coordinates>
</LinearRing></outerBoundaryIs></Polygon>
</Placemark>
<Placemark>
<name>SWCB_1246_1</name>
<ExtendedData>
<Data name="events"><value>0403花蓮地震</value></Data>
<Data name="area_ha"><value>0.206428116474</value></Data>
<Data name="source"><value>民國113年農村水保署災後衛星影像判釋</value></Data>
</ExtendedData>
<Polygon><outerBoundaryIs><LinearRing>
<coordinates>121.64522231,24.16287193,0 121.64525449,24.16302855,0 121.64554417,24.16285725,0 121.64563537,24.16254400,0 121.64545298,24.16246080,0 121.64496481,24.16304323,0 121.64522231,24.16287193,0</coordinates>
</LinearRing></outerBoundaryIs></Polygon>
</Placemark>
<Placemark>
<name>SWCB_1288_1</name>
<ExtendedData>
<Data name="events"><value>0403花蓮地震</value></Data>
<Data name="area_ha"><value>0.200975123719</value></Data>
<Data name="source"><value>民國113年農村水保署災後衛星影像判釋</value></Data>
</ExtendedData>
<Polygon><outerBoundaryIs><LinearRing>
<coordinates>121.64671361,24.16315580,0 121.64673507,24.16304813,0 121.64653122,24.16298939,0 121.64575875,24.16347394,0 121.64671361,24.16315580,0</coordinates>
</LinearRing></outerBoundaryIs></Polygon>
</Placemark>
<Placemark>
<name>SWCB_1309_1</name>
<ExtendedData>
<Data name="events"><value>0403花蓮地震</value></Data>
<Data name="area_ha"><value>0.161780774746</value></Data>
<Data name="source"><value>民國113年農村水保署災後衛星影像判釋</value></Data>
</ExtendedData>
<Polygon><outerBoundaryIs><LinearRing>
<coordinates>121.64150476,24.16087010,0 121.64198220,24.16081626,0 121.64181590,24.16062537,0 121.64145112,24.16054706,0 121.64138675,24.16077221,0 121.64150476,24.16087010,0</coordinates>
</LinearRing></outerBoundaryIs></Polygon>
</Placemark>
<Placemark>
<name>SWCB_1316_1</name>
<ExtendedData>
<Data name="events"><value>0403花蓮地震</value></Data>
<Data name="area_ha"><value>0.529118158327</value></Data>
<Data name="source"><value>民國113年農村水保署災後衛星影像判釋</value></Data>
</ExtendedData>
<Polygon><outerBoundaryIs><LinearRing>
<coordinates>121.64839804,24.16082605,0 121.64883256,24.16074773,0 121.64868772,24.16056664,0 121.64809763,24.16069879,0 121.64675117,24.16011145,0 121.64657950,24.16014571,0 121.64669216,24.16024849,0 121.64650977,24.16021913,0 121.64649367,24.16009676,0 121.64619863,24.16026318,0 121.64684236,24.16038554,0 121.64661705,24.16045406,0 121.64671361,24.16055195,0 121.64731979,24.16062537,0 121.64745390,24.16051280,0 121.64769530,24.16065474,0 121.64839804,24.16082605,0</coordinates>
</LinearRing></outerBoundaryIs></Polygon>
</Placemark>
<Placemark>
<name>SWCB_1317_1</name>
<ExtendedData>
<Data name="events"><value>0403花蓮地震</value></Data>
<Data name="area_ha"><value>0.162517527126</value></Data>
<Data name="source"><value>民國113年農村水保署災後衛星影像判釋</value></Data>
</ExtendedData>
<Polygon><outerBoundaryIs><LinearRing>
<coordinates>121.64677799,24.16360609,0 121.64675653,24.16380186,0 121.64707839,24.16356204,0 121.64664924,24.16344947,0 121.64607525,24.16375292,0 121.64677799,24.16360609,0</coordinates>
</LinearRing></outerBoundaryIs></Polygon>
</Placemark>
<Placemark>
<name>SWCB_1311_1</name>
<ExtendedData>
<Data name="events"><value>0403花蓮地震</value></Data>
<Data name="area_ha"><value>0.11684908497</value></Data>
<Data name="source"><value>民國113年農村水保署災後衛星影像判釋</value></Data>
</ExtendedData>
<Polygon><outerBoundaryIs><LinearRing>
<coordinates>121.64162278,24.16657695,0 121.64190173,24.16663079,0 121.64203584,24.16651332,0 121.64145112,24.16645459,0 121.64133847,24.16669441,0 121.64142966,24.16678251,0 121.64162278,24.16657695,0</coordinates>
</LinearRing></outerBoundaryIs></Polygon>
</Placemark>
<Placemark>
<name>SWCB_3470_1</name>
<ExtendedData>
<Data name="events"><value>凱米颱風</value></Data>
<Data name="area_ha"><value>0.0800190384969</value></Data>
<Data name="source"><value>民國113年農村水保署災後衛星影像判釋</value></Data>
</ExtendedData>
<Polygon><outerBoundaryIs><LinearRing>
<coordinates>121.64318919,24.16037086,0 121.64318383,24.16064005,0 121.64347887,24.16064495,0 121.64338231,24.16037086,0 121.64318919,24.16037086,0</coordinates>
</LinearRing></outerBoundaryIs></Polygon>
</Placemark>
<Placemark>
<name>SWCB_3464_1</name>
<ExtendedData>
<Data name="events"><value>凱米颱風</value></Data>
<Data name="area_ha"><value>0.190045363844</value></Data>
<Data name="source"><value>民國113年農村水保署災後衛星影像判釋</value></Data>
</ExtendedData>
<Polygon><outerBoundaryIs><LinearRing>
<coordinates>121.64411187,24.16606794,0 121.64420307,24.16643012,0 121.64460003,24.16634202,0 121.64460540,24.16607284,0 121.64440691,24.16606794,0 121.64440691,24.16597985,0 121.64411187,24.16606794,0</coordinates>
</LinearRing></outerBoundaryIs></Polygon>
</Placemark>
<Placemark>
<name>SWCB_3465_1</name>
<ExtendedData>
<Data name="events"><value>凱米颱風</value></Data>
<Data name="area_ha"><value>0.730175168529</value></Data>
<Data name="source"><value>民國113年農村水保署災後衛星影像判釋</value></Data>
</ExtendedData>
<Polygon><outerBoundaryIs><LinearRing>
<coordinates>121.64747536,24.16447239,0 121.64727151,24.16482968,0 121.64678335,24.16482479,0 121.64668143,24.16509887,0 121.64707303,24.16519186,0 121.64727151,24.16501077,0 121.64806008,24.16510866,0 121.64816201,24.16465838,0 121.64796889,24.16447729,0 121.64747536,24.16447239,0</coordinates>
</LinearRing></outerBoundaryIs></Polygon>
</Placemark>
<Placemark>
<name>SWCB_3466_1</name>
<ExtendedData>
<Data name="events"><value>凱米颱風</value></Data>
<Data name="area_ha"><value>0.080018936352</value></Data>
<Data name="source"><value>民國113年農村水保署災後衛星影像判釋</value></Data>
</ExtendedData>
<Polygon><outerBoundaryIs><LinearRing>
<coordinates>121.64403141,24.16408084,0 121.64403141,24.16435003,0 121.64422989,24.16435493,0 121.64432645,24.16408084,0 121.64403141,24.16408084,0</coordinates>
</LinearRing></outerBoundaryIs></Polygon>
</Placemark>
<Placemark>
<name>SWCB_3467_1</name>
<ExtendedData>
<Data name="events"><value>凱米颱風</value></Data>
<Data name="area_ha"><value>0.13003090157</value></Data>
<Data name="source"><value>民國113年農村水保署災後衛星影像判釋</value></Data>
</ExtendedData>
<Polygon><outerBoundaryIs><LinearRing>
<coordinates>121.64521694,24.16372845,0 121.64511502,24.16409063,0 121.64551198,24.16400253,0 121.64551198,24.16373334,0 121.64521694,24.16372845,0</coordinates>
</LinearRing></outerBoundaryIs></Polygon>
</Placemark>
<Placemark>
<name>SWCB_3469_1</name>
<ExtendedData>
<Data name="events"><value>凱米颱風</value></Data>
<Data name="area_ha"><value>0.080019388499</value></Data>
<Data name="source"><value>民國113年農村水保署災後衛星影像判釋</value></Data>
</ExtendedData>
<Polygon><outerBoundaryIs><LinearRing>
<coordinates>121.64810300,24.16095820,0 121.64809763,24.16122739,0 121.64829612,24.16122739,0 121.64839804,24.16095820,0 121.64810300,24.16095820,0</coordinates>
</LinearRing></outerBoundaryIs></Polygon>
</Placemark>
<Placemark>
<name>SWCB_3471_1</name>
<ExtendedData>
<Data name="events"><value>凱米颱風</value></Data>
<Data name="area_ha"><value>0.383459037781</value></Data>
<Data name="source"><value>民國113年農村水保署災後衛星影像判釋</value></Data>
</ExtendedData>
<Polygon><outerBoundaryIs><LinearRing>
<coordinates>121.64662242,24.16356204,0 121.64708912,24.16356693,0 121.64709449,24.16329285,0 121.64590895,24.16346415,0 121.64600551,24.16373824,0 121.64630055,24.16373824,0 121.64662242,24.16356204,0</coordinates>
</LinearRing></outerBoundaryIs></Polygon>
</Placemark>
<Placemark>
<name>SWCB_4232_1</name>
<ExtendedData>
<Data name="events"><value>凱米颱風</value></Data>
<Data name="area_ha"><value>0.3119273019</value></Data>
<Data name="source"><value>民國113年農村水保署災後衛星影像判釋</value></Data>
</ExtendedData>
<Polygon><outerBoundaryIs><LinearRing>
<coordinates>121.65197074,24.16410042,0 121.65177226,24.16399764,0 121.65177226,24.16409553,0 121.65186882,24.16421789,0 121.65223897,24.16417873,0 121.65223897,24.16427172,0 121.65276468,24.16448218,0 121.65261984,24.16392912,0 121.65261447,24.16404169,0 121.65236235,24.16408084,0 121.65243208,24.16399764,0 121.65223897,24.16393401,0 121.65233016,24.16388017,0 121.65222287,24.16362077,0 121.65197074,24.16410042,0</coordinates>
</LinearRing></outerBoundaryIs></Polygon>
</Placemark>
<Placemark>
<name>SWCB_4233_1</name>
<ExtendedData>
<Data name="events"><value>凱米颱風</value></Data>
<Data name="area_ha"><value>0.123577658183</value></Data>
<Data name="source"><value>民國113年農村水保署災後衛星影像判釋</value></Data>
</ExtendedData>
<Polygon><outerBoundaryIs><LinearRing>
<coordinates>121.65135920,24.16370398,0 121.65076911,24.16353757,0 121.65082812,24.16363546,0 121.65164351,24.16407595,0 121.65135920,24.16370398,0</coordinates>
</LinearRing></outerBoundaryIs></Polygon>
</Placemark>
<Placemark>
<name>SWCB_4254_1</name>
<ExtendedData>
<Data name="events"><value>凱米颱風</value></Data>
<Data name="area_ha"><value>0.18248884509</value></Data>
<Data name="source"><value>民國113年農村水保署災後衛星影像判釋</value></Data>
</ExtendedData>
<Polygon><outerBoundaryIs><LinearRing>
<coordinates>121.64289415,24.16634202,0 121.64338231,24.16643012,0 121.64316773,24.16628329,0 121.64241135,24.16630776,0 121.64208949,24.16618051,0 121.64197147,24.16635181,0 121.64210558,24.16643991,0 121.64289415,24.16634202,0</coordinates>
</LinearRing></outerBoundaryIs></Polygon>
</Placemark>
<Placemark>
<name>SWCB_2064_1</name>
<ExtendedData>
<Data name="events"><value>0629豪雨</value></Data>
<Data name="area_ha"><value>0.573979458735</value></Data>
<Data name="source"><value>民國113年農村水保署災後衛星影像判釋</value></Data>
</ExtendedData>
<Polygon><outerBoundaryIs><LinearRing>
<coordinates>121.66284978,24.21227151,0 121.66318774,24.21223726,0 121.66344523,24.21202199,0 121.66340768,24.21240361,0 121.66326821,24.21228130,0 121.66296780,24.21234490,0 121.66296244,24.21260909,0 121.66331649,24.21269716,0 121.66349351,24.21235958,0 121.66359007,24.21242807,0 121.66359544,24.21225683,0 121.66371882,24.21224216,0 121.66367054,24.21172355,0 121.66371346,24.21183118,0 121.66408896,24.21151806,0 121.66383684,24.21143489,0 121.66352034,24.21194371,0 121.66341841,24.21187522,0 121.66280150,24.21210516,0 121.66284978,24.21227151,0</coordinates>
</LinearRing></outerBoundaryIs></Polygon>
</Placemark>
<Placemark>
<name>SWCB_2066_1</name>
<ExtendedData>
<Data name="events"><value>0629豪雨</value></Data>
<Data name="area_ha"><value>0.244487059901</value></Data>
<Data name="source"><value>民國113年農村水保署災後衛星影像判釋</value></Data>
</ExtendedData>
<Polygon><outerBoundaryIs><LinearRing>
<coordinates>121.66639566,24.20693366,0 121.66645467,24.20727125,0 121.66600406,24.20758928,0 121.66590750,24.20751589,0 121.66589677,24.20773117,0 121.66620791,24.20776053,0 121.66652977,24.20731040,0 121.66685164,24.20725658,0 121.66648149,24.20689941,0 121.66639566,24.20693366,0</coordinates>
</LinearRing></outerBoundaryIs></Polygon>
</Placemark>
<Placemark>
<name>SWCB_2068_1</name>
<ExtendedData>
<Data name="events"><value>0629豪雨</value></Data>
<Data name="area_ha"><value>0.140964077933</value></Data>
<Data name="source"><value>民國113年農村水保署災後衛星影像判釋</value></Data>
</ExtendedData>
<Polygon><outerBoundaryIs><LinearRing>
<coordinates>121.67701721,24.20972737,0 121.67725861,24.21009432,0 121.67736590,24.20974694,0 121.67707622,24.20950721,0 121.67701721,24.20972737,0</coordinates>
</LinearRing></outerBoundaryIs></Polygon>
</Placemark>
<Placemark>
<name>SWCB_567_1</name>
<ExtendedData>
<Data name="events"><value>0403花蓮地震</value></Data>
<Data name="area_ha"><value>2.37427215451</value></Data>
<Data name="source"><value>民國113年農村水保署災後衛星影像判釋</value></Data>
</ExtendedData>
<Polygon><outerBoundaryIs><LinearRing>
<coordinates>121.67790234,24.22717815,0 121.67801499,24.22713902,0 121.67828321,24.22731513,0 121.67824030,24.22745210,0 121.67848706,24.22747656,0 121.67880893,24.22722218,0 121.67838514,24.22683572,0 121.67795062,24.22681126,0 121.67747855,24.22635630,0 121.67755365,24.22629760,0 121.67827785,24.22636609,0 121.67872846,24.22618019,0 121.67907715,24.22619487,0 121.67959213,24.22640033,0 121.67973697,24.22613617,0 121.67884648,24.22587200,0 121.67820811,24.22528496,0 121.67837441,24.22572035,0 121.67714059,24.22628782,0 121.67697966,24.22680637,0 121.67724788,24.22736405,0 121.67793989,24.22737872,0 121.67790234,24.22717815,0</coordinates>
</LinearRing></outerBoundaryIs></Polygon>
</Placemark>
<Placemark>
<name>SWCB_572_1</name>
<ExtendedData>
<Data name="events"><value>0403花蓮地震</value></Data>
<Data name="area_ha"><value>1.59475605239</value></Data>
<Data name="source"><value>民國113年農村水保署災後衛星影像判釋</value></Data>
</ExtendedData>
<Polygon><outerBoundaryIs><LinearRing>
<coordinates>121.66433573,24.21501619,0 121.66443765,24.21481560,0 121.66492581,24.21450737,0 121.66533887,24.21389582,0 121.66450739,24.21425297,0 121.66467369,24.21374904,0 121.66444302,24.21359738,0 121.66372418,24.21405727,0 121.66320920,24.21485474,0 121.66328430,24.21496237,0 121.66293561,24.21524613,0 121.66320384,24.21554457,0 121.66333258,24.21552500,0 121.66364908,24.21469329,0 121.66384220,24.21464436,0 121.66426599,24.21415512,0 121.66418552,24.21474710,0 121.66390657,24.21497705,0 121.66399240,24.21510425,0 121.66433573,24.21501619,0</coordinates>
</LinearRing></outerBoundaryIs></Polygon>
</Placemark>
<Placemark>
<name>SWCB_573_1</name>
<ExtendedData>
<Data name="events"><value>0403花蓮地震</value></Data>
<Data name="area_ha"><value>1.84633620233</value></Data>
<Data name="source"><value>民國113年農村水保署災後衛星影像判釋</value></Data>
</ExtendedData>
<Polygon><outerBoundaryIs><LinearRing>
<coordinates>121.67730689,24.21611208,0 121.67708695,24.21634692,0 121.67711914,24.21663067,0 121.67747855,24.21649858,0 121.67734444,24.21666981,0 121.67756975,24.21682637,0 121.67730153,24.21703674,0 121.67736590,24.21713459,0 121.67750001,24.21713948,0 121.67766631,24.21689975,0 121.67750001,24.21732539,0 121.67734981,24.21739877,0 121.67732298,24.21776570,0 121.67748928,24.21835766,0 121.67775214,24.21863163,0 121.67868018,24.21777059,0 121.67839587,24.21728136,0 121.67771995,24.21778526,0 121.67748928,24.21778037,0 121.67744637,24.21758468,0 121.67806864,24.21710034,0 121.67820811,24.21669917,0 121.67800963,24.21659643,0 121.67730689,24.21611208,0</coordinates>
</LinearRing></outerBoundaryIs></Polygon>
</Placemark>
<Placemark>
<name>SWCB_1275_1</name>
<ExtendedData>
<Data name="events"><value>0403花蓮地震</value></Data>
<Data name="area_ha"><value>0.129633177994</value></Data>
<Data name="source"><value>民國113年農村水保署災後衛星影像判釋</value></Data>
</ExtendedData>
<Polygon><outerBoundaryIs><LinearRing>
<coordinates>121.66395485,24.21110219,0 121.66421235,24.21065208,0 121.66375637,24.21083310,0 121.66381538,24.21112176,0 121.66395485,24.21110219,0</coordinates>
</LinearRing></outerBoundaryIs></Polygon>
</Placemark>
<Placemark>
<name>SWCB_922_1</name>
<ExtendedData>
<Data name="events"><value>0403花蓮地震</value></Data>
<Data name="area_ha"><value>0.0956013695085</value></Data>
<Data name="source"><value>民國113年農村水保署災後衛星影像判釋</value></Data>
</ExtendedData>
<Polygon><outerBoundaryIs><LinearRing>
<coordinates>121.66560173,24.22589157,0 121.66570902,24.22573991,0 121.66527450,24.22573013,0 121.66536570,24.22598941,0 121.66560173,24.22589157,0</coordinates>
</LinearRing></outerBoundaryIs></Polygon>
</Placemark>
<Placemark>
<name>SWCB_934_1</name>
<ExtendedData>
<Data name="events"><value>0403花蓮地震</value></Data>
<Data name="area_ha"><value>0.469641270477</value></Data>
<Data name="source"><value>民國113年農村水保署災後衛星影像判釋</value></Data>
</ExtendedData>
<Polygon><outerBoundaryIs><LinearRing>
<coordinates>121.66283369,24.20988394,0 121.66303754,24.21003561,0 121.66290343,24.21006496,0 121.66293561,24.21017260,0 121.66322529,24.21023131,0 121.66309655,24.21038788,0 121.66346133,24.21056890,0 121.66375101,24.21045637,0 121.66373491,24.21032916,0 121.66338623,24.21014325,0 121.66345596,24.20977630,0 121.66309655,24.20972737,0 121.66297853,24.20948274,0 121.66283369,24.20988394,0</coordinates>
</LinearRing></outerBoundaryIs></Polygon>
</Placemark>
<Placemark>
<name>SWCB_943_1</name>
<ExtendedData>
<Data name="events"><value>0403花蓮地震</value></Data>
<Data name="area_ha"><value>0.736518803344</value></Data>
<Data name="source"><value>民國113年農村水保署災後衛星影像判釋</value></Data>
</ExtendedData>
<Polygon><outerBoundaryIs><LinearRing>
<coordinates>121.67311192,24.21951713,0 121.67319238,24.21923338,0 121.67382002,24.21868545,0 121.67379856,24.21846040,0 121.67407751,24.21816197,0 121.67399704,24.21782440,0 121.67410970,24.21740856,0 121.67390049,24.21712969,0 121.67374492,24.21642519,0 121.67362690,24.21644966,0 121.67370200,24.21688018,0 121.67358398,24.21712480,0 121.67379320,24.21762871,0 121.67371809,24.21844572,0 121.67309582,24.21917957,0 121.67296708,24.21954159,0 121.67311192,24.21951713,0</coordinates>
</LinearRing></outerBoundaryIs></Polygon>
</Placemark>
<Placemark>
<name>SWCB_1091_1</name>
<ExtendedData>
<Data name="events"><value>0403花蓮地震</value></Data>
<Data name="area_ha"><value>0.209618162096</value></Data>
<Data name="source"><value>民國113年農村水保署災後衛星影像判釋</value></Data>
</ExtendedData>
<Polygon><outerBoundaryIs><LinearRing>
<coordinates>121.66473269,24.22100436,0 121.66408896,24.22132725,0 121.66408896,24.22154250,0 121.66468978,24.22141531,0 121.66473269,24.22100436,0</coordinates>
</LinearRing></outerBoundaryIs></Polygon>
</Placemark>
<Placemark>
<name>SWCB_1096_1</name>
<ExtendedData>
<Data name="events"><value>0403花蓮地震</value></Data>
<Data name="area_ha"><value>0.370127761421</value></Data>
<Data name="source"><value>民國113年農村水保署災後衛星影像判釋</value></Data>
</ExtendedData>
<Polygon><outerBoundaryIs><LinearRing>
<coordinates>121.67206049,24.22095055,0 121.67162061,24.22015801,0 121.67138457,24.22006506,0 121.67122364,24.22087717,0 121.67156160,24.22095055,0 121.67151332,24.22068148,0 121.67161524,24.22054939,0 121.67181909,24.22099458,0 121.67206049,24.22095055,0</coordinates>
</LinearRing></outerBoundaryIs></Polygon>
</Placemark>
<Placemark>
<name>SWCB_1101_1</name>
<ExtendedData>
<Data name="events"><value>0403花蓮地震</value></Data>
<Data name="area_ha"><value>1.09963320475</value></Data>
<Data name="source"><value>民國113年農村水保署災後衛星影像判釋</value></Data>
</ExtendedData>
<Polygon><outerBoundaryIs><LinearRing>
<coordinates>121.66855752,24.21093095,0 121.66937828,24.21082821,0 121.66954994,24.21093095,0 121.66901350,24.21123918,0 121.66855216,24.21122940,0 121.66831076,24.21158166,0 121.66891694,24.21166484,0 121.66935682,24.21135171,0 121.67016685,24.21045148,0 121.67039752,24.20998179,0 121.66903496,24.21072546,0 121.66867018,24.21067654,0 121.66855752,24.21093095,0</coordinates>
</LinearRing></outerBoundaryIs></Polygon>
</Placemark>
<Placemark>
<name>SWCB_1122_1</name>
<ExtendedData>
<Data name="events"><value>0403花蓮地震</value></Data>
<Data name="area_ha"><value>0.914770743253</value></Data>
<Data name="source"><value>民國113年農村水保署災後衛星影像判釋</value></Data>
</ExtendedData>
<Polygon><outerBoundaryIs><LinearRing>
<coordinates>121.66384757,24.20690185,0 121.66348815,24.20711958,0 121.66312337,24.20774095,0 121.66312573,24.20774183,0 121.66312337,24.20774585,0 121.66341305,24.20785349,0 121.66377783,24.20732507,0 121.66404068,24.20734465,0 121.66411042,24.20749143,0 121.66465223,24.20717829,0 121.66465130,24.20717393,0 121.66465223,24.20717340,0 121.66462004,24.20702173,0 121.66434646,24.20687984,0 121.66456103,24.20671838,0 121.66455982,24.20671442,0 121.66456103,24.20671348,0 121.66445911,24.20638078,0 121.66420698,24.20667923,0 121.66384757,24.20690185,0</coordinates>
</LinearRing></outerBoundaryIs></Polygon>
</Placemark>
<Placemark>
<name>SWCB_1128_1</name>
<ExtendedData>
<Data name="events"><value>0403花蓮地震</value></Data>
<Data name="area_ha"><value>0.127539631486</value></Data>
<Data name="source"><value>民國113年農村水保署災後衛星影像判釋</value></Data>
</ExtendedData>
<Polygon><outerBoundaryIs><LinearRing>
<coordinates>121.67376101,24.22087717,0 121.67375565,24.22059831,0 121.67356789,24.22071083,0 121.67339087,24.22110710,0 121.67376101,24.22087717,0</coordinates>
</LinearRing></outerBoundaryIs></Polygon>
</Placemark>
<Placemark>
<name>SWCB_1130_1</name>
<ExtendedData>
<Data name="events"><value>0403花蓮地震</value></Data>
<Data name="area_ha"><value>1.44315605335</value></Data>
<Data name="source"><value>民國113年農村水保署災後衛星影像判釋</value></Data>
</ExtendedData>
<Polygon><outerBoundaryIs><LinearRing>
<coordinates>121.66596115,24.20754525,0 121.66559100,24.20778988,0 121.66556418,24.20796602,0 121.66531205,24.20782413,0 121.66492581,24.20817640,0 121.66422307,24.20842593,0 121.66434109,24.20876352,0 121.66504920,24.20940446,0 121.66562855,24.20862653,0 121.66556954,24.20804430,0 121.66596115,24.20754525,0</coordinates>
</LinearRing></outerBoundaryIs></Polygon>
</Placemark>
<Placemark>
<name>SWCB_1141_1</name>
<ExtendedData>
<Data name="events"><value>0403花蓮地震</value></Data>
<Data name="area_ha"><value>1.09487406463</value></Data>
<Data name="source"><value>民國113年農村水保署災後衛星影像判釋</value></Data>
</ExtendedData>
<Polygon><outerBoundaryIs><LinearRing>
<coordinates>121.68174863,24.21828428,0 121.68104589,24.21832342,0 121.68085277,24.21823536,0 121.68165207,24.21815708,0 121.68094933,24.21797117,0 121.68001056,24.21792225,0 121.68022513,24.21805923,0 121.68018758,24.21819133,0 121.68076694,24.21819622,0 121.68055773,24.21836745,0 121.67986572,24.21819622,0 121.67996764,24.21834299,0 121.68052554,24.21842126,0 121.68012321,24.21883221,0 121.68004274,24.21878818,0 121.68020368,24.21857292,0 121.67994618,24.21871480,0 121.67981744,24.21862185,0 121.67833686,24.21877351,0 121.67815447,24.21895941,0 121.67823493,24.21905726,0 121.67855144,24.21886646,0 121.67879283,24.21888114,0 121.67849243,24.21929209,0 121.67915225,24.21878329,0 121.67986572,24.21878818,0 121.68012857,24.21899366,0 121.68034852,24.21864142,0 121.68042362,24.21878329,0 121.68077230,24.21848976,0 121.68113708,24.21849465,0 121.68174863,24.21828428,0</coordinates>
</LinearRing></outerBoundaryIs></Polygon>
</Placemark>
<Placemark>
<name>SWCB_1148_1</name>
<ExtendedData>
<Data name="events"><value>0403花蓮地震</value></Data>
<Data name="area_ha"><value>0.148539782218</value></Data>
<Data name="source"><value>民國113年農村水保署災後衛星影像判釋</value></Data>
</ExtendedData>
<Polygon><outerBoundaryIs><LinearRing>
<coordinates>121.66465223,24.22287317,0 121.66441619,24.22270194,0 121.66442692,24.22230568,0 121.66421235,24.22268727,0 121.66430891,24.22296612,0 121.66465223,24.22287317,0</coordinates>
</LinearRing></outerBoundaryIs></Polygon>
</Placemark>
<Placemark>
<name>SWCB_1156_1</name>
<ExtendedData>
<Data name="events"><value>0403花蓮地震</value></Data>
<Data name="area_ha"><value>0.0660066837913</value></Data>
<Data name="source"><value>民國113年農村水保署災後衛星影像判釋</value></Data>
</ExtendedData>
<Polygon><outerBoundaryIs><LinearRing>
<coordinates>121.66681945,24.21114623,0 121.66677654,24.21099945,0 121.66652977,24.21113644,0 121.66655660,24.21131747,0 121.66681945,24.21114623,0</coordinates>
</LinearRing></outerBoundaryIs></Polygon>
</Placemark>
<Placemark>
<name>SWCB_1188_1</name>
<ExtendedData>
<Data name="events"><value>0403花蓮地震</value></Data>
<Data name="area_ha"><value>1.41661718002</value></Data>
<Data name="source"><value>民國113年農村水保署災後衛星影像判釋</value></Data>
</ExtendedData>
<Polygon><outerBoundaryIs><LinearRing>
<coordinates>121.66905642,24.22031946,0 121.66937292,24.21945353,0 121.66925490,24.21872948,0 121.66942656,24.21836745,0 121.66890621,24.21819133,0 121.66846097,24.21820111,0 121.66851997,24.21900344,0 121.66901886,24.21982534,0 121.66901886,24.22020694,0 121.66905642,24.22031946,0</coordinates>
</LinearRing></outerBoundaryIs></Polygon>
</Placemark>
<Placemark>
<name>SWCB_1181_1</name>
<ExtendedData>
<Data name="events"><value>0403花蓮地震</value></Data>
<Data name="area_ha"><value>1.53177530975</value></Data>
<Data name="source"><value>民國113年農村水保署災後衛星影像判釋</value></Data>
</ExtendedData>
<Polygon><outerBoundaryIs><LinearRing>
<coordinates>121.66385293,24.21764828,0 121.66472197,24.21806902,0 121.66575193,24.21801031,0 121.66600943,24.21789290,0 121.66589141,24.21729603,0 121.66450739,24.21735474,0 121.66394949,24.21723732,0 121.66389585,24.21734496,0 121.66385293,24.21764828,0</coordinates>
</LinearRing></outerBoundaryIs></Polygon>
</Placemark>
<Placemark>
<name>SWCB_1184_1</name>
<ExtendedData>
<Data name="events"><value>0403花蓮地震</value></Data>
<Data name="area_ha"><value>0.423379802269</value></Data>
<Data name="source"><value>民國113年農村水保署災後衛星影像判釋</value></Data>
</ExtendedData>
<Polygon><outerBoundaryIs><LinearRing>
<coordinates>121.68083131,24.22287317,0 121.68056846,24.22272151,0 121.68060601,24.22249158,0 121.68025732,24.22194855,0 121.68003738,24.22190452,0 121.68008029,24.22165992,0 121.67977452,24.22122451,0 121.67969406,24.22086738,0 121.67960286,24.22087717,0 121.67960823,24.22123430,0 121.67981207,24.22149847,0 121.67929709,24.22142020,0 121.67986035,24.22155718,0 121.68001592,24.22196323,0 121.68018222,24.22202194,0 121.68065965,24.22297590,0 121.68083131,24.22287317,0</coordinates>
</LinearRing></outerBoundaryIs></Polygon>
</Placemark>
<Placemark>
<name>SWCB_1186_1</name>
<ExtendedData>
<Data name="events"><value>0403花蓮地震</value></Data>
<Data name="area_ha"><value>0.227011892285</value></Data>
<Data name="source"><value>民國113年農村水保署災後衛星影像判釋</value></Data>
</ExtendedData>
<Polygon><outerBoundaryIs><LinearRing>
<coordinates>121.68288052,24.22177733,0 121.68222606,24.22191431,0 121.68148041,24.22121962,0 121.68082595,24.22101904,0 121.68133557,24.22120984,0 121.68216705,24.22195344,0 121.68247819,24.22199747,0 121.68288052,24.22177733,0</coordinates>
</LinearRing></outerBoundaryIs></Polygon>
</Placemark>
<Placemark>
<name>SWCB_1198_1</name>
<ExtendedData>
<Data name="events"><value>0403花蓮地震</value></Data>
<Data name="area_ha"><value>0.120002074297</value></Data>
<Data name="source"><value>民國113年農村水保署災後衛星影像判釋</value></Data>
</ExtendedData>
<Polygon><outerBoundaryIs><LinearRing>
<coordinates>121.66445374,24.21203667,0 121.66484535,24.21193882,0 121.66527987,24.21158656,0 121.66522086,24.21151317,0 121.66480243,24.21173333,0 121.66445374,24.21203667,0</coordinates>
</LinearRing></outerBoundaryIs></Polygon>
</Placemark>
<Placemark>
<name>SWCB_1207_1</name>
<ExtendedData>
<Data name="events"><value>0403花蓮地震</value></Data>
<Data name="area_ha"><value>1.54250672479</value></Data>
<Data name="source"><value>民國113年農村水保署災後衛星影像判釋</value></Data>
</ExtendedData>
<Polygon><outerBoundaryIs><LinearRing>
<coordinates>121.68012321,24.21234490,0 121.68033779,24.21213452,0 121.68026268,24.21204645,0 121.67944729,24.21302496,0 121.67890549,24.21333318,0 121.67908251,24.21398877,0 121.67926490,24.21408662,0 121.67961895,24.21398877,0 121.67989790,24.21372947,0 121.68034852,24.21309345,0 121.68011248,24.21275587,0 121.68012321,24.21234490,0</coordinates>
</LinearRing></outerBoundaryIs></Polygon>
</Placemark>
<Placemark>
<name>SWCB_1206_1</name>
<ExtendedData>
<Data name="events"><value>0403花蓮地震</value></Data>
<Data name="area_ha"><value>0.469716738996</value></Data>
<Data name="source"><value>民國113年農村水保署災後衛星影像判釋</value></Data>
</ExtendedData>
<Polygon><outerBoundaryIs><LinearRing>
<coordinates>121.66832685,24.21631267,0 121.66823566,24.21596042,0 121.66836441,24.21577940,0 121.66799426,24.21544672,0 121.66805327,24.21523145,0 121.66781723,24.21517274,0 121.66772068,24.21537333,0 121.66796207,24.21559838,0 121.66770995,24.21584789,0 121.66819274,24.21637627,0 121.66832685,24.21631267,0</coordinates>
</LinearRing></outerBoundaryIs></Polygon>
</Placemark>
<Placemark>
<name>SWCB_1228_1</name>
<ExtendedData>
<Data name="events"><value>0403花蓮地震</value></Data>
<Data name="area_ha"><value>0.127886605015</value></Data>
<Data name="source"><value>民國113年農村水保署災後衛星影像判釋</value></Data>
</ExtendedData>
<Polygon><outerBoundaryIs><LinearRing>
<coordinates>121.66300535,24.21238893,0 121.66348279,24.21230576,0 121.66355789,24.21191436,0 121.66322529,24.21211495,0 121.66300535,24.21238893,0</coordinates>
</LinearRing></outerBoundaryIs></Polygon>
</Placemark>
<Placemark>
<name>SWCB_1218_1</name>
<ExtendedData>
<Data name="events"><value>0403花蓮地震</value></Data>
<Data name="area_ha"><value>0.797026039921</value></Data>
<Data name="source"><value>民國113年農村水保署災後衛星影像判釋</value></Data>
</ExtendedData>
<Polygon><outerBoundaryIs><LinearRing>
<coordinates>121.68080449,24.21963944,0 121.68172181,24.21930187,0 121.68234408,24.21927252,0 121.68247283,24.21909150,0 121.68219388,24.21894474,0 121.68171644,24.21906704,0 121.68148041,24.21933123,0 121.68070257,24.21949267,0 121.68099761,24.21899366,0 121.68189883,24.21880286,0 121.68231189,24.21891049,0 121.68289125,24.21850443,0 121.68242455,24.21847019,0 121.68225825,24.21868055,0 121.68090641,24.21895452,0 121.68063819,24.21918446,0 121.68069184,24.21956116,0 121.68080449,24.21963944,0</coordinates>
</LinearRing></outerBoundaryIs></Polygon>
</Placemark>
<Placemark>
<name>SWCB_1231_1</name>
<ExtendedData>
<Data name="events"><value>0403花蓮地震</value></Data>
<Data name="area_ha"><value>0.19313618114</value></Data>
<Data name="source"><value>民國113年農村水保署災後衛星影像判釋</value></Data>
</ExtendedData>
<Polygon><outerBoundaryIs><LinearRing>
<coordinates>121.66696429,24.21334297,0 121.66703939,24.21375883,0 121.66708231,24.21292711,0 121.66652441,24.21345060,0 121.66696429,24.21334297,0</coordinates>
</LinearRing></outerBoundaryIs></Polygon>
</Placemark>
<Placemark>
<name>SWCB_1242_1</name>
<ExtendedData>
<Data name="events"><value>0403花蓮地震</value></Data>
<Data name="area_ha"><value>1.47303698757</value></Data>
<Data name="source"><value>民國113年農村水保署災後衛星影像判釋</value></Data>
</ExtendedData>
<Polygon><outerBoundaryIs><LinearRing>
<coordinates>121.67165279,24.21681658,0 121.67169034,24.21647901,0 121.67187274,24.21655240,0 121.67186737,24.21711012,0 121.67248428,24.21674809,0 121.67230189,24.21634692,0 121.67192638,24.21619036,0 121.67180300,24.21582833,0 121.67163134,24.21572069,0 121.67148650,24.21478624,0 121.67144895,24.21544183,0 121.67105734,24.21616101,0 121.67108417,24.21681658,0 121.67127728,24.21686551,0 121.67165279,24.21681658,0</coordinates>
</LinearRing></outerBoundaryIs></Polygon>
</Placemark>
<Placemark>
<name>SWCB_1245_1</name>
<ExtendedData>
<Data name="events"><value>0403花蓮地震</value></Data>
<Data name="area_ha"><value>4.74279177029</value></Data>
<Data name="source"><value>民國113年農村水保署災後衛星影像判釋</value></Data>
</ExtendedData>
<Polygon><outerBoundaryIs><LinearRing>
<coordinates>121.67657733,24.21380775,0 121.67650223,24.21355335,0 121.67674363,24.21276076,0 121.67668998,24.21247210,0 121.67702258,24.21234001,0 121.67707622,24.21258463,0 121.67694747,24.21279012,0 121.67719424,24.21284883,0 121.67741954,24.21237425,0 121.67659342,24.21135661,0 121.67684555,24.21085756,0 121.67667389,24.20948764,0 121.67642713,24.21129790,0 121.67635202,24.21142510,0 121.67615891,24.21141042,0 121.67595506,24.21178715,0 121.67575121,24.21178715,0 121.67546690,24.21208559,0 121.67529523,24.21250146,0 121.67520940,24.21327447,0 121.67534351,24.21336743,0 121.67545617,24.21327447,0 121.67545617,24.21244764,0 121.67559564,24.21217366,0 121.67576730,24.21258952,0 121.67557418,24.21339679,0 121.67564929,24.21392517,0 121.67597115,24.21374415,0 121.67608380,24.21384689,0 121.67600334,24.21410130,0 121.67622328,24.21417469,0 121.67670071,24.21419426,0 121.67688310,24.21390071,0 121.67699575,24.21416001,0 121.67728543,24.21403770,0 121.67741954,24.21411598,0 121.67728543,24.21463947,0 121.67739272,24.21477157,0 121.67767167,24.21422850,0 121.67768776,24.21368055,0 121.67757511,24.21336743,0 121.67740345,24.21334297,0 121.67685628,24.21383711,0 121.67657733,24.21380775,0</coordinates>
</LinearRing></outerBoundaryIs></Polygon>
</Placemark>
<Placemark>
<name>SWCB_1257_1</name>
<ExtendedData>
<Data name="events"><value>0403花蓮地震</value></Data>
<Data name="area_ha"><value>2.27188079211</value></Data>
<Data name="source"><value>民國113年農村水保署災後衛星影像判釋</value></Data>
</ExtendedData>
<Polygon><outerBoundaryIs><LinearRing>
<coordinates>121.66774750,24.21216388,0 121.66765094,24.21226662,0 121.66747928,24.21319130,0 121.66718423,24.21374904,0 121.66723251,24.21471286,0 121.66733444,24.21478624,0 121.66755438,24.21414044,0 121.66744173,24.21371969,0 121.66782260,24.21300049,0 121.66772068,24.21272162,0 121.66777432,24.21248678,0 121.66796744,24.21243786,0 121.66814983,24.21270694,0 121.66801572,24.21369033,0 121.66803718,24.21423340,0 121.66819811,24.21438996,0 121.66840732,24.21381754,0 121.66871846,24.21348974,0 121.66861653,24.21325490,0 121.66869164,24.21290264,0 121.66890621,24.21270694,0 121.66910470,24.21267759,0 121.66915834,24.21277544,0 121.66892231,24.21346528,0 121.66904569,24.21357781,0 121.66948557,24.21257974,0 121.66947484,24.21239382,0 121.66934609,24.21233511,0 121.66908324,24.21251124,0 121.66839123,24.21255038,0 121.66812837,24.21236936,0 121.66820884,24.21223726,0 121.66810691,24.21220302,0 121.66774750,24.21216388,0</coordinates>
</LinearRing></outerBoundaryIs></Polygon>
</Placemark>
<Placemark>
<name>SWCB_1258_1</name>
<ExtendedData>
<Data name="events"><value>0403花蓮地震</value></Data>
<Data name="area_ha"><value>0.357308376273</value></Data>
<Data name="source"><value>民國113年農村水保署災後衛星影像判釋</value></Data>
</ExtendedData>
<Polygon><outerBoundaryIs><LinearRing>
<coordinates>121.68111563,24.22069616,0 121.68220997,24.22080868,0 121.68290198,24.22122451,0 121.68271422,24.22106307,0 121.68273568,24.22094566,0 121.68266594,24.22102883,0 121.68267667,24.22084292,0 121.68240309,24.22080378,0 121.68205440,24.22050047,0 121.68197930,24.22052004,0 121.68210268,24.22071083,0 121.68187201,24.22059831,0 121.68102980,24.22061788,0 121.68080986,24.22044176,0 121.68104589,24.22020694,0 121.68034852,24.22042708,0 121.68111563,24.22069616,0</coordinates>
</LinearRing></outerBoundaryIs></Polygon>
</Placemark>
<Placemark>
<name>SWCB_1262_1</name>
<ExtendedData>
<Data name="events"><value>0403花蓮地震</value></Data>
<Data name="area_ha"><value>2.28788931019</value></Data>
<Data name="source"><value>民國113年農村水保署災後衛星影像判釋</value></Data>
</ExtendedData>
<Polygon><outerBoundaryIs><LinearRing>
<coordinates>121.68291807,24.21520210,0 121.68305218,24.21568155,0 121.68340623,24.21603870,0 121.68385148,24.21613165,0 121.68437719,24.21673831,0 121.68518186,24.21651815,0 121.68577194,24.21653283,0 121.68564856,24.21633224,0 121.68510675,24.21607784,0 121.68366909,24.21580386,0 121.68364227,24.21557881,0 121.68426991,24.21485474,0 121.68421090,24.21475689,0 121.68376565,24.21477157,0 121.68310046,24.21485474,0 121.68291807,24.21520210,0</coordinates>
</LinearRing></outerBoundaryIs></Polygon>
</Placemark>
<Placemark>
<name>SWCB_1266_1</name>
<ExtendedData>
<Data name="events"><value>0403花蓮地震</value></Data>
<Data name="area_ha"><value>0.13608049252</value></Data>
<Data name="source"><value>民國113年農村水保署災後衛星影像判釋</value></Data>
</ExtendedData>
<Polygon><outerBoundaryIs><LinearRing>
<coordinates>121.66959822,24.22696780,0 121.66922808,24.22692377,0 121.66895986,24.22715369,0 121.66909397,24.22719283,0 121.66961432,24.22705586,0 121.66959822,24.22696780,0</coordinates>
</LinearRing></outerBoundaryIs></Polygon>
</Placemark>
<Placemark>
<name>SWCB_1299_1</name>
<ExtendedData>
<Data name="events"><value>0403花蓮地震</value></Data>
<Data name="area_ha"><value>1.22631292472</value></Data>
<Data name="source"><value>民國113年農村水保署災後衛星影像判釋</value></Data>
</ExtendedData>
<Polygon><outerBoundaryIs><LinearRing>
<coordinates>121.67578340,24.22011398,0 121.67572975,24.21923338,0 121.67593896,24.21921870,0 121.67630911,24.21943396,0 121.67650759,24.21945842,0 121.67651832,24.21937526,0 121.67616427,24.21898387,0 121.67593360,24.21908172,0 121.67573512,24.21901323,0 121.67562783,24.21872458,0 121.67531133,24.21864142,0 121.67538106,24.21850443,0 121.67524695,24.21828917,0 121.67515576,24.21846529,0 121.67532206,24.21892028,0 121.67508602,24.21895941,0 121.67483389,24.21831363,0 121.67482316,24.21773145,0 121.67465150,24.21744769,0 121.67466223,24.21810816,0 121.67464614,24.21819133,0 121.67453885,24.21811305,0 121.67452276,24.21827449,0 121.67468369,24.21829896,0 121.67481244,24.21870012,0 121.67526841,24.21931655,0 121.67556882,24.22015312,0 121.67578340,24.22011398,0</coordinates>
</LinearRing></outerBoundaryIs></Polygon>
</Placemark>
<Placemark>
<name>SWCB_1306_1</name>
<ExtendedData>
<Data name="events"><value>0403花蓮地震</value></Data>
<Data name="area_ha"><value>0.811215007122</value></Data>
<Data name="source"><value>民國113年農村水保署災後衛星影像判釋</value></Data>
</ExtendedData>
<Polygon><outerBoundaryIs><LinearRing>
<coordinates>121.68320239,24.22370482,0 121.68382466,24.22410597,0 121.68398023,24.22456093,0 121.68413043,24.22456583,0 121.68449521,24.22419403,0 121.68481708,24.22406684,0 121.68415189,24.22347979,0 121.68392122,24.22358741,0 121.68396413,24.22385648,0 121.68365300,24.22380266,0 121.68357790,24.22362655,0 121.68345988,24.22355806,0 121.68320239,24.22370482,0</coordinates>
</LinearRing></outerBoundaryIs></Polygon>
</Placemark>
<Placemark>
<name>SWCB_1315_1</name>
<ExtendedData>
<Data name="events"><value>0403花蓮地震</value></Data>
<Data name="area_ha"><value>2.15526938782</value></Data>
<Data name="source"><value>民國113年農村水保署災後衛星影像判釋</value></Data>
</ExtendedData>
<Polygon><outerBoundaryIs><LinearRing>
<coordinates>121.66819811,24.21446823,0 121.66795671,24.21471286,0 121.66809082,24.21474710,0 121.66797817,24.21487431,0 121.66832685,24.21466393,0 121.66859508,24.21487431,0 121.66865945,24.21507490,0 121.66843951,24.21515807,0 121.66880965,24.21524124,0 121.66886330,24.21549564,0 121.66939974,24.21550543,0 121.66982353,24.21534887,0 121.67029023,24.21463458,0 121.67030096,24.21454162,0 121.66970551,24.21419915,0 121.66917980,24.21417469,0 121.66879892,24.21433125,0 121.66819811,24.21446823,0</coordinates>
</LinearRing></outerBoundaryIs></Polygon>
</Placemark>
<Placemark>
<name>SWCB_1326_1</name>
<ExtendedData>
<Data name="events"><value>0403花蓮地震</value></Data>
<Data name="area_ha"><value>3.38930008075</value></Data>
<Data name="source"><value>民國113年農村水保署災後衛星影像判釋</value></Data>
</ExtendedData>
<Polygon><outerBoundaryIs><LinearRing>
<coordinates>121.68439329,24.21838702,0 121.68379247,24.21854357,0 121.68366909,24.21845062,0 121.68326676,24.21868545,0 121.68291271,24.21870502,0 121.68232799,24.21960030,0 121.68120146,24.21993297,0 121.68078303,24.21993297,0 121.68044508,24.21976663,0 121.68038607,24.21955138,0 121.67978525,24.22012377,0 121.68190956,24.22004060,0 121.68269813,24.21963944,0 121.68282151,24.21975685,0 121.68367982,24.21965901,0 121.68376029,24.21974217,0 121.68362617,24.21990362,0 121.68268740,24.22055917,0 121.68328822,24.22052004,0 121.68359935,24.22018737,0 121.68325603,24.22020694,0 121.68384612,24.21990851,0 121.68380320,24.21936058,0 121.68420017,24.21858271,0 121.68498337,24.21823046,0 121.68545008,24.21758957,0 121.68542325,24.21730582,0 121.68518186,24.21724711,0 121.68496728,24.21769231,0 121.68434501,24.21802988,0 121.68439329,24.21838702,0</coordinates>
</LinearRing></outerBoundaryIs></Polygon>
</Placemark>
<Placemark>
<name>SWCB_1330_1</name>
<ExtendedData>
<Data name="events"><value>0403花蓮地震</value></Data>
<Data name="area_ha"><value>0.349629697479</value></Data>
<Data name="source"><value>民國113年農村水保署災後衛星影像判釋</value></Data>
</ExtendedData>
<Polygon><outerBoundaryIs><LinearRing>
<coordinates>121.67656124,24.22243777,0 121.67659879,24.22209532,0 121.67648077,24.22196812,0 121.67625546,24.22195834,0 121.67594433,24.22223719,0 121.67628229,24.22270194,0 121.67656124,24.22243777,0</coordinates>
</LinearRing></outerBoundaryIs></Polygon>
</Placemark>
<Placemark>
<name>SWCB_3330_1</name>
<ExtendedData>
<Data name="events"><value>凱米颱風</value></Data>
<Data name="area_ha"><value>0.160042934491</value></Data>
<Data name="source"><value>民國113年農村水保署災後衛星影像判釋</value></Data>
</ExtendedData>
<Polygon><outerBoundaryIs><LinearRing>
<coordinates>121.67482853,24.22259921,0 121.67482316,24.22286827,0 121.67521477,24.22296122,0 121.67531669,24.22287317,0 121.67522013,24.22259921,0 121.67482853,24.22259921,0</coordinates>
</LinearRing></outerBoundaryIs></Polygon>
</Placemark>
<Placemark>
<name>SWCB_565_1</name>
<ExtendedData>
<Data name="events"><value>0403花蓮地震</value></Data>
<Data name="area_ha"><value>0.599534149561</value></Data>
<Data name="source"><value>民國113年農村水保署災後衛星影像判釋</value></Data>
</ExtendedData>
<Polygon><outerBoundaryIs><LinearRing>
<coordinates>121.66906178,24.22797554,0 121.66924417,24.22793151,0 121.66931927,24.22776030,0 121.66886330,24.22758419,0 121.66815519,24.22757440,0 121.66733980,24.22793640,0 121.66906178,24.22797554,0</coordinates>
</LinearRing></outerBoundaryIs></Polygon>
</Placemark>
<Placemark>
<name>SWCB_588_1</name>
<ExtendedData>
<Data name="events"><value>0403花蓮地震</value></Data>
<Data name="area_ha"><value>0.0169395526531</value></Data>
<Data name="source"><value>民國113年農村水保署災後衛星影像判釋</value></Data>
</ExtendedData>
<Polygon><outerBoundaryIs><LinearRing>
<coordinates>121.67922735,24.24479285,0 121.67932928,24.24473904,0 121.67923272,24.24466567,0 121.67913616,24.24477328,0 121.67922735,24.24479285,0</coordinates>
</LinearRing></outerBoundaryIs></Polygon>
</Placemark>
<Placemark>
<name>SWCB_648_1</name>
<ExtendedData>
<Data name="events"><value>0403花蓮地震</value></Data>
<Data name="area_ha"><value>0.132729626223</value></Data>
<Data name="source"><value>民國113年農村水保署災後衛星影像判釋</value></Data>
</ExtendedData>
<Polygon><outerBoundaryIs><LinearRing>
<coordinates>121.67787552,24.24278252,0 121.67812228,24.24253306,0 121.67772532,24.24253795,0 121.67745709,24.24270915,0 121.67748928,24.24284121,0 121.67787552,24.24278252,0</coordinates>
</LinearRing></outerBoundaryIs></Polygon>
</Placemark>
<Placemark>
<name>SWCB_650_1</name>
<ExtendedData>
<Data name="events"><value>0403花蓮地震</value></Data>
<Data name="area_ha"><value>1.01703042554</value></Data>
<Data name="source"><value>民國113年農村水保署災後衛星影像判釋</value></Data>
</ExtendedData>
<Polygon><outerBoundaryIs><LinearRing>
<coordinates>121.67522013,24.23918733,0 121.67526305,24.23910417,0 121.67536497,24.23923135,0 121.67552590,24.23920689,0 121.67552590,24.23891829,0 121.67515576,24.23838512,0 121.67497873,24.23859056,0 121.67526305,24.23874709,0 121.67519867,24.23886938,0 121.67486608,24.23875198,0 121.67453349,24.23836555,0 121.67443693,24.23859545,0 121.67482853,24.23973517,0 121.67537034,24.24009225,0 121.67548835,24.24030747,0 121.67546690,24.23999931,0 121.67522013,24.23918733,0</coordinates>
</LinearRing></outerBoundaryIs></Polygon>
</Placemark>
<Placemark>
<name>SWCB_717_1</name>
<ExtendedData>
<Data name="events"><value>0403花蓮地震</value></Data>
<Data name="area_ha"><value>0.0575366622138</value></Data>
<Data name="source"><value>民國113年農村水保署災後衛星影像判釋</value></Data>
</ExtendedData>
<Polygon><outerBoundaryIs><LinearRing>
<coordinates>121.67619646,24.23967158,0 121.67625010,24.23953951,0 121.67611063,24.23945147,0 121.67583704,24.23966180,0 121.67619646,24.23967158,0</coordinates>
</LinearRing></outerBoundaryIs></Polygon>
</Placemark>
<Placemark>
<name>SWCB_789_1</name>
<ExtendedData>
<Data name="events"><value>0403花蓮地震</value></Data>
<Data name="area_ha"><value>2.13562223963</value></Data>
<Data name="source"><value>民國113年農村水保署災後衛星影像判釋</value></Data>
</ExtendedData>
<Polygon><outerBoundaryIs><LinearRing>
<coordinates>121.68224752,24.23632577,0 121.68184519,24.23554801,0 121.68091178,24.23564584,0 121.68060064,24.23601760,0 121.68056309,24.23644806,0 121.68069184,24.23674645,0 121.68195248,24.23674645,0 121.68294489,24.23703505,0 121.68224752,24.23632577,0</coordinates>
</LinearRing></outerBoundaryIs></Polygon>
</Placemark>
<Placemark>
<name>SWCB_883_1</name>
<ExtendedData>
<Data name="events"><value>0403花蓮地震</value></Data>
<Data name="area_ha"><value>0.456486032467</value></Data>
<Data name="source"><value>民國113年農村水保署災後衛星影像判釋</value></Data>
</ExtendedData>
<Polygon><outerBoundaryIs><LinearRing>
<coordinates>121.67152941,24.24037106,0 121.67153478,24.24013138,0 121.67137384,24.24024877,0 121.67132556,24.24015094,0 121.67167425,24.23974495,0 121.67162061,24.23955908,0 121.67112708,24.23971071,0 121.67092860,24.23997485,0 121.67098761,24.24029280,0 121.67122364,24.23990148,0 121.67144895,24.23979876,0 121.67103052,24.24057650,0 121.67111099,24.24071835,0 121.67152941,24.24037106,0</coordinates>
</LinearRing></outerBoundaryIs></Polygon>
</Placemark>
<Placemark>
<name>SWCB_887_1</name>
<ExtendedData>
<Data name="events"><value>0403花蓮地震</value></Data>
<Data name="area_ha"><value>0.407295569943</value></Data>
<Data name="source"><value>民國113年農村水保署災後衛星影像判釋</value></Data>
</ExtendedData>
<Polygon><outerBoundaryIs><LinearRing>
<coordinates>121.68096006,24.23208958,0 121.68135166,24.23190858,0 121.68115854,24.23144876,0 121.68094933,24.23163953,0 121.68061674,24.23171291,0 121.68066502,24.23226079,0 121.68080449,24.23233906,0 121.68096006,24.23208958,0</coordinates>
</LinearRing></outerBoundaryIs></Polygon>
</Placemark>
<Placemark>
<name>SWCB_902_1</name>
<ExtendedData>
<Data name="events"><value>0403花蓮地震</value></Data>
<Data name="area_ha"><value>0.218007852563</value></Data>
<Data name="source"><value>民國113年農村水保署災後衛星影像判釋</value></Data>
</ExtendedData>
<Polygon><outerBoundaryIs><LinearRing>
<coordinates>121.68394804,24.24427437,0 121.68423772,24.24381948,0 121.68407679,24.24374122,0 121.68362617,24.24423035,0 121.68394804,24.24427437,0</coordinates>
</LinearRing></outerBoundaryIs></Polygon>
</Placemark>
<Placemark>
<name>SWCB_921_1</name>
<ExtendedData>
<Data name="events"><value>0403花蓮地震</value></Data>
<Data name="area_ha"><value>0.0820037342216</value></Data>
<Data name="source"><value>民國113年農村水保署災後衛星影像判釋</value></Data>
</ExtendedData>
<Polygon><outerBoundaryIs><LinearRing>
<coordinates>121.67209268,24.23990637,0 121.67200148,24.23951505,0 121.67185664,24.23969604,0 121.67195320,24.23994061,0 121.67209268,24.23990637,0</coordinates>
</LinearRing></outerBoundaryIs></Polygon>
</Placemark>
<Placemark>
<name>SWCB_926_1</name>
<ExtendedData>
<Data name="events"><value>0403花蓮地震</value></Data>
<Data name="area_ha"><value>0.455828584797</value></Data>
<Data name="source"><value>民國113年農村水保署災後衛星影像判釋</value></Data>
</ExtendedData>
<Polygon><outerBoundaryIs><LinearRing>
<coordinates>121.67343378,24.23992594,0 121.67349815,24.23958843,0 121.67386293,24.23963734,0 121.67386830,24.23951995,0 121.67362154,24.23952484,0 121.67349815,24.23880579,0 121.67327285,24.23903080,0 121.67326748,24.23933896,0 121.67310655,24.23958843,0 121.67311728,24.23986724,0 121.67324603,24.23993572,0 121.67343378,24.23992594,0</coordinates>
</LinearRing></outerBoundaryIs></Polygon>
</Placemark>
<Placemark>
<name>SWCB_982_1</name>
<ExtendedData>
<Data name="events"><value>0403花蓮地震</value></Data>
<Data name="area_ha"><value>0.0290753198517</value></Data>
<Data name="source"><value>民國113年農村水保署災後衛星影像判釋</value></Data>
</ExtendedData>
<Polygon><outerBoundaryIs><LinearRing>
<coordinates>121.67704403,24.24169174,0 121.67707622,24.24158902,0 121.67691529,24.24154011,0 121.67678654,24.24170642,0 121.67704403,24.24169174,0</coordinates>
</LinearRing></outerBoundaryIs></Polygon>
</Placemark>
<Placemark>
<name>SWCB_1023_1</name>
<ExtendedData>
<Data name="events"><value>0403花蓮地震</value></Data>
<Data name="area_ha"><value>6.30606395853</value></Data>
<Data name="source"><value>民國113年農村水保署災後衛星影像判釋</value></Data>
</ExtendedData>
<Polygon><outerBoundaryIs><LinearRing>
<coordinates>121.68244600,24.22877292,0 121.68252110,24.22837178,0 121.68233871,24.22817611,0 121.68234944,24.22789238,0 121.68268204,24.22740318,0 121.68278933,24.22742275,0 121.68319166,24.22774562,0 121.68319702,24.22789238,0 121.68284833,24.22870443,0 121.68280542,24.22949203,0 121.68290734,24.22978065,0 121.68246210,24.22974151,0 121.68238699,24.22984913,0 121.68247819,24.23007416,0 121.68319166,24.23048996,0 121.68326676,24.23108187,0 121.68314338,24.23163464,0 121.68335795,24.23146343,0 121.68340623,24.23077858,0 121.68357790,24.23074434,0 121.68373346,24.23104274,0 121.68374956,24.23063672,0 121.68361008,24.23051442,0 121.68357253,24.23020624,0 121.68396950,24.23020624,0 121.68431818,24.23061715,0 121.68474734,24.23080304,0 121.68487072,24.23074434,0 121.68489754,24.23045083,0 121.68523550,24.23033832,0 121.68569684,24.23040191,0 121.68541253,24.22972194,0 121.68490291,24.22937462,0 121.68476343,24.22829351,0 121.68459177,24.22812230,0 121.68426454,24.22804892,0 121.68455958,24.22851854,0 121.68449521,24.22912024,0 121.68434501,24.22921319,0 121.68401241,24.22894903,0 121.68378174,24.22923765,0 121.68349206,24.22904687,0 121.68336868,24.22876803,0 121.68334723,24.22777008,0 121.68305755,24.22714880,0 121.68258548,24.22723686,0 121.68206513,24.22768202,0 121.68187737,24.22859681,0 121.68196321,24.22874846,0 121.68231726,24.22854789,0 121.68210804,24.22895392,0 121.68238163,24.22952138,0 121.68255329,24.22937951,0 121.68244600,24.22877292,0</coordinates>
</LinearRing></outerBoundaryIs></Polygon>
</Placemark>
<Placemark>
<name>SWCB_1025_1</name>
<ExtendedData>
<Data name="events"><value>0403花蓮地震</value></Data>
<Data name="area_ha"><value>0.065877568103</value></Data>
<Data name="source"><value>民國113年農村水保署災後衛星影像判釋</value></Data>
</ExtendedData>
<Polygon><outerBoundaryIs><LinearRing>
<coordinates>121.67681336,24.24078194,0 121.67683482,24.24073303,0 121.67651296,24.24064987,0 121.67613208,24.24083085,0 121.67681336,24.24078194,0</coordinates>
</LinearRing></outerBoundaryIs></Polygon>
</Placemark>
<Placemark>
<name>SWCB_1038_1</name>
<ExtendedData>
<Data name="events"><value>0403花蓮地震</value></Data>
<Data name="area_ha"><value>1.65794277568</value></Data>
<Data name="source"><value>民國113年農村水保署災後衛星影像判釋</value></Data>
</ExtendedData>
<Polygon><outerBoundaryIs><LinearRing>
<coordinates>121.68509066,24.24099716,0 121.68547690,24.24053737,0 121.68532133,24.24026834,0 121.68518186,24.24067922,0 121.68499947,24.24061074,0 121.68517649,24.23977430,0 121.68555200,24.23945636,0 121.68547690,24.23913841,0 121.68496728,24.23950038,0 121.68493509,24.23993572,0 121.68440402,24.24055204,0 121.68438792,24.24071835,0 121.68475807,24.24054715,0 121.68481171,24.24070857,0 121.68407142,24.24166239,0 121.68411970,24.24223469,0 121.68454885,24.24201947,0 121.68509066,24.24099716,0</coordinates>
</LinearRing></outerBoundaryIs></Polygon>
</Placemark>
<Placemark>
<name>SWCB_1051_1</name>
<ExtendedData>
<Data name="events"><value>0403花蓮地震</value></Data>
<Data name="area_ha"><value>4.95584640267</value></Data>
<Data name="source"><value>民國113年農村水保署災後衛星影像判釋</value></Data>
</ExtendedData>
<Polygon><outerBoundaryIs><LinearRing>
<coordinates>121.67414725,24.23140473,0 121.67422235,24.23121395,0 121.67401314,24.23076390,0 121.67422771,24.23048507,0 121.67472124,24.23025026,0 121.67486072,24.22998121,0 121.67552054,24.23030896,0 121.67570829,24.23028450,0 121.67557955,24.23004481,0 121.67511821,24.22982956,0 121.67497337,24.22954584,0 121.67506993,24.22926700,0 121.67471051,24.22920341,0 121.67429209,24.22931103,0 121.67378247,24.22897349,0 121.67366982,24.22912514,0 121.67373955,24.22937462,0 121.67353570,24.22945778,0 121.67277396,24.22924254,0 121.67224288,24.22888543,0 121.67214096,24.22893924,0 121.67219460,24.22916916,0 121.67320848,24.22964367,0 121.67332113,24.22980021,0 121.67327285,24.22995186,0 121.67285979,24.23013775,0 121.67263448,24.23041169,0 121.67216778,24.23043615,0 121.67230725,24.23086663,0 121.67279541,24.23154170,0 121.67414725,24.23140473,0</coordinates>
</LinearRing></outerBoundaryIs></Polygon>
</Placemark>
<Placemark>
<name>SWCB_1247_1</name>
<ExtendedData>
<Data name="events"><value>0403花蓮地震</value></Data>
<Data name="area_ha"><value>6.04906431107</value></Data>
<Data name="source"><value>民國113年農村水保署災後衛星影像判釋</value></Data>
</ExtendedData>
<Polygon><outerBoundaryIs><LinearRing>
<coordinates>121.66524231,24.23439358,0 121.66592360,24.23390441,0 121.66659415,24.23417345,0 121.66782796,24.23368917,0 121.66890621,24.23361580,0 121.66893840,24.23342502,0 121.66880429,24.23327827,0 121.66792452,24.23325870,0 121.66716814,24.23304347,0 121.66586459,24.23250538,0 121.66486144,24.23253473,0 121.66449666,24.23292117,0 121.66411579,24.23386527,0 121.66406751,24.23415878,0 121.66444302,24.23446695,0 121.66524231,24.23439358,0</coordinates>
</LinearRing></outerBoundaryIs></Polygon>
</Placemark>
<Placemark>
<name>SWCB_1958_1</name>
<ExtendedData>
<Data name="events"><value>0629豪雨</value></Data>
<Data name="area_ha"><value>0.130034510521</value></Data>
<Data name="source"><value>民國113年農村水保署災後衛星影像判釋</value></Data>
</ExtendedData>
<Polygon><outerBoundaryIs><LinearRing>
<coordinates>121.67112172,24.24062541,0 121.67101979,24.24089444,0 121.67131484,24.24098738,0 121.67141676,24.24063031,0 121.67112172,24.24062541,0</coordinates>
</LinearRing></outerBoundaryIs></Polygon>
</Placemark>
<Placemark>
<name>SWCB_1959_1</name>
<ExtendedData>
<Data name="events"><value>0629豪雨</value></Data>
<Data name="area_ha"><value>0.280075786688</value></Data>
<Data name="source"><value>民國113年農村水保署災後衛星影像判釋</value></Data>
</ExtendedData>
<Polygon><outerBoundaryIs><LinearRing>
<coordinates>121.67624474,24.24030747,0 121.67604625,24.24048845,0 121.67613745,24.24093847,0 121.67643785,24.24094336,0 121.67653978,24.24031236,0 121.67624474,24.24030747,0</coordinates>
</LinearRing></outerBoundaryIs></Polygon>
</Placemark>
<Placemark>
<name>SWCB_3521_1</name>
<ExtendedData>
<Data name="events"><value>凱米颱風</value></Data>
<Data name="area_ha"><value>0.0663137403226</value></Data>
<Data name="source"><value>民國113年農村水保署災後衛星影像判釋</value></Data>
</ExtendedData>
<Polygon><outerBoundaryIs><LinearRing>
<coordinates>121.67092860,24.24108521,0 121.67140067,24.24094825,0 121.67123973,24.24080151,0 121.67092860,24.24108521,0</coordinates>
</LinearRing></outerBoundaryIs></Polygon>
</Placemark>
<Placemark>
<name>SWCB_808_1</name>
<ExtendedData>
<Data name="events"><value>0403花蓮地震</value></Data>
<Data name="area_ha"><value>1.80092526667</value></Data>
<Data name="source"><value>民國113年農村水保署災後衛星影像判釋</value></Data>
</ExtendedData>
<Polygon><outerBoundaryIs><LinearRing>
<coordinates>121.68250501,24.24968403,0 121.68199539,24.24965468,0 121.68192565,24.24992369,0 121.68198505,24.25000000,0 121.68273237,24.25000000,0 121.68250501,24.24968403,0</coordinates>
</LinearRing></outerBoundaryIs></Polygon>
</Placemark>
<Placemark>
<name>SWCB_2074_1</name>
<ExtendedData>
<Data name="events"><value>0629豪雨</value></Data>
<Data name="area_ha"><value>0.121338870967</value></Data>
<Data name="source"><value>民國113年農村水保署災後衛星影像判釋</value></Data>
</ExtendedData>
<Polygon><outerBoundaryIs><LinearRing>
<coordinates>121.66485071,24.20618017,0 121.66492045,24.20626824,0 121.66476488,24.20645906,0 121.66508675,24.20641992,0 121.66505992,24.20620464,0 121.66518867,24.20622421,0 121.66517794,24.20640524,0 121.66535497,24.20631717,0 121.66524231,24.20611657,0 121.66485071,24.20618017,0</coordinates>
</LinearRing></outerBoundaryIs></Polygon>
</Placemark>
<Placemark>
<name>SWCB_915_1</name>
<ExtendedData>
<Data name="events"><value>0403花蓮地震</value></Data>
<Data name="area_ha"><value>0.933047504021</value></Data>
<Data name="source"><value>民國113年農村水保署災後衛星影像判釋</value></Data>
</ExtendedData>
<Polygon><outerBoundaryIs><LinearRing>
<coordinates>121.66510820,24.19823409,0 121.66459858,24.19726037,0 121.66440010,24.19731908,0 121.66411042,24.19767139,0 121.66410506,24.19786222,0 121.66384220,24.19819495,0 121.66389585,24.19844939,0 121.66510820,24.19823409,0</coordinates>
</LinearRing></outerBoundaryIs></Polygon>
</Placemark>
<Placemark>
<name>SWCB_1052_1</name>
<ExtendedData>
<Data name="events"><value>0403花蓮地震</value></Data>
<Data name="area_ha"><value>2.13802849695</value></Data>
<Data name="source"><value>民國113年農村水保署災後衛星影像判釋</value></Data>
</ExtendedData>
<Polygon><outerBoundaryIs><LinearRing>
<coordinates>121.66782260,24.20189894,0 121.66782260,24.20222187,0 121.66747391,24.20231484,0 121.66746855,24.20254480,0 121.66858435,24.20266223,0 121.66952312,24.20207509,0 121.66962504,24.20181576,0 121.66912079,24.20124329,0 121.66776896,24.20153197,0 121.66780651,24.20162983,0 121.66835368,24.20168855,0 121.66798890,24.20186958,0 121.66782260,24.20189894,0</coordinates>
</LinearRing></outerBoundaryIs></Polygon>
</Placemark>
<Placemark>
<name>SWCB_1063_1</name>
<ExtendedData>
<Data name="events"><value>0403花蓮地震</value></Data>
<Data name="area_ha"><value>1.06867037214</value></Data>
<Data name="source"><value>民國113年農村水保署災後衛星影像判釋</value></Data>
</ExtendedData>
<Polygon><outerBoundaryIs><LinearRing>
<coordinates>121.66936755,24.20341574,0 121.66913688,24.20345977,0 121.66916370,24.20355763,0 121.66985035,24.20348424,0 121.66956604,24.20365549,0 121.66961432,24.20374845,0 121.67011321,24.20379738,0 121.66988254,24.20418391,0 121.67045653,24.20415945,0 121.67069793,24.20390013,0 121.67029560,24.20327384,0 121.66981816,24.20290199,0 121.66930318,24.20329342,0 121.66936755,24.20341574,0</coordinates>
</LinearRing></outerBoundaryIs></Polygon>
</Placemark>
<Placemark>
<name>SWCB_1920_1</name>
<ExtendedData>
<Data name="events"><value>0403花蓮地震</value></Data>
<Data name="area_ha"><value>0.128461077019</value></Data>
<Data name="source"><value>民國113年農村水保署災後衛星影像判釋</value></Data>
</ExtendedData>
<Polygon><outerBoundaryIs><LinearRing>
<coordinates>121.66809618,24.19958457,0 121.66795135,24.19956989,0 121.66810155,24.20003962,0 121.66834295,24.20007387,0 121.66809618,24.19958457,0</coordinates>
</LinearRing></outerBoundaryIs></Polygon>
</Placemark>
<Placemark>
<name>SWCB_3393_1</name>
<ExtendedData>
<Data name="events"><value>凱米颱風</value></Data>
<Data name="area_ha"><value>0.170043727795</value></Data>
<Data name="source"><value>民國113年農村水保署災後衛星影像判釋</value></Data>
</ExtendedData>
<Polygon><outerBoundaryIs><LinearRing>
<coordinates>121.66430891,24.20182555,0 121.66420698,24.20209466,0 121.66470051,24.20219252,0 121.66460395,24.20183044,0 121.66430891,24.20182555,0</coordinates>
</LinearRing></outerBoundaryIs></Polygon>
</Placemark>
<Placemark>
<name>SWCB_3394_1</name>
<ExtendedData>
<Data name="events"><value>凱米颱風</value></Data>
<Data name="area_ha"><value>0.0400103939346</value></Data>
<Data name="source"><value>民國113年農村水保署災後衛星影像判釋</value></Data>
</ExtendedData>
<Polygon><outerBoundaryIs><LinearRing>
<coordinates>121.66470587,24.20164940,0 121.66470587,24.20183044,0 121.66489899,24.20183044,0 121.66490436,24.20164940,0 121.66470587,24.20164940,0</coordinates>
</LinearRing></outerBoundaryIs></Polygon>
</Placemark>
<Placemark>
<name>SWCB_3395_1</name>
<ExtendedData>
<Data name="events"><value>凱米颱風</value></Data>
<Data name="area_ha"><value>0.100025934123</value></Data>
<Data name="source"><value>民國113年農村水保署災後衛星影像判釋</value></Data>
</ExtendedData>
<Polygon><outerBoundaryIs><LinearRing>
<coordinates>121.66471124,24.20128732,0 121.66470587,24.20155644,0 121.66500092,24.20146836,0 121.66500628,24.20119925,0 121.66471124,24.20128732,0</coordinates>
</LinearRing></outerBoundaryIs></Polygon>
</Placemark>
<Placemark>
<name>SWCB_3396_1</name>
<ExtendedData>
<Data name="events"><value>凱米颱風</value></Data>
<Data name="area_ha"><value>0.100025883404</value></Data>
<Data name="source"><value>民國113年農村水保署災後衛星影像判釋</value></Data>
</ExtendedData>
<Polygon><outerBoundaryIs><LinearRing>
<coordinates>121.66541934,24.19948671,0 121.66541398,24.19976072,0 121.66570902,24.19967264,0 121.66571438,24.19939863,0 121.66541934,24.19948671,0</coordinates>
</LinearRing></outerBoundaryIs></Polygon>
</Placemark>
<Placemark>
<name>SWCB_2069_1</name>
<ExtendedData>
<Data name="events"><value>0629豪雨</value></Data>
<Data name="area_ha"><value>0.128894207265</value></Data>
<Data name="source"><value>民國113年農村水保署災後衛星影像判釋</value></Data>
</ExtendedData>
<Polygon><outerBoundaryIs><LinearRing>
<coordinates>121.70135558,24.23754377,0 121.70128047,24.23746551,0 121.70092642,24.23774433,0 121.70188665,24.23755356,0 121.70137167,24.23742638,0 121.70135558,24.23754377,0</coordinates>
</LinearRing></outerBoundaryIs></Polygon>
</Placemark>
<Placemark>
<name>SWCB_541_1</name>
<ExtendedData>
<Data name="events"><value>0403花蓮地震</value></Data>
<Data name="area_ha"><value>0.0473319246781</value></Data>
<Data name="source"><value>民國113年農村水保署災後衛星影像判釋</value></Data>
</ExtendedData>
<Polygon><outerBoundaryIs><LinearRing>
<coordinates>121.70110881,24.23765139,0 121.70118928,24.23760736,0 121.70100152,24.23748018,0 121.70084059,24.23750464,0 121.70084596,24.23761226,0 121.70110881,24.23765139,0</coordinates>
</LinearRing></outerBoundaryIs></Polygon>
</Placemark>
<Placemark>
<name>SWCB_542_1</name>
<ExtendedData>
<Data name="events"><value>0403花蓮地震</value></Data>
<Data name="area_ha"><value>1.88839987053</value></Data>
<Data name="source"><value>民國113年農村水保署災後衛星影像判釋</value></Data>
</ExtendedData>
<Polygon><outerBoundaryIs><LinearRing>
<coordinates>121.68873847,24.23351307,0 121.68885648,24.23304836,0 121.68976843,24.23136070,0 121.68988645,24.23158083,0 121.68962896,24.23236352,0 121.68952167,24.23339078,0 121.68963969,24.23345926,0 121.68978453,24.23325381,0 121.68989718,24.23328805,0 121.69078767,24.23239287,0 121.69114709,24.23245646,0 121.69123828,24.23236841,0 121.69123828,24.23223144,0 121.69077158,24.23192815,0 121.69076622,24.23165421,0 121.69058383,24.23158083,0 121.69044971,24.23186456,0 121.69069111,24.23199174,0 121.69074476,24.23224611,0 121.69051409,24.23265213,0 121.69024050,24.23263256,0 121.69024587,24.23282823,0 121.68976307,24.23314619,0 121.68981135,24.23189391,0 121.69049263,24.23129711,0 121.69044435,24.23119927,0 121.69003129,24.23145854,0 121.69011176,24.23124330,0 121.68999910,24.23101828,0 121.69029951,24.23090577,0 121.69015467,24.23036767,0 121.68987036,24.23061226,0 121.68963969,24.23137538,0 121.68893158,24.23253473,0 121.68820739,24.23338100,0 121.68842733,24.23356688,0 121.68864191,24.23330273,0 121.68873847,24.23351307,0</coordinates>
</LinearRing></outerBoundaryIs></Polygon>
</Placemark>
<Placemark>
<name>SWCB_545_1</name>
<ExtendedData>
<Data name="events"><value>0403花蓮地震</value></Data>
<Data name="area_ha"><value>1.32496387297</value></Data>
<Data name="source"><value>民國113年農村水保署災後衛星影像判釋</value></Data>
</ExtendedData>
<Polygon><outerBoundaryIs><LinearRing>
<coordinates>121.69436038,24.24547273,0 121.69452667,24.24559012,0 121.69450521,24.24582001,0 121.69415653,24.24611838,0 121.69433892,24.24658304,0 121.69418335,24.24692053,0 121.69388294,24.24702814,0 121.69402778,24.24722868,0 121.69429064,24.24716998,0 121.69465005,24.24644609,0 121.69484317,24.24630424,0 121.69471979,24.24602055,0 121.69471979,24.24537002,0 121.69514894,24.24495915,0 121.69496119,24.24492002,0 121.69418335,24.24520371,0 121.69483781,24.24472926,0 121.69484854,24.24458741,0 121.69470370,24.24457763,0 121.69385612,24.24522328,0 121.69382930,24.24536023,0 121.69404387,24.24536513,0 121.69374883,24.24578577,0 121.69386685,24.24584447,0 121.69400632,24.24563414,0 121.69436038,24.24547273,0</coordinates>
</LinearRing></outerBoundaryIs></Polygon>
</Placemark>
<Placemark>
<name>SWCB_553_1</name>
<ExtendedData>
<Data name="events"><value>0403花蓮地震</value></Data>
<Data name="area_ha"><value>2.1429400253</value></Data>
<Data name="source"><value>民國113年農村水保署災後衛星影像判釋</value></Data>
</ExtendedData>
<Polygon><outerBoundaryIs><LinearRing>
<coordinates>121.69079304,24.24236186,0 121.69054627,24.24236186,0 121.69010639,24.24268469,0 121.68936610,24.24268958,0 121.68888330,24.24325209,0 121.68908179,24.24326187,0 121.68908715,24.24301730,0 121.68930173,24.24283143,0 121.69005275,24.24304176,0 121.69005811,24.24325698,0 121.68959141,24.24347709,0 121.68954849,24.24359448,0 121.69008493,24.24394176,0 121.69018149,24.24415209,0 121.69101298,24.24436731,0 121.69107735,24.24377546,0 121.69097543,24.24328144,0 121.69114172,24.24288035,0 121.69065356,24.24302709,0 121.69044435,24.24293415,0 121.69079304,24.24236186,0</coordinates>
</LinearRing></outerBoundaryIs></Polygon>
</Placemark>
<Placemark>
<name>SWCB_555_1</name>
<ExtendedData>
<Data name="events"><value>0403花蓮地震</value></Data>
<Data name="area_ha"><value>3.60263230323</value></Data>
<Data name="source"><value>民國113年農村水保署災後衛星影像判釋</value></Data>
</ExtendedData>
<Polygon><outerBoundaryIs><LinearRing>
<coordinates>121.69472516,24.24925850,0 121.69451594,24.24865200,0 121.69470370,24.24833408,0 121.69459641,24.24825093,0 121.69388831,24.24817267,0 121.69340014,24.24844658,0 121.69323385,24.24841234,0 121.69409215,24.24760041,0 121.69408143,24.24736074,0 121.69387221,24.24719933,0 121.69381857,24.24696945,0 121.69346988,24.24670532,0 121.69294417,24.24696455,0 121.69310510,24.24722379,0 121.69305682,24.24740476,0 121.69262767,24.24766399,0 121.69205368,24.24772269,0 121.69188201,24.24784007,0 121.69202685,24.24797214,0 121.69171035,24.24810420,0 121.69212341,24.24818245,0 121.69199467,24.24833408,0 121.69220388,24.24846125,0 121.69303000,24.24763954,0 121.69353426,24.24745856,0 121.69368982,24.24768845,0 121.69355035,24.24789388,0 121.69262767,24.24845147,0 121.69312656,24.24852973,0 121.69319499,24.24866411,0 121.69309437,24.24884276,0 121.69233263,24.24871070,0 121.69193029,24.24877917,0 121.69289589,24.24900906,0 121.69291198,24.24922915,0 121.69327676,24.24905308,0 121.69457495,24.24940523,0 121.69472516,24.24925850,0</coordinates>
</LinearRing></outerBoundaryIs></Polygon>
</Placemark>
<Placemark>
<name>SWCB_587_1</name>
<ExtendedData>
<Data name="events"><value>0403花蓮地震</value></Data>
<Data name="area_ha"><value>1.17345261894</value></Data>
<Data name="source"><value>民國113年農村水保署災後衛星影像判釋</value></Data>
</ExtendedData>
<Polygon><outerBoundaryIs><LinearRing>
<coordinates>121.69145823,24.23839490,0 121.69145823,24.23766606,0 121.69131875,24.23663883,0 121.69156551,24.23579748,0 121.69152260,24.23555779,0 121.69128656,24.23536212,0 121.69133484,24.23585618,0 121.69106662,24.23577791,0 121.69068038,24.23637958,0 121.69128120,24.23749486,0 121.69131339,24.23858078,0 121.69145823,24.23839490,0</coordinates>
</LinearRing></outerBoundaryIs></Polygon>
</Placemark>
<Placemark>
<name>SWCB_593_1</name>
<ExtendedData>
<Data name="events"><value>0403花蓮地震</value></Data>
<Data name="area_ha"><value>1.95075729664</value></Data>
<Data name="source"><value>民國113年農村水保署災後衛星影像判釋</value></Data>
</ExtendedData>
<Polygon><outerBoundaryIs><LinearRing>
<coordinates>121.70225143,24.23523494,0 121.70197785,24.23559203,0 121.70130730,24.23581215,0 121.70122147,24.23600293,0 121.70201004,24.23620348,0 121.70338869,24.23587085,0 121.70509458,24.23618392,0 121.70581341,24.23605673,0 121.70622647,24.23611543,0 121.70533061,24.23590020,0 121.70478344,24.23602738,0 121.70442402,24.23582194,0 121.70384467,24.23579259,0 121.70294344,24.23530342,0 121.70273960,24.23540615,0 121.70254111,24.23529853,0 121.70225143,24.23523494,0</coordinates>
</LinearRing></outerBoundaryIs></Polygon>
</Placemark>
<Placemark>
<name>SWCB_606_1</name>
<ExtendedData>
<Data name="events"><value>0403花蓮地震</value></Data>
<Data name="area_ha"><value>0.634871093971</value></Data>
<Data name="source"><value>民國113年農村水保署災後衛星影像判釋</value></Data>
</ExtendedData>
<Polygon><outerBoundaryIs><LinearRing>
<coordinates>121.69335186,24.24322763,0 121.69340014,24.24275806,0 121.69307828,24.24323741,0 121.69294953,24.24374122,0 121.69222534,24.24437220,0 121.69251502,24.24459231,0 121.69264376,24.24442111,0 121.69301391,24.24431839,0 121.69306219,24.24400046,0 121.69335186,24.24322763,0</coordinates>
</LinearRing></outerBoundaryIs></Polygon>
</Placemark>
<Placemark>
<name>SWCB_612_1</name>
<ExtendedData>
<Data name="events"><value>0403花蓮地震</value></Data>
<Data name="area_ha"><value>0.040126754705</value></Data>
<Data name="source"><value>民國113年農村水保署災後衛星影像判釋</value></Data>
</ExtendedData>
<Polygon><outerBoundaryIs><LinearRing>
<coordinates>121.69563711,24.23247603,0 121.69555664,24.23233417,0 121.69534206,24.23242222,0 121.69551909,24.23247603,0 121.69563711,24.23247603,0</coordinates>
</LinearRing></outerBoundaryIs></Polygon>
</Placemark>
<Placemark>
<name>SWCB_693_1</name>
<ExtendedData>
<Data name="events"><value>0403花蓮地震</value></Data>
<Data name="area_ha"><value>0.303404551936</value></Data>
<Data name="source"><value>民國113年農村水保署災後衛星影像判釋</value></Data>
</ExtendedData>
<Polygon><outerBoundaryIs><LinearRing>
<coordinates>121.70394659,24.24272871,0 121.70397878,24.24230806,0 121.70356572,24.24169663,0 121.70349598,24.24139337,0 121.70307219,24.24088955,0 121.70374811,24.24221512,0 121.70384467,24.24256241,0 121.70377493,24.24284121,0 121.70394659,24.24272871,0</coordinates>
</LinearRing></outerBoundaryIs></Polygon>
</Placemark>
<Placemark>
<name>SWCB_617_1</name>
<ExtendedData>
<Data name="events"><value>0403花蓮地震</value></Data>
<Data name="area_ha"><value>2.81910103272</value></Data>
<Data name="source"><value>民國113年農村水保署災後衛星影像判釋</value></Data>
</ExtendedData>
<Polygon><outerBoundaryIs><LinearRing>
<coordinates>121.70005202,24.22351403,0 121.69967115,24.22399346,0 121.69964433,24.22433101,0 121.69935465,24.22491805,0 121.69939756,24.22586711,0 121.69919372,24.22615573,0 121.69782579,24.22699226,0 121.69783115,24.22729067,0 121.69760048,24.22766735,0 121.69720888,24.22780432,0 121.69695139,24.22807827,0 121.69695170,24.22808282,0 121.69695139,24.22808316,0 121.69696748,24.22831308,0 121.69726253,24.22818589,0 121.69691920,24.22851365,0 121.69697285,24.22886587,0 121.69848561,24.22759397,0 121.69890404,24.22661069,0 121.69935465,24.22634163,0 121.69969261,24.22585243,0 121.69962322,24.22530240,0 121.69981062,24.22416468,0 121.70021296,24.22378799,0 121.70037389,24.22362655,0 121.70005202,24.22351403,0</coordinates>
</LinearRing></outerBoundaryIs></Polygon>
</Placemark>
<Placemark>
<name>SWCB_696_1</name>
<ExtendedData>
<Data name="events"><value>0403花蓮地震</value></Data>
<Data name="area_ha"><value>0.710303528098</value></Data>
<Data name="source"><value>民國113年農村水保署災後衛星影像判釋</value></Data>
</ExtendedData>
<Polygon><outerBoundaryIs><LinearRing>
<coordinates>121.69102371,24.24802105,0 121.69105053,24.24818245,0 121.69164598,24.24788409,0 121.69173181,24.24759552,0 121.69149041,24.24758084,0 121.69144750,24.24745367,0 121.69187665,24.24667597,0 121.69162452,24.24677869,0 121.69132948,24.24724824,0 121.69101834,24.24733139,0 121.69084132,24.24789388,0 121.69073939,24.24810420,0 121.69102371,24.24802105,0</coordinates>
</LinearRing></outerBoundaryIs></Polygon>
</Placemark>
<Placemark>
<name>SWCB_649_1</name>
<ExtendedData>
<Data name="events"><value>0403花蓮地震</value></Data>
<Data name="area_ha"><value>0.150936382189</value></Data>
<Data name="source"><value>民國113年農村水保署災後衛星影像判釋</value></Data>
</ExtendedData>
<Polygon><outerBoundaryIs><LinearRing>
<coordinates>121.69686556,24.22692377,0 121.69671535,24.22723686,0 121.69687092,24.22767224,0 121.69702649,24.22752059,0 121.69686556,24.22692377,0</coordinates>
</LinearRing></outerBoundaryIs></Polygon>
</Placemark>
<Placemark>
<name>SWCB_651_1</name>
<ExtendedData>
<Data name="events"><value>0403花蓮地震</value></Data>
<Data name="area_ha"><value>0.341345198349</value></Data>
<Data name="source"><value>民國113年農村水保署災後衛星影像判釋</value></Data>
</ExtendedData>
<Polygon><outerBoundaryIs><LinearRing>
<coordinates>121.69430137,24.22731024,0 121.69384539,24.22773584,0 121.69358790,24.22822992,0 121.69367373,24.22834243,0 121.69395268,24.22843049,0 121.69388831,24.22798043,0 121.69456422,24.22743254,0 121.69430137,24.22731024,0</coordinates>
</LinearRing></outerBoundaryIs></Polygon>
</Placemark>
<Placemark>
<name>SWCB_662_1</name>
<ExtendedData>
<Data name="events"><value>0403花蓮地震</value></Data>
<Data name="area_ha"><value>2.49267362031</value></Data>
<Data name="source"><value>民國113年農村水保署災後衛星影像判釋</value></Data>
</ExtendedData>
<Polygon><outerBoundaryIs><LinearRing>
<coordinates>121.68621182,24.24636783,0 121.68631911,24.24615261,0 121.68764412,24.24545806,0 121.68842733,24.24485643,0 121.68902278,24.24465589,0 121.68908179,24.24443578,0 121.68875992,24.24441133,0 121.68770313,24.24524284,0 121.68725252,24.24517437,0 121.68752611,24.24487600,0 121.68811619,24.24459720,0 121.68837905,24.24403470,0 121.68890476,24.24383905,0 121.68894768,24.24370209,0 121.68865263,24.24372165,0 121.68761730,24.24431350,0 121.68725789,24.24477817,0 121.68539643,24.24626022,0 121.68587923,24.24644120,0 121.68621182,24.24636783,0</coordinates>
</LinearRing></outerBoundaryIs></Polygon>
</Placemark>
<Placemark>
<name>SWCB_674_1</name>
<ExtendedData>
<Data name="events"><value>0403花蓮地震</value></Data>
<Data name="area_ha"><value>4.78959238679</value></Data>
<Data name="source"><value>民國113年農村水保署災後衛星影像判釋</value></Data>
</ExtendedData>
<Polygon><outerBoundaryIs><LinearRing>
<coordinates>121.69298172,24.23754867,0 121.69362009,24.23641382,0 121.69378102,24.23641871,0 121.69307828,24.23801825,0 121.69384003,24.23705462,0 121.69419408,24.23681493,0 121.69419944,24.23662416,0 121.69383466,24.23675134,0 121.69430137,24.23582194,0 121.69398487,24.23523494,0 121.69317484,24.23463816,0 121.69279397,24.23477513,0 121.69220388,24.23556757,0 121.69220388,24.23583172,0 121.69260085,24.23526918,0 121.69276178,24.23538658,0 121.69245601,24.23606163,0 121.69245601,24.23657524,0 121.69164598,24.23801336,0 121.69154406,24.23884492,0 121.69181764,24.23888894,0 121.69181764,24.23865904,0 121.69210732,24.23838023,0 121.69298172,24.23754867,0</coordinates>
</LinearRing></outerBoundaryIs></Polygon>
</Placemark>
<Placemark>
<name>SWCB_687_1</name>
<ExtendedData>
<Data name="events"><value>0403花蓮地震</value></Data>
<Data name="area_ha"><value>0.631485951336</value></Data>
<Data name="source"><value>民國113年農村水保署災後衛星影像判釋</value></Data>
</ExtendedData>
<Polygon><outerBoundaryIs><LinearRing>
<coordinates>121.69188738,24.23545996,0 121.69241309,24.23480937,0 121.69248283,24.23427618,0 121.69218779,24.23440336,0 121.69198930,24.23521537,0 121.69187665,24.23525451,0 121.69179082,24.23500993,0 121.69195175,24.23442782,0 121.69185519,24.23426150,0 121.69169426,24.23433488,0 121.69178009,24.23451098,0 121.69166744,24.23464305,0 121.69166744,24.23512243,0 121.69139922,24.23487785,0 121.69084132,24.23477513,0 121.69180691,24.23540615,0 121.69188738,24.23545996,0</coordinates>
</LinearRing></outerBoundaryIs></Polygon>
</Placemark>
<Placemark>
<name>SWCB_703_1</name>
<ExtendedData>
<Data name="events"><value>0403花蓮地震</value></Data>
<Data name="area_ha"><value>1.54222154265</value></Data>
<Data name="source"><value>民國113年農村水保署災後衛星影像判釋</value></Data>
</ExtendedData>
<Polygon><outerBoundaryIs><LinearRing>
<coordinates>121.69562638,24.24773736,0 121.69598579,24.24761508,0 121.69631839,24.24696455,0 121.69585168,24.24587871,0 121.69615746,24.24576621,0 121.69644177,24.24589338,0 121.69665635,24.24569284,0 121.69670463,24.24545317,0 121.69650078,24.24539936,0 121.69645250,24.24516458,0 121.69664025,24.24493959,0 121.69680655,24.24493469,0 121.69684410,24.24471948,0 121.69624865,24.24497872,0 121.69613063,24.24550208,0 121.69591069,24.24553632,0 121.69589460,24.24525263,0 121.69527769,24.24594718,0 121.69528842,24.24627000,0 121.69556201,24.24631402,0 121.69550836,24.24613794,0 121.69564247,24.24579555,0 121.69576585,24.24608414,0 121.69570148,24.24658793,0 121.69601798,24.24651946,0 121.69606090,24.24680804,0 121.69583559,24.24706727,0 121.69555128,24.24761508,0 121.69562638,24.24773736,0</coordinates>
</LinearRing></outerBoundaryIs></Polygon>
</Placemark>
<Placemark>
<name>SWCB_726_1</name>
<ExtendedData>
<Data name="events"><value>0403花蓮地震</value></Data>
<Data name="area_ha"><value>0.0764238970316</value></Data>
<Data name="source"><value>民國113年農村水保署災後衛星影像判釋</value></Data>
</ExtendedData>
<Polygon><outerBoundaryIs><LinearRing>
<coordinates>121.70041144,24.23752421,0 121.70069575,24.23738724,0 121.70095861,24.23698614,0 121.70042217,24.23741659,0 121.70041144,24.23752421,0</coordinates>
</LinearRing></outerBoundaryIs></Polygon>
</Placemark>
<Placemark>
<name>SWCB_745_1</name>
<ExtendedData>
<Data name="events"><value>0403花蓮地震</value></Data>
<Data name="area_ha"><value>0.955880714987</value></Data>
<Data name="source"><value>民國113年農村水保署災後衛星影像判釋</value></Data>
</ExtendedData>
<Polygon><outerBoundaryIs><LinearRing>
<coordinates>121.68757439,24.22834243,0 121.68767631,24.22866530,0 121.68792307,24.22891479,0 121.68828785,24.22899795,0 121.68836832,24.22882184,0 121.68821275,24.22856746,0 121.68837905,24.22838157,0 121.68834150,24.22807827,0 121.68764949,24.22723686,0 121.68760121,24.22751081,0 121.68778360,24.22796576,0 121.68763876,24.22801468,0 121.68757439,24.22834243,0</coordinates>
</LinearRing></outerBoundaryIs></Polygon>
</Placemark>
<Placemark>
<name>SWCB_746_1</name>
<ExtendedData>
<Data name="events"><value>0403花蓮地震</value></Data>
<Data name="area_ha"><value>1.59617345849</value></Data>
<Data name="source"><value>民國113年農村水保署災後衛星影像判釋</value></Data>
</ExtendedData>
<Polygon><outerBoundaryIs><LinearRing>
<coordinates>121.68562174,24.24184827,0 121.68667853,24.24166729,0 121.68686628,24.24136402,0 121.68766022,24.24099716,0 121.68792844,24.24065965,0 121.68786943,24.24058139,0 121.68756366,24.24070368,0 121.68703258,24.24107543,0 121.68649614,24.24127108,0 121.68592215,24.24100205,0 121.68536961,24.24103629,0 121.68504775,24.24143739,0 121.68508530,24.24167218,0 121.68562174,24.24184827,0</coordinates>
</LinearRing></outerBoundaryIs></Polygon>
</Placemark>
<Placemark>
<name>SWCB_750_1</name>
<ExtendedData>
<Data name="events"><value>0403花蓮地震</value></Data>
<Data name="area_ha"><value>0.499283460517</value></Data>
<Data name="source"><value>民國113年農村水保署災後衛星影像判釋</value></Data>
</ExtendedData>
<Polygon><outerBoundaryIs><LinearRing>
<coordinates>121.69553518,24.23184499,0 121.69570148,24.23167378,0 121.69600725,24.23190858,0 121.69609308,24.23086663,0 121.69580877,24.23078836,0 121.69556201,24.23121884,0 121.69553518,24.23184499,0</coordinates>
</LinearRing></outerBoundaryIs></Polygon>
</Placemark>
<Placemark>
<name>SWCB_788_1</name>
<ExtendedData>
<Data name="events"><value>0403花蓮地震</value></Data>
<Data name="area_ha"><value>0.1391212992</value></Data>
<Data name="source"><value>民國113年農村水保署災後衛星影像判釋</value></Data>
</ExtendedData>
<Polygon><outerBoundaryIs><LinearRing>
<coordinates>121.69867873,24.22981000,0 121.69864655,24.22956540,0 121.69806719,24.23042148,0 121.69811547,24.23050953,0 121.69867873,24.22981000,0</coordinates>
</LinearRing></outerBoundaryIs></Polygon>
</Placemark>
<Placemark>
<name>SWCB_812_1</name>
<ExtendedData>
<Data name="events"><value>0403花蓮地震</value></Data>
<Data name="area_ha"><value>2.64640227253</value></Data>
<Data name="source"><value>民國113年農村水保署災後衛星影像判釋</value></Data>
</ExtendedData>
<Polygon><outerBoundaryIs><LinearRing>
<coordinates>121.69893622,24.24604990,0 121.69875383,24.24596675,0 121.69767022,24.24656837,0 121.69709086,24.24671510,0 121.69653296,24.24705749,0 121.69653296,24.24716998,0 121.69692457,24.24695966,0 121.69699430,24.24711618,0 121.69747710,24.24719933,0 121.69784725,24.24692542,0 121.69783115,24.24730694,0 121.69709086,24.24790366,0 121.69750929,24.24789388,0 121.69783115,24.24752215,0 121.69821203,24.24732650,0 121.69804037,24.24687162,0 121.69827104,24.24656348,0 121.69848025,24.24663684,0 121.69848025,24.24682760,0 121.69887185,24.24731672,0 121.69986963,24.24765910,0 121.70004666,24.24727270,0 121.69970870,24.24707216,0 121.69977307,24.24682271,0 121.69904351,24.24664663,0 121.69893622,24.24604990,0</coordinates>
</LinearRing></outerBoundaryIs></Polygon>
</Placemark>
<Placemark>
<name>SWCB_814_1</name>
<ExtendedData>
<Data name="events"><value>0403花蓮地震</value></Data>
<Data name="area_ha"><value>0.622319023262</value></Data>
<Data name="source"><value>民國113年農村水保署災後衛星影像判釋</value></Data>
</ExtendedData>
<Polygon><outerBoundaryIs><LinearRing>
<coordinates>121.68774068,24.23675134,0 121.68793380,24.23615946,0 121.68783188,24.23584639,0 121.68762803,24.23589531,0 121.68731689,24.23628664,0 121.68726325,24.23703016,0 121.68708622,24.23737257,0 121.68774068,24.23675134,0</coordinates>
</LinearRing></outerBoundaryIs></Polygon>
</Placemark>
<Placemark>
<name>SWCB_819_1</name>
<ExtendedData>
<Data name="events"><value>0403花蓮地震</value></Data>
<Data name="area_ha"><value>0.924166053375</value></Data>
<Data name="source"><value>民國113年農村水保署災後衛星影像判釋</value></Data>
</ExtendedData>
<Polygon><outerBoundaryIs><LinearRing>
<coordinates>121.69292271,24.22871422,0 121.69270813,24.22748635,0 121.69249892,24.22736405,0 121.69262767,24.22822014,0 121.69239700,24.22932081,0 121.69271886,24.22950670,0 121.69308364,24.22923276,0 121.69319630,24.22909578,0 121.69321775,24.22865062,0 121.69307292,24.22879249,0 121.69292271,24.22871422,0</coordinates>
</LinearRing></outerBoundaryIs></Polygon>
</Placemark>
<Placemark>
<name>SWCB_825_1</name>
<ExtendedData>
<Data name="events"><value>0403花蓮地震</value></Data>
<Data name="area_ha"><value>0.906111129813</value></Data>
<Data name="source"><value>民國113年農村水保署災後衛星影像判釋</value></Data>
</ExtendedData>
<Polygon><outerBoundaryIs><LinearRing>
<coordinates>121.69664562,24.23810630,0 121.69636130,24.23701549,0 121.69586241,24.23676602,0 121.69577122,24.23699103,0 121.69587851,24.23710353,0 121.69569612,24.23720626,0 121.69571221,24.23735300,0 121.69604480,24.23758780,0 121.69574440,24.23786662,0 121.69598043,24.23803782,0 121.69664562,24.23810630,0</coordinates>
</LinearRing></outerBoundaryIs></Polygon>
</Placemark>
<Placemark>
<name>SWCB_845_1</name>
<ExtendedData>
<Data name="events"><value>0403花蓮地震</value></Data>
<Data name="area_ha"><value>1.80747894135</value></Data>
<Data name="source"><value>民國113年農村水保署災後衛星影像判釋</value></Data>
</ExtendedData>
<Polygon><outerBoundaryIs><LinearRing>
<coordinates>121.69907570,24.23572410,0 121.69955313,24.23550887,0 121.69953167,24.23580237,0 121.69974625,24.23593444,0 121.69936538,24.23618881,0 121.69969261,24.23609098,0 121.69991255,24.23584150,0 121.70005739,24.23563116,0 121.69977307,24.23501971,0 121.69948876,24.23488763,0 121.69945657,24.23512243,0 121.69936001,24.23490720,0 121.69922590,24.23489742,0 121.69909716,24.23497079,0 121.69903815,24.23542082,0 121.69842124,24.23527407,0 121.69821739,24.23506373,0 121.69728935,24.23531810,0 121.69758439,24.23586107,0 121.69817984,24.23584150,0 121.69853389,24.23548931,0 121.69898450,24.23589531,0 121.69886112,24.23611054,0 121.69892550,24.23619859,0 121.69907033,24.23609098,0 121.69907033,24.23589042,0 121.69907570,24.23572410,0</coordinates>
</LinearRing></outerBoundaryIs></Polygon>
</Placemark>
<Placemark>
<name>SWCB_863_1</name>
<ExtendedData>
<Data name="events"><value>0403花蓮地震</value></Data>
<Data name="area_ha"><value>0.333812772695</value></Data>
<Data name="source"><value>民國113年農村水保署災後衛星影像判釋</value></Data>
</ExtendedData>
<Polygon><outerBoundaryIs><LinearRing>
<coordinates>121.70314729,24.23344459,0 121.70326531,24.23315598,0 121.70301855,24.23294563,0 121.70285761,24.23301901,0 121.70251966,24.23284291,0 121.70220315,24.23284291,0 121.70262158,24.23310217,0 121.70269668,24.23331740,0 121.70287907,24.23333208,0 121.70314729,24.23344459,0</coordinates>
</LinearRing></outerBoundaryIs></Polygon>
</Placemark>
<Placemark>
<name>SWCB_876_1</name>
<ExtendedData>
<Data name="events"><value>0403花蓮地震</value></Data>
<Data name="area_ha"><value>5.47485249012</value></Data>
<Data name="source"><value>民國113年農村水保署災後衛星影像判釋</value></Data>
</ExtendedData>
<Polygon><outerBoundaryIs><LinearRing>
<coordinates>121.69880211,24.23297498,0 121.69871628,24.23290650,0 121.69842660,24.23313641,0 121.69828176,24.23298966,0 121.69829786,24.23283312,0 121.69842660,24.23265213,0 121.69881821,24.23253473,0 121.69892013,24.23227057,0 121.69814229,24.23237330,0 121.69804037,24.23228525,0 121.69864655,24.23197707,0 121.69908643,24.23211404,0 121.69916153,24.23196239,0 121.69890940,24.23190369,0 121.69838905,24.23145365,0 121.69739127,24.23166889,0 121.69678509,24.23163464,0 121.69622183,24.23222655,0 121.69615746,24.23251516,0 121.69670999,24.23290650,0 121.69752002,24.23293096,0 121.69746101,24.23306303,0 121.69757903,24.23318044,0 121.69812083,24.23329784,0 121.69794917,24.23352775,0 121.69765949,24.23361580,0 121.69557810,24.23342013,0 121.69532061,24.23351307,0 121.69519186,24.23377722,0 121.69565856,24.23444249,0 121.69626474,24.23444249,0 121.69700503,24.23372831,0 121.69721425,24.23377233,0 121.69713378,24.23394843,0 121.69737518,24.23390441,0 121.69753075,24.23372831,0 121.69848025,24.23343970,0 121.69863582,24.23325381,0 121.69880211,24.23297498,0</coordinates>
</LinearRing></outerBoundaryIs></Polygon>
</Placemark>
<Placemark>
<name>SWCB_881_1</name>
<ExtendedData>
<Data name="events"><value>0403花蓮地震</value></Data>
<Data name="area_ha"><value>1.22465213793</value></Data>
<Data name="source"><value>民國113年農村水保署災後衛星影像判釋</value></Data>
</ExtendedData>
<Polygon><outerBoundaryIs><LinearRing>
<coordinates>121.69420481,24.23116503,0 121.69341087,24.23131179,0 121.69338405,24.23143897,0 121.69385612,24.23149767,0 121.69384539,24.23165421,0 121.69366300,24.23167378,0 121.69371665,24.23192815,0 121.69348061,24.23208469,0 121.69348061,24.23237819,0 121.69362545,24.23247603,0 121.69402778,24.23259343,0 121.69468760,24.23201620,0 121.69439256,24.23180096,0 121.69424772,24.23139984,0 121.69420481,24.23116503,0</coordinates>
</LinearRing></outerBoundaryIs></Polygon>
</Placemark>
<Placemark>
<name>SWCB_890_1</name>
<ExtendedData>
<Data name="events"><value>0403花蓮地震</value></Data>
<Data name="area_ha"><value>0.0980626601821</value></Data>
<Data name="source"><value>民國113年農村水保署災後衛星影像判釋</value></Data>
</ExtendedData>
<Polygon><outerBoundaryIs><LinearRing>
<coordinates>121.69932246,24.24237654,0 121.69908643,24.24219556,0 121.69909179,24.24193631,0 121.69885039,24.24193142,0 121.69907033,24.24239610,0 121.69932246,24.24237654,0</coordinates>
</LinearRing></outerBoundaryIs></Polygon>
</Placemark>
<Placemark>
<name>SWCB_891_1</name>
<ExtendedData>
<Data name="events"><value>0403花蓮地震</value></Data>
<Data name="area_ha"><value>0.33083796956</value></Data>
<Data name="source"><value>民國113年農村水保署災後衛星影像判釋</value></Data>
</ExtendedData>
<Polygon><outerBoundaryIs><LinearRing>
<coordinates>121.69991255,24.22753527,0 121.69998229,24.22810762,0 121.69972479,24.22860660,0 121.69973016,24.22886097,0 121.69948876,24.22912514,0 121.69966578,24.22932570,0 121.70014322,24.22803424,0 121.70013249,24.22737872,0 121.69991255,24.22753527,0</coordinates>
</LinearRing></outerBoundaryIs></Polygon>
</Placemark>
<Placemark>
<name>SWCB_893_1</name>
<ExtendedData>
<Data name="events"><value>0403花蓮地震</value></Data>
<Data name="area_ha"><value>0.688728943499</value></Data>
<Data name="source"><value>民國113年農村水保署災後衛星影像判釋</value></Data>
</ExtendedData>
<Polygon><outerBoundaryIs><LinearRing>
<coordinates>121.69596434,24.23557736,0 121.69528306,24.23493655,0 121.69500947,24.23546485,0 121.69446230,24.23517624,0 121.69463933,24.23551376,0 121.69549763,24.23614967,0 121.69563711,24.23601760,0 121.69537425,24.23589531,0 121.69546008,24.23545506,0 121.69579268,24.23554311,0 121.69596434,24.23557736,0</coordinates>
</LinearRing></outerBoundaryIs></Polygon>
</Placemark>
<Placemark>
<name>SWCB_896_1</name>
<ExtendedData>
<Data name="events"><value>0403花蓮地震</value></Data>
<Data name="area_ha"><value>0.8629118695</value></Data>
<Data name="source"><value>民國113年農村水保署災後衛星影像判釋</value></Data>
</ExtendedData>
<Polygon><outerBoundaryIs><LinearRing>
<coordinates>121.69605553,24.23062204,0 121.69631839,24.23025026,0 121.69627547,24.22993229,0 121.69609308,24.22969259,0 121.69555664,24.22992251,0 121.69526696,24.23029918,0 121.69532061,24.23064161,0 121.69579804,24.23067096,0 121.69605553,24.23062204,0</coordinates>
</LinearRing></outerBoundaryIs></Polygon>
</Placemark>
<Placemark>
<name>SWCB_900_1</name>
<ExtendedData>
<Data name="events"><value>0403花蓮地震</value></Data>
<Data name="area_ha"><value>0.231365433825</value></Data>
<Data name="source"><value>民國113年農村水保署災後衛星影像判釋</value></Data>
</ExtendedData>
<Polygon><outerBoundaryIs><LinearRing>
<coordinates>121.69944048,24.24177490,0 121.69947267,24.24156946,0 121.69995010,24.24160859,0 121.69994473,24.24143739,0 121.69982135,24.24132000,0 121.69923663,24.24132000,0 121.69922590,24.24174555,0 121.69932246,24.24177490,0 121.69944048,24.24177490,0</coordinates>
</LinearRing></outerBoundaryIs></Polygon>
</Placemark>
<Placemark>
<name>SWCB_959_1</name>
<ExtendedData>
<Data name="events"><value>0403花蓮地震</value></Data>
<Data name="area_ha"><value>0.0717876455879</value></Data>
<Data name="source"><value>民國113年農村水保署災後衛星影像判釋</value></Data>
</ExtendedData>
<Polygon><outerBoundaryIs><LinearRing>
<coordinates>121.69535816,24.23143897,0 121.69540107,24.23126776,0 121.69524550,24.23130689,0 121.69518650,24.23149767,0 121.69503093,24.23148789,0 121.69504702,24.23164932,0 121.69535816,24.23143897,0</coordinates>
</LinearRing></outerBoundaryIs></Polygon>
</Placemark>
<Placemark>
<name>SWCB_974_1</name>
<ExtendedData>
<Data name="events"><value>0403花蓮地震</value></Data>
<Data name="area_ha"><value>1.07842806261</value></Data>
<Data name="source"><value>民國113年農村水保署災後衛星影像判釋</value></Data>
</ExtendedData>
<Polygon><outerBoundaryIs><LinearRing>
<coordinates>121.68923199,24.23623283,0 121.68925881,24.23684917,0 121.68948948,24.23715734,0 121.68954849,24.23702038,0 121.68932319,24.23668775,0 121.68929100,24.23604695,0 121.68908179,24.23577791,0 121.68894231,24.23527897,0 121.68894768,24.23419791,0 121.68860435,24.23401692,0 121.68835223,24.23406583,0 121.68821812,24.23415388,0 121.68825030,24.23459413,0 121.68848634,24.23515668,0 121.68888330,24.23549909,0 121.68923199,24.23623283,0</coordinates>
</LinearRing></outerBoundaryIs></Polygon>
</Placemark>
<Placemark>
<name>SWCB_1020_1</name>
<ExtendedData>
<Data name="events"><value>0403花蓮地震</value></Data>
<Data name="area_ha"><value>0.140963917396</value></Data>
<Data name="source"><value>民國113年農村水保署災後衛星影像判釋</value></Data>
</ExtendedData>
<Polygon><outerBoundaryIs><LinearRing>
<coordinates>121.69779897,24.22957519,0 121.69807792,24.22872400,0 121.69784188,24.22890011,0 121.69772387,24.22959965,0 121.69779897,24.22957519,0</coordinates>
</LinearRing></outerBoundaryIs></Polygon>
</Placemark>
<Placemark>
<name>SWCB_1027_1</name>
<ExtendedData>
<Data name="events"><value>0403花蓮地震</value></Data>
<Data name="area_ha"><value>0.387196068946</value></Data>
<Data name="source"><value>民國113年農村水保署災後衛星影像判釋</value></Data>
</ExtendedData>
<Polygon><outerBoundaryIs><LinearRing>
<coordinates>121.69865191,24.24175044,0 121.69872165,24.24151076,0 121.69848561,24.24149609,0 121.69839978,24.24168196,0 121.69824421,24.24170153,0 121.69808328,24.24133956,0 121.69819057,24.24032215,0 121.69798672,24.24014116,0 121.69790089,24.24030258,0 121.69805646,24.24064498,0 121.69800282,24.24167218,0 121.69840515,24.24181403,0 121.69843197,24.24193631,0 121.69865191,24.24175044,0</coordinates>
</LinearRing></outerBoundaryIs></Polygon>
</Placemark>
<Placemark>
<name>SWCB_2002_1</name>
<ExtendedData>
<Data name="events"><value>0629豪雨</value></Data>
<Data name="area_ha"><value>0.172933578157</value></Data>
<Data name="source"><value>民國113年農村水保署災後衛星影像判釋</value></Data>
</ExtendedData>
<Polygon><outerBoundaryIs><LinearRing>
<coordinates>121.70141459,24.23675623,0 121.70133412,24.23705951,0 121.70145214,24.23710353,0 121.70147359,24.23692744,0 121.70167208,24.23679537,0 121.70184374,24.23686385,0 121.70216024,24.23652633,0 121.70141459,24.23675623,0</coordinates>
</LinearRing></outerBoundaryIs></Polygon>
</Placemark>
<Placemark>
<name>SWCB_2003_1</name>
<ExtendedData>
<Data name="events"><value>0629豪雨</value></Data>
<Data name="area_ha"><value>0.112892880561</value></Data>
<Data name="source"><value>民國113年農村水保署災後衛星影像判釋</value></Data>
</ExtendedData>
<Polygon><outerBoundaryIs><LinearRing>
<coordinates>121.70042217,24.22764778,0 121.70036852,24.22842560,0 121.70063138,24.22848919,0 121.70063674,24.22831308,0 121.70077085,24.22830819,0 121.70041680,24.22808805,0 121.70049191,24.22790216,0 121.70042217,24.22764778,0</coordinates>
</LinearRing></outerBoundaryIs></Polygon>
</Placemark>
<Placemark>
<name>SWCB_3329_1</name>
<ExtendedData>
<Data name="events"><value>凱米颱風</value></Data>
<Data name="area_ha"><value>0.0900262815679</value></Data>
<Data name="source"><value>民國113年農村水保署災後衛星影像判釋</value></Data>
</ExtendedData>
<Polygon><outerBoundaryIs><LinearRing>
<coordinates>121.69472516,24.23143897,0 121.69472516,24.23170802,0 121.69502020,24.23171291,0 121.69502020,24.23143897,0 121.69472516,24.23143897,0</coordinates>
</LinearRing></outerBoundaryIs></Polygon>
</Placemark>
<Placemark>
<name>SWCB_3520_1</name>
<ExtendedData>
<Data name="events"><value>凱米颱風</value></Data>
<Data name="area_ha"><value>0.462955896943</value></Data>
<Data name="source"><value>民國113年農村水保署災後衛星影像判釋</value></Data>
</ExtendedData>
<Polygon><outerBoundaryIs><LinearRing>
<coordinates>121.68595970,24.23594423,0 121.68619037,24.23549420,0 121.68602943,24.23490720,0 121.68585241,24.23483872,0 121.68565392,24.23594423,0 121.68595970,24.23594423,0</coordinates>
</LinearRing></outerBoundaryIs></Polygon>
</Placemark>
<Placemark>
<name>SWCB_596_1</name>
<ExtendedData>
<Data name="events"><value>0403花蓮地震</value></Data>
<Data name="area_ha"><value>10.2784479729</value></Data>
<Data name="source"><value>民國113年農村水保署災後衛星影像判釋</value></Data>
</ExtendedData>
<Polygon><outerBoundaryIs><LinearRing>
<coordinates>121.70118928,24.24995304,0 121.70160770,24.24903351,0 121.70101225,24.24872537,0 121.69986963,24.24845147,0 121.69982672,24.24853951,0 121.70121610,24.24912155,0 121.70102835,24.24931230,0 121.69982672,24.24910688,0 121.69942439,24.24886232,0 121.69920444,24.24890145,0 121.69926882,24.24925361,0 121.69894159,24.24953729,0 121.69855535,24.24966935,0 121.69870555,24.24987478,0 121.69865226,24.25000000,0 121.70118377,24.25000000,0 121.70118928,24.24995304,0</coordinates>
</LinearRing></outerBoundaryIs></Polygon>
</Placemark>
<Placemark>
<name>SWCB_608_1</name>
<ExtendedData>
<Data name="events"><value>0403花蓮地震</value></Data>
<Data name="area_ha"><value>8.03511060062</value></Data>
<Data name="source"><value>民國113年農村水保署災後衛星影像判釋</value></Data>
</ExtendedData>
<Polygon><outerBoundaryIs><LinearRing>
<coordinates>121.69157088,24.24989923,0 121.69245064,24.24965468,0 121.69247746,24.24952751,0 121.69212341,24.24927807,0 121.69147432,24.24906775,0 121.69084132,24.24920470,0 121.69057310,24.24869602,0 121.69034779,24.24884276,0 121.69017613,24.24924383,0 121.69044435,24.24955197,0 121.68993473,24.24941013,0 121.68957531,24.24950306,0 121.68951094,24.24962533,0 121.68974742,24.25000000,0 121.69025871,24.25000000,0 121.69031024,24.24998238,0 121.69049263,24.24973783,0 121.69126540,24.25000000,0 121.69156585,24.25000000,0 121.69157088,24.24989923,0</coordinates>
</LinearRing></outerBoundaryIs></Polygon>
</Placemark>
<Placemark>
<name>SWCB_749_1</name>
<ExtendedData>
<Data name="events"><value>0403花蓮地震</value></Data>
<Data name="area_ha"><value>0.423079581157</value></Data>
<Data name="source"><value>民國113年農村水保署災後衛星影像判釋</value></Data>
</ExtendedData>
<Polygon><outerBoundaryIs><LinearRing>
<coordinates>121.68955922,24.24820691,0 121.68949485,24.24766888,0 121.68906033,24.24782051,0 121.68897450,24.24759063,0 121.68885648,24.24761019,0 121.68858290,24.24784986,0 121.68865263,24.24794768,0 121.68891013,24.24781073,0 121.68892622,24.24809931,0 121.68936610,24.24825582,0 121.68955922,24.24820691,0</coordinates>
</LinearRing></outerBoundaryIs></Polygon>
</Placemark>
<Placemark>
<name>SWCB_1028_1</name>
<ExtendedData>
<Data name="events"><value>0403花蓮地震</value></Data>
<Data name="area_ha"><value>0.218152053765</value></Data>
<Data name="source"><value>民國113年農村水保署災後衛星影像判釋</value></Data>
</ExtendedData>
<Polygon><outerBoundaryIs><LinearRing>
<coordinates>121.69275931,24.25000000,0 121.69326652,24.25000000,0 121.69331431,24.24998238,0 121.69307828,24.24970359,0 121.69235408,24.24989923,0 121.69275931,24.25000000,0</coordinates>
</LinearRing></outerBoundaryIs></Polygon>
</Placemark>
<Placemark>
<name>SWCB_1998_1</name>
<ExtendedData>
<Data name="events"><value>0629豪雨</value></Data>
<Data name="area_ha"><value>0.209464986852</value></Data>
<Data name="source"><value>民國113年農村水保署災後衛星影像判釋</value></Data>
</ExtendedData>
<Polygon><outerBoundaryIs><LinearRing>
<coordinates>121.69859290,24.24873515,0 121.69875383,24.24868624,0 121.69874310,24.24884765,0 121.69883430,24.24880363,0 121.69904351,24.24899927,0 121.69939220,24.24879874,0 121.69966578,24.24880852,0 121.69955313,24.24865200,0 121.69915080,24.24877917,0 121.69873774,24.24855418,0 121.69859290,24.24873515,0</coordinates>
</LinearRing></outerBoundaryIs></Polygon>
</Placemark>
<Placemark>
<name>SWCB_2070_1</name>
<ExtendedData>
<Data name="events"><value>0629豪雨</value></Data>
<Data name="area_ha"><value>0.109118389064</value></Data>
<Data name="source"><value>民國113年農村水保署災後衛星影像判釋</value></Data>
</ExtendedData>
<Polygon><outerBoundaryIs><LinearRing>
<coordinates>121.70108199,24.22348957,0 121.70087814,24.22372439,0 121.70094252,24.22383202,0 121.70117319,24.22368525,0 121.70111418,24.22322051,0 121.70108199,24.22348957,0</coordinates>
</LinearRing></outerBoundaryIs></Polygon>
</Placemark>
<Placemark>
<name>SWCB_2071_1</name>
<ExtendedData>
<Data name="events"><value>0629豪雨</value></Data>
<Data name="area_ha"><value>0.155785212384</value></Data>
<Data name="source"><value>民國113年農村水保署災後衛星影像判釋</value></Data>
</ExtendedData>
<Polygon><outerBoundaryIs><LinearRing>
<coordinates>121.68875992,24.21849954,0 121.68855071,24.21836745,0 121.68836832,24.21854357,0 121.68823421,24.21849465,0 121.68819666,24.21870502,0 121.68810546,24.21870991,0 121.68871164,24.21871969,0 121.68875992,24.21849954,0</coordinates>
</LinearRing></outerBoundaryIs></Polygon>
</Placemark>
<Placemark>
<name>SWCB_630_1</name>
<ExtendedData>
<Data name="events"><value>0403花蓮地震</value></Data>
<Data name="area_ha"><value>0.20474963195</value></Data>
<Data name="source"><value>民國113年農村水保署災後衛星影像判釋</value></Data>
</ExtendedData>
<Polygon><outerBoundaryIs><LinearRing>
<coordinates>121.69378102,24.22112178,0 121.69449449,24.22092120,0 121.69480562,24.22057385,0 121.69433892,24.22088695,0 121.69402242,24.22089184,0 121.69358253,24.22111199,0 121.69325531,24.22148380,0 121.69378102,24.22112178,0</coordinates>
</LinearRing></outerBoundaryIs></Polygon>
</Placemark>
<Placemark>
<name>SWCB_690_1</name>
<ExtendedData>
<Data name="events"><value>0403花蓮地震</value></Data>
<Data name="area_ha"><value>0.163446759863</value></Data>
<Data name="source"><value>民國113年農村水保署災後衛星影像判釋</value></Data>
</ExtendedData>
<Polygon><outerBoundaryIs><LinearRing>
<coordinates>121.69100225,24.22216870,0 121.69082522,24.22186049,0 121.69040680,24.22204640,0 121.69072866,24.22224697,0 121.69100225,24.22216870,0</coordinates>
</LinearRing></outerBoundaryIs></Polygon>
</Placemark>
<Placemark>
<name>SWCB_691_1</name>
<ExtendedData>
<Data name="events"><value>0403花蓮地震</value></Data>
<Data name="area_ha"><value>0.491404781865</value></Data>
<Data name="source"><value>民國113年農村水保署災後衛星影像判釋</value></Data>
</ExtendedData>
<Polygon><outerBoundaryIs><LinearRing>
<coordinates>121.69408679,24.22410597,0 121.69396877,24.22449245,0 121.69338405,24.22503546,0 121.69363081,24.22500122,0 121.69404387,24.22457072,0 121.69447303,24.22455604,0 121.69463396,24.22442885,0 121.69453204,24.22389561,0 121.69430673,24.22390540,0 121.69408679,24.22410597,0</coordinates>
</LinearRing></outerBoundaryIs></Polygon>
</Placemark>
<Placemark>
<name>SWCB_821_1</name>
<ExtendedData>
<Data name="events"><value>0403花蓮地震</value></Data>
<Data name="area_ha"><value>0.403608989212</value></Data>
<Data name="source"><value>民國113年農村水保署災後衛星影像判釋</value></Data>
</ExtendedData>
<Polygon><outerBoundaryIs><LinearRing>
<coordinates>121.69154942,24.22482510,0 121.69149041,24.22456583,0 121.69119000,24.22444353,0 121.69081986,24.22448755,0 121.69091642,24.22497676,0 121.69129729,24.22510395,0 121.69154942,24.22482510,0</coordinates>
</LinearRing></outerBoundaryIs></Polygon>
</Placemark>
<Placemark>
<name>SWCB_973_1</name>
<ExtendedData>
<Data name="events"><value>0403花蓮地震</value></Data>
<Data name="area_ha"><value>0.73395843682</value></Data>
<Data name="source"><value>民國113年農村水保署災後衛星影像判釋</value></Data>
</ExtendedData>
<Polygon><outerBoundaryIs><LinearRing>
<coordinates>121.68966115,24.22588667,0 121.68976843,24.22589646,0 121.68996155,24.22571056,0 121.69014931,24.22505992,0 121.68972552,24.22498165,0 121.68954849,24.22378310,0 121.68946266,24.22374396,0 121.68952167,24.22536323,0 121.68966115,24.22588667,0</coordinates>
</LinearRing></outerBoundaryIs></Polygon>
</Placemark>
<Placemark>
<name>SWCB_1066_1</name>
<ExtendedData>
<Data name="events"><value>0403花蓮地震</value></Data>
<Data name="area_ha"><value>0.88200905003</value></Data>
<Data name="source"><value>民國113年農村水保署災後衛星影像判釋</value></Data>
</ExtendedData>
<Polygon><outerBoundaryIs><LinearRing>
<coordinates>121.68563247,24.22128811,0 121.68573439,24.22141042,0 121.68564856,24.22148869,0 121.68610990,24.22162078,0 121.68637812,24.22204640,0 121.68642640,24.22247690,0 121.68678582,24.22206107,0 121.68688774,24.22216381,0 121.68709695,24.22211978,0 121.68685555,24.22183114,0 121.68688774,24.22156696,0 121.68678045,24.22142998,0 121.68609381,24.22126854,0 121.68597043,24.22110710,0 121.68581486,24.22133214,0 121.68563247,24.22128811,0</coordinates>
</LinearRing></outerBoundaryIs></Polygon>
</Placemark>
<Placemark>
<name>SWCB_1132_1</name>
<ExtendedData>
<Data name="events"><value>0403花蓮地震</value></Data>
<Data name="area_ha"><value>0.388310430038</value></Data>
<Data name="source"><value>民國113年農村水保署災後衛星影像判釋</value></Data>
</ExtendedData>
<Polygon><outerBoundaryIs><LinearRing>
<coordinates>121.68553591,24.22374885,0 121.68571293,24.22383691,0 121.68574512,24.22370971,0 121.68543935,24.22340151,0 121.68545544,24.22310310,0 121.68520331,24.22295144,0 121.68506384,24.22301015,0 121.68501019,24.22328410,0 121.68523550,24.22385648,0 121.68536961,24.22383691,0 121.68553591,24.22374885,0</coordinates>
</LinearRing></outerBoundaryIs></Polygon>
</Placemark>
<Placemark>
<name>SWCB_1140_1</name>
<ExtendedData>
<Data name="events"><value>0403花蓮地震</value></Data>
<Data name="area_ha"><value>0.941855442174</value></Data>
<Data name="source"><value>民國113年農村水保署災後衛星影像判釋</value></Data>
</ExtendedData>
<Polygon><outerBoundaryIs><LinearRing>
<coordinates>121.68813229,24.21838212,0 121.68833077,24.21837234,0 121.68836832,24.21807391,0 121.68817520,24.21803966,0 121.68793380,24.21825982,0 121.68776214,24.21818154,0 121.68768167,24.21825003,0 121.68777823,24.21837723,0 121.68705940,24.21880286,0 121.68696821,24.21851422,0 121.68676436,24.21849954,0 121.68586850,24.21885178,0 121.68593824,24.21894963,0 121.68657660,24.21896431,0 121.68680191,24.21913064,0 121.68789089,24.21867566,0 121.68813229,24.21838212,0</coordinates>
</LinearRing></outerBoundaryIs></Polygon>
</Placemark>
<Placemark>
<name>SWCB_1199_1</name>
<ExtendedData>
<Data name="events"><value>0403花蓮地震</value></Data>
<Data name="area_ha"><value>0.465757463441</value></Data>
<Data name="source"><value>民國113年農村水保署災後衛星影像判釋</value></Data>
</ExtendedData>
<Polygon><outerBoundaryIs><LinearRing>
<coordinates>121.68769240,24.22148380,0 121.68746710,24.22140063,0 121.68752611,24.22118537,0 121.68727934,24.22099458,0 121.68667853,24.22097990,0 121.68675363,24.22116091,0 121.68729544,24.22146912,0 121.68755829,24.22179200,0 121.68783188,24.22168438,0 121.68777287,24.22139574,0 121.68769240,24.22148380,0</coordinates>
</LinearRing></outerBoundaryIs></Polygon>
</Placemark>
<Placemark>
<name>SWCB_1999_1</name>
<ExtendedData>
<Data name="events"><value>0629豪雨</value></Data>
<Data name="area_ha"><value>0.568444221894</value></Data>
<Data name="source"><value>民國113年農村水保署災後衛星影像判釋</value></Data>
</ExtendedData>
<Polygon><outerBoundaryIs><LinearRing>
<coordinates>121.72495365,24.24643141,0 121.72511995,24.24630913,0 121.72505558,24.24617218,0 121.72520578,24.24602544,0 121.72529161,24.24607925,0 121.72529161,24.24585425,0 121.72496974,24.24623576,0 121.72480345,24.24591784,0 121.72466934,24.24636783,0 121.72452986,24.24630424,0 121.72431529,24.24692053,0 121.72400415,24.24721400,0 121.72405243,24.24733139,0 121.72456741,24.24707216,0 121.72458351,24.24687651,0 121.72479808,24.24680314,0 121.72492146,24.24675912,0 121.72495365,24.24643141,0</coordinates>
</LinearRing></outerBoundaryIs></Polygon>
</Placemark>
<Placemark>
<name>SWCB_1041_1</name>
<ExtendedData>
<Data name="events"><value>0403花蓮地震</value></Data>
<Data name="area_ha"><value>0.241887818453</value></Data>
<Data name="source"><value>民國113年農村水保署災後衛星影像判釋</value></Data>
</ExtendedData>
<Polygon><outerBoundaryIs><LinearRing>
<coordinates>121.72386467,24.24669065,0 121.72427237,24.24584936,0 121.72393978,24.24595207,0 121.72381103,24.24645587,0 121.72344625,24.24690097,0 121.72386467,24.24669065,0</coordinates>
</LinearRing></outerBoundaryIs></Polygon>
</Placemark>
<Placemark>
<name>SWCB_2000_1</name>
<ExtendedData>
<Data name="events"><value>0629豪雨</value></Data>
<Data name="area_ha"><value>0.112607096945</value></Data>
<Data name="source"><value>民國113年農村水保署災後衛星影像判釋</value></Data>
</ExtendedData>
<Polygon><outerBoundaryIs><LinearRing>
<coordinates>121.70931101,24.24094825,0 121.70883894,24.24118304,0 121.70901597,24.24130043,0 121.70926273,24.24118304,0 121.70945048,24.24090423,0 121.70938075,24.24078683,0 121.70931101,24.24094825,0</coordinates>
</LinearRing></outerBoundaryIs></Polygon>
</Placemark>
<Placemark>
<name>SWCB_2001_1</name>
<ExtendedData>
<Data name="events"><value>0629豪雨</value></Data>
<Data name="area_ha"><value>0.162002761936</value></Data>
<Data name="source"><value>民國113年農村水保署災後衛星影像判釋</value></Data>
</ExtendedData>
<Polygon><outerBoundaryIs><LinearRing>
<coordinates>121.70681655,24.24067433,0 121.70690238,24.24092868,0 121.70801282,24.24123684,0 121.70817912,24.24118304,0 121.70697749,24.24081618,0 121.70681655,24.24067433,0</coordinates>
</LinearRing></outerBoundaryIs></Polygon>
</Placemark>
<Placemark>
<name>SWCB_2004_1</name>
<ExtendedData>
<Data name="events"><value>0629豪雨</value></Data>
<Data name="area_ha"><value>0.11403875608</value></Data>
<Data name="source"><value>民國113年農村水保署災後衛星影像判釋</value></Data>
</ExtendedData>
<Polygon><outerBoundaryIs><LinearRing>
<coordinates>121.70738518,24.23534256,0 121.70726717,24.23557246,0 121.70759439,24.23548441,0 121.70772314,24.23557736,0 121.70768559,24.23545996,0 121.70780897,24.23542082,0 121.70774460,24.23523494,0 121.70738518,24.23534256,0</coordinates>
</LinearRing></outerBoundaryIs></Polygon>
</Placemark>
<Placemark>
<name>SWCB_2223_1</name>
<ExtendedData>
<Data name="events"><value>凱米颱風</value></Data>
<Data name="area_ha"><value>0.120036307199</value></Data>
<Data name="source"><value>民國113年農村水保署災後衛星影像判釋</value></Data>
</ExtendedData>
<Polygon><outerBoundaryIs><LinearRing>
<coordinates>121.70911252,24.24004822,0 121.70911252,24.24022921,0 121.70931101,24.24041508,0 121.70950413,24.24041508,0 121.70941293,24.24005312,0 121.70911252,24.24004822,0</coordinates>
</LinearRing></outerBoundaryIs></Polygon>
</Placemark>
<Placemark>
<name>SWCB_2224_1</name>
<ExtendedData>
<Data name="events"><value>凱米颱風</value></Data>
<Data name="area_ha"><value>0.720217980307</value></Data>
<Data name="source"><value>民國113年農村水保署災後衛星影像判釋</value></Data>
</ExtendedData>
<Polygon><outerBoundaryIs><LinearRing>
<coordinates>121.70809329,24.23842914,0 121.70798600,24.23887916,0 121.70847952,24.23897699,0 121.70867264,24.23915798,0 121.70896769,24.23915798,0 121.70926809,24.23888894,0 121.70927346,24.23861991,0 121.70877993,24.23870796,0 121.70868337,24.23843403,0 121.70809329,24.23842914,0</coordinates>
</LinearRing></outerBoundaryIs></Polygon>
</Placemark>
</Document>
</kml>